mat_type,mat_group,metric,filter,building_use,measure,value
Acoustic ceiling tile aluminum,Acoustic ceilings,gwp_intensity_kg_per_m2_excluding_bio,No Filter,Others,mean,0.9391563944834236
Acoustic ceiling tile fiber,Acoustic ceilings,gwp_intensity_kg_per_m2_excluding_bio,No Filter,Others,mean,0.8854797705332084
Acoustic ceiling tile steel,Acoustic ceilings,gwp_intensity_kg_per_m2_excluding_bio,No Filter,Others,mean,0.6123536757800166
Acoustic ceilings - other,Acoustic ceilings,gwp_intensity_kg_per_m2_excluding_bio,No Filter,Others,mean,0.7329689730461184
Adhesives and sealants,Adhesives and sealants,gwp_intensity_kg_per_m2_excluding_bio,No Filter,Others,mean,0.3938662172917801
Air and vapor barriers,Air and vapor barriers,gwp_intensity_kg_per_m2_excluding_bio,No Filter,Others,mean,1.2833667225700296
Aluminum - other,Aluminum,gwp_intensity_kg_per_m2_excluding_bio,No Filter,Others,mean,4.149203264539735
Aluminum composite panel ACM,Cladding,gwp_intensity_kg_per_m2_excluding_bio,No Filter,Others,mean,1.6966089954205572
Aluminum door,Doors and frames,gwp_intensity_kg_per_m2_excluding_bio,No Filter,Others,mean,0.5445571758077845
Aluminum door frame,Doors and frames,gwp_intensity_kg_per_m2_excluding_bio,No Filter,Others,mean,0.1899779062328426
Aluminum framed glass entrances,Doors and frames,gwp_intensity_kg_per_m2_excluding_bio,No Filter,Others,mean,0.5526931870737338
Aluminum framed window,Windows and frames,gwp_intensity_kg_per_m2_excluding_bio,No Filter,Others,mean,1.020207868650114
Aluminum sheet,Aluminum,gwp_intensity_kg_per_m2_excluding_bio,No Filter,Others,mean,5.410604146194293
Aluminum storefront or curtain wall,Windows and frames,gwp_intensity_kg_per_m2_excluding_bio,No Filter,Others,mean,4.453842537204256
Applied fireproofing - other,Applied fireproofing,gwp_intensity_kg_per_m2_excluding_bio,No Filter,Others,mean,1.199334362745395
Architectural fiber cement panel,Cladding,gwp_intensity_kg_per_m2_excluding_bio,No Filter,Others,mean,1.0912478039865812
Asphalt shingles,Roofing and waterproofing,gwp_intensity_kg_per_m2_excluding_bio,No Filter,Others,mean,0.5903007155819936
Brass,Other metals,gwp_intensity_kg_per_m2_excluding_bio,No Filter,Others,mean,0.0130955821940078
Brick clay,Masonry,gwp_intensity_kg_per_m2_excluding_bio,No Filter,Others,mean,2.9533061273455243
Built up roofing,Roofing and waterproofing,gwp_intensity_kg_per_m2_excluding_bio,No Filter,Others,mean,0.2033879095765482
CMU,Masonry,gwp_intensity_kg_per_m2_excluding_bio,No Filter,Others,mean,2.18308781736845
Carpet,Flooring and tile,gwp_intensity_kg_per_m2_excluding_bio,No Filter,Others,mean,0.2896855136880406
Cast bronze,Other metals,gwp_intensity_kg_per_m2_excluding_bio,No Filter,Others,mean,0.33571603445993
Ceramic tile,Flooring and tile,gwp_intensity_kg_per_m2_excluding_bio,No Filter,Others,mean,0.0560180886383041
Cladding - other,Cladding,gwp_intensity_kg_per_m2_excluding_bio,No Filter,Others,mean,0.9979863823077452
Closed cell spray polyurethane foam,Insulation,gwp_intensity_kg_per_m2_excluding_bio,No Filter,Others,mean,1.2983712716291935
Coatings - other,Coatings,gwp_intensity_kg_per_m2_excluding_bio,No Filter,Others,mean,2.6792428226682623
Cold formed steel framing,Steel,gwp_intensity_kg_per_m2_excluding_bio,No Filter,Others,mean,7.97677630756348
Concrete - other,Concrete,gwp_intensity_kg_per_m2_excluding_bio,No Filter,Others,mean,1.0401430099658475
Copper sheet,Other metals,gwp_intensity_kg_per_m2_excluding_bio,No Filter,Others,mean,0.3851560425454297
Cross laminated timber CLT,Wood and composites,gwp_intensity_kg_per_m2_excluding_bio,No Filter,Others,mean,4.517465044242704
Decking,Steel,gwp_intensity_kg_per_m2_excluding_bio,No Filter,Others,mean,15.389399538996123
Doors and frames - other,Doors and frames,gwp_intensity_kg_per_m2_excluding_bio,No Filter,Others,mean,0.8323108727777623
EPDM,Roofing and waterproofing,gwp_intensity_kg_per_m2_excluding_bio,No Filter,Others,mean,0.5392672526014898
Expanded polystyrene EPS,Insulation,gwp_intensity_kg_per_m2_excluding_bio,No Filter,Others,mean,1.1984604690088223
Extruded polystyrene XPS,Insulation,gwp_intensity_kg_per_m2_excluding_bio,No Filter,Others,mean,17.213438052693892
Extrusion,Aluminum,gwp_intensity_kg_per_m2_excluding_bio,No Filter,Others,mean,12.995932958153285
Fasteners,Other metals,gwp_intensity_kg_per_m2_excluding_bio,No Filter,Others,mean,0.0240856702258593
Fiberglass blanket,Insulation,gwp_intensity_kg_per_m2_excluding_bio,No Filter,Others,mean,1.7122206331015095
Fiberglass door,Doors and frames,gwp_intensity_kg_per_m2_excluding_bio,No Filter,Others,mean,0.3163318631394785
Fiberglass framed window,Windows and frames,gwp_intensity_kg_per_m2_excluding_bio,No Filter,Others,mean,3.018584256295976
Flooring and tile - other,Flooring and tile,gwp_intensity_kg_per_m2_excluding_bio,No Filter,Others,mean,0.1119111129581563
GFRC general,Concrete,gwp_intensity_kg_per_m2_excluding_bio,No Filter,Others,mean,0.4051779937310108
GFRC panel,Cladding,gwp_intensity_kg_per_m2_excluding_bio,No Filter,Others,mean,0.0844208712453861
Glass mat gypsum board,Gypsum,gwp_intensity_kg_per_m2_excluding_bio,No Filter,Others,mean,2.5395572626324263
Glazing - other,Glazing,gwp_intensity_kg_per_m2_excluding_bio,No Filter,Others,mean,3.493599735751729
Glue laminated timber GLT,Wood and composites,gwp_intensity_kg_per_m2_excluding_bio,No Filter,Others,mean,1.7164837262574135
Gypsum board,Gypsum,gwp_intensity_kg_per_m2_excluding_bio,No Filter,Others,mean,6.323002327620215
HDPE,Roofing and waterproofing,gwp_intensity_kg_per_m2_excluding_bio,No Filter,Others,mean,0.2404810371869763
Hardwood,Wood and composites,gwp_intensity_kg_per_m2_excluding_bio,No Filter,Others,mean,0.277246607777326
Heavy timber framing,Wood and composites,gwp_intensity_kg_per_m2_excluding_bio,No Filter,Others,mean,0.1014292215829968
Hollow structural sections HSS,Steel,gwp_intensity_kg_per_m2_excluding_bio,No Filter,Others,mean,15.46546833032214
Hot-rolled sections,Steel,gwp_intensity_kg_per_m2_excluding_bio,No Filter,Others,mean,25.726946129621982
Insulated glass unit IGU,Glazing,gwp_intensity_kg_per_m2_excluding_bio,No Filter,Others,mean,4.520264236709981
Insulated metal panel IMP,Cladding,gwp_intensity_kg_per_m2_excluding_bio,No Filter,Others,mean,2.382819144840111
Insulation - other,Insulation,gwp_intensity_kg_per_m2_excluding_bio,No Filter,Others,mean,1.0852969569394348
Intumescent,Applied fireproofing,gwp_intensity_kg_per_m2_excluding_bio,No Filter,Others,mean,0.7735414421333977
Laminated strand lumber LSL,Wood and composites,gwp_intensity_kg_per_m2_excluding_bio,No Filter,Others,mean,0.2227817812610149
Laminated veneer lumber LVL,Wood and composites,gwp_intensity_kg_per_m2_excluding_bio,No Filter,Others,mean,0.6887006494582398
Loose-fill cellulose,Insulation,gwp_intensity_kg_per_m2_excluding_bio,No Filter,Others,mean,0.6005484433387122
Masonry - other,Masonry,gwp_intensity_kg_per_m2_excluding_bio,No Filter,Others,mean,3.0149063476263613
Medium density fiberboard MDF,Wood and composites,gwp_intensity_kg_per_m2_excluding_bio,No Filter,Others,mean,0.1470686251335501
Mineral wool high density,Insulation,gwp_intensity_kg_per_m2_excluding_bio,No Filter,Others,mean,3.333961047669618
Mineral wool low density,Insulation,gwp_intensity_kg_per_m2_excluding_bio,No Filter,Others,mean,1.0711934876801714
Modified bitumen,Roofing and waterproofing,gwp_intensity_kg_per_m2_excluding_bio,No Filter,Others,mean,0.3900464178697932
Mortar and grout,Masonry,gwp_intensity_kg_per_m2_excluding_bio,No Filter,Others,mean,1.922147075569285
Open web joists,Steel,gwp_intensity_kg_per_m2_excluding_bio,No Filter,Others,mean,9.025718813705025
Oriented strand board OSB,Wood and composites,gwp_intensity_kg_per_m2_excluding_bio,No Filter,Others,mean,0.4945337989206037
Other,Other,gwp_intensity_kg_per_m2_excluding_bio,No Filter,Others,mean,0.6374910211838709
PVC,Roofing and waterproofing,gwp_intensity_kg_per_m2_excluding_bio,No Filter,Others,mean,0.6068153511302188
Paint,Coatings,gwp_intensity_kg_per_m2_excluding_bio,No Filter,Others,mean,0.9975002685228216
Parallel strand lumber PSL,Wood and composites,gwp_intensity_kg_per_m2_excluding_bio,No Filter,Others,mean,0.1127808491464977
Plate,Steel,gwp_intensity_kg_per_m2_excluding_bio,No Filter,Others,mean,7.14300475803212
Polyisocyanurate PIR,Insulation,gwp_intensity_kg_per_m2_excluding_bio,No Filter,Others,mean,3.683987818254072
Precast,Concrete,gwp_intensity_kg_per_m2_excluding_bio,No Filter,Others,mean,4.148097847006647
Raised access floor system,Flooring and tile,gwp_intensity_kg_per_m2_excluding_bio,No Filter,Others,mean,1.708883587707324
Ready mix LW 3000,Concrete,gwp_intensity_kg_per_m2_excluding_bio,No Filter,Others,mean,4.595087885725727
Ready mix LW 4000,Concrete,gwp_intensity_kg_per_m2_excluding_bio,No Filter,Others,mean,10.578665162277463
Ready mix LW 5000,Concrete,gwp_intensity_kg_per_m2_excluding_bio,No Filter,Others,mean,11.305216603381284
Ready mix NW 2500,Concrete,gwp_intensity_kg_per_m2_excluding_bio,No Filter,Others,mean,2.74562391710656
Ready mix NW 3000,Concrete,gwp_intensity_kg_per_m2_excluding_bio,No Filter,Others,mean,6.628020870007578
Ready mix NW 4000,Concrete,gwp_intensity_kg_per_m2_excluding_bio,No Filter,Others,mean,24.396731744856417
Ready mix NW 5000,Concrete,gwp_intensity_kg_per_m2_excluding_bio,No Filter,Others,mean,22.881113334118936
Ready mix NW 6000,Concrete,gwp_intensity_kg_per_m2_excluding_bio,No Filter,Others,mean,25.359879700204093
Ready mix NW 8000,Concrete,gwp_intensity_kg_per_m2_excluding_bio,No Filter,Others,mean,8.57472010251714
Ready mix unknown,Concrete,gwp_intensity_kg_per_m2_excluding_bio,No Filter,Others,mean,26.51460130587558
Rebar and reinforcement,Steel,gwp_intensity_kg_per_m2_excluding_bio,No Filter,Others,mean,38.38871917137506
Resilient flooring rubber,Flooring and tile,gwp_intensity_kg_per_m2_excluding_bio,No Filter,Others,mean,0.0757342843002703
Resilient flooring vinyl,Flooring and tile,gwp_intensity_kg_per_m2_excluding_bio,No Filter,Others,mean,0.2829436406804921
Roll formed metal panel aluminum,Cladding,gwp_intensity_kg_per_m2_excluding_bio,No Filter,Others,mean,0.9481040965054
Roll formed metal panel steel,Cladding,gwp_intensity_kg_per_m2_excluding_bio,No Filter,Others,mean,0.9045865803989565
Roofing and waterproofing - other,Roofing and waterproofing,gwp_intensity_kg_per_m2_excluding_bio,No Filter,Others,mean,0.2854446979375767
Softwood framing,Wood and composites,gwp_intensity_kg_per_m2_excluding_bio,No Filter,Others,mean,0.4880577409614886
Softwood plywood,Wood and composites,gwp_intensity_kg_per_m2_excluding_bio,No Filter,Others,mean,0.4246307825868601
Spray applied cementitious,Applied fireproofing,gwp_intensity_kg_per_m2_excluding_bio,No Filter,Others,mean,11.102515234764804
Steel - other,Steel,gwp_intensity_kg_per_m2_excluding_bio,No Filter,Others,mean,4.220433472847341
Steel door,Doors and frames,gwp_intensity_kg_per_m2_excluding_bio,No Filter,Others,mean,0.8383610999172375
Steel door frame,Doors and frames,gwp_intensity_kg_per_m2_excluding_bio,No Filter,Others,mean,0.0613263320095094
Steel framed window,Windows and frames,gwp_intensity_kg_per_m2_excluding_bio,No Filter,Others,mean,0.0880727706982924
Steel sheet,Steel,gwp_intensity_kg_per_m2_excluding_bio,No Filter,Others,mean,5.419160878248116
Stone masonry,Masonry,gwp_intensity_kg_per_m2_excluding_bio,No Filter,Others,mean,0.8790078985838966
Stone tile,Flooring and tile,gwp_intensity_kg_per_m2_excluding_bio,No Filter,Others,mean,0.2434363815766768
Stucco finish,Cladding,gwp_intensity_kg_per_m2_excluding_bio,No Filter,Others,mean,0.4957816440455396
Suspension assembly,Acoustic ceilings,gwp_intensity_kg_per_m2_excluding_bio,No Filter,Others,mean,0.2790579432463037
Synthetic composites,Synthetic composites,gwp_intensity_kg_per_m2_excluding_bio,No Filter,Others,mean,3.276712487283749
TPO,Roofing and waterproofing,gwp_intensity_kg_per_m2_excluding_bio,No Filter,Others,mean,0.6516278875878575
Terracotta units,Cladding,gwp_intensity_kg_per_m2_excluding_bio,No Filter,Others,mean,0.4358665911238201
Terrazzo slabs and tiles,Flooring and tile,gwp_intensity_kg_per_m2_excluding_bio,No Filter,Others,mean,0.4175804757629852
Vinyl framed window,Windows and frames,gwp_intensity_kg_per_m2_excluding_bio,No Filter,Others,mean,0.4386279059619635
Wall coverings,Wall coverings,gwp_intensity_kg_per_m2_excluding_bio,No Filter,Others,mean,0.403964603854329
Windows and frames - other,Windows and frames,gwp_intensity_kg_per_m2_excluding_bio,No Filter,Others,mean,0.3139331065538174
Wood I joists,Wood and composites,gwp_intensity_kg_per_m2_excluding_bio,No Filter,Others,mean,0.429846431549263
Wood and composites - other,Wood and composites,gwp_intensity_kg_per_m2_excluding_bio,No Filter,Others,mean,0.7933657726780696
Wood door frame,Doors and frames,gwp_intensity_kg_per_m2_excluding_bio,No Filter,Others,mean,0.1680149813327981
Wood framed window,Windows and frames,gwp_intensity_kg_per_m2_excluding_bio,No Filter,Others,mean,0.1373589408094151
Wood or composite door,Doors and frames,gwp_intensity_kg_per_m2_excluding_bio,No Filter,Others,mean,0.2634192899651161
Zinc sheet,Other metals,gwp_intensity_kg_per_m2_excluding_bio,No Filter,Others,mean,0.1058898575406785
Acoustic ceiling tile aluminum,Acoustic ceilings,gwp_intensity_kg_per_m2_excluding_bio,No Filter,Education,mean,2.5763192624346067
Acoustic ceiling tile fiber,Acoustic ceilings,gwp_intensity_kg_per_m2_excluding_bio,No Filter,Education,mean,1.2914514181212695
Acoustic ceiling tile steel,Acoustic ceilings,gwp_intensity_kg_per_m2_excluding_bio,No Filter,Education,mean,0.0080976808571421
Acoustic ceilings - other,Acoustic ceilings,gwp_intensity_kg_per_m2_excluding_bio,No Filter,Education,mean,0.8391429732118185
Adhesives and sealants,Adhesives and sealants,gwp_intensity_kg_per_m2_excluding_bio,No Filter,Education,mean,0.4722595396870238
Air and vapor barriers,Air and vapor barriers,gwp_intensity_kg_per_m2_excluding_bio,No Filter,Education,mean,1.638992597740682
Aluminum - other,Aluminum,gwp_intensity_kg_per_m2_excluding_bio,No Filter,Education,mean,4.2475227290398045
Aluminum composite panel ACM,Cladding,gwp_intensity_kg_per_m2_excluding_bio,No Filter,Education,mean,2.1701517711322285
Aluminum door,Doors and frames,gwp_intensity_kg_per_m2_excluding_bio,No Filter,Education,mean,0.5070024275463679
Aluminum door frame,Doors and frames,gwp_intensity_kg_per_m2_excluding_bio,No Filter,Education,mean,0.1274040010162811
Aluminum framed glass entrances,Doors and frames,gwp_intensity_kg_per_m2_excluding_bio,No Filter,Education,mean,
Aluminum framed window,Windows and frames,gwp_intensity_kg_per_m2_excluding_bio,No Filter,Education,mean,0.6696381146496486
Aluminum sheet,Aluminum,gwp_intensity_kg_per_m2_excluding_bio,No Filter,Education,mean,2.2145940867110263
Aluminum storefront or curtain wall,Windows and frames,gwp_intensity_kg_per_m2_excluding_bio,No Filter,Education,mean,4.420865729552508
Applied fireproofing - other,Applied fireproofing,gwp_intensity_kg_per_m2_excluding_bio,No Filter,Education,mean,
Architectural fiber cement panel,Cladding,gwp_intensity_kg_per_m2_excluding_bio,No Filter,Education,mean,0.3838683794091844
Asphalt shingles,Roofing and waterproofing,gwp_intensity_kg_per_m2_excluding_bio,No Filter,Education,mean,0.677041233529248
Brass,Other metals,gwp_intensity_kg_per_m2_excluding_bio,No Filter,Education,mean,
Brick clay,Masonry,gwp_intensity_kg_per_m2_excluding_bio,No Filter,Education,mean,3.5545437982671992
Built up roofing,Roofing and waterproofing,gwp_intensity_kg_per_m2_excluding_bio,No Filter,Education,mean,0.4058440201091953
CMU,Masonry,gwp_intensity_kg_per_m2_excluding_bio,No Filter,Education,mean,1.6642561643491895
Carpet,Flooring and tile,gwp_intensity_kg_per_m2_excluding_bio,No Filter,Education,mean,0.973772712724784
Cast bronze,Other metals,gwp_intensity_kg_per_m2_excluding_bio,No Filter,Education,mean,
Ceramic tile,Flooring and tile,gwp_intensity_kg_per_m2_excluding_bio,No Filter,Education,mean,0.1586395624798482
Cladding - other,Cladding,gwp_intensity_kg_per_m2_excluding_bio,No Filter,Education,mean,0.0174756896353323
Closed cell spray polyurethane foam,Insulation,gwp_intensity_kg_per_m2_excluding_bio,No Filter,Education,mean,2.789629338312088
Coatings - other,Coatings,gwp_intensity_kg_per_m2_excluding_bio,No Filter,Education,mean,2.0333367423658286
Cold formed steel framing,Steel,gwp_intensity_kg_per_m2_excluding_bio,No Filter,Education,mean,10.650011925647346
Concrete - other,Concrete,gwp_intensity_kg_per_m2_excluding_bio,No Filter,Education,mean,0.6718255822031074
Copper sheet,Other metals,gwp_intensity_kg_per_m2_excluding_bio,No Filter,Education,mean,1.211647373423074
Cross laminated timber CLT,Wood and composites,gwp_intensity_kg_per_m2_excluding_bio,No Filter,Education,mean,7.14578405915875
Decking,Steel,gwp_intensity_kg_per_m2_excluding_bio,No Filter,Education,mean,17.68951043717488
Doors and frames - other,Doors and frames,gwp_intensity_kg_per_m2_excluding_bio,No Filter,Education,mean,0.518013858746657
EPDM,Roofing and waterproofing,gwp_intensity_kg_per_m2_excluding_bio,No Filter,Education,mean,0.7005619187650183
Expanded polystyrene EPS,Insulation,gwp_intensity_kg_per_m2_excluding_bio,No Filter,Education,mean,0.5963316762897978
Extruded polystyrene XPS,Insulation,gwp_intensity_kg_per_m2_excluding_bio,No Filter,Education,mean,19.50249586543753
Extrusion,Aluminum,gwp_intensity_kg_per_m2_excluding_bio,No Filter,Education,mean,12.008716939494986
Fasteners,Other metals,gwp_intensity_kg_per_m2_excluding_bio,No Filter,Education,mean,0.0173620798259077
Fiberglass blanket,Insulation,gwp_intensity_kg_per_m2_excluding_bio,No Filter,Education,mean,1.358743876647278
Fiberglass door,Doors and frames,gwp_intensity_kg_per_m2_excluding_bio,No Filter,Education,mean,1.7504439907077038
Fiberglass framed window,Windows and frames,gwp_intensity_kg_per_m2_excluding_bio,No Filter,Education,mean,4.256581121524023
Flooring and tile - other,Flooring and tile,gwp_intensity_kg_per_m2_excluding_bio,No Filter,Education,mean,0.3010173281998468
GFRC general,Concrete,gwp_intensity_kg_per_m2_excluding_bio,No Filter,Education,mean,0.1852555362049859
GFRC panel,Cladding,gwp_intensity_kg_per_m2_excluding_bio,No Filter,Education,mean,0.2143624087112219
Glass mat gypsum board,Gypsum,gwp_intensity_kg_per_m2_excluding_bio,No Filter,Education,mean,3.435811133597855
Glazing - other,Glazing,gwp_intensity_kg_per_m2_excluding_bio,No Filter,Education,mean,6.1907724103879485
Glue laminated timber GLT,Wood and composites,gwp_intensity_kg_per_m2_excluding_bio,No Filter,Education,mean,2.6530646530330744
Gypsum board,Gypsum,gwp_intensity_kg_per_m2_excluding_bio,No Filter,Education,mean,7.1857133384124285
HDPE,Roofing and waterproofing,gwp_intensity_kg_per_m2_excluding_bio,No Filter,Education,mean,0.4834311255112184
Hardwood,Wood and composites,gwp_intensity_kg_per_m2_excluding_bio,No Filter,Education,mean,0.1747689052321937
Heavy timber framing,Wood and composites,gwp_intensity_kg_per_m2_excluding_bio,No Filter,Education,mean,0.3563879552703587
Hollow structural sections HSS,Steel,gwp_intensity_kg_per_m2_excluding_bio,No Filter,Education,mean,13.509380053818928
Hot-rolled sections,Steel,gwp_intensity_kg_per_m2_excluding_bio,No Filter,Education,mean,25.13136827928596
Insulated glass unit IGU,Glazing,gwp_intensity_kg_per_m2_excluding_bio,No Filter,Education,mean,5.421240616006364
Insulated metal panel IMP,Cladding,gwp_intensity_kg_per_m2_excluding_bio,No Filter,Education,mean,0.0730081997607672
Insulation - other,Insulation,gwp_intensity_kg_per_m2_excluding_bio,No Filter,Education,mean,0.1129107014806555
Intumescent,Applied fireproofing,gwp_intensity_kg_per_m2_excluding_bio,No Filter,Education,mean,0.5931150253957388
Laminated strand lumber LSL,Wood and composites,gwp_intensity_kg_per_m2_excluding_bio,No Filter,Education,mean,0.1093463107945954
Laminated veneer lumber LVL,Wood and composites,gwp_intensity_kg_per_m2_excluding_bio,No Filter,Education,mean,0.4568000213824275
Loose-fill cellulose,Insulation,gwp_intensity_kg_per_m2_excluding_bio,No Filter,Education,mean,0.0303934969697363
Masonry - other,Masonry,gwp_intensity_kg_per_m2_excluding_bio,No Filter,Education,mean,6.899561567857036
Medium density fiberboard MDF,Wood and composites,gwp_intensity_kg_per_m2_excluding_bio,No Filter,Education,mean,0.2344901342388621
Mineral wool high density,Insulation,gwp_intensity_kg_per_m2_excluding_bio,No Filter,Education,mean,3.992009013824332
Mineral wool low density,Insulation,gwp_intensity_kg_per_m2_excluding_bio,No Filter,Education,mean,1.8290482889723427
Modified bitumen,Roofing and waterproofing,gwp_intensity_kg_per_m2_excluding_bio,No Filter,Education,mean,0.3562102637263586
Mortar and grout,Masonry,gwp_intensity_kg_per_m2_excluding_bio,No Filter,Education,mean,1.3426083526604626
Open web joists,Steel,gwp_intensity_kg_per_m2_excluding_bio,No Filter,Education,mean,4.6634886563439215
Oriented strand board OSB,Wood and composites,gwp_intensity_kg_per_m2_excluding_bio,No Filter,Education,mean,0.4791422336183225
Other,Other,gwp_intensity_kg_per_m2_excluding_bio,No Filter,Education,mean,1.0792795320586404
PVC,Roofing and waterproofing,gwp_intensity_kg_per_m2_excluding_bio,No Filter,Education,mean,0.6109353438677532
Paint,Coatings,gwp_intensity_kg_per_m2_excluding_bio,No Filter,Education,mean,1.1174029109496806
Parallel strand lumber PSL,Wood and composites,gwp_intensity_kg_per_m2_excluding_bio,No Filter,Education,mean,0.0481146163330475
Plate,Steel,gwp_intensity_kg_per_m2_excluding_bio,No Filter,Education,mean,3.435288944857005
Polyisocyanurate PIR,Insulation,gwp_intensity_kg_per_m2_excluding_bio,No Filter,Education,mean,4.488304160181803
Precast,Concrete,gwp_intensity_kg_per_m2_excluding_bio,No Filter,Education,mean,4.314958243385584
Raised access floor system,Flooring and tile,gwp_intensity_kg_per_m2_excluding_bio,No Filter,Education,mean,
Ready mix LW 3000,Concrete,gwp_intensity_kg_per_m2_excluding_bio,No Filter,Education,mean,6.697262964802019
Ready mix LW 4000,Concrete,gwp_intensity_kg_per_m2_excluding_bio,No Filter,Education,mean,18.15329867445783
Ready mix LW 5000,Concrete,gwp_intensity_kg_per_m2_excluding_bio,No Filter,Education,mean,3.830763227130816
Ready mix NW 2500,Concrete,gwp_intensity_kg_per_m2_excluding_bio,No Filter,Education,mean,6.000442261276441
Ready mix NW 3000,Concrete,gwp_intensity_kg_per_m2_excluding_bio,No Filter,Education,mean,7.279532993377793
Ready mix NW 4000,Concrete,gwp_intensity_kg_per_m2_excluding_bio,No Filter,Education,mean,30.51541247853484
Ready mix NW 5000,Concrete,gwp_intensity_kg_per_m2_excluding_bio,No Filter,Education,mean,19.930898518283552
Ready mix NW 6000,Concrete,gwp_intensity_kg_per_m2_excluding_bio,No Filter,Education,mean,37.485644810410285
Ready mix NW 8000,Concrete,gwp_intensity_kg_per_m2_excluding_bio,No Filter,Education,mean,
Ready mix unknown,Concrete,gwp_intensity_kg_per_m2_excluding_bio,No Filter,Education,mean,25.838411335953392
Rebar and reinforcement,Steel,gwp_intensity_kg_per_m2_excluding_bio,No Filter,Education,mean,46.19846891673239
Resilient flooring rubber,Flooring and tile,gwp_intensity_kg_per_m2_excluding_bio,No Filter,Education,mean,0.131219755947775
Resilient flooring vinyl,Flooring and tile,gwp_intensity_kg_per_m2_excluding_bio,No Filter,Education,mean,0.4413595378411628
Roll formed metal panel aluminum,Cladding,gwp_intensity_kg_per_m2_excluding_bio,No Filter,Education,mean,0.585530054421918
Roll formed metal panel steel,Cladding,gwp_intensity_kg_per_m2_excluding_bio,No Filter,Education,mean,0.559620648845108
Roofing and waterproofing - other,Roofing and waterproofing,gwp_intensity_kg_per_m2_excluding_bio,No Filter,Education,mean,0.3495289440836492
Softwood framing,Wood and composites,gwp_intensity_kg_per_m2_excluding_bio,No Filter,Education,mean,0.8744949315199101
Softwood plywood,Wood and composites,gwp_intensity_kg_per_m2_excluding_bio,No Filter,Education,mean,0.3340955491072372
Spray applied cementitious,Applied fireproofing,gwp_intensity_kg_per_m2_excluding_bio,No Filter,Education,mean,17.706755563812642
Steel - other,Steel,gwp_intensity_kg_per_m2_excluding_bio,No Filter,Education,mean,4.791846992113359
Steel door,Doors and frames,gwp_intensity_kg_per_m2_excluding_bio,No Filter,Education,mean,0.4553570151582284
Steel door frame,Doors and frames,gwp_intensity_kg_per_m2_excluding_bio,No Filter,Education,mean,0.034621212360556
Steel framed window,Windows and frames,gwp_intensity_kg_per_m2_excluding_bio,No Filter,Education,mean,0.0378133123309886
Steel sheet,Steel,gwp_intensity_kg_per_m2_excluding_bio,No Filter,Education,mean,6.687309275601554
Stone masonry,Masonry,gwp_intensity_kg_per_m2_excluding_bio,No Filter,Education,mean,1.078170677460335
Stone tile,Flooring and tile,gwp_intensity_kg_per_m2_excluding_bio,No Filter,Education,mean,0.1061058877022559
Stucco finish,Cladding,gwp_intensity_kg_per_m2_excluding_bio,No Filter,Education,mean,0.3027028890431664
Suspension assembly,Acoustic ceilings,gwp_intensity_kg_per_m2_excluding_bio,No Filter,Education,mean,0.3912130857521461
Synthetic composites,Synthetic composites,gwp_intensity_kg_per_m2_excluding_bio,No Filter,Education,mean,6.4731675167844935
TPO,Roofing and waterproofing,gwp_intensity_kg_per_m2_excluding_bio,No Filter,Education,mean,0.4326616171733741
Terracotta units,Cladding,gwp_intensity_kg_per_m2_excluding_bio,No Filter,Education,mean,0.8277954617606974
Terrazzo slabs and tiles,Flooring and tile,gwp_intensity_kg_per_m2_excluding_bio,No Filter,Education,mean,2.157153551899215
Vinyl framed window,Windows and frames,gwp_intensity_kg_per_m2_excluding_bio,No Filter,Education,mean,0.5556501745805768
Wall coverings,Wall coverings,gwp_intensity_kg_per_m2_excluding_bio,No Filter,Education,mean,0.7094009451218548
Windows and frames - other,Windows and frames,gwp_intensity_kg_per_m2_excluding_bio,No Filter,Education,mean,
Wood I joists,Wood and composites,gwp_intensity_kg_per_m2_excluding_bio,No Filter,Education,mean,0.0043884286520747
Wood and composites - other,Wood and composites,gwp_intensity_kg_per_m2_excluding_bio,No Filter,Education,mean,2.264043625974564
Wood door frame,Doors and frames,gwp_intensity_kg_per_m2_excluding_bio,No Filter,Education,mean,0.0804780735451162
Wood framed window,Windows and frames,gwp_intensity_kg_per_m2_excluding_bio,No Filter,Education,mean,0.3158232530127982
Wood or composite door,Doors and frames,gwp_intensity_kg_per_m2_excluding_bio,No Filter,Education,mean,0.1109328098857529
Zinc sheet,Other metals,gwp_intensity_kg_per_m2_excluding_bio,No Filter,Education,mean,
Acoustic ceiling tile aluminum,Acoustic ceilings,gwp_intensity_kg_per_m2_excluding_bio,No Filter,Healthcare,mean,0.6196221072965523
Acoustic ceiling tile fiber,Acoustic ceilings,gwp_intensity_kg_per_m2_excluding_bio,No Filter,Healthcare,mean,2.72194912820125
Acoustic ceiling tile steel,Acoustic ceilings,gwp_intensity_kg_per_m2_excluding_bio,No Filter,Healthcare,mean,
Acoustic ceilings - other,Acoustic ceilings,gwp_intensity_kg_per_m2_excluding_bio,No Filter,Healthcare,mean,0.1042418379768737
Adhesives and sealants,Adhesives and sealants,gwp_intensity_kg_per_m2_excluding_bio,No Filter,Healthcare,mean,0.4947135134190538
Air and vapor barriers,Air and vapor barriers,gwp_intensity_kg_per_m2_excluding_bio,No Filter,Healthcare,mean,0.6701858600182589
Aluminum - other,Aluminum,gwp_intensity_kg_per_m2_excluding_bio,No Filter,Healthcare,mean,3.75963875075574
Aluminum composite panel ACM,Cladding,gwp_intensity_kg_per_m2_excluding_bio,No Filter,Healthcare,mean,3.2814451480898628
Aluminum door,Doors and frames,gwp_intensity_kg_per_m2_excluding_bio,No Filter,Healthcare,mean,0.5187336357359231
Aluminum door frame,Doors and frames,gwp_intensity_kg_per_m2_excluding_bio,No Filter,Healthcare,mean,0.4165550113552821
Aluminum framed glass entrances,Doors and frames,gwp_intensity_kg_per_m2_excluding_bio,No Filter,Healthcare,mean,
Aluminum framed window,Windows and frames,gwp_intensity_kg_per_m2_excluding_bio,No Filter,Healthcare,mean,0.2475882011836454
Aluminum sheet,Aluminum,gwp_intensity_kg_per_m2_excluding_bio,No Filter,Healthcare,mean,3.7752095769565375
Aluminum storefront or curtain wall,Windows and frames,gwp_intensity_kg_per_m2_excluding_bio,No Filter,Healthcare,mean,6.844595033010635
Applied fireproofing - other,Applied fireproofing,gwp_intensity_kg_per_m2_excluding_bio,No Filter,Healthcare,mean,
Architectural fiber cement panel,Cladding,gwp_intensity_kg_per_m2_excluding_bio,No Filter,Healthcare,mean,0.2784329095028205
Asphalt shingles,Roofing and waterproofing,gwp_intensity_kg_per_m2_excluding_bio,No Filter,Healthcare,mean,
Brass,Other metals,gwp_intensity_kg_per_m2_excluding_bio,No Filter,Healthcare,mean,
Brick clay,Masonry,gwp_intensity_kg_per_m2_excluding_bio,No Filter,Healthcare,mean,3.2728262408686684
Built up roofing,Roofing and waterproofing,gwp_intensity_kg_per_m2_excluding_bio,No Filter,Healthcare,mean,0.0088029855575847
CMU,Masonry,gwp_intensity_kg_per_m2_excluding_bio,No Filter,Healthcare,mean,0.6391487894723824
Carpet,Flooring and tile,gwp_intensity_kg_per_m2_excluding_bio,No Filter,Healthcare,mean,0.4395313518944856
Cast bronze,Other metals,gwp_intensity_kg_per_m2_excluding_bio,No Filter,Healthcare,mean,0.0926495808829463
Ceramic tile,Flooring and tile,gwp_intensity_kg_per_m2_excluding_bio,No Filter,Healthcare,mean,0.1328370944548524
Cladding - other,Cladding,gwp_intensity_kg_per_m2_excluding_bio,No Filter,Healthcare,mean,
Closed cell spray polyurethane foam,Insulation,gwp_intensity_kg_per_m2_excluding_bio,No Filter,Healthcare,mean,0.0093043288490593
Coatings - other,Coatings,gwp_intensity_kg_per_m2_excluding_bio,No Filter,Healthcare,mean,1.955348090453897
Cold formed steel framing,Steel,gwp_intensity_kg_per_m2_excluding_bio,No Filter,Healthcare,mean,10.2184705897816
Concrete - other,Concrete,gwp_intensity_kg_per_m2_excluding_bio,No Filter,Healthcare,mean,0.0880705381552184
Copper sheet,Other metals,gwp_intensity_kg_per_m2_excluding_bio,No Filter,Healthcare,mean,0.730919266124607
Cross laminated timber CLT,Wood and composites,gwp_intensity_kg_per_m2_excluding_bio,No Filter,Healthcare,mean,
Decking,Steel,gwp_intensity_kg_per_m2_excluding_bio,No Filter,Healthcare,mean,15.646436748268712
Doors and frames - other,Doors and frames,gwp_intensity_kg_per_m2_excluding_bio,No Filter,Healthcare,mean,1.832418121060028
EPDM,Roofing and waterproofing,gwp_intensity_kg_per_m2_excluding_bio,No Filter,Healthcare,mean,0.3624921922390242
Expanded polystyrene EPS,Insulation,gwp_intensity_kg_per_m2_excluding_bio,No Filter,Healthcare,mean,0.6673033500594259
Extruded polystyrene XPS,Insulation,gwp_intensity_kg_per_m2_excluding_bio,No Filter,Healthcare,mean,8.573539866301159
Extrusion,Aluminum,gwp_intensity_kg_per_m2_excluding_bio,No Filter,Healthcare,mean,6.770911727191805
Fasteners,Other metals,gwp_intensity_kg_per_m2_excluding_bio,No Filter,Healthcare,mean,0.0968028948846956
Fiberglass blanket,Insulation,gwp_intensity_kg_per_m2_excluding_bio,No Filter,Healthcare,mean,0.6073035659449956
Fiberglass door,Doors and frames,gwp_intensity_kg_per_m2_excluding_bio,No Filter,Healthcare,mean,
Fiberglass framed window,Windows and frames,gwp_intensity_kg_per_m2_excluding_bio,No Filter,Healthcare,mean,
Flooring and tile - other,Flooring and tile,gwp_intensity_kg_per_m2_excluding_bio,No Filter,Healthcare,mean,0.0726393602746307
GFRC general,Concrete,gwp_intensity_kg_per_m2_excluding_bio,No Filter,Healthcare,mean,0.0081885164286168
GFRC panel,Cladding,gwp_intensity_kg_per_m2_excluding_bio,No Filter,Healthcare,mean,
Glass mat gypsum board,Gypsum,gwp_intensity_kg_per_m2_excluding_bio,No Filter,Healthcare,mean,2.3392170596997484
Glazing - other,Glazing,gwp_intensity_kg_per_m2_excluding_bio,No Filter,Healthcare,mean,6.163422980951014
Glue laminated timber GLT,Wood and composites,gwp_intensity_kg_per_m2_excluding_bio,No Filter,Healthcare,mean,
Gypsum board,Gypsum,gwp_intensity_kg_per_m2_excluding_bio,No Filter,Healthcare,mean,9.390438738447212
HDPE,Roofing and waterproofing,gwp_intensity_kg_per_m2_excluding_bio,No Filter,Healthcare,mean,
Hardwood,Wood and composites,gwp_intensity_kg_per_m2_excluding_bio,No Filter,Healthcare,mean,0.0903089615503354
Heavy timber framing,Wood and composites,gwp_intensity_kg_per_m2_excluding_bio,No Filter,Healthcare,mean,
Hollow structural sections HSS,Steel,gwp_intensity_kg_per_m2_excluding_bio,No Filter,Healthcare,mean,13.64316801043931
Hot-rolled sections,Steel,gwp_intensity_kg_per_m2_excluding_bio,No Filter,Healthcare,mean,42.345000536367166
Insulated glass unit IGU,Glazing,gwp_intensity_kg_per_m2_excluding_bio,No Filter,Healthcare,mean,3.8019276527506656
Insulated metal panel IMP,Cladding,gwp_intensity_kg_per_m2_excluding_bio,No Filter,Healthcare,mean,5.330617347671774
Insulation - other,Insulation,gwp_intensity_kg_per_m2_excluding_bio,No Filter,Healthcare,mean,1.4984971940374956
Intumescent,Applied fireproofing,gwp_intensity_kg_per_m2_excluding_bio,No Filter,Healthcare,mean,1.3666927737786958
Laminated strand lumber LSL,Wood and composites,gwp_intensity_kg_per_m2_excluding_bio,No Filter,Healthcare,mean,
Laminated veneer lumber LVL,Wood and composites,gwp_intensity_kg_per_m2_excluding_bio,No Filter,Healthcare,mean,0.0084705597192071
Loose-fill cellulose,Insulation,gwp_intensity_kg_per_m2_excluding_bio,No Filter,Healthcare,mean,1.7149417247369896
Masonry - other,Masonry,gwp_intensity_kg_per_m2_excluding_bio,No Filter,Healthcare,mean,
Medium density fiberboard MDF,Wood and composites,gwp_intensity_kg_per_m2_excluding_bio,No Filter,Healthcare,mean,0.2589472199717813
Mineral wool high density,Insulation,gwp_intensity_kg_per_m2_excluding_bio,No Filter,Healthcare,mean,4.76024645890121
Mineral wool low density,Insulation,gwp_intensity_kg_per_m2_excluding_bio,No Filter,Healthcare,mean,0.5680681688068099
Modified bitumen,Roofing and waterproofing,gwp_intensity_kg_per_m2_excluding_bio,No Filter,Healthcare,mean,0.0569789629942693
Mortar and grout,Masonry,gwp_intensity_kg_per_m2_excluding_bio,No Filter,Healthcare,mean,0.8974966029429657
Open web joists,Steel,gwp_intensity_kg_per_m2_excluding_bio,No Filter,Healthcare,mean,1.949407263499123
Oriented strand board OSB,Wood and composites,gwp_intensity_kg_per_m2_excluding_bio,No Filter,Healthcare,mean,0.2761724026186209
Other,Other,gwp_intensity_kg_per_m2_excluding_bio,No Filter,Healthcare,mean,0.2555482095302349
PVC,Roofing and waterproofing,gwp_intensity_kg_per_m2_excluding_bio,No Filter,Healthcare,mean,1.00459130757777
Paint,Coatings,gwp_intensity_kg_per_m2_excluding_bio,No Filter,Healthcare,mean,1.414556346329655
Parallel strand lumber PSL,Wood and composites,gwp_intensity_kg_per_m2_excluding_bio,No Filter,Healthcare,mean,
Plate,Steel,gwp_intensity_kg_per_m2_excluding_bio,No Filter,Healthcare,mean,11.267972220726673
Polyisocyanurate PIR,Insulation,gwp_intensity_kg_per_m2_excluding_bio,No Filter,Healthcare,mean,2.4250424884159694
Precast,Concrete,gwp_intensity_kg_per_m2_excluding_bio,No Filter,Healthcare,mean,1.721458756011363
Raised access floor system,Flooring and tile,gwp_intensity_kg_per_m2_excluding_bio,No Filter,Healthcare,mean,
Ready mix LW 3000,Concrete,gwp_intensity_kg_per_m2_excluding_bio,No Filter,Healthcare,mean,9.737234092056434
Ready mix LW 4000,Concrete,gwp_intensity_kg_per_m2_excluding_bio,No Filter,Healthcare,mean,3.624711694852474
Ready mix LW 5000,Concrete,gwp_intensity_kg_per_m2_excluding_bio,No Filter,Healthcare,mean,0.2018041847628451
Ready mix NW 2500,Concrete,gwp_intensity_kg_per_m2_excluding_bio,No Filter,Healthcare,mean,2.0956079311676032
Ready mix NW 3000,Concrete,gwp_intensity_kg_per_m2_excluding_bio,No Filter,Healthcare,mean,9.302018148942189
Ready mix NW 4000,Concrete,gwp_intensity_kg_per_m2_excluding_bio,No Filter,Healthcare,mean,20.29529106010446
Ready mix NW 5000,Concrete,gwp_intensity_kg_per_m2_excluding_bio,No Filter,Healthcare,mean,35.926238594672434
Ready mix NW 6000,Concrete,gwp_intensity_kg_per_m2_excluding_bio,No Filter,Healthcare,mean,9.245604341576492
Ready mix NW 8000,Concrete,gwp_intensity_kg_per_m2_excluding_bio,No Filter,Healthcare,mean,7.818181971234075
Ready mix unknown,Concrete,gwp_intensity_kg_per_m2_excluding_bio,No Filter,Healthcare,mean,29.06735694285223
Rebar and reinforcement,Steel,gwp_intensity_kg_per_m2_excluding_bio,No Filter,Healthcare,mean,36.28590489136176
Resilient flooring rubber,Flooring and tile,gwp_intensity_kg_per_m2_excluding_bio,No Filter,Healthcare,mean,
Resilient flooring vinyl,Flooring and tile,gwp_intensity_kg_per_m2_excluding_bio,No Filter,Healthcare,mean,1.4495615899821124
Roll formed metal panel aluminum,Cladding,gwp_intensity_kg_per_m2_excluding_bio,No Filter,Healthcare,mean,0.0276928922375775
Roll formed metal panel steel,Cladding,gwp_intensity_kg_per_m2_excluding_bio,No Filter,Healthcare,mean,0.2617955401911369
Roofing and waterproofing - other,Roofing and waterproofing,gwp_intensity_kg_per_m2_excluding_bio,No Filter,Healthcare,mean,0.0751955561428724
Softwood framing,Wood and composites,gwp_intensity_kg_per_m2_excluding_bio,No Filter,Healthcare,mean,0.0470031188550585
Softwood plywood,Wood and composites,gwp_intensity_kg_per_m2_excluding_bio,No Filter,Healthcare,mean,0.0689776239322646
Spray applied cementitious,Applied fireproofing,gwp_intensity_kg_per_m2_excluding_bio,No Filter,Healthcare,mean,19.56382922453903
Steel - other,Steel,gwp_intensity_kg_per_m2_excluding_bio,No Filter,Healthcare,mean,1.4591834694270134
Steel door,Doors and frames,gwp_intensity_kg_per_m2_excluding_bio,No Filter,Healthcare,mean,0.9633957039715604
Steel door frame,Doors and frames,gwp_intensity_kg_per_m2_excluding_bio,No Filter,Healthcare,mean,0.0911737451912257
Steel framed window,Windows and frames,gwp_intensity_kg_per_m2_excluding_bio,No Filter,Healthcare,mean,0.4306630369142158
Steel sheet,Steel,gwp_intensity_kg_per_m2_excluding_bio,No Filter,Healthcare,mean,22.993336750358207
Stone masonry,Masonry,gwp_intensity_kg_per_m2_excluding_bio,No Filter,Healthcare,mean,0.6640411772680049
Stone tile,Flooring and tile,gwp_intensity_kg_per_m2_excluding_bio,No Filter,Healthcare,mean,0.8495485259273422
Stucco finish,Cladding,gwp_intensity_kg_per_m2_excluding_bio,No Filter,Healthcare,mean,0.6510010460076979
Suspension assembly,Acoustic ceilings,gwp_intensity_kg_per_m2_excluding_bio,No Filter,Healthcare,mean,0.9484930661722868
Synthetic composites,Synthetic composites,gwp_intensity_kg_per_m2_excluding_bio,No Filter,Healthcare,mean,1.235734976824765
TPO,Roofing and waterproofing,gwp_intensity_kg_per_m2_excluding_bio,No Filter,Healthcare,mean,0.3244974040960861
Terracotta units,Cladding,gwp_intensity_kg_per_m2_excluding_bio,No Filter,Healthcare,mean,
Terrazzo slabs and tiles,Flooring and tile,gwp_intensity_kg_per_m2_excluding_bio,No Filter,Healthcare,mean,0.5736438398454495
Vinyl framed window,Windows and frames,gwp_intensity_kg_per_m2_excluding_bio,No Filter,Healthcare,mean,
Wall coverings,Wall coverings,gwp_intensity_kg_per_m2_excluding_bio,No Filter,Healthcare,mean,0.2297890886581679
Windows and frames - other,Windows and frames,gwp_intensity_kg_per_m2_excluding_bio,No Filter,Healthcare,mean,
Wood I joists,Wood and composites,gwp_intensity_kg_per_m2_excluding_bio,No Filter,Healthcare,mean,
Wood and composites - other,Wood and composites,gwp_intensity_kg_per_m2_excluding_bio,No Filter,Healthcare,mean,
Wood door frame,Doors and frames,gwp_intensity_kg_per_m2_excluding_bio,No Filter,Healthcare,mean,0.0188251651758576
Wood framed window,Windows and frames,gwp_intensity_kg_per_m2_excluding_bio,No Filter,Healthcare,mean,0.0009245133431187
Wood or composite door,Doors and frames,gwp_intensity_kg_per_m2_excluding_bio,No Filter,Healthcare,mean,0.4372031803571394
Zinc sheet,Other metals,gwp_intensity_kg_per_m2_excluding_bio,No Filter,Healthcare,mean,0.0003564793818674
Acoustic ceiling tile aluminum,Acoustic ceilings,gwp_intensity_kg_per_m2_excluding_bio,No Filter,Laboratory,mean,0.0097123665677453
Acoustic ceiling tile fiber,Acoustic ceilings,gwp_intensity_kg_per_m2_excluding_bio,No Filter,Laboratory,mean,0.8369948443302496
Acoustic ceiling tile steel,Acoustic ceilings,gwp_intensity_kg_per_m2_excluding_bio,No Filter,Laboratory,mean,2.5690726617421946
Acoustic ceilings - other,Acoustic ceilings,gwp_intensity_kg_per_m2_excluding_bio,No Filter,Laboratory,mean,
Adhesives and sealants,Adhesives and sealants,gwp_intensity_kg_per_m2_excluding_bio,No Filter,Laboratory,mean,0.4865207294068478
Air and vapor barriers,Air and vapor barriers,gwp_intensity_kg_per_m2_excluding_bio,No Filter,Laboratory,mean,1.305719258214207
Aluminum - other,Aluminum,gwp_intensity_kg_per_m2_excluding_bio,No Filter,Laboratory,mean,6.88866890107976
Aluminum composite panel ACM,Cladding,gwp_intensity_kg_per_m2_excluding_bio,No Filter,Laboratory,mean,2.8949853086578683
Aluminum door,Doors and frames,gwp_intensity_kg_per_m2_excluding_bio,No Filter,Laboratory,mean,0.6268730371772789
Aluminum door frame,Doors and frames,gwp_intensity_kg_per_m2_excluding_bio,No Filter,Laboratory,mean,0.0994570160818662
Aluminum framed glass entrances,Doors and frames,gwp_intensity_kg_per_m2_excluding_bio,No Filter,Laboratory,mean,0.3292584569381603
Aluminum framed window,Windows and frames,gwp_intensity_kg_per_m2_excluding_bio,No Filter,Laboratory,mean,0.1900340722550405
Aluminum sheet,Aluminum,gwp_intensity_kg_per_m2_excluding_bio,No Filter,Laboratory,mean,6.517896110164425
Aluminum storefront or curtain wall,Windows and frames,gwp_intensity_kg_per_m2_excluding_bio,No Filter,Laboratory,mean,11.630705860723284
Applied fireproofing - other,Applied fireproofing,gwp_intensity_kg_per_m2_excluding_bio,No Filter,Laboratory,mean,
Architectural fiber cement panel,Cladding,gwp_intensity_kg_per_m2_excluding_bio,No Filter,Laboratory,mean,0.8364330645569589
Asphalt shingles,Roofing and waterproofing,gwp_intensity_kg_per_m2_excluding_bio,No Filter,Laboratory,mean,
Brass,Other metals,gwp_intensity_kg_per_m2_excluding_bio,No Filter,Laboratory,mean,0.0325954737821856
Brick clay,Masonry,gwp_intensity_kg_per_m2_excluding_bio,No Filter,Laboratory,mean,3.438603510596941
Built up roofing,Roofing and waterproofing,gwp_intensity_kg_per_m2_excluding_bio,No Filter,Laboratory,mean,0.065489438171515
CMU,Masonry,gwp_intensity_kg_per_m2_excluding_bio,No Filter,Laboratory,mean,1.5163830152320228
Carpet,Flooring and tile,gwp_intensity_kg_per_m2_excluding_bio,No Filter,Laboratory,mean,0.6972895502698454
Cast bronze,Other metals,gwp_intensity_kg_per_m2_excluding_bio,No Filter,Laboratory,mean,1.644893440827857
Ceramic tile,Flooring and tile,gwp_intensity_kg_per_m2_excluding_bio,No Filter,Laboratory,mean,0.1845985197823997
Cladding - other,Cladding,gwp_intensity_kg_per_m2_excluding_bio,No Filter,Laboratory,mean,
Closed cell spray polyurethane foam,Insulation,gwp_intensity_kg_per_m2_excluding_bio,No Filter,Laboratory,mean,0.5377523212071186
Coatings - other,Coatings,gwp_intensity_kg_per_m2_excluding_bio,No Filter,Laboratory,mean,4.70018946383374
Cold formed steel framing,Steel,gwp_intensity_kg_per_m2_excluding_bio,No Filter,Laboratory,mean,7.441869246260634
Concrete - other,Concrete,gwp_intensity_kg_per_m2_excluding_bio,No Filter,Laboratory,mean,0.7617756698696989
Copper sheet,Other metals,gwp_intensity_kg_per_m2_excluding_bio,No Filter,Laboratory,mean,
Cross laminated timber CLT,Wood and composites,gwp_intensity_kg_per_m2_excluding_bio,No Filter,Laboratory,mean,
Decking,Steel,gwp_intensity_kg_per_m2_excluding_bio,No Filter,Laboratory,mean,23.157287408854643
Doors and frames - other,Doors and frames,gwp_intensity_kg_per_m2_excluding_bio,No Filter,Laboratory,mean,0.7543793482523701
EPDM,Roofing and waterproofing,gwp_intensity_kg_per_m2_excluding_bio,No Filter,Laboratory,mean,0.2269514736616168
Expanded polystyrene EPS,Insulation,gwp_intensity_kg_per_m2_excluding_bio,No Filter,Laboratory,mean,0.0344242587309444
Extruded polystyrene XPS,Insulation,gwp_intensity_kg_per_m2_excluding_bio,No Filter,Laboratory,mean,13.064010257290082
Extrusion,Aluminum,gwp_intensity_kg_per_m2_excluding_bio,No Filter,Laboratory,mean,18.06316556764572
Fasteners,Other metals,gwp_intensity_kg_per_m2_excluding_bio,No Filter,Laboratory,mean,0.0550130194923259
Fiberglass blanket,Insulation,gwp_intensity_kg_per_m2_excluding_bio,No Filter,Laboratory,mean,2.3294698399921816
Fiberglass door,Doors and frames,gwp_intensity_kg_per_m2_excluding_bio,No Filter,Laboratory,mean,0.0800020934542285
Fiberglass framed window,Windows and frames,gwp_intensity_kg_per_m2_excluding_bio,No Filter,Laboratory,mean,
Flooring and tile - other,Flooring and tile,gwp_intensity_kg_per_m2_excluding_bio,No Filter,Laboratory,mean,0.6847051135366493
GFRC general,Concrete,gwp_intensity_kg_per_m2_excluding_bio,No Filter,Laboratory,mean,
GFRC panel,Cladding,gwp_intensity_kg_per_m2_excluding_bio,No Filter,Laboratory,mean,
Glass mat gypsum board,Gypsum,gwp_intensity_kg_per_m2_excluding_bio,No Filter,Laboratory,mean,1.6478024298820797
Glazing - other,Glazing,gwp_intensity_kg_per_m2_excluding_bio,No Filter,Laboratory,mean,3.7113477905137673
Glue laminated timber GLT,Wood and composites,gwp_intensity_kg_per_m2_excluding_bio,No Filter,Laboratory,mean,
Gypsum board,Gypsum,gwp_intensity_kg_per_m2_excluding_bio,No Filter,Laboratory,mean,2.6420739291005937
HDPE,Roofing and waterproofing,gwp_intensity_kg_per_m2_excluding_bio,No Filter,Laboratory,mean,0.0010548052900711
Hardwood,Wood and composites,gwp_intensity_kg_per_m2_excluding_bio,No Filter,Laboratory,mean,0.0600284040524574
Heavy timber framing,Wood and composites,gwp_intensity_kg_per_m2_excluding_bio,No Filter,Laboratory,mean,
Hollow structural sections HSS,Steel,gwp_intensity_kg_per_m2_excluding_bio,No Filter,Laboratory,mean,34.68541220922289
Hot-rolled sections,Steel,gwp_intensity_kg_per_m2_excluding_bio,No Filter,Laboratory,mean,70.22272154239005
Insulated glass unit IGU,Glazing,gwp_intensity_kg_per_m2_excluding_bio,No Filter,Laboratory,mean,7.627376758186791
Insulated metal panel IMP,Cladding,gwp_intensity_kg_per_m2_excluding_bio,No Filter,Laboratory,mean,2.136554311404647
Insulation - other,Insulation,gwp_intensity_kg_per_m2_excluding_bio,No Filter,Laboratory,mean,1.8925828764442751
Intumescent,Applied fireproofing,gwp_intensity_kg_per_m2_excluding_bio,No Filter,Laboratory,mean,1.1561318150637756
Laminated strand lumber LSL,Wood and composites,gwp_intensity_kg_per_m2_excluding_bio,No Filter,Laboratory,mean,
Laminated veneer lumber LVL,Wood and composites,gwp_intensity_kg_per_m2_excluding_bio,No Filter,Laboratory,mean,
Loose-fill cellulose,Insulation,gwp_intensity_kg_per_m2_excluding_bio,No Filter,Laboratory,mean,0.1614803181581446
Masonry - other,Masonry,gwp_intensity_kg_per_m2_excluding_bio,No Filter,Laboratory,mean,1.9211859600188608
Medium density fiberboard MDF,Wood and composites,gwp_intensity_kg_per_m2_excluding_bio,No Filter,Laboratory,mean,0.0472981600179827
Mineral wool high density,Insulation,gwp_intensity_kg_per_m2_excluding_bio,No Filter,Laboratory,mean,2.9487461925847285
Mineral wool low density,Insulation,gwp_intensity_kg_per_m2_excluding_bio,No Filter,Laboratory,mean,0.947217917269112
Modified bitumen,Roofing and waterproofing,gwp_intensity_kg_per_m2_excluding_bio,No Filter,Laboratory,mean,0.6972858643822895
Mortar and grout,Masonry,gwp_intensity_kg_per_m2_excluding_bio,No Filter,Laboratory,mean,1.416463371769262
Open web joists,Steel,gwp_intensity_kg_per_m2_excluding_bio,No Filter,Laboratory,mean,0.6923838561811151
Oriented strand board OSB,Wood and composites,gwp_intensity_kg_per_m2_excluding_bio,No Filter,Laboratory,mean,0.1319834756476331
Other,Other,gwp_intensity_kg_per_m2_excluding_bio,No Filter,Laboratory,mean,0.5463795725254476
PVC,Roofing and waterproofing,gwp_intensity_kg_per_m2_excluding_bio,No Filter,Laboratory,mean,0.3841019211304615
Paint,Coatings,gwp_intensity_kg_per_m2_excluding_bio,No Filter,Laboratory,mean,0.7953792909502689
Parallel strand lumber PSL,Wood and composites,gwp_intensity_kg_per_m2_excluding_bio,No Filter,Laboratory,mean,
Plate,Steel,gwp_intensity_kg_per_m2_excluding_bio,No Filter,Laboratory,mean,1.9393906607735
Polyisocyanurate PIR,Insulation,gwp_intensity_kg_per_m2_excluding_bio,No Filter,Laboratory,mean,1.6907876745912824
Precast,Concrete,gwp_intensity_kg_per_m2_excluding_bio,No Filter,Laboratory,mean,2.895746420823869
Raised access floor system,Flooring and tile,gwp_intensity_kg_per_m2_excluding_bio,No Filter,Laboratory,mean,0.7615260688457935
Ready mix LW 3000,Concrete,gwp_intensity_kg_per_m2_excluding_bio,No Filter,Laboratory,mean,2.2408625308492547
Ready mix LW 4000,Concrete,gwp_intensity_kg_per_m2_excluding_bio,No Filter,Laboratory,mean,2.4700028645466867
Ready mix LW 5000,Concrete,gwp_intensity_kg_per_m2_excluding_bio,No Filter,Laboratory,mean,
Ready mix NW 2500,Concrete,gwp_intensity_kg_per_m2_excluding_bio,No Filter,Laboratory,mean,0.3675084697484668
Ready mix NW 3000,Concrete,gwp_intensity_kg_per_m2_excluding_bio,No Filter,Laboratory,mean,6.217269272754568
Ready mix NW 4000,Concrete,gwp_intensity_kg_per_m2_excluding_bio,No Filter,Laboratory,mean,45.90601774671696
Ready mix NW 5000,Concrete,gwp_intensity_kg_per_m2_excluding_bio,No Filter,Laboratory,mean,25.55215048976661
Ready mix NW 6000,Concrete,gwp_intensity_kg_per_m2_excluding_bio,No Filter,Laboratory,mean,30.865720573500965
Ready mix NW 8000,Concrete,gwp_intensity_kg_per_m2_excluding_bio,No Filter,Laboratory,mean,7.947434603371434
Ready mix unknown,Concrete,gwp_intensity_kg_per_m2_excluding_bio,No Filter,Laboratory,mean,17.06500070253977
Rebar and reinforcement,Steel,gwp_intensity_kg_per_m2_excluding_bio,No Filter,Laboratory,mean,50.406068806800576
Resilient flooring rubber,Flooring and tile,gwp_intensity_kg_per_m2_excluding_bio,No Filter,Laboratory,mean,
Resilient flooring vinyl,Flooring and tile,gwp_intensity_kg_per_m2_excluding_bio,No Filter,Laboratory,mean,0.0021515337370931
Roll formed metal panel aluminum,Cladding,gwp_intensity_kg_per_m2_excluding_bio,No Filter,Laboratory,mean,4.053485223529692
Roll formed metal panel steel,Cladding,gwp_intensity_kg_per_m2_excluding_bio,No Filter,Laboratory,mean,0.57107707339652
Roofing and waterproofing - other,Roofing and waterproofing,gwp_intensity_kg_per_m2_excluding_bio,No Filter,Laboratory,mean,0.5981943208540315
Softwood framing,Wood and composites,gwp_intensity_kg_per_m2_excluding_bio,No Filter,Laboratory,mean,0.0172016918716692
Softwood plywood,Wood and composites,gwp_intensity_kg_per_m2_excluding_bio,No Filter,Laboratory,mean,0.0202654945212463
Spray applied cementitious,Applied fireproofing,gwp_intensity_kg_per_m2_excluding_bio,No Filter,Laboratory,mean,16.22523171756528
Steel - other,Steel,gwp_intensity_kg_per_m2_excluding_bio,No Filter,Laboratory,mean,7.880518712696235
Steel door,Doors and frames,gwp_intensity_kg_per_m2_excluding_bio,No Filter,Laboratory,mean,0.3153229548667187
Steel door frame,Doors and frames,gwp_intensity_kg_per_m2_excluding_bio,No Filter,Laboratory,mean,0.0238602200753104
Steel framed window,Windows and frames,gwp_intensity_kg_per_m2_excluding_bio,No Filter,Laboratory,mean,0.00115317769173
Steel sheet,Steel,gwp_intensity_kg_per_m2_excluding_bio,No Filter,Laboratory,mean,3.7952007145784337
Stone masonry,Masonry,gwp_intensity_kg_per_m2_excluding_bio,No Filter,Laboratory,mean,0.2761905007658393
Stone tile,Flooring and tile,gwp_intensity_kg_per_m2_excluding_bio,No Filter,Laboratory,mean,
Stucco finish,Cladding,gwp_intensity_kg_per_m2_excluding_bio,No Filter,Laboratory,mean,0.7592686354567898
Suspension assembly,Acoustic ceilings,gwp_intensity_kg_per_m2_excluding_bio,No Filter,Laboratory,mean,0.3905187170012495
Synthetic composites,Synthetic composites,gwp_intensity_kg_per_m2_excluding_bio,No Filter,Laboratory,mean,8.513531528693006
TPO,Roofing and waterproofing,gwp_intensity_kg_per_m2_excluding_bio,No Filter,Laboratory,mean,1.078376685336067
Terracotta units,Cladding,gwp_intensity_kg_per_m2_excluding_bio,No Filter,Laboratory,mean,0.3331458670694622
Terrazzo slabs and tiles,Flooring and tile,gwp_intensity_kg_per_m2_excluding_bio,No Filter,Laboratory,mean,
Vinyl framed window,Windows and frames,gwp_intensity_kg_per_m2_excluding_bio,No Filter,Laboratory,mean,
Wall coverings,Wall coverings,gwp_intensity_kg_per_m2_excluding_bio,No Filter,Laboratory,mean,0.7710924202071165
Windows and frames - other,Windows and frames,gwp_intensity_kg_per_m2_excluding_bio,No Filter,Laboratory,mean,0.179894236009469
Wood I joists,Wood and composites,gwp_intensity_kg_per_m2_excluding_bio,No Filter,Laboratory,mean,
Wood and composites - other,Wood and composites,gwp_intensity_kg_per_m2_excluding_bio,No Filter,Laboratory,mean,0.0120862041995229
Wood door frame,Doors and frames,gwp_intensity_kg_per_m2_excluding_bio,No Filter,Laboratory,mean,0.0020650791527752
Wood framed window,Windows and frames,gwp_intensity_kg_per_m2_excluding_bio,No Filter,Laboratory,mean,0.0019738404004552
Wood or composite door,Doors and frames,gwp_intensity_kg_per_m2_excluding_bio,No Filter,Laboratory,mean,0.1602055956535218
Zinc sheet,Other metals,gwp_intensity_kg_per_m2_excluding_bio,No Filter,Laboratory,mean,0.4675958797983307
Acoustic ceiling tile aluminum,Acoustic ceilings,gwp_intensity_kg_per_m2_excluding_bio,No Filter,Office,mean,1.4136388060824403
Acoustic ceiling tile fiber,Acoustic ceilings,gwp_intensity_kg_per_m2_excluding_bio,No Filter,Office,mean,2.212807545796773
Acoustic ceiling tile steel,Acoustic ceilings,gwp_intensity_kg_per_m2_excluding_bio,No Filter,Office,mean,0.7130308858083338
Acoustic ceilings - other,Acoustic ceilings,gwp_intensity_kg_per_m2_excluding_bio,No Filter,Office,mean,0.4072965406562965
Adhesives and sealants,Adhesives and sealants,gwp_intensity_kg_per_m2_excluding_bio,No Filter,Office,mean,0.3201635452390324
Air and vapor barriers,Air and vapor barriers,gwp_intensity_kg_per_m2_excluding_bio,No Filter,Office,mean,0.9887463661103606
Aluminum - other,Aluminum,gwp_intensity_kg_per_m2_excluding_bio,No Filter,Office,mean,6.154137126303459
Aluminum composite panel ACM,Cladding,gwp_intensity_kg_per_m2_excluding_bio,No Filter,Office,mean,0.9504309332138684
Aluminum door,Doors and frames,gwp_intensity_kg_per_m2_excluding_bio,No Filter,Office,mean,0.287510532888441
Aluminum door frame,Doors and frames,gwp_intensity_kg_per_m2_excluding_bio,No Filter,Office,mean,0.1883593698742267
Aluminum framed glass entrances,Doors and frames,gwp_intensity_kg_per_m2_excluding_bio,No Filter,Office,mean,0.7081013481241833
Aluminum framed window,Windows and frames,gwp_intensity_kg_per_m2_excluding_bio,No Filter,Office,mean,5.964505201836191
Aluminum sheet,Aluminum,gwp_intensity_kg_per_m2_excluding_bio,No Filter,Office,mean,6.263813342361845
Aluminum storefront or curtain wall,Windows and frames,gwp_intensity_kg_per_m2_excluding_bio,No Filter,Office,mean,11.03950106376836
Applied fireproofing - other,Applied fireproofing,gwp_intensity_kg_per_m2_excluding_bio,No Filter,Office,mean,
Architectural fiber cement panel,Cladding,gwp_intensity_kg_per_m2_excluding_bio,No Filter,Office,mean,2.0227790376422887
Asphalt shingles,Roofing and waterproofing,gwp_intensity_kg_per_m2_excluding_bio,No Filter,Office,mean,
Brass,Other metals,gwp_intensity_kg_per_m2_excluding_bio,No Filter,Office,mean,
Brick clay,Masonry,gwp_intensity_kg_per_m2_excluding_bio,No Filter,Office,mean,2.0201529812072527
Built up roofing,Roofing and waterproofing,gwp_intensity_kg_per_m2_excluding_bio,No Filter,Office,mean,0.3554952244502248
CMU,Masonry,gwp_intensity_kg_per_m2_excluding_bio,No Filter,Office,mean,2.925934588313532
Carpet,Flooring and tile,gwp_intensity_kg_per_m2_excluding_bio,No Filter,Office,mean,0.2573816156711637
Cast bronze,Other metals,gwp_intensity_kg_per_m2_excluding_bio,No Filter,Office,mean,
Ceramic tile,Flooring and tile,gwp_intensity_kg_per_m2_excluding_bio,No Filter,Office,mean,0.0286918917396622
Cladding - other,Cladding,gwp_intensity_kg_per_m2_excluding_bio,No Filter,Office,mean,
Closed cell spray polyurethane foam,Insulation,gwp_intensity_kg_per_m2_excluding_bio,No Filter,Office,mean,1.7862166196642513
Coatings - other,Coatings,gwp_intensity_kg_per_m2_excluding_bio,No Filter,Office,mean,3.076901652397026
Cold formed steel framing,Steel,gwp_intensity_kg_per_m2_excluding_bio,No Filter,Office,mean,10.113334112514268
Concrete - other,Concrete,gwp_intensity_kg_per_m2_excluding_bio,No Filter,Office,mean,0.4289119802984196
Copper sheet,Other metals,gwp_intensity_kg_per_m2_excluding_bio,No Filter,Office,mean,
Cross laminated timber CLT,Wood and composites,gwp_intensity_kg_per_m2_excluding_bio,No Filter,Office,mean,4.174051886231852
Decking,Steel,gwp_intensity_kg_per_m2_excluding_bio,No Filter,Office,mean,18.87216129843772
Doors and frames - other,Doors and frames,gwp_intensity_kg_per_m2_excluding_bio,No Filter,Office,mean,0.745497575139511
EPDM,Roofing and waterproofing,gwp_intensity_kg_per_m2_excluding_bio,No Filter,Office,mean,0.3226529594976233
Expanded polystyrene EPS,Insulation,gwp_intensity_kg_per_m2_excluding_bio,No Filter,Office,mean,1.685913474477967
Extruded polystyrene XPS,Insulation,gwp_intensity_kg_per_m2_excluding_bio,No Filter,Office,mean,9.062642792219227
Extrusion,Aluminum,gwp_intensity_kg_per_m2_excluding_bio,No Filter,Office,mean,18.11426961321908
Fasteners,Other metals,gwp_intensity_kg_per_m2_excluding_bio,No Filter,Office,mean,0.3529653031593889
Fiberglass blanket,Insulation,gwp_intensity_kg_per_m2_excluding_bio,No Filter,Office,mean,1.4846853209778996
Fiberglass door,Doors and frames,gwp_intensity_kg_per_m2_excluding_bio,No Filter,Office,mean,0.2442082484333607
Fiberglass framed window,Windows and frames,gwp_intensity_kg_per_m2_excluding_bio,No Filter,Office,mean,
Flooring and tile - other,Flooring and tile,gwp_intensity_kg_per_m2_excluding_bio,No Filter,Office,mean,0.0484757778863659
GFRC general,Concrete,gwp_intensity_kg_per_m2_excluding_bio,No Filter,Office,mean,0.4566904474818272
GFRC panel,Cladding,gwp_intensity_kg_per_m2_excluding_bio,No Filter,Office,mean,0.0022533016750935
Glass mat gypsum board,Gypsum,gwp_intensity_kg_per_m2_excluding_bio,No Filter,Office,mean,2.4047481125473342
Glazing - other,Glazing,gwp_intensity_kg_per_m2_excluding_bio,No Filter,Office,mean,3.893253727322319
Glue laminated timber GLT,Wood and composites,gwp_intensity_kg_per_m2_excluding_bio,No Filter,Office,mean,1.5769759120899802
Gypsum board,Gypsum,gwp_intensity_kg_per_m2_excluding_bio,No Filter,Office,mean,4.398963311371107
HDPE,Roofing and waterproofing,gwp_intensity_kg_per_m2_excluding_bio,No Filter,Office,mean,0.2704755633594241
Hardwood,Wood and composites,gwp_intensity_kg_per_m2_excluding_bio,No Filter,Office,mean,0.3583230793976544
Heavy timber framing,Wood and composites,gwp_intensity_kg_per_m2_excluding_bio,No Filter,Office,mean,0.0079214472807816
Hollow structural sections HSS,Steel,gwp_intensity_kg_per_m2_excluding_bio,No Filter,Office,mean,16.075359052674532
Hot-rolled sections,Steel,gwp_intensity_kg_per_m2_excluding_bio,No Filter,Office,mean,18.014351137770884
Insulated glass unit IGU,Glazing,gwp_intensity_kg_per_m2_excluding_bio,No Filter,Office,mean,4.811438874512701
Insulated metal panel IMP,Cladding,gwp_intensity_kg_per_m2_excluding_bio,No Filter,Office,mean,2.377738261411956
Insulation - other,Insulation,gwp_intensity_kg_per_m2_excluding_bio,No Filter,Office,mean,0.3286095229460226
Intumescent,Applied fireproofing,gwp_intensity_kg_per_m2_excluding_bio,No Filter,Office,mean,1.1672116675259874
Laminated strand lumber LSL,Wood and composites,gwp_intensity_kg_per_m2_excluding_bio,No Filter,Office,mean,0.0006578978893619
Laminated veneer lumber LVL,Wood and composites,gwp_intensity_kg_per_m2_excluding_bio,No Filter,Office,mean,1.036126543586588
Loose-fill cellulose,Insulation,gwp_intensity_kg_per_m2_excluding_bio,No Filter,Office,mean,0.0049287873049414
Masonry - other,Masonry,gwp_intensity_kg_per_m2_excluding_bio,No Filter,Office,mean,
Medium density fiberboard MDF,Wood and composites,gwp_intensity_kg_per_m2_excluding_bio,No Filter,Office,mean,0.1886263400928479
Mineral wool high density,Insulation,gwp_intensity_kg_per_m2_excluding_bio,No Filter,Office,mean,3.0073945030873466
Mineral wool low density,Insulation,gwp_intensity_kg_per_m2_excluding_bio,No Filter,Office,mean,0.8397674908267414
Modified bitumen,Roofing and waterproofing,gwp_intensity_kg_per_m2_excluding_bio,No Filter,Office,mean,0.4576728190152925
Mortar and grout,Masonry,gwp_intensity_kg_per_m2_excluding_bio,No Filter,Office,mean,2.16765707633643
Open web joists,Steel,gwp_intensity_kg_per_m2_excluding_bio,No Filter,Office,mean,6.28408141607346
Oriented strand board OSB,Wood and composites,gwp_intensity_kg_per_m2_excluding_bio,No Filter,Office,mean,0.8678985223828084
Other,Other,gwp_intensity_kg_per_m2_excluding_bio,No Filter,Office,mean,0.4456807363649517
PVC,Roofing and waterproofing,gwp_intensity_kg_per_m2_excluding_bio,No Filter,Office,mean,0.3992031462805703
Paint,Coatings,gwp_intensity_kg_per_m2_excluding_bio,No Filter,Office,mean,0.811004545841273
Parallel strand lumber PSL,Wood and composites,gwp_intensity_kg_per_m2_excluding_bio,No Filter,Office,mean,0.2249478418736644
Plate,Steel,gwp_intensity_kg_per_m2_excluding_bio,No Filter,Office,mean,3.92947894938836
Polyisocyanurate PIR,Insulation,gwp_intensity_kg_per_m2_excluding_bio,No Filter,Office,mean,2.664092181927126
Precast,Concrete,gwp_intensity_kg_per_m2_excluding_bio,No Filter,Office,mean,5.373555936394982
Raised access floor system,Flooring and tile,gwp_intensity_kg_per_m2_excluding_bio,No Filter,Office,mean,2.3035722930033296
Ready mix LW 3000,Concrete,gwp_intensity_kg_per_m2_excluding_bio,No Filter,Office,mean,7.479817870526132
Ready mix LW 4000,Concrete,gwp_intensity_kg_per_m2_excluding_bio,No Filter,Office,mean,4.52269963299357
Ready mix LW 5000,Concrete,gwp_intensity_kg_per_m2_excluding_bio,No Filter,Office,mean,0.1323296653524916
Ready mix NW 2500,Concrete,gwp_intensity_kg_per_m2_excluding_bio,No Filter,Office,mean,8.63213201898351
Ready mix NW 3000,Concrete,gwp_intensity_kg_per_m2_excluding_bio,No Filter,Office,mean,14.386889750056277
Ready mix NW 4000,Concrete,gwp_intensity_kg_per_m2_excluding_bio,No Filter,Office,mean,24.023396274555925
Ready mix NW 5000,Concrete,gwp_intensity_kg_per_m2_excluding_bio,No Filter,Office,mean,22.071811947188948
Ready mix NW 6000,Concrete,gwp_intensity_kg_per_m2_excluding_bio,No Filter,Office,mean,25.65873147807602
Ready mix NW 8000,Concrete,gwp_intensity_kg_per_m2_excluding_bio,No Filter,Office,mean,8.303001314989194
Ready mix unknown,Concrete,gwp_intensity_kg_per_m2_excluding_bio,No Filter,Office,mean,37.01807895030766
Rebar and reinforcement,Steel,gwp_intensity_kg_per_m2_excluding_bio,No Filter,Office,mean,38.84188932048775
Resilient flooring rubber,Flooring and tile,gwp_intensity_kg_per_m2_excluding_bio,No Filter,Office,mean,0.0334833120623025
Resilient flooring vinyl,Flooring and tile,gwp_intensity_kg_per_m2_excluding_bio,No Filter,Office,mean,0.0972252550663581
Roll formed metal panel aluminum,Cladding,gwp_intensity_kg_per_m2_excluding_bio,No Filter,Office,mean,0.5496536014512698
Roll formed metal panel steel,Cladding,gwp_intensity_kg_per_m2_excluding_bio,No Filter,Office,mean,1.4220900651098989
Roofing and waterproofing - other,Roofing and waterproofing,gwp_intensity_kg_per_m2_excluding_bio,No Filter,Office,mean,0.1159682475323021
Softwood framing,Wood and composites,gwp_intensity_kg_per_m2_excluding_bio,No Filter,Office,mean,0.3993525211568652
Softwood plywood,Wood and composites,gwp_intensity_kg_per_m2_excluding_bio,No Filter,Office,mean,0.4061501351477786
Spray applied cementitious,Applied fireproofing,gwp_intensity_kg_per_m2_excluding_bio,No Filter,Office,mean,9.332144514453804
Steel - other,Steel,gwp_intensity_kg_per_m2_excluding_bio,No Filter,Office,mean,6.078867474436372
Steel door,Doors and frames,gwp_intensity_kg_per_m2_excluding_bio,No Filter,Office,mean,1.0903684526564907
Steel door frame,Doors and frames,gwp_intensity_kg_per_m2_excluding_bio,No Filter,Office,mean,0.0828619665428728
Steel framed window,Windows and frames,gwp_intensity_kg_per_m2_excluding_bio,No Filter,Office,mean,0.210806524055394
Steel sheet,Steel,gwp_intensity_kg_per_m2_excluding_bio,No Filter,Office,mean,1.4091970841726045
Stone masonry,Masonry,gwp_intensity_kg_per_m2_excluding_bio,No Filter,Office,mean,0.3610716516115118
Stone tile,Flooring and tile,gwp_intensity_kg_per_m2_excluding_bio,No Filter,Office,mean,0.4392398344039099
Stucco finish,Cladding,gwp_intensity_kg_per_m2_excluding_bio,No Filter,Office,mean,0.8608971993574412
Suspension assembly,Acoustic ceilings,gwp_intensity_kg_per_m2_excluding_bio,No Filter,Office,mean,0.3452836375527918
Synthetic composites,Synthetic composites,gwp_intensity_kg_per_m2_excluding_bio,No Filter,Office,mean,2.929317669609566
TPO,Roofing and waterproofing,gwp_intensity_kg_per_m2_excluding_bio,No Filter,Office,mean,0.7250829184995305
Terracotta units,Cladding,gwp_intensity_kg_per_m2_excluding_bio,No Filter,Office,mean,
Terrazzo slabs and tiles,Flooring and tile,gwp_intensity_kg_per_m2_excluding_bio,No Filter,Office,mean,0.040450710758454
Vinyl framed window,Windows and frames,gwp_intensity_kg_per_m2_excluding_bio,No Filter,Office,mean,
Wall coverings,Wall coverings,gwp_intensity_kg_per_m2_excluding_bio,No Filter,Office,mean,0.4752583289407025
Windows and frames - other,Windows and frames,gwp_intensity_kg_per_m2_excluding_bio,No Filter,Office,mean,0.4010644445305078
Wood I joists,Wood and composites,gwp_intensity_kg_per_m2_excluding_bio,No Filter,Office,mean,0.22969054724311
Wood and composites - other,Wood and composites,gwp_intensity_kg_per_m2_excluding_bio,No Filter,Office,mean,0.3030308223100409
Wood door frame,Doors and frames,gwp_intensity_kg_per_m2_excluding_bio,No Filter,Office,mean,0.0083664864725661
Wood framed window,Windows and frames,gwp_intensity_kg_per_m2_excluding_bio,No Filter,Office,mean,
Wood or composite door,Doors and frames,gwp_intensity_kg_per_m2_excluding_bio,No Filter,Office,mean,0.0921799315934027
Zinc sheet,Other metals,gwp_intensity_kg_per_m2_excluding_bio,No Filter,Office,mean,0.1911319849857975
Acoustic ceiling tile aluminum,Acoustic ceilings,gwp_intensity_kg_per_m2_excluding_bio,No Filter,Other,mean,1.0944486176725263
Acoustic ceiling tile fiber,Acoustic ceilings,gwp_intensity_kg_per_m2_excluding_bio,No Filter,Other,mean,0.3291382357699722
Acoustic ceiling tile steel,Acoustic ceilings,gwp_intensity_kg_per_m2_excluding_bio,No Filter,Other,mean,1.2517899515253177
Acoustic ceilings - other,Acoustic ceilings,gwp_intensity_kg_per_m2_excluding_bio,No Filter,Other,mean,0.8576131162277939
Adhesives and sealants,Adhesives and sealants,gwp_intensity_kg_per_m2_excluding_bio,No Filter,Other,mean,0.5644660089347933
Air and vapor barriers,Air and vapor barriers,gwp_intensity_kg_per_m2_excluding_bio,No Filter,Other,mean,0.8807374753485154
Aluminum - other,Aluminum,gwp_intensity_kg_per_m2_excluding_bio,No Filter,Other,mean,3.896192219016264
Aluminum composite panel ACM,Cladding,gwp_intensity_kg_per_m2_excluding_bio,No Filter,Other,mean,5.381191029293275
Aluminum door,Doors and frames,gwp_intensity_kg_per_m2_excluding_bio,No Filter,Other,mean,1.0396538079980042
Aluminum door frame,Doors and frames,gwp_intensity_kg_per_m2_excluding_bio,No Filter,Other,mean,0.0786758116407279
Aluminum framed glass entrances,Doors and frames,gwp_intensity_kg_per_m2_excluding_bio,No Filter,Other,mean,
Aluminum framed window,Windows and frames,gwp_intensity_kg_per_m2_excluding_bio,No Filter,Other,mean,0.5339560703633485
Aluminum sheet,Aluminum,gwp_intensity_kg_per_m2_excluding_bio,No Filter,Other,mean,5.059241217682825
Aluminum storefront or curtain wall,Windows and frames,gwp_intensity_kg_per_m2_excluding_bio,No Filter,Other,mean,12.169107723791369
Applied fireproofing - other,Applied fireproofing,gwp_intensity_kg_per_m2_excluding_bio,No Filter,Other,mean,
Architectural fiber cement panel,Cladding,gwp_intensity_kg_per_m2_excluding_bio,No Filter,Other,mean,6.677093658767129
Asphalt shingles,Roofing and waterproofing,gwp_intensity_kg_per_m2_excluding_bio,No Filter,Other,mean,
Brass,Other metals,gwp_intensity_kg_per_m2_excluding_bio,No Filter,Other,mean,
Brick clay,Masonry,gwp_intensity_kg_per_m2_excluding_bio,No Filter,Other,mean,4.940435403562108
Built up roofing,Roofing and waterproofing,gwp_intensity_kg_per_m2_excluding_bio,No Filter,Other,mean,
CMU,Masonry,gwp_intensity_kg_per_m2_excluding_bio,No Filter,Other,mean,2.118304629060784
Carpet,Flooring and tile,gwp_intensity_kg_per_m2_excluding_bio,No Filter,Other,mean,0.2708482816410881
Cast bronze,Other metals,gwp_intensity_kg_per_m2_excluding_bio,No Filter,Other,mean,
Ceramic tile,Flooring and tile,gwp_intensity_kg_per_m2_excluding_bio,No Filter,Other,mean,0.5315403666863195
Cladding - other,Cladding,gwp_intensity_kg_per_m2_excluding_bio,No Filter,Other,mean,
Closed cell spray polyurethane foam,Insulation,gwp_intensity_kg_per_m2_excluding_bio,No Filter,Other,mean,5.240972392861254
Coatings - other,Coatings,gwp_intensity_kg_per_m2_excluding_bio,No Filter,Other,mean,4.270104163511599
Cold formed steel framing,Steel,gwp_intensity_kg_per_m2_excluding_bio,No Filter,Other,mean,8.375923967455195
Concrete - other,Concrete,gwp_intensity_kg_per_m2_excluding_bio,No Filter,Other,mean,5.754328195141083
Copper sheet,Other metals,gwp_intensity_kg_per_m2_excluding_bio,No Filter,Other,mean,
Cross laminated timber CLT,Wood and composites,gwp_intensity_kg_per_m2_excluding_bio,No Filter,Other,mean,2.7032347279179807
Decking,Steel,gwp_intensity_kg_per_m2_excluding_bio,No Filter,Other,mean,13.067622155510396
Doors and frames - other,Doors and frames,gwp_intensity_kg_per_m2_excluding_bio,No Filter,Other,mean,0.9244342093726414
EPDM,Roofing and waterproofing,gwp_intensity_kg_per_m2_excluding_bio,No Filter,Other,mean,0.5661537077898928
Expanded polystyrene EPS,Insulation,gwp_intensity_kg_per_m2_excluding_bio,No Filter,Other,mean,0.5950217000139727
Extruded polystyrene XPS,Insulation,gwp_intensity_kg_per_m2_excluding_bio,No Filter,Other,mean,41.54236614593181
Extrusion,Aluminum,gwp_intensity_kg_per_m2_excluding_bio,No Filter,Other,mean,25.49236087649125
Fasteners,Other metals,gwp_intensity_kg_per_m2_excluding_bio,No Filter,Other,mean,0.2234882837924487
Fiberglass blanket,Insulation,gwp_intensity_kg_per_m2_excluding_bio,No Filter,Other,mean,1.9291823844682
Fiberglass door,Doors and frames,gwp_intensity_kg_per_m2_excluding_bio,No Filter,Other,mean,
Fiberglass framed window,Windows and frames,gwp_intensity_kg_per_m2_excluding_bio,No Filter,Other,mean,
Flooring and tile - other,Flooring and tile,gwp_intensity_kg_per_m2_excluding_bio,No Filter,Other,mean,0.0144658143895391
GFRC general,Concrete,gwp_intensity_kg_per_m2_excluding_bio,No Filter,Other,mean,0.0053543294086732
GFRC panel,Cladding,gwp_intensity_kg_per_m2_excluding_bio,No Filter,Other,mean,
Glass mat gypsum board,Gypsum,gwp_intensity_kg_per_m2_excluding_bio,No Filter,Other,mean,3.047881237638816
Glazing - other,Glazing,gwp_intensity_kg_per_m2_excluding_bio,No Filter,Other,mean,2.8799765995101674
Glue laminated timber GLT,Wood and composites,gwp_intensity_kg_per_m2_excluding_bio,No Filter,Other,mean,3.126405343361254
Gypsum board,Gypsum,gwp_intensity_kg_per_m2_excluding_bio,No Filter,Other,mean,4.29030679121146
HDPE,Roofing and waterproofing,gwp_intensity_kg_per_m2_excluding_bio,No Filter,Other,mean,
Hardwood,Wood and composites,gwp_intensity_kg_per_m2_excluding_bio,No Filter,Other,mean,0.4515440585218302
Heavy timber framing,Wood and composites,gwp_intensity_kg_per_m2_excluding_bio,No Filter,Other,mean,
Hollow structural sections HSS,Steel,gwp_intensity_kg_per_m2_excluding_bio,No Filter,Other,mean,18.572775702905307
Hot-rolled sections,Steel,gwp_intensity_kg_per_m2_excluding_bio,No Filter,Other,mean,43.61067298114938
Insulated glass unit IGU,Glazing,gwp_intensity_kg_per_m2_excluding_bio,No Filter,Other,mean,4.093171323343526
Insulated metal panel IMP,Cladding,gwp_intensity_kg_per_m2_excluding_bio,No Filter,Other,mean,1.244360381520855
Insulation - other,Insulation,gwp_intensity_kg_per_m2_excluding_bio,No Filter,Other,mean,0.3779831175946796
Intumescent,Applied fireproofing,gwp_intensity_kg_per_m2_excluding_bio,No Filter,Other,mean,0.9641025932026333
Laminated strand lumber LSL,Wood and composites,gwp_intensity_kg_per_m2_excluding_bio,No Filter,Other,mean,
Laminated veneer lumber LVL,Wood and composites,gwp_intensity_kg_per_m2_excluding_bio,No Filter,Other,mean,0.0340138450921079
Loose-fill cellulose,Insulation,gwp_intensity_kg_per_m2_excluding_bio,No Filter,Other,mean,
Masonry - other,Masonry,gwp_intensity_kg_per_m2_excluding_bio,No Filter,Other,mean,
Medium density fiberboard MDF,Wood and composites,gwp_intensity_kg_per_m2_excluding_bio,No Filter,Other,mean,
Mineral wool high density,Insulation,gwp_intensity_kg_per_m2_excluding_bio,No Filter,Other,mean,3.1173208363107947
Mineral wool low density,Insulation,gwp_intensity_kg_per_m2_excluding_bio,No Filter,Other,mean,1.908507489165324
Modified bitumen,Roofing and waterproofing,gwp_intensity_kg_per_m2_excluding_bio,No Filter,Other,mean,0.3640833455614525
Mortar and grout,Masonry,gwp_intensity_kg_per_m2_excluding_bio,No Filter,Other,mean,2.768198488266932
Open web joists,Steel,gwp_intensity_kg_per_m2_excluding_bio,No Filter,Other,mean,5.58372319358352
Oriented strand board OSB,Wood and composites,gwp_intensity_kg_per_m2_excluding_bio,No Filter,Other,mean,0.0234311887625357
Other,Other,gwp_intensity_kg_per_m2_excluding_bio,No Filter,Other,mean,
PVC,Roofing and waterproofing,gwp_intensity_kg_per_m2_excluding_bio,No Filter,Other,mean,1.477723126076795
Paint,Coatings,gwp_intensity_kg_per_m2_excluding_bio,No Filter,Other,mean,0.4959051168857406
Parallel strand lumber PSL,Wood and composites,gwp_intensity_kg_per_m2_excluding_bio,No Filter,Other,mean,0.073721962681518
Plate,Steel,gwp_intensity_kg_per_m2_excluding_bio,No Filter,Other,mean,20.474938145736647
Polyisocyanurate PIR,Insulation,gwp_intensity_kg_per_m2_excluding_bio,No Filter,Other,mean,7.6591029584080035
Precast,Concrete,gwp_intensity_kg_per_m2_excluding_bio,No Filter,Other,mean,2.472695518332994
Raised access floor system,Flooring and tile,gwp_intensity_kg_per_m2_excluding_bio,No Filter,Other,mean,
Ready mix LW 3000,Concrete,gwp_intensity_kg_per_m2_excluding_bio,No Filter,Other,mean,0.4738693329005993
Ready mix LW 4000,Concrete,gwp_intensity_kg_per_m2_excluding_bio,No Filter,Other,mean,15.423614691484614
Ready mix LW 5000,Concrete,gwp_intensity_kg_per_m2_excluding_bio,No Filter,Other,mean,
Ready mix NW 2500,Concrete,gwp_intensity_kg_per_m2_excluding_bio,No Filter,Other,mean,0.7816116752926957
Ready mix NW 3000,Concrete,gwp_intensity_kg_per_m2_excluding_bio,No Filter,Other,mean,0.3159605017058336
Ready mix NW 4000,Concrete,gwp_intensity_kg_per_m2_excluding_bio,No Filter,Other,mean,28.40085468368911
Ready mix NW 5000,Concrete,gwp_intensity_kg_per_m2_excluding_bio,No Filter,Other,mean,46.49469547128903
Ready mix NW 6000,Concrete,gwp_intensity_kg_per_m2_excluding_bio,No Filter,Other,mean,23.225104576040817
Ready mix NW 8000,Concrete,gwp_intensity_kg_per_m2_excluding_bio,No Filter,Other,mean,
Ready mix unknown,Concrete,gwp_intensity_kg_per_m2_excluding_bio,No Filter,Other,mean,31.21040125072896
Rebar and reinforcement,Steel,gwp_intensity_kg_per_m2_excluding_bio,No Filter,Other,mean,34.787841272201455
Resilient flooring rubber,Flooring and tile,gwp_intensity_kg_per_m2_excluding_bio,No Filter,Other,mean,
Resilient flooring vinyl,Flooring and tile,gwp_intensity_kg_per_m2_excluding_bio,No Filter,Other,mean,0.2156563095745111
Roll formed metal panel aluminum,Cladding,gwp_intensity_kg_per_m2_excluding_bio,No Filter,Other,mean,4.070930434269035
Roll formed metal panel steel,Cladding,gwp_intensity_kg_per_m2_excluding_bio,No Filter,Other,mean,0.5714746033040747
Roofing and waterproofing - other,Roofing and waterproofing,gwp_intensity_kg_per_m2_excluding_bio,No Filter,Other,mean,0.4203163366354797
Softwood framing,Wood and composites,gwp_intensity_kg_per_m2_excluding_bio,No Filter,Other,mean,1.0054155662797426
Softwood plywood,Wood and composites,gwp_intensity_kg_per_m2_excluding_bio,No Filter,Other,mean,1.1542718820687343
Spray applied cementitious,Applied fireproofing,gwp_intensity_kg_per_m2_excluding_bio,No Filter,Other,mean,24.080055435471493
Steel - other,Steel,gwp_intensity_kg_per_m2_excluding_bio,No Filter,Other,mean,9.203804007528603
Steel door,Doors and frames,gwp_intensity_kg_per_m2_excluding_bio,No Filter,Other,mean,1.1925218670296112
Steel door frame,Doors and frames,gwp_intensity_kg_per_m2_excluding_bio,No Filter,Other,mean,0.2028113564654431
Steel framed window,Windows and frames,gwp_intensity_kg_per_m2_excluding_bio,No Filter,Other,mean,0.0858458971389904
Steel sheet,Steel,gwp_intensity_kg_per_m2_excluding_bio,No Filter,Other,mean,8.941298987759767
Stone masonry,Masonry,gwp_intensity_kg_per_m2_excluding_bio,No Filter,Other,mean,1.7466931094596465
Stone tile,Flooring and tile,gwp_intensity_kg_per_m2_excluding_bio,No Filter,Other,mean,
Stucco finish,Cladding,gwp_intensity_kg_per_m2_excluding_bio,No Filter,Other,mean,0.0061607119253195
Suspension assembly,Acoustic ceilings,gwp_intensity_kg_per_m2_excluding_bio,No Filter,Other,mean,0.2056895708280802
Synthetic composites,Synthetic composites,gwp_intensity_kg_per_m2_excluding_bio,No Filter,Other,mean,0.4981387166439308
TPO,Roofing and waterproofing,gwp_intensity_kg_per_m2_excluding_bio,No Filter,Other,mean,1.2183819646664111
Terracotta units,Cladding,gwp_intensity_kg_per_m2_excluding_bio,No Filter,Other,mean,
Terrazzo slabs and tiles,Flooring and tile,gwp_intensity_kg_per_m2_excluding_bio,No Filter,Other,mean,
Vinyl framed window,Windows and frames,gwp_intensity_kg_per_m2_excluding_bio,No Filter,Other,mean,
Wall coverings,Wall coverings,gwp_intensity_kg_per_m2_excluding_bio,No Filter,Other,mean,0.03838541985
Windows and frames - other,Windows and frames,gwp_intensity_kg_per_m2_excluding_bio,No Filter,Other,mean,0.6904646458724281
Wood I joists,Wood and composites,gwp_intensity_kg_per_m2_excluding_bio,No Filter,Other,mean,0.7893680294830762
Wood and composites - other,Wood and composites,gwp_intensity_kg_per_m2_excluding_bio,No Filter,Other,mean,1.2570915803556193
Wood door frame,Doors and frames,gwp_intensity_kg_per_m2_excluding_bio,No Filter,Other,mean,0.0272174530535188
Wood framed window,Windows and frames,gwp_intensity_kg_per_m2_excluding_bio,No Filter,Other,mean,
Wood or composite door,Doors and frames,gwp_intensity_kg_per_m2_excluding_bio,No Filter,Other,mean,0.1976436009873824
Zinc sheet,Other metals,gwp_intensity_kg_per_m2_excluding_bio,No Filter,Other,mean,0.006910676448899
Acoustic ceiling tile aluminum,Acoustic ceilings,gwp_intensity_kg_per_m2_excluding_bio,No Filter,Public Assembly,mean,1.570304808956244
Acoustic ceiling tile fiber,Acoustic ceilings,gwp_intensity_kg_per_m2_excluding_bio,No Filter,Public Assembly,mean,0.4372768487410387
Acoustic ceiling tile steel,Acoustic ceilings,gwp_intensity_kg_per_m2_excluding_bio,No Filter,Public Assembly,mean,0.067946323263352
Acoustic ceilings - other,Acoustic ceilings,gwp_intensity_kg_per_m2_excluding_bio,No Filter,Public Assembly,mean,
Adhesives and sealants,Adhesives and sealants,gwp_intensity_kg_per_m2_excluding_bio,No Filter,Public Assembly,mean,0.346389011929119
Air and vapor barriers,Air and vapor barriers,gwp_intensity_kg_per_m2_excluding_bio,No Filter,Public Assembly,mean,1.3806553191840554
Aluminum - other,Aluminum,gwp_intensity_kg_per_m2_excluding_bio,No Filter,Public Assembly,mean,2.8238838546384426
Aluminum composite panel ACM,Cladding,gwp_intensity_kg_per_m2_excluding_bio,No Filter,Public Assembly,mean,0.3552281436451585
Aluminum door,Doors and frames,gwp_intensity_kg_per_m2_excluding_bio,No Filter,Public Assembly,mean,0.6223703346379446
Aluminum door frame,Doors and frames,gwp_intensity_kg_per_m2_excluding_bio,No Filter,Public Assembly,mean,0.3026531404255508
Aluminum framed glass entrances,Doors and frames,gwp_intensity_kg_per_m2_excluding_bio,No Filter,Public Assembly,mean,
Aluminum framed window,Windows and frames,gwp_intensity_kg_per_m2_excluding_bio,No Filter,Public Assembly,mean,0.0690251865875785
Aluminum sheet,Aluminum,gwp_intensity_kg_per_m2_excluding_bio,No Filter,Public Assembly,mean,7.922302253912032
Aluminum storefront or curtain wall,Windows and frames,gwp_intensity_kg_per_m2_excluding_bio,No Filter,Public Assembly,mean,1.2567931937260437
Applied fireproofing - other,Applied fireproofing,gwp_intensity_kg_per_m2_excluding_bio,No Filter,Public Assembly,mean,
Architectural fiber cement panel,Cladding,gwp_intensity_kg_per_m2_excluding_bio,No Filter,Public Assembly,mean,1.2278346538420994
Asphalt shingles,Roofing and waterproofing,gwp_intensity_kg_per_m2_excluding_bio,No Filter,Public Assembly,mean,0.3618336684495198
Brass,Other metals,gwp_intensity_kg_per_m2_excluding_bio,No Filter,Public Assembly,mean,
Brick clay,Masonry,gwp_intensity_kg_per_m2_excluding_bio,No Filter,Public Assembly,mean,3.37857355972671
Built up roofing,Roofing and waterproofing,gwp_intensity_kg_per_m2_excluding_bio,No Filter,Public Assembly,mean,0.3640101864098382
CMU,Masonry,gwp_intensity_kg_per_m2_excluding_bio,No Filter,Public Assembly,mean,6.349063470961289
Carpet,Flooring and tile,gwp_intensity_kg_per_m2_excluding_bio,No Filter,Public Assembly,mean,1.1202242315938575
Cast bronze,Other metals,gwp_intensity_kg_per_m2_excluding_bio,No Filter,Public Assembly,mean,
Ceramic tile,Flooring and tile,gwp_intensity_kg_per_m2_excluding_bio,No Filter,Public Assembly,mean,0.3361623237432662
Cladding - other,Cladding,gwp_intensity_kg_per_m2_excluding_bio,No Filter,Public Assembly,mean,1.739814699506319
Closed cell spray polyurethane foam,Insulation,gwp_intensity_kg_per_m2_excluding_bio,No Filter,Public Assembly,mean,0.3609260576252063
Coatings - other,Coatings,gwp_intensity_kg_per_m2_excluding_bio,No Filter,Public Assembly,mean,3.0091271921359133
Cold formed steel framing,Steel,gwp_intensity_kg_per_m2_excluding_bio,No Filter,Public Assembly,mean,7.575865857235161
Concrete - other,Concrete,gwp_intensity_kg_per_m2_excluding_bio,No Filter,Public Assembly,mean,0.29648119907859
Copper sheet,Other metals,gwp_intensity_kg_per_m2_excluding_bio,No Filter,Public Assembly,mean,
Cross laminated timber CLT,Wood and composites,gwp_intensity_kg_per_m2_excluding_bio,No Filter,Public Assembly,mean,7.73939161007747
Decking,Steel,gwp_intensity_kg_per_m2_excluding_bio,No Filter,Public Assembly,mean,15.77799869509916
Doors and frames - other,Doors and frames,gwp_intensity_kg_per_m2_excluding_bio,No Filter,Public Assembly,mean,1.082120043923659
EPDM,Roofing and waterproofing,gwp_intensity_kg_per_m2_excluding_bio,No Filter,Public Assembly,mean,0.618963225921888
Expanded polystyrene EPS,Insulation,gwp_intensity_kg_per_m2_excluding_bio,No Filter,Public Assembly,mean,2.093356984132229
Extruded polystyrene XPS,Insulation,gwp_intensity_kg_per_m2_excluding_bio,No Filter,Public Assembly,mean,39.89334452963757
Extrusion,Aluminum,gwp_intensity_kg_per_m2_excluding_bio,No Filter,Public Assembly,mean,6.627181171074647
Fasteners,Other metals,gwp_intensity_kg_per_m2_excluding_bio,No Filter,Public Assembly,mean,0.115818260788775
Fiberglass blanket,Insulation,gwp_intensity_kg_per_m2_excluding_bio,No Filter,Public Assembly,mean,2.290811213223166
Fiberglass door,Doors and frames,gwp_intensity_kg_per_m2_excluding_bio,No Filter,Public Assembly,mean,
Fiberglass framed window,Windows and frames,gwp_intensity_kg_per_m2_excluding_bio,No Filter,Public Assembly,mean,3.0424196007852267
Flooring and tile - other,Flooring and tile,gwp_intensity_kg_per_m2_excluding_bio,No Filter,Public Assembly,mean,0.4887862941074163
GFRC general,Concrete,gwp_intensity_kg_per_m2_excluding_bio,No Filter,Public Assembly,mean,0.0993807507565936
GFRC panel,Cladding,gwp_intensity_kg_per_m2_excluding_bio,No Filter,Public Assembly,mean,
Glass mat gypsum board,Gypsum,gwp_intensity_kg_per_m2_excluding_bio,No Filter,Public Assembly,mean,3.1646750707450253
Glazing - other,Glazing,gwp_intensity_kg_per_m2_excluding_bio,No Filter,Public Assembly,mean,1.4378341030930664
Glue laminated timber GLT,Wood and composites,gwp_intensity_kg_per_m2_excluding_bio,No Filter,Public Assembly,mean,3.28527474120978
Gypsum board,Gypsum,gwp_intensity_kg_per_m2_excluding_bio,No Filter,Public Assembly,mean,4.960548773795348
HDPE,Roofing and waterproofing,gwp_intensity_kg_per_m2_excluding_bio,No Filter,Public Assembly,mean,0.3007783716482192
Hardwood,Wood and composites,gwp_intensity_kg_per_m2_excluding_bio,No Filter,Public Assembly,mean,0.916598477166058
Heavy timber framing,Wood and composites,gwp_intensity_kg_per_m2_excluding_bio,No Filter,Public Assembly,mean,0.1950744419432497
Hollow structural sections HSS,Steel,gwp_intensity_kg_per_m2_excluding_bio,No Filter,Public Assembly,mean,27.644304861326088
Hot-rolled sections,Steel,gwp_intensity_kg_per_m2_excluding_bio,No Filter,Public Assembly,mean,35.67653788597674
Insulated glass unit IGU,Glazing,gwp_intensity_kg_per_m2_excluding_bio,No Filter,Public Assembly,mean,4.258672537354767
Insulated metal panel IMP,Cladding,gwp_intensity_kg_per_m2_excluding_bio,No Filter,Public Assembly,mean,4.175496909820182
Insulation - other,Insulation,gwp_intensity_kg_per_m2_excluding_bio,No Filter,Public Assembly,mean,0.0401412558538818
Intumescent,Applied fireproofing,gwp_intensity_kg_per_m2_excluding_bio,No Filter,Public Assembly,mean,1.5309062965325693
Laminated strand lumber LSL,Wood and composites,gwp_intensity_kg_per_m2_excluding_bio,No Filter,Public Assembly,mean,0.3545051312859861
Laminated veneer lumber LVL,Wood and composites,gwp_intensity_kg_per_m2_excluding_bio,No Filter,Public Assembly,mean,0.9951882916684496
Loose-fill cellulose,Insulation,gwp_intensity_kg_per_m2_excluding_bio,No Filter,Public Assembly,mean,
Masonry - other,Masonry,gwp_intensity_kg_per_m2_excluding_bio,No Filter,Public Assembly,mean,
Medium density fiberboard MDF,Wood and composites,gwp_intensity_kg_per_m2_excluding_bio,No Filter,Public Assembly,mean,0.2094676554820261
Mineral wool high density,Insulation,gwp_intensity_kg_per_m2_excluding_bio,No Filter,Public Assembly,mean,4.847557723682757
Mineral wool low density,Insulation,gwp_intensity_kg_per_m2_excluding_bio,No Filter,Public Assembly,mean,1.0071973355411368
Modified bitumen,Roofing and waterproofing,gwp_intensity_kg_per_m2_excluding_bio,No Filter,Public Assembly,mean,1.0139193809181188
Mortar and grout,Masonry,gwp_intensity_kg_per_m2_excluding_bio,No Filter,Public Assembly,mean,2.516291852086647
Open web joists,Steel,gwp_intensity_kg_per_m2_excluding_bio,No Filter,Public Assembly,mean,5.106536908438738
Oriented strand board OSB,Wood and composites,gwp_intensity_kg_per_m2_excluding_bio,No Filter,Public Assembly,mean,0.1650007756669652
Other,Other,gwp_intensity_kg_per_m2_excluding_bio,No Filter,Public Assembly,mean,0.1245899983847479
PVC,Roofing and waterproofing,gwp_intensity_kg_per_m2_excluding_bio,No Filter,Public Assembly,mean,0.7854798256229181
Paint,Coatings,gwp_intensity_kg_per_m2_excluding_bio,No Filter,Public Assembly,mean,0.9320403620843656
Parallel strand lumber PSL,Wood and composites,gwp_intensity_kg_per_m2_excluding_bio,No Filter,Public Assembly,mean,
Plate,Steel,gwp_intensity_kg_per_m2_excluding_bio,No Filter,Public Assembly,mean,5.01971455724647
Polyisocyanurate PIR,Insulation,gwp_intensity_kg_per_m2_excluding_bio,No Filter,Public Assembly,mean,6.963894292293062
Precast,Concrete,gwp_intensity_kg_per_m2_excluding_bio,No Filter,Public Assembly,mean,3.5324684387640746
Raised access floor system,Flooring and tile,gwp_intensity_kg_per_m2_excluding_bio,No Filter,Public Assembly,mean,
Ready mix LW 3000,Concrete,gwp_intensity_kg_per_m2_excluding_bio,No Filter,Public Assembly,mean,0.3604199672772861
Ready mix LW 4000,Concrete,gwp_intensity_kg_per_m2_excluding_bio,No Filter,Public Assembly,mean,11.709131990961536
Ready mix LW 5000,Concrete,gwp_intensity_kg_per_m2_excluding_bio,No Filter,Public Assembly,mean,13.973590613452956
Ready mix NW 2500,Concrete,gwp_intensity_kg_per_m2_excluding_bio,No Filter,Public Assembly,mean,1.7905918966916308
Ready mix NW 3000,Concrete,gwp_intensity_kg_per_m2_excluding_bio,No Filter,Public Assembly,mean,5.380125825063216
Ready mix NW 4000,Concrete,gwp_intensity_kg_per_m2_excluding_bio,No Filter,Public Assembly,mean,26.05216308765846
Ready mix NW 5000,Concrete,gwp_intensity_kg_per_m2_excluding_bio,No Filter,Public Assembly,mean,21.18029420339236
Ready mix NW 6000,Concrete,gwp_intensity_kg_per_m2_excluding_bio,No Filter,Public Assembly,mean,19.9399631225512
Ready mix NW 8000,Concrete,gwp_intensity_kg_per_m2_excluding_bio,No Filter,Public Assembly,mean,3.23575400748428
Ready mix unknown,Concrete,gwp_intensity_kg_per_m2_excluding_bio,No Filter,Public Assembly,mean,24.5186707467128
Rebar and reinforcement,Steel,gwp_intensity_kg_per_m2_excluding_bio,No Filter,Public Assembly,mean,47.23661333441896
Resilient flooring rubber,Flooring and tile,gwp_intensity_kg_per_m2_excluding_bio,No Filter,Public Assembly,mean,
Resilient flooring vinyl,Flooring and tile,gwp_intensity_kg_per_m2_excluding_bio,No Filter,Public Assembly,mean,0.9395145242802148
Roll formed metal panel aluminum,Cladding,gwp_intensity_kg_per_m2_excluding_bio,No Filter,Public Assembly,mean,0.2184172791658268
Roll formed metal panel steel,Cladding,gwp_intensity_kg_per_m2_excluding_bio,No Filter,Public Assembly,mean,1.4633470778656814
Roofing and waterproofing - other,Roofing and waterproofing,gwp_intensity_kg_per_m2_excluding_bio,No Filter,Public Assembly,mean,1.1448591514385775
Softwood framing,Wood and composites,gwp_intensity_kg_per_m2_excluding_bio,No Filter,Public Assembly,mean,0.5682632892971655
Softwood plywood,Wood and composites,gwp_intensity_kg_per_m2_excluding_bio,No Filter,Public Assembly,mean,0.6172928530206573
Spray applied cementitious,Applied fireproofing,gwp_intensity_kg_per_m2_excluding_bio,No Filter,Public Assembly,mean,18.23038397878028
Steel - other,Steel,gwp_intensity_kg_per_m2_excluding_bio,No Filter,Public Assembly,mean,1.973612389758056
Steel door,Doors and frames,gwp_intensity_kg_per_m2_excluding_bio,No Filter,Public Assembly,mean,0.609545338132562
Steel door frame,Doors and frames,gwp_intensity_kg_per_m2_excluding_bio,No Filter,Public Assembly,mean,0.0247650378708934
Steel framed window,Windows and frames,gwp_intensity_kg_per_m2_excluding_bio,No Filter,Public Assembly,mean,0.0492347952695762
Steel sheet,Steel,gwp_intensity_kg_per_m2_excluding_bio,No Filter,Public Assembly,mean,7.139236014160916
Stone masonry,Masonry,gwp_intensity_kg_per_m2_excluding_bio,No Filter,Public Assembly,mean,1.6742033558020235
Stone tile,Flooring and tile,gwp_intensity_kg_per_m2_excluding_bio,No Filter,Public Assembly,mean,0.1423373386425387
Stucco finish,Cladding,gwp_intensity_kg_per_m2_excluding_bio,No Filter,Public Assembly,mean,0.3329646460390342
Suspension assembly,Acoustic ceilings,gwp_intensity_kg_per_m2_excluding_bio,No Filter,Public Assembly,mean,0.213038041960332
Synthetic composites,Synthetic composites,gwp_intensity_kg_per_m2_excluding_bio,No Filter,Public Assembly,mean,6.149530568957562
TPO,Roofing and waterproofing,gwp_intensity_kg_per_m2_excluding_bio,No Filter,Public Assembly,mean,1.0600821749349758
Terracotta units,Cladding,gwp_intensity_kg_per_m2_excluding_bio,No Filter,Public Assembly,mean,
Terrazzo slabs and tiles,Flooring and tile,gwp_intensity_kg_per_m2_excluding_bio,No Filter,Public Assembly,mean,
Vinyl framed window,Windows and frames,gwp_intensity_kg_per_m2_excluding_bio,No Filter,Public Assembly,mean,0.0363962388661736
Wall coverings,Wall coverings,gwp_intensity_kg_per_m2_excluding_bio,No Filter,Public Assembly,mean,0.1324871064094727
Windows and frames - other,Windows and frames,gwp_intensity_kg_per_m2_excluding_bio,No Filter,Public Assembly,mean,0.6241852534263475
Wood I joists,Wood and composites,gwp_intensity_kg_per_m2_excluding_bio,No Filter,Public Assembly,mean,0.0267460872193855
Wood and composites - other,Wood and composites,gwp_intensity_kg_per_m2_excluding_bio,No Filter,Public Assembly,mean,0.1696027306029404
Wood door frame,Doors and frames,gwp_intensity_kg_per_m2_excluding_bio,No Filter,Public Assembly,mean,0.125555207717104
Wood framed window,Windows and frames,gwp_intensity_kg_per_m2_excluding_bio,No Filter,Public Assembly,mean,0.0718542848088925
Wood or composite door,Doors and frames,gwp_intensity_kg_per_m2_excluding_bio,No Filter,Public Assembly,mean,0.1672264762626669
Zinc sheet,Other metals,gwp_intensity_kg_per_m2_excluding_bio,No Filter,Public Assembly,mean,0.928177111003541
Acoustic ceiling tile aluminum,Acoustic ceilings,gwp_intensity_kg_per_m2_excluding_bio,No Filter,Public Order and Safety,mean,
Acoustic ceiling tile fiber,Acoustic ceilings,gwp_intensity_kg_per_m2_excluding_bio,No Filter,Public Order and Safety,mean,0.9529261696288672
Acoustic ceiling tile steel,Acoustic ceilings,gwp_intensity_kg_per_m2_excluding_bio,No Filter,Public Order and Safety,mean,0.963102629840357
Acoustic ceilings - other,Acoustic ceilings,gwp_intensity_kg_per_m2_excluding_bio,No Filter,Public Order and Safety,mean,
Adhesives and sealants,Adhesives and sealants,gwp_intensity_kg_per_m2_excluding_bio,No Filter,Public Order and Safety,mean,0.7082320361840674
Air and vapor barriers,Air and vapor barriers,gwp_intensity_kg_per_m2_excluding_bio,No Filter,Public Order and Safety,mean,1.479224182294152
Aluminum - other,Aluminum,gwp_intensity_kg_per_m2_excluding_bio,No Filter,Public Order and Safety,mean,1.375536570174437
Aluminum composite panel ACM,Cladding,gwp_intensity_kg_per_m2_excluding_bio,No Filter,Public Order and Safety,mean,
Aluminum door,Doors and frames,gwp_intensity_kg_per_m2_excluding_bio,No Filter,Public Order and Safety,mean,1.4851575878862011
Aluminum door frame,Doors and frames,gwp_intensity_kg_per_m2_excluding_bio,No Filter,Public Order and Safety,mean,0.4675342613268873
Aluminum framed glass entrances,Doors and frames,gwp_intensity_kg_per_m2_excluding_bio,No Filter,Public Order and Safety,mean,
Aluminum framed window,Windows and frames,gwp_intensity_kg_per_m2_excluding_bio,No Filter,Public Order and Safety,mean,0.9547759631088636
Aluminum sheet,Aluminum,gwp_intensity_kg_per_m2_excluding_bio,No Filter,Public Order and Safety,mean,24.498027653988053
Aluminum storefront or curtain wall,Windows and frames,gwp_intensity_kg_per_m2_excluding_bio,No Filter,Public Order and Safety,mean,5.88685346250843
Applied fireproofing - other,Applied fireproofing,gwp_intensity_kg_per_m2_excluding_bio,No Filter,Public Order and Safety,mean,
Architectural fiber cement panel,Cladding,gwp_intensity_kg_per_m2_excluding_bio,No Filter,Public Order and Safety,mean,2.791409011744571
Asphalt shingles,Roofing and waterproofing,gwp_intensity_kg_per_m2_excluding_bio,No Filter,Public Order and Safety,mean,
Brass,Other metals,gwp_intensity_kg_per_m2_excluding_bio,No Filter,Public Order and Safety,mean,
Brick clay,Masonry,gwp_intensity_kg_per_m2_excluding_bio,No Filter,Public Order and Safety,mean,
Built up roofing,Roofing and waterproofing,gwp_intensity_kg_per_m2_excluding_bio,No Filter,Public Order and Safety,mean,0.751915544044396
CMU,Masonry,gwp_intensity_kg_per_m2_excluding_bio,No Filter,Public Order and Safety,mean,18.135119523613955
Carpet,Flooring and tile,gwp_intensity_kg_per_m2_excluding_bio,No Filter,Public Order and Safety,mean,0.8648810974650707
Cast bronze,Other metals,gwp_intensity_kg_per_m2_excluding_bio,No Filter,Public Order and Safety,mean,
Ceramic tile,Flooring and tile,gwp_intensity_kg_per_m2_excluding_bio,No Filter,Public Order and Safety,mean,0.1507506671521089
Cladding - other,Cladding,gwp_intensity_kg_per_m2_excluding_bio,No Filter,Public Order and Safety,mean,
Closed cell spray polyurethane foam,Insulation,gwp_intensity_kg_per_m2_excluding_bio,No Filter,Public Order and Safety,mean,
Coatings - other,Coatings,gwp_intensity_kg_per_m2_excluding_bio,No Filter,Public Order and Safety,mean,8.105797281614192
Cold formed steel framing,Steel,gwp_intensity_kg_per_m2_excluding_bio,No Filter,Public Order and Safety,mean,10.245854811630482
Concrete - other,Concrete,gwp_intensity_kg_per_m2_excluding_bio,No Filter,Public Order and Safety,mean,0.1274502118911794
Copper sheet,Other metals,gwp_intensity_kg_per_m2_excluding_bio,No Filter,Public Order and Safety,mean,
Cross laminated timber CLT,Wood and composites,gwp_intensity_kg_per_m2_excluding_bio,No Filter,Public Order and Safety,mean,3.622980099883146
Decking,Steel,gwp_intensity_kg_per_m2_excluding_bio,No Filter,Public Order and Safety,mean,21.41714329978629
Doors and frames - other,Doors and frames,gwp_intensity_kg_per_m2_excluding_bio,No Filter,Public Order and Safety,mean,1.7938487987510714
EPDM,Roofing and waterproofing,gwp_intensity_kg_per_m2_excluding_bio,No Filter,Public Order and Safety,mean,0.9929590436391332
Expanded polystyrene EPS,Insulation,gwp_intensity_kg_per_m2_excluding_bio,No Filter,Public Order and Safety,mean,1.522880988413027
Extruded polystyrene XPS,Insulation,gwp_intensity_kg_per_m2_excluding_bio,No Filter,Public Order and Safety,mean,14.060603275685668
Extrusion,Aluminum,gwp_intensity_kg_per_m2_excluding_bio,No Filter,Public Order and Safety,mean,8.774075872753095
Fasteners,Other metals,gwp_intensity_kg_per_m2_excluding_bio,No Filter,Public Order and Safety,mean,1.2442464715011448
Fiberglass blanket,Insulation,gwp_intensity_kg_per_m2_excluding_bio,No Filter,Public Order and Safety,mean,0.8346636942594422
Fiberglass door,Doors and frames,gwp_intensity_kg_per_m2_excluding_bio,No Filter,Public Order and Safety,mean,
Fiberglass framed window,Windows and frames,gwp_intensity_kg_per_m2_excluding_bio,No Filter,Public Order and Safety,mean,
Flooring and tile - other,Flooring and tile,gwp_intensity_kg_per_m2_excluding_bio,No Filter,Public Order and Safety,mean,2.3156406600874684
GFRC general,Concrete,gwp_intensity_kg_per_m2_excluding_bio,No Filter,Public Order and Safety,mean,0.1288730717957017
GFRC panel,Cladding,gwp_intensity_kg_per_m2_excluding_bio,No Filter,Public Order and Safety,mean,
Glass mat gypsum board,Gypsum,gwp_intensity_kg_per_m2_excluding_bio,No Filter,Public Order and Safety,mean,3.2762246337985763
Glazing - other,Glazing,gwp_intensity_kg_per_m2_excluding_bio,No Filter,Public Order and Safety,mean,4.64998043033096
Glue laminated timber GLT,Wood and composites,gwp_intensity_kg_per_m2_excluding_bio,No Filter,Public Order and Safety,mean,1.1472833697802336
Gypsum board,Gypsum,gwp_intensity_kg_per_m2_excluding_bio,No Filter,Public Order and Safety,mean,6.880824721627308
HDPE,Roofing and waterproofing,gwp_intensity_kg_per_m2_excluding_bio,No Filter,Public Order and Safety,mean,
Hardwood,Wood and composites,gwp_intensity_kg_per_m2_excluding_bio,No Filter,Public Order and Safety,mean,
Heavy timber framing,Wood and composites,gwp_intensity_kg_per_m2_excluding_bio,No Filter,Public Order and Safety,mean,0.0698517560940356
Hollow structural sections HSS,Steel,gwp_intensity_kg_per_m2_excluding_bio,No Filter,Public Order and Safety,mean,27.290087489699506
Hot-rolled sections,Steel,gwp_intensity_kg_per_m2_excluding_bio,No Filter,Public Order and Safety,mean,53.67772801047977
Insulated glass unit IGU,Glazing,gwp_intensity_kg_per_m2_excluding_bio,No Filter,Public Order and Safety,mean,3.959525297506362
Insulated metal panel IMP,Cladding,gwp_intensity_kg_per_m2_excluding_bio,No Filter,Public Order and Safety,mean,6.203745487210812
Insulation - other,Insulation,gwp_intensity_kg_per_m2_excluding_bio,No Filter,Public Order and Safety,mean,3.738948729708577
Intumescent,Applied fireproofing,gwp_intensity_kg_per_m2_excluding_bio,No Filter,Public Order and Safety,mean,1.013004672606828
Laminated strand lumber LSL,Wood and composites,gwp_intensity_kg_per_m2_excluding_bio,No Filter,Public Order and Safety,mean,
Laminated veneer lumber LVL,Wood and composites,gwp_intensity_kg_per_m2_excluding_bio,No Filter,Public Order and Safety,mean,2.512804667761168
Loose-fill cellulose,Insulation,gwp_intensity_kg_per_m2_excluding_bio,No Filter,Public Order and Safety,mean,1.0602448080807954
Masonry - other,Masonry,gwp_intensity_kg_per_m2_excluding_bio,No Filter,Public Order and Safety,mean,
Medium density fiberboard MDF,Wood and composites,gwp_intensity_kg_per_m2_excluding_bio,No Filter,Public Order and Safety,mean,
Mineral wool high density,Insulation,gwp_intensity_kg_per_m2_excluding_bio,No Filter,Public Order and Safety,mean,2.4149940234946965
Mineral wool low density,Insulation,gwp_intensity_kg_per_m2_excluding_bio,No Filter,Public Order and Safety,mean,0.6018259195459145
Modified bitumen,Roofing and waterproofing,gwp_intensity_kg_per_m2_excluding_bio,No Filter,Public Order and Safety,mean,1.196961191897242
Mortar and grout,Masonry,gwp_intensity_kg_per_m2_excluding_bio,No Filter,Public Order and Safety,mean,27.733604553938115
Open web joists,Steel,gwp_intensity_kg_per_m2_excluding_bio,No Filter,Public Order and Safety,mean,5.182065995623131
Oriented strand board OSB,Wood and composites,gwp_intensity_kg_per_m2_excluding_bio,No Filter,Public Order and Safety,mean,0.9968025504616724
Other,Other,gwp_intensity_kg_per_m2_excluding_bio,No Filter,Public Order and Safety,mean,0.0073767294992082
PVC,Roofing and waterproofing,gwp_intensity_kg_per_m2_excluding_bio,No Filter,Public Order and Safety,mean,0.5766641672886811
Paint,Coatings,gwp_intensity_kg_per_m2_excluding_bio,No Filter,Public Order and Safety,mean,1.005434938216253
Parallel strand lumber PSL,Wood and composites,gwp_intensity_kg_per_m2_excluding_bio,No Filter,Public Order and Safety,mean,
Plate,Steel,gwp_intensity_kg_per_m2_excluding_bio,No Filter,Public Order and Safety,mean,2.197770417704228
Polyisocyanurate PIR,Insulation,gwp_intensity_kg_per_m2_excluding_bio,No Filter,Public Order and Safety,mean,3.18994213812884
Precast,Concrete,gwp_intensity_kg_per_m2_excluding_bio,No Filter,Public Order and Safety,mean,7.201053256250222
Raised access floor system,Flooring and tile,gwp_intensity_kg_per_m2_excluding_bio,No Filter,Public Order and Safety,mean,
Ready mix LW 3000,Concrete,gwp_intensity_kg_per_m2_excluding_bio,No Filter,Public Order and Safety,mean,2.772914877042878
Ready mix LW 4000,Concrete,gwp_intensity_kg_per_m2_excluding_bio,No Filter,Public Order and Safety,mean,28.386241963497937
Ready mix LW 5000,Concrete,gwp_intensity_kg_per_m2_excluding_bio,No Filter,Public Order and Safety,mean,
Ready mix NW 2500,Concrete,gwp_intensity_kg_per_m2_excluding_bio,No Filter,Public Order and Safety,mean,
Ready mix NW 3000,Concrete,gwp_intensity_kg_per_m2_excluding_bio,No Filter,Public Order and Safety,mean,8.292820883020926
Ready mix NW 4000,Concrete,gwp_intensity_kg_per_m2_excluding_bio,No Filter,Public Order and Safety,mean,39.02525660027225
Ready mix NW 5000,Concrete,gwp_intensity_kg_per_m2_excluding_bio,No Filter,Public Order and Safety,mean,52.22099657403897
Ready mix NW 6000,Concrete,gwp_intensity_kg_per_m2_excluding_bio,No Filter,Public Order and Safety,mean,66.19438110259186
Ready mix NW 8000,Concrete,gwp_intensity_kg_per_m2_excluding_bio,No Filter,Public Order and Safety,mean,
Ready mix unknown,Concrete,gwp_intensity_kg_per_m2_excluding_bio,No Filter,Public Order and Safety,mean,0.2176576547251291
Rebar and reinforcement,Steel,gwp_intensity_kg_per_m2_excluding_bio,No Filter,Public Order and Safety,mean,71.57799470266562
Resilient flooring rubber,Flooring and tile,gwp_intensity_kg_per_m2_excluding_bio,No Filter,Public Order and Safety,mean,0.5160078776673882
Resilient flooring vinyl,Flooring and tile,gwp_intensity_kg_per_m2_excluding_bio,No Filter,Public Order and Safety,mean,
Roll formed metal panel aluminum,Cladding,gwp_intensity_kg_per_m2_excluding_bio,No Filter,Public Order and Safety,mean,2.3098700813775483
Roll formed metal panel steel,Cladding,gwp_intensity_kg_per_m2_excluding_bio,No Filter,Public Order and Safety,mean,2.517391584010534
Roofing and waterproofing - other,Roofing and waterproofing,gwp_intensity_kg_per_m2_excluding_bio,No Filter,Public Order and Safety,mean,0.2187467407834797
Softwood framing,Wood and composites,gwp_intensity_kg_per_m2_excluding_bio,No Filter,Public Order and Safety,mean,0.4473595963481859
Softwood plywood,Wood and composites,gwp_intensity_kg_per_m2_excluding_bio,No Filter,Public Order and Safety,mean,0.2410576067996319
Spray applied cementitious,Applied fireproofing,gwp_intensity_kg_per_m2_excluding_bio,No Filter,Public Order and Safety,mean,5.41236452425584
Steel - other,Steel,gwp_intensity_kg_per_m2_excluding_bio,No Filter,Public Order and Safety,mean,8.671503654951415
Steel door,Doors and frames,gwp_intensity_kg_per_m2_excluding_bio,No Filter,Public Order and Safety,mean,2.471741188113514
Steel door frame,Doors and frames,gwp_intensity_kg_per_m2_excluding_bio,No Filter,Public Order and Safety,mean,0.1629706197610161
Steel framed window,Windows and frames,gwp_intensity_kg_per_m2_excluding_bio,No Filter,Public Order and Safety,mean,0.0713591021962772
Steel sheet,Steel,gwp_intensity_kg_per_m2_excluding_bio,No Filter,Public Order and Safety,mean,5.282822984062793
Stone masonry,Masonry,gwp_intensity_kg_per_m2_excluding_bio,No Filter,Public Order and Safety,mean,
Stone tile,Flooring and tile,gwp_intensity_kg_per_m2_excluding_bio,No Filter,Public Order and Safety,mean,
Stucco finish,Cladding,gwp_intensity_kg_per_m2_excluding_bio,No Filter,Public Order and Safety,mean,0.0058828425437941
Suspension assembly,Acoustic ceilings,gwp_intensity_kg_per_m2_excluding_bio,No Filter,Public Order and Safety,mean,0.3111725352028326
Synthetic composites,Synthetic composites,gwp_intensity_kg_per_m2_excluding_bio,No Filter,Public Order and Safety,mean,1.6219543913639465
TPO,Roofing and waterproofing,gwp_intensity_kg_per_m2_excluding_bio,No Filter,Public Order and Safety,mean,0.2095346285127834
Terracotta units,Cladding,gwp_intensity_kg_per_m2_excluding_bio,No Filter,Public Order and Safety,mean,
Terrazzo slabs and tiles,Flooring and tile,gwp_intensity_kg_per_m2_excluding_bio,No Filter,Public Order and Safety,mean,
Vinyl framed window,Windows and frames,gwp_intensity_kg_per_m2_excluding_bio,No Filter,Public Order and Safety,mean,0.5029229495964629
Wall coverings,Wall coverings,gwp_intensity_kg_per_m2_excluding_bio,No Filter,Public Order and Safety,mean,1.3712310037292923
Windows and frames - other,Windows and frames,gwp_intensity_kg_per_m2_excluding_bio,No Filter,Public Order and Safety,mean,
Wood I joists,Wood and composites,gwp_intensity_kg_per_m2_excluding_bio,No Filter,Public Order and Safety,mean,
Wood and composites - other,Wood and composites,gwp_intensity_kg_per_m2_excluding_bio,No Filter,Public Order and Safety,mean,
Wood door frame,Doors and frames,gwp_intensity_kg_per_m2_excluding_bio,No Filter,Public Order and Safety,mean,0.1890000507389172
Wood framed window,Windows and frames,gwp_intensity_kg_per_m2_excluding_bio,No Filter,Public Order and Safety,mean,
Wood or composite door,Doors and frames,gwp_intensity_kg_per_m2_excluding_bio,No Filter,Public Order and Safety,mean,0.1041201838218725
Zinc sheet,Other metals,gwp_intensity_kg_per_m2_excluding_bio,No Filter,Public Order and Safety,mean,
Acoustic ceiling tile aluminum,Acoustic ceilings,gwp_intensity_kg_per_m2_excluding_bio,No Filter,Residential: Multifamily (5 or more units),mean,0.0506491048757416
Acoustic ceiling tile fiber,Acoustic ceilings,gwp_intensity_kg_per_m2_excluding_bio,No Filter,Residential: Multifamily (5 or more units),mean,0.2983122315196642
Acoustic ceiling tile steel,Acoustic ceilings,gwp_intensity_kg_per_m2_excluding_bio,No Filter,Residential: Multifamily (5 or more units),mean,0.0159360848510532
Acoustic ceilings - other,Acoustic ceilings,gwp_intensity_kg_per_m2_excluding_bio,No Filter,Residential: Multifamily (5 or more units),mean,1.1381567953900973
Adhesives and sealants,Adhesives and sealants,gwp_intensity_kg_per_m2_excluding_bio,No Filter,Residential: Multifamily (5 or more units),mean,0.2215009191482139
Air and vapor barriers,Air and vapor barriers,gwp_intensity_kg_per_m2_excluding_bio,No Filter,Residential: Multifamily (5 or more units),mean,0.9745132522786338
Aluminum - other,Aluminum,gwp_intensity_kg_per_m2_excluding_bio,No Filter,Residential: Multifamily (5 or more units),mean,3.816631874441958
Aluminum composite panel ACM,Cladding,gwp_intensity_kg_per_m2_excluding_bio,No Filter,Residential: Multifamily (5 or more units),mean,2.388743039983665
Aluminum door,Doors and frames,gwp_intensity_kg_per_m2_excluding_bio,No Filter,Residential: Multifamily (5 or more units),mean,0.5627655473208529
Aluminum door frame,Doors and frames,gwp_intensity_kg_per_m2_excluding_bio,No Filter,Residential: Multifamily (5 or more units),mean,0.2768304799388307
Aluminum framed glass entrances,Doors and frames,gwp_intensity_kg_per_m2_excluding_bio,No Filter,Residential: Multifamily (5 or more units),mean,
Aluminum framed window,Windows and frames,gwp_intensity_kg_per_m2_excluding_bio,No Filter,Residential: Multifamily (5 or more units),mean,0.7531566599282925
Aluminum sheet,Aluminum,gwp_intensity_kg_per_m2_excluding_bio,No Filter,Residential: Multifamily (5 or more units),mean,2.789469437874408
Aluminum storefront or curtain wall,Windows and frames,gwp_intensity_kg_per_m2_excluding_bio,No Filter,Residential: Multifamily (5 or more units),mean,3.92967303980642
Applied fireproofing - other,Applied fireproofing,gwp_intensity_kg_per_m2_excluding_bio,No Filter,Residential: Multifamily (5 or more units),mean,0.6497757137992322
Architectural fiber cement panel,Cladding,gwp_intensity_kg_per_m2_excluding_bio,No Filter,Residential: Multifamily (5 or more units),mean,0.4493254609465631
Asphalt shingles,Roofing and waterproofing,gwp_intensity_kg_per_m2_excluding_bio,No Filter,Residential: Multifamily (5 or more units),mean,0.1860138633961103
Brass,Other metals,gwp_intensity_kg_per_m2_excluding_bio,No Filter,Residential: Multifamily (5 or more units),mean,
Brick clay,Masonry,gwp_intensity_kg_per_m2_excluding_bio,No Filter,Residential: Multifamily (5 or more units),mean,2.156415185103853
Built up roofing,Roofing and waterproofing,gwp_intensity_kg_per_m2_excluding_bio,No Filter,Residential: Multifamily (5 or more units),mean,0.1321898232832243
CMU,Masonry,gwp_intensity_kg_per_m2_excluding_bio,No Filter,Residential: Multifamily (5 or more units),mean,1.8576074189968648
Carpet,Flooring and tile,gwp_intensity_kg_per_m2_excluding_bio,No Filter,Residential: Multifamily (5 or more units),mean,1.2344802424826529
Cast bronze,Other metals,gwp_intensity_kg_per_m2_excluding_bio,No Filter,Residential: Multifamily (5 or more units),mean,
Ceramic tile,Flooring and tile,gwp_intensity_kg_per_m2_excluding_bio,No Filter,Residential: Multifamily (5 or more units),mean,0.1388657533607593
Cladding - other,Cladding,gwp_intensity_kg_per_m2_excluding_bio,No Filter,Residential: Multifamily (5 or more units),mean,
Closed cell spray polyurethane foam,Insulation,gwp_intensity_kg_per_m2_excluding_bio,No Filter,Residential: Multifamily (5 or more units),mean,0.4784998867770979
Coatings - other,Coatings,gwp_intensity_kg_per_m2_excluding_bio,No Filter,Residential: Multifamily (5 or more units),mean,0.71374244545356
Cold formed steel framing,Steel,gwp_intensity_kg_per_m2_excluding_bio,No Filter,Residential: Multifamily (5 or more units),mean,6.756164273072987
Concrete - other,Concrete,gwp_intensity_kg_per_m2_excluding_bio,No Filter,Residential: Multifamily (5 or more units),mean,1.776204696392633
Copper sheet,Other metals,gwp_intensity_kg_per_m2_excluding_bio,No Filter,Residential: Multifamily (5 or more units),mean,
Cross laminated timber CLT,Wood and composites,gwp_intensity_kg_per_m2_excluding_bio,No Filter,Residential: Multifamily (5 or more units),mean,4.069058375806463
Decking,Steel,gwp_intensity_kg_per_m2_excluding_bio,No Filter,Residential: Multifamily (5 or more units),mean,7.047803537971474
Doors and frames - other,Doors and frames,gwp_intensity_kg_per_m2_excluding_bio,No Filter,Residential: Multifamily (5 or more units),mean,1.2912814984600227
EPDM,Roofing and waterproofing,gwp_intensity_kg_per_m2_excluding_bio,No Filter,Residential: Multifamily (5 or more units),mean,0.1933584679490554
Expanded polystyrene EPS,Insulation,gwp_intensity_kg_per_m2_excluding_bio,No Filter,Residential: Multifamily (5 or more units),mean,0.7430803455879852
Extruded polystyrene XPS,Insulation,gwp_intensity_kg_per_m2_excluding_bio,No Filter,Residential: Multifamily (5 or more units),mean,11.0820795375717
Extrusion,Aluminum,gwp_intensity_kg_per_m2_excluding_bio,No Filter,Residential: Multifamily (5 or more units),mean,7.598243946963913
Fasteners,Other metals,gwp_intensity_kg_per_m2_excluding_bio,No Filter,Residential: Multifamily (5 or more units),mean,0.206303948754298
Fiberglass blanket,Insulation,gwp_intensity_kg_per_m2_excluding_bio,No Filter,Residential: Multifamily (5 or more units),mean,1.807166250530952
Fiberglass door,Doors and frames,gwp_intensity_kg_per_m2_excluding_bio,No Filter,Residential: Multifamily (5 or more units),mean,0.1658423222224533
Fiberglass framed window,Windows and frames,gwp_intensity_kg_per_m2_excluding_bio,No Filter,Residential: Multifamily (5 or more units),mean,1.578005480703096
Flooring and tile - other,Flooring and tile,gwp_intensity_kg_per_m2_excluding_bio,No Filter,Residential: Multifamily (5 or more units),mean,0.2069667023920361
GFRC general,Concrete,gwp_intensity_kg_per_m2_excluding_bio,No Filter,Residential: Multifamily (5 or more units),mean,1.2588413644817062
GFRC panel,Cladding,gwp_intensity_kg_per_m2_excluding_bio,No Filter,Residential: Multifamily (5 or more units),mean,0.0905629095244245
Glass mat gypsum board,Gypsum,gwp_intensity_kg_per_m2_excluding_bio,No Filter,Residential: Multifamily (5 or more units),mean,1.65200258985428
Glazing - other,Glazing,gwp_intensity_kg_per_m2_excluding_bio,No Filter,Residential: Multifamily (5 or more units),mean,1.1651918518746671
Glue laminated timber GLT,Wood and composites,gwp_intensity_kg_per_m2_excluding_bio,No Filter,Residential: Multifamily (5 or more units),mean,0.0693495314004252
Gypsum board,Gypsum,gwp_intensity_kg_per_m2_excluding_bio,No Filter,Residential: Multifamily (5 or more units),mean,12.519154919603016
HDPE,Roofing and waterproofing,gwp_intensity_kg_per_m2_excluding_bio,No Filter,Residential: Multifamily (5 or more units),mean,
Hardwood,Wood and composites,gwp_intensity_kg_per_m2_excluding_bio,No Filter,Residential: Multifamily (5 or more units),mean,0.2052092890062544
Heavy timber framing,Wood and composites,gwp_intensity_kg_per_m2_excluding_bio,No Filter,Residential: Multifamily (5 or more units),mean,0.1142616534972996
Hollow structural sections HSS,Steel,gwp_intensity_kg_per_m2_excluding_bio,No Filter,Residential: Multifamily (5 or more units),mean,5.2823502894549845
Hot-rolled sections,Steel,gwp_intensity_kg_per_m2_excluding_bio,No Filter,Residential: Multifamily (5 or more units),mean,4.939248506773833
Insulated glass unit IGU,Glazing,gwp_intensity_kg_per_m2_excluding_bio,No Filter,Residential: Multifamily (5 or more units),mean,3.0674378339453763
Insulated metal panel IMP,Cladding,gwp_intensity_kg_per_m2_excluding_bio,No Filter,Residential: Multifamily (5 or more units),mean,1.037486899224844
Insulation - other,Insulation,gwp_intensity_kg_per_m2_excluding_bio,No Filter,Residential: Multifamily (5 or more units),mean,0.0142283366982527
Intumescent,Applied fireproofing,gwp_intensity_kg_per_m2_excluding_bio,No Filter,Residential: Multifamily (5 or more units),mean,0.0309454937741391
Laminated strand lumber LSL,Wood and composites,gwp_intensity_kg_per_m2_excluding_bio,No Filter,Residential: Multifamily (5 or more units),mean,0.4197296758992995
Laminated veneer lumber LVL,Wood and composites,gwp_intensity_kg_per_m2_excluding_bio,No Filter,Residential: Multifamily (5 or more units),mean,0.2393229737128437
Loose-fill cellulose,Insulation,gwp_intensity_kg_per_m2_excluding_bio,No Filter,Residential: Multifamily (5 or more units),mean,0.2815823684865141
Masonry - other,Masonry,gwp_intensity_kg_per_m2_excluding_bio,No Filter,Residential: Multifamily (5 or more units),mean,
Medium density fiberboard MDF,Wood and composites,gwp_intensity_kg_per_m2_excluding_bio,No Filter,Residential: Multifamily (5 or more units),mean,0.1403453360834126
Mineral wool high density,Insulation,gwp_intensity_kg_per_m2_excluding_bio,No Filter,Residential: Multifamily (5 or more units),mean,3.858180644512215
Mineral wool low density,Insulation,gwp_intensity_kg_per_m2_excluding_bio,No Filter,Residential: Multifamily (5 or more units),mean,0.7102197079744634
Modified bitumen,Roofing and waterproofing,gwp_intensity_kg_per_m2_excluding_bio,No Filter,Residential: Multifamily (5 or more units),mean,0.2988737983992856
Mortar and grout,Masonry,gwp_intensity_kg_per_m2_excluding_bio,No Filter,Residential: Multifamily (5 or more units),mean,0.8730502724067265
Open web joists,Steel,gwp_intensity_kg_per_m2_excluding_bio,No Filter,Residential: Multifamily (5 or more units),mean,0.0170196144096921
Oriented strand board OSB,Wood and composites,gwp_intensity_kg_per_m2_excluding_bio,No Filter,Residential: Multifamily (5 or more units),mean,0.6702780010314767
Other,Other,gwp_intensity_kg_per_m2_excluding_bio,No Filter,Residential: Multifamily (5 or more units),mean,0.6648836252444934
PVC,Roofing and waterproofing,gwp_intensity_kg_per_m2_excluding_bio,No Filter,Residential: Multifamily (5 or more units),mean,0.4910242046808282
Paint,Coatings,gwp_intensity_kg_per_m2_excluding_bio,No Filter,Residential: Multifamily (5 or more units),mean,1.391103501802003
Parallel strand lumber PSL,Wood and composites,gwp_intensity_kg_per_m2_excluding_bio,No Filter,Residential: Multifamily (5 or more units),mean,
Plate,Steel,gwp_intensity_kg_per_m2_excluding_bio,No Filter,Residential: Multifamily (5 or more units),mean,12.47699769931428
Polyisocyanurate PIR,Insulation,gwp_intensity_kg_per_m2_excluding_bio,No Filter,Residential: Multifamily (5 or more units),mean,1.1292397144532182
Precast,Concrete,gwp_intensity_kg_per_m2_excluding_bio,No Filter,Residential: Multifamily (5 or more units),mean,0.943764669288768
Raised access floor system,Flooring and tile,gwp_intensity_kg_per_m2_excluding_bio,No Filter,Residential: Multifamily (5 or more units),mean,
Ready mix LW 3000,Concrete,gwp_intensity_kg_per_m2_excluding_bio,No Filter,Residential: Multifamily (5 or more units),mean,3.728062963902487
Ready mix LW 4000,Concrete,gwp_intensity_kg_per_m2_excluding_bio,No Filter,Residential: Multifamily (5 or more units),mean,2.7711372548692825
Ready mix LW 5000,Concrete,gwp_intensity_kg_per_m2_excluding_bio,No Filter,Residential: Multifamily (5 or more units),mean,20.69016144281445
Ready mix NW 2500,Concrete,gwp_intensity_kg_per_m2_excluding_bio,No Filter,Residential: Multifamily (5 or more units),mean,0.2076087504847298
Ready mix NW 3000,Concrete,gwp_intensity_kg_per_m2_excluding_bio,No Filter,Residential: Multifamily (5 or more units),mean,9.026106711829602
Ready mix NW 4000,Concrete,gwp_intensity_kg_per_m2_excluding_bio,No Filter,Residential: Multifamily (5 or more units),mean,6.0097413065942415
Ready mix NW 5000,Concrete,gwp_intensity_kg_per_m2_excluding_bio,No Filter,Residential: Multifamily (5 or more units),mean,21.6079655562622
Ready mix NW 6000,Concrete,gwp_intensity_kg_per_m2_excluding_bio,No Filter,Residential: Multifamily (5 or more units),mean,26.312778009097137
Ready mix NW 8000,Concrete,gwp_intensity_kg_per_m2_excluding_bio,No Filter,Residential: Multifamily (5 or more units),mean,13.298100920039223
Ready mix unknown,Concrete,gwp_intensity_kg_per_m2_excluding_bio,No Filter,Residential: Multifamily (5 or more units),mean,34.461100206467975
Rebar and reinforcement,Steel,gwp_intensity_kg_per_m2_excluding_bio,No Filter,Residential: Multifamily (5 or more units),mean,37.68814272033051
Resilient flooring rubber,Flooring and tile,gwp_intensity_kg_per_m2_excluding_bio,No Filter,Residential: Multifamily (5 or more units),mean,
Resilient flooring vinyl,Flooring and tile,gwp_intensity_kg_per_m2_excluding_bio,No Filter,Residential: Multifamily (5 or more units),mean,1.889029581343794
Roll formed metal panel aluminum,Cladding,gwp_intensity_kg_per_m2_excluding_bio,No Filter,Residential: Multifamily (5 or more units),mean,0.988263033761886
Roll formed metal panel steel,Cladding,gwp_intensity_kg_per_m2_excluding_bio,No Filter,Residential: Multifamily (5 or more units),mean,0.8375190235035781
Roofing and waterproofing - other,Roofing and waterproofing,gwp_intensity_kg_per_m2_excluding_bio,No Filter,Residential: Multifamily (5 or more units),mean,0.0664975298804908
Softwood framing,Wood and composites,gwp_intensity_kg_per_m2_excluding_bio,No Filter,Residential: Multifamily (5 or more units),mean,0.5333685570361315
Softwood plywood,Wood and composites,gwp_intensity_kg_per_m2_excluding_bio,No Filter,Residential: Multifamily (5 or more units),mean,0.7139128195716923
Spray applied cementitious,Applied fireproofing,gwp_intensity_kg_per_m2_excluding_bio,No Filter,Residential: Multifamily (5 or more units),mean,0.1750544724699186
Steel - other,Steel,gwp_intensity_kg_per_m2_excluding_bio,No Filter,Residential: Multifamily (5 or more units),mean,1.991420594929359
Steel door,Doors and frames,gwp_intensity_kg_per_m2_excluding_bio,No Filter,Residential: Multifamily (5 or more units),mean,1.2339495962980038
Steel door frame,Doors and frames,gwp_intensity_kg_per_m2_excluding_bio,No Filter,Residential: Multifamily (5 or more units),mean,0.0636867383107614
Steel framed window,Windows and frames,gwp_intensity_kg_per_m2_excluding_bio,No Filter,Residential: Multifamily (5 or more units),mean,0.0690087763107177
Steel sheet,Steel,gwp_intensity_kg_per_m2_excluding_bio,No Filter,Residential: Multifamily (5 or more units),mean,1.6673333491879674
Stone masonry,Masonry,gwp_intensity_kg_per_m2_excluding_bio,No Filter,Residential: Multifamily (5 or more units),mean,0.3604219142810371
Stone tile,Flooring and tile,gwp_intensity_kg_per_m2_excluding_bio,No Filter,Residential: Multifamily (5 or more units),mean,0.0518946052716946
Stucco finish,Cladding,gwp_intensity_kg_per_m2_excluding_bio,No Filter,Residential: Multifamily (5 or more units),mean,0.9956047894731416
Suspension assembly,Acoustic ceilings,gwp_intensity_kg_per_m2_excluding_bio,No Filter,Residential: Multifamily (5 or more units),mean,0.1223980504162499
Synthetic composites,Synthetic composites,gwp_intensity_kg_per_m2_excluding_bio,No Filter,Residential: Multifamily (5 or more units),mean,0.7699276263640333
TPO,Roofing and waterproofing,gwp_intensity_kg_per_m2_excluding_bio,No Filter,Residential: Multifamily (5 or more units),mean,0.6411074054178667
Terracotta units,Cladding,gwp_intensity_kg_per_m2_excluding_bio,No Filter,Residential: Multifamily (5 or more units),mean,0.2130806639258572
Terrazzo slabs and tiles,Flooring and tile,gwp_intensity_kg_per_m2_excluding_bio,No Filter,Residential: Multifamily (5 or more units),mean,
Vinyl framed window,Windows and frames,gwp_intensity_kg_per_m2_excluding_bio,No Filter,Residential: Multifamily (5 or more units),mean,0.3603836968367406
Wall coverings,Wall coverings,gwp_intensity_kg_per_m2_excluding_bio,No Filter,Residential: Multifamily (5 or more units),mean,0.0201204941241001
Windows and frames - other,Windows and frames,gwp_intensity_kg_per_m2_excluding_bio,No Filter,Residential: Multifamily (5 or more units),mean,0.1454335652083303
Wood I joists,Wood and composites,gwp_intensity_kg_per_m2_excluding_bio,No Filter,Residential: Multifamily (5 or more units),mean,0.690710733170278
Wood and composites - other,Wood and composites,gwp_intensity_kg_per_m2_excluding_bio,No Filter,Residential: Multifamily (5 or more units),mean,1.0194976124986064
Wood door frame,Doors and frames,gwp_intensity_kg_per_m2_excluding_bio,No Filter,Residential: Multifamily (5 or more units),mean,0.5252717253804952
Wood framed window,Windows and frames,gwp_intensity_kg_per_m2_excluding_bio,No Filter,Residential: Multifamily (5 or more units),mean,0.0045796136627885
Wood or composite door,Doors and frames,gwp_intensity_kg_per_m2_excluding_bio,No Filter,Residential: Multifamily (5 or more units),mean,0.9747157612296468
Zinc sheet,Other metals,gwp_intensity_kg_per_m2_excluding_bio,No Filter,Residential: Multifamily (5 or more units),mean,0.0006545047203524
Acoustic ceiling tile aluminum,Acoustic ceilings,gwp_intensity_kg_per_m2_excluding_bio,No Filter,Warehouse and Storage,mean,
Acoustic ceiling tile fiber,Acoustic ceilings,gwp_intensity_kg_per_m2_excluding_bio,No Filter,Warehouse and Storage,mean,0.0935604513522388
Acoustic ceiling tile steel,Acoustic ceilings,gwp_intensity_kg_per_m2_excluding_bio,No Filter,Warehouse and Storage,mean,
Acoustic ceilings - other,Acoustic ceilings,gwp_intensity_kg_per_m2_excluding_bio,No Filter,Warehouse and Storage,mean,
Adhesives and sealants,Adhesives and sealants,gwp_intensity_kg_per_m2_excluding_bio,No Filter,Warehouse and Storage,mean,
Air and vapor barriers,Air and vapor barriers,gwp_intensity_kg_per_m2_excluding_bio,No Filter,Warehouse and Storage,mean,3.064126937050548
Aluminum - other,Aluminum,gwp_intensity_kg_per_m2_excluding_bio,No Filter,Warehouse and Storage,mean,0.2233569636608317
Aluminum composite panel ACM,Cladding,gwp_intensity_kg_per_m2_excluding_bio,No Filter,Warehouse and Storage,mean,2.0847313420363136
Aluminum door,Doors and frames,gwp_intensity_kg_per_m2_excluding_bio,No Filter,Warehouse and Storage,mean,
Aluminum door frame,Doors and frames,gwp_intensity_kg_per_m2_excluding_bio,No Filter,Warehouse and Storage,mean,
Aluminum framed glass entrances,Doors and frames,gwp_intensity_kg_per_m2_excluding_bio,No Filter,Warehouse and Storage,mean,
Aluminum framed window,Windows and frames,gwp_intensity_kg_per_m2_excluding_bio,No Filter,Warehouse and Storage,mean,0.6038045909766376
Aluminum sheet,Aluminum,gwp_intensity_kg_per_m2_excluding_bio,No Filter,Warehouse and Storage,mean,4.067501006113599
Aluminum storefront or curtain wall,Windows and frames,gwp_intensity_kg_per_m2_excluding_bio,No Filter,Warehouse and Storage,mean,2.475605317660783
Applied fireproofing - other,Applied fireproofing,gwp_intensity_kg_per_m2_excluding_bio,No Filter,Warehouse and Storage,mean,0.0903578947368421
Architectural fiber cement panel,Cladding,gwp_intensity_kg_per_m2_excluding_bio,No Filter,Warehouse and Storage,mean,
Asphalt shingles,Roofing and waterproofing,gwp_intensity_kg_per_m2_excluding_bio,No Filter,Warehouse and Storage,mean,1.0764546763150358
Brass,Other metals,gwp_intensity_kg_per_m2_excluding_bio,No Filter,Warehouse and Storage,mean,
Brick clay,Masonry,gwp_intensity_kg_per_m2_excluding_bio,No Filter,Warehouse and Storage,mean,0.2070475830539081
Built up roofing,Roofing and waterproofing,gwp_intensity_kg_per_m2_excluding_bio,No Filter,Warehouse and Storage,mean,
CMU,Masonry,gwp_intensity_kg_per_m2_excluding_bio,No Filter,Warehouse and Storage,mean,2.3578926084829672
Carpet,Flooring and tile,gwp_intensity_kg_per_m2_excluding_bio,No Filter,Warehouse and Storage,mean,0.1838183240797602
Cast bronze,Other metals,gwp_intensity_kg_per_m2_excluding_bio,No Filter,Warehouse and Storage,mean,
Ceramic tile,Flooring and tile,gwp_intensity_kg_per_m2_excluding_bio,No Filter,Warehouse and Storage,mean,
Cladding - other,Cladding,gwp_intensity_kg_per_m2_excluding_bio,No Filter,Warehouse and Storage,mean,0.0511520804727859
Closed cell spray polyurethane foam,Insulation,gwp_intensity_kg_per_m2_excluding_bio,No Filter,Warehouse and Storage,mean,0.0019927302630888
Coatings - other,Coatings,gwp_intensity_kg_per_m2_excluding_bio,No Filter,Warehouse and Storage,mean,2.832797220633181
Cold formed steel framing,Steel,gwp_intensity_kg_per_m2_excluding_bio,No Filter,Warehouse and Storage,mean,2.333150904628959
Concrete - other,Concrete,gwp_intensity_kg_per_m2_excluding_bio,No Filter,Warehouse and Storage,mean,
Copper sheet,Other metals,gwp_intensity_kg_per_m2_excluding_bio,No Filter,Warehouse and Storage,mean,
Cross laminated timber CLT,Wood and composites,gwp_intensity_kg_per_m2_excluding_bio,No Filter,Warehouse and Storage,mean,0.0475226970297868
Decking,Steel,gwp_intensity_kg_per_m2_excluding_bio,No Filter,Warehouse and Storage,mean,16.499295355804918
Doors and frames - other,Doors and frames,gwp_intensity_kg_per_m2_excluding_bio,No Filter,Warehouse and Storage,mean,
EPDM,Roofing and waterproofing,gwp_intensity_kg_per_m2_excluding_bio,No Filter,Warehouse and Storage,mean,1.1362195860875668
Expanded polystyrene EPS,Insulation,gwp_intensity_kg_per_m2_excluding_bio,No Filter,Warehouse and Storage,mean,1.6961592298449353
Extruded polystyrene XPS,Insulation,gwp_intensity_kg_per_m2_excluding_bio,No Filter,Warehouse and Storage,mean,9.587622146994006
Extrusion,Aluminum,gwp_intensity_kg_per_m2_excluding_bio,No Filter,Warehouse and Storage,mean,18.612524456095446
Fasteners,Other metals,gwp_intensity_kg_per_m2_excluding_bio,No Filter,Warehouse and Storage,mean,
Fiberglass blanket,Insulation,gwp_intensity_kg_per_m2_excluding_bio,No Filter,Warehouse and Storage,mean,2.107081234228123
Fiberglass door,Doors and frames,gwp_intensity_kg_per_m2_excluding_bio,No Filter,Warehouse and Storage,mean,0.0475813823266354
Fiberglass framed window,Windows and frames,gwp_intensity_kg_per_m2_excluding_bio,No Filter,Warehouse and Storage,mean,
Flooring and tile - other,Flooring and tile,gwp_intensity_kg_per_m2_excluding_bio,No Filter,Warehouse and Storage,mean,0.07897133919785
GFRC general,Concrete,gwp_intensity_kg_per_m2_excluding_bio,No Filter,Warehouse and Storage,mean,
GFRC panel,Cladding,gwp_intensity_kg_per_m2_excluding_bio,No Filter,Warehouse and Storage,mean,
Glass mat gypsum board,Gypsum,gwp_intensity_kg_per_m2_excluding_bio,No Filter,Warehouse and Storage,mean,0.7264671154449595
Glazing - other,Glazing,gwp_intensity_kg_per_m2_excluding_bio,No Filter,Warehouse and Storage,mean,0.2500839305878937
Glue laminated timber GLT,Wood and composites,gwp_intensity_kg_per_m2_excluding_bio,No Filter,Warehouse and Storage,mean,
Gypsum board,Gypsum,gwp_intensity_kg_per_m2_excluding_bio,No Filter,Warehouse and Storage,mean,0.120060482748813
HDPE,Roofing and waterproofing,gwp_intensity_kg_per_m2_excluding_bio,No Filter,Warehouse and Storage,mean,
Hardwood,Wood and composites,gwp_intensity_kg_per_m2_excluding_bio,No Filter,Warehouse and Storage,mean,
Heavy timber framing,Wood and composites,gwp_intensity_kg_per_m2_excluding_bio,No Filter,Warehouse and Storage,mean,
Hollow structural sections HSS,Steel,gwp_intensity_kg_per_m2_excluding_bio,No Filter,Warehouse and Storage,mean,7.196687772382114
Hot-rolled sections,Steel,gwp_intensity_kg_per_m2_excluding_bio,No Filter,Warehouse and Storage,mean,12.212936277924369
Insulated glass unit IGU,Glazing,gwp_intensity_kg_per_m2_excluding_bio,No Filter,Warehouse and Storage,mean,0.8452087945404761
Insulated metal panel IMP,Cladding,gwp_intensity_kg_per_m2_excluding_bio,No Filter,Warehouse and Storage,mean,9.556803969172693
Insulation - other,Insulation,gwp_intensity_kg_per_m2_excluding_bio,No Filter,Warehouse and Storage,mean,
Intumescent,Applied fireproofing,gwp_intensity_kg_per_m2_excluding_bio,No Filter,Warehouse and Storage,mean,
Laminated strand lumber LSL,Wood and composites,gwp_intensity_kg_per_m2_excluding_bio,No Filter,Warehouse and Storage,mean,
Laminated veneer lumber LVL,Wood and composites,gwp_intensity_kg_per_m2_excluding_bio,No Filter,Warehouse and Storage,mean,
Loose-fill cellulose,Insulation,gwp_intensity_kg_per_m2_excluding_bio,No Filter,Warehouse and Storage,mean,
Masonry - other,Masonry,gwp_intensity_kg_per_m2_excluding_bio,No Filter,Warehouse and Storage,mean,0.5469135461153876
Medium density fiberboard MDF,Wood and composites,gwp_intensity_kg_per_m2_excluding_bio,No Filter,Warehouse and Storage,mean,
Mineral wool high density,Insulation,gwp_intensity_kg_per_m2_excluding_bio,No Filter,Warehouse and Storage,mean,0.0314961175789634
Mineral wool low density,Insulation,gwp_intensity_kg_per_m2_excluding_bio,No Filter,Warehouse and Storage,mean,0.0445423637487847
Modified bitumen,Roofing and waterproofing,gwp_intensity_kg_per_m2_excluding_bio,No Filter,Warehouse and Storage,mean,0.0021598353285418
Mortar and grout,Masonry,gwp_intensity_kg_per_m2_excluding_bio,No Filter,Warehouse and Storage,mean,0.5272486696793356
Open web joists,Steel,gwp_intensity_kg_per_m2_excluding_bio,No Filter,Warehouse and Storage,mean,14.791611747873022
Oriented strand board OSB,Wood and composites,gwp_intensity_kg_per_m2_excluding_bio,No Filter,Warehouse and Storage,mean,1.230614137006116
Other,Other,gwp_intensity_kg_per_m2_excluding_bio,No Filter,Warehouse and Storage,mean,0.8864131443298968
PVC,Roofing and waterproofing,gwp_intensity_kg_per_m2_excluding_bio,No Filter,Warehouse and Storage,mean,1.414401592691849
Paint,Coatings,gwp_intensity_kg_per_m2_excluding_bio,No Filter,Warehouse and Storage,mean,0.2519567820826039
Parallel strand lumber PSL,Wood and composites,gwp_intensity_kg_per_m2_excluding_bio,No Filter,Warehouse and Storage,mean,
Plate,Steel,gwp_intensity_kg_per_m2_excluding_bio,No Filter,Warehouse and Storage,mean,1.0921333578097854
Polyisocyanurate PIR,Insulation,gwp_intensity_kg_per_m2_excluding_bio,No Filter,Warehouse and Storage,mean,5.945824367411771
Precast,Concrete,gwp_intensity_kg_per_m2_excluding_bio,No Filter,Warehouse and Storage,mean,19.1638579075321
Raised access floor system,Flooring and tile,gwp_intensity_kg_per_m2_excluding_bio,No Filter,Warehouse and Storage,mean,
Ready mix LW 3000,Concrete,gwp_intensity_kg_per_m2_excluding_bio,No Filter,Warehouse and Storage,mean,
Ready mix LW 4000,Concrete,gwp_intensity_kg_per_m2_excluding_bio,No Filter,Warehouse and Storage,mean,42.86132530403592
Ready mix LW 5000,Concrete,gwp_intensity_kg_per_m2_excluding_bio,No Filter,Warehouse and Storage,mean,
Ready mix NW 2500,Concrete,gwp_intensity_kg_per_m2_excluding_bio,No Filter,Warehouse and Storage,mean,
Ready mix NW 3000,Concrete,gwp_intensity_kg_per_m2_excluding_bio,No Filter,Warehouse and Storage,mean,3.525715181839288
Ready mix NW 4000,Concrete,gwp_intensity_kg_per_m2_excluding_bio,No Filter,Warehouse and Storage,mean,37.73299576209377
Ready mix NW 5000,Concrete,gwp_intensity_kg_per_m2_excluding_bio,No Filter,Warehouse and Storage,mean,5.297434426831677
Ready mix NW 6000,Concrete,gwp_intensity_kg_per_m2_excluding_bio,No Filter,Warehouse and Storage,mean,
Ready mix NW 8000,Concrete,gwp_intensity_kg_per_m2_excluding_bio,No Filter,Warehouse and Storage,mean,
Ready mix unknown,Concrete,gwp_intensity_kg_per_m2_excluding_bio,No Filter,Warehouse and Storage,mean,19.813162314437697
Rebar and reinforcement,Steel,gwp_intensity_kg_per_m2_excluding_bio,No Filter,Warehouse and Storage,mean,10.59869322758019
Resilient flooring rubber,Flooring and tile,gwp_intensity_kg_per_m2_excluding_bio,No Filter,Warehouse and Storage,mean,
Resilient flooring vinyl,Flooring and tile,gwp_intensity_kg_per_m2_excluding_bio,No Filter,Warehouse and Storage,mean,0.0990218954622826
Roll formed metal panel aluminum,Cladding,gwp_intensity_kg_per_m2_excluding_bio,No Filter,Warehouse and Storage,mean,2.2471467695538907
Roll formed metal panel steel,Cladding,gwp_intensity_kg_per_m2_excluding_bio,No Filter,Warehouse and Storage,mean,2.3434583708962604
Roofing and waterproofing - other,Roofing and waterproofing,gwp_intensity_kg_per_m2_excluding_bio,No Filter,Warehouse and Storage,mean,0.0285175587232264
Softwood framing,Wood and composites,gwp_intensity_kg_per_m2_excluding_bio,No Filter,Warehouse and Storage,mean,0.1723231573230118
Softwood plywood,Wood and composites,gwp_intensity_kg_per_m2_excluding_bio,No Filter,Warehouse and Storage,mean,2.7541538117790103
Spray applied cementitious,Applied fireproofing,gwp_intensity_kg_per_m2_excluding_bio,No Filter,Warehouse and Storage,mean,
Steel - other,Steel,gwp_intensity_kg_per_m2_excluding_bio,No Filter,Warehouse and Storage,mean,0.8440718432140699
Steel door,Doors and frames,gwp_intensity_kg_per_m2_excluding_bio,No Filter,Warehouse and Storage,mean,2.5800369066431568
Steel door frame,Doors and frames,gwp_intensity_kg_per_m2_excluding_bio,No Filter,Warehouse and Storage,mean,
Steel framed window,Windows and frames,gwp_intensity_kg_per_m2_excluding_bio,No Filter,Warehouse and Storage,mean,
Steel sheet,Steel,gwp_intensity_kg_per_m2_excluding_bio,No Filter,Warehouse and Storage,mean,0.3270286414971948
Stone masonry,Masonry,gwp_intensity_kg_per_m2_excluding_bio,No Filter,Warehouse and Storage,mean,
Stone tile,Flooring and tile,gwp_intensity_kg_per_m2_excluding_bio,No Filter,Warehouse and Storage,mean,
Stucco finish,Cladding,gwp_intensity_kg_per_m2_excluding_bio,No Filter,Warehouse and Storage,mean,
Suspension assembly,Acoustic ceilings,gwp_intensity_kg_per_m2_excluding_bio,No Filter,Warehouse and Storage,mean,0.0114920819219501
Synthetic composites,Synthetic composites,gwp_intensity_kg_per_m2_excluding_bio,No Filter,Warehouse and Storage,mean,0.4465982470833737
TPO,Roofing and waterproofing,gwp_intensity_kg_per_m2_excluding_bio,No Filter,Warehouse and Storage,mean,1.0153572057781726
Terracotta units,Cladding,gwp_intensity_kg_per_m2_excluding_bio,No Filter,Warehouse and Storage,mean,
Terrazzo slabs and tiles,Flooring and tile,gwp_intensity_kg_per_m2_excluding_bio,No Filter,Warehouse and Storage,mean,
Vinyl framed window,Windows and frames,gwp_intensity_kg_per_m2_excluding_bio,No Filter,Warehouse and Storage,mean,
Wall coverings,Wall coverings,gwp_intensity_kg_per_m2_excluding_bio,No Filter,Warehouse and Storage,mean,
Windows and frames - other,Windows and frames,gwp_intensity_kg_per_m2_excluding_bio,No Filter,Warehouse and Storage,mean,0.8734531309233543
Wood I joists,Wood and composites,gwp_intensity_kg_per_m2_excluding_bio,No Filter,Warehouse and Storage,mean,
Wood and composites - other,Wood and composites,gwp_intensity_kg_per_m2_excluding_bio,No Filter,Warehouse and Storage,mean,
Wood door frame,Doors and frames,gwp_intensity_kg_per_m2_excluding_bio,No Filter,Warehouse and Storage,mean,
Wood framed window,Windows and frames,gwp_intensity_kg_per_m2_excluding_bio,No Filter,Warehouse and Storage,mean,
Wood or composite door,Doors and frames,gwp_intensity_kg_per_m2_excluding_bio,No Filter,Warehouse and Storage,mean,0.066765385275181
Zinc sheet,Other metals,gwp_intensity_kg_per_m2_excluding_bio,No Filter,Warehouse and Storage,mean,
Acoustic ceiling tile aluminum,Acoustic ceilings,material_intensity_kg_per_m2,No Filter,Others,mean,0.178646696327783
Acoustic ceiling tile fiber,Acoustic ceilings,material_intensity_kg_per_m2,No Filter,Others,mean,0.6797504726240792
Acoustic ceiling tile steel,Acoustic ceilings,material_intensity_kg_per_m2,No Filter,Others,mean,0.2287579556780916
Acoustic ceilings - other,Acoustic ceilings,material_intensity_kg_per_m2,No Filter,Others,mean,0.6310335868919388
Adhesives and sealants,Adhesives and sealants,material_intensity_kg_per_m2,No Filter,Others,mean,0.1921113029902468
Air and vapor barriers,Air and vapor barriers,material_intensity_kg_per_m2,No Filter,Others,mean,0.7496596599500982
Aluminum - other,Aluminum,material_intensity_kg_per_m2,No Filter,Others,mean,0.7005173683647552
Aluminum composite panel ACM,Cladding,material_intensity_kg_per_m2,No Filter,Others,mean,0.1746418174297979
Aluminum door,Doors and frames,material_intensity_kg_per_m2,No Filter,Others,mean,0.1047250193584885
Aluminum door frame,Doors and frames,material_intensity_kg_per_m2,No Filter,Others,mean,0.0249363739138792
Aluminum framed glass entrances,Doors and frames,material_intensity_kg_per_m2,No Filter,Others,mean,0.0765867606226522
Aluminum framed window,Windows and frames,material_intensity_kg_per_m2,No Filter,Others,mean,0.0651029091981522
Aluminum sheet,Aluminum,material_intensity_kg_per_m2,No Filter,Others,mean,0.9285505073388765
Aluminum storefront or curtain wall,Windows and frames,material_intensity_kg_per_m2,No Filter,Others,mean,0.3117913637636479
Applied fireproofing - other,Applied fireproofing,material_intensity_kg_per_m2,No Filter,Others,mean,1.9384931507513528
Architectural fiber cement panel,Cladding,material_intensity_kg_per_m2,No Filter,Others,mean,0.672987890343405
Asphalt shingles,Roofing and waterproofing,material_intensity_kg_per_m2,No Filter,Others,mean,1.0387709423585303
Brass,Other metals,material_intensity_kg_per_m2,No Filter,Others,mean,0.0088895741323537
Brick clay,Masonry,material_intensity_kg_per_m2,No Filter,Others,mean,12.17281452527131
Built up roofing,Roofing and waterproofing,material_intensity_kg_per_m2,No Filter,Others,mean,0.0973736440820919
CMU,Masonry,material_intensity_kg_per_m2,No Filter,Others,mean,15.892859938200788
Carpet,Flooring and tile,material_intensity_kg_per_m2,No Filter,Others,mean,0.0583135348343571
Cast bronze,Other metals,material_intensity_kg_per_m2,No Filter,Others,mean,0.0499064837084882
Ceramic tile,Flooring and tile,material_intensity_kg_per_m2,No Filter,Others,mean,0.1854588294414335
Cladding - other,Cladding,material_intensity_kg_per_m2,No Filter,Others,mean,0.2448983741361489
Closed cell spray polyurethane foam,Insulation,material_intensity_kg_per_m2,No Filter,Others,mean,0.2563411605830867
Coatings - other,Coatings,material_intensity_kg_per_m2,No Filter,Others,mean,0.2172503137583258
Cold formed steel framing,Steel,material_intensity_kg_per_m2,No Filter,Others,mean,3.652914652165115
Concrete - other,Concrete,material_intensity_kg_per_m2,No Filter,Others,mean,6.401728257658443
Copper sheet,Other metals,material_intensity_kg_per_m2,No Filter,Others,mean,0.2503740400070568
Cross laminated timber CLT,Wood and composites,material_intensity_kg_per_m2,No Filter,Others,mean,13.970155830269103
Decking,Steel,material_intensity_kg_per_m2,No Filter,Others,mean,6.200328046233451
Doors and frames - other,Doors and frames,material_intensity_kg_per_m2,No Filter,Others,mean,0.1811518664601943
EPDM,Roofing and waterproofing,material_intensity_kg_per_m2,No Filter,Others,mean,0.102464624112583
Expanded polystyrene EPS,Insulation,material_intensity_kg_per_m2,No Filter,Others,mean,0.3497003924994726
Extruded polystyrene XPS,Insulation,material_intensity_kg_per_m2,No Filter,Others,mean,0.4164091353576102
Extrusion,Aluminum,material_intensity_kg_per_m2,No Filter,Others,mean,1.5034022485653793
Fasteners,Other metals,material_intensity_kg_per_m2,No Filter,Others,mean,0.0037596353261113
Fiberglass blanket,Insulation,material_intensity_kg_per_m2,No Filter,Others,mean,0.7379854327771281
Fiberglass door,Doors and frames,material_intensity_kg_per_m2,No Filter,Others,mean,0.068856350811185
Fiberglass framed window,Windows and frames,material_intensity_kg_per_m2,No Filter,Others,mean,1.0336037686553414
Flooring and tile - other,Flooring and tile,material_intensity_kg_per_m2,No Filter,Others,mean,0.0795483189304717
GFRC general,Concrete,material_intensity_kg_per_m2,No Filter,Others,mean,1.718877667800622
GFRC panel,Cladding,material_intensity_kg_per_m2,No Filter,Others,mean,0.0931780730708581
Glass mat gypsum board,Gypsum,material_intensity_kg_per_m2,No Filter,Others,mean,5.857391328596369
Glazing - other,Glazing,material_intensity_kg_per_m2,No Filter,Others,mean,1.5385400770293
Glue laminated timber GLT,Wood and composites,material_intensity_kg_per_m2,No Filter,Others,mean,4.935379240239748
Gypsum board,Gypsum,material_intensity_kg_per_m2,No Filter,Others,mean,28.23953944076398
HDPE,Roofing and waterproofing,material_intensity_kg_per_m2,No Filter,Others,mean,0.0865118663022511
Hardwood,Wood and composites,material_intensity_kg_per_m2,No Filter,Others,mean,0.8383238128382927
Heavy timber framing,Wood and composites,material_intensity_kg_per_m2,No Filter,Others,mean,0.5780911330406673
Hollow structural sections HSS,Steel,material_intensity_kg_per_m2,No Filter,Others,mean,7.262467412668034
Hot-rolled sections,Steel,material_intensity_kg_per_m2,No Filter,Others,mean,23.284305307474195
Insulated glass unit IGU,Glazing,material_intensity_kg_per_m2,No Filter,Others,mean,3.2271326741079216
Insulated metal panel IMP,Cladding,material_intensity_kg_per_m2,No Filter,Others,mean,0.532789448186006
Insulation - other,Insulation,material_intensity_kg_per_m2,No Filter,Others,mean,0.2056910897836708
Intumescent,Applied fireproofing,material_intensity_kg_per_m2,No Filter,Others,mean,0.2804735811451802
Laminated strand lumber LSL,Wood and composites,material_intensity_kg_per_m2,No Filter,Others,mean,0.6049424042300563
Laminated veneer lumber LVL,Wood and composites,material_intensity_kg_per_m2,No Filter,Others,mean,1.609563733826736
Loose-fill cellulose,Insulation,material_intensity_kg_per_m2,No Filter,Others,mean,0.486592998414468
Masonry - other,Masonry,material_intensity_kg_per_m2,No Filter,Others,mean,18.37344225809412
Medium density fiberboard MDF,Wood and composites,material_intensity_kg_per_m2,No Filter,Others,mean,0.2260790014627481
Mineral wool high density,Insulation,material_intensity_kg_per_m2,No Filter,Others,mean,2.024228548342504
Mineral wool low density,Insulation,material_intensity_kg_per_m2,No Filter,Others,mean,0.7703770327270265
Modified bitumen,Roofing and waterproofing,material_intensity_kg_per_m2,No Filter,Others,mean,0.3285706334191473
Mortar and grout,Masonry,material_intensity_kg_per_m2,No Filter,Others,mean,9.578706038585244
Open web joists,Steel,material_intensity_kg_per_m2,No Filter,Others,mean,6.907248350586482
Oriented strand board OSB,Wood and composites,material_intensity_kg_per_m2,No Filter,Others,mean,1.2238278406923144
Other,Other,material_intensity_kg_per_m2,No Filter,Others,mean,0.6012215453594472
PVC,Roofing and waterproofing,material_intensity_kg_per_m2,No Filter,Others,mean,0.119131427133673
Paint,Coatings,material_intensity_kg_per_m2,No Filter,Others,mean,0.4475657733284931
Parallel strand lumber PSL,Wood and composites,material_intensity_kg_per_m2,No Filter,Others,mean,0.3300809439347791
Plate,Steel,material_intensity_kg_per_m2,No Filter,Others,mean,3.1572416237173058
Polyisocyanurate PIR,Insulation,material_intensity_kg_per_m2,No Filter,Others,mean,1.1925823349743212
Precast,Concrete,material_intensity_kg_per_m2,No Filter,Others,mean,19.858816227946043
Raised access floor system,Flooring and tile,material_intensity_kg_per_m2,No Filter,Others,mean,1.5382596626183094
Ready mix LW 3000,Concrete,material_intensity_kg_per_m2,No Filter,Others,mean,19.00812894147007
Ready mix LW 4000,Concrete,material_intensity_kg_per_m2,No Filter,Others,mean,39.007614154827706
Ready mix LW 5000,Concrete,material_intensity_kg_per_m2,No Filter,Others,mean,36.56263380760306
Ready mix NW 2500,Concrete,material_intensity_kg_per_m2,No Filter,Others,mean,17.97693604464671
Ready mix NW 3000,Concrete,material_intensity_kg_per_m2,No Filter,Others,mean,52.07141965581036
Ready mix NW 4000,Concrete,material_intensity_kg_per_m2,No Filter,Others,mean,174.6209940483508
Ready mix NW 5000,Concrete,material_intensity_kg_per_m2,No Filter,Others,mean,129.5477666782458
Ready mix NW 6000,Concrete,material_intensity_kg_per_m2,No Filter,Others,mean,146.3107005459894
Ready mix NW 8000,Concrete,material_intensity_kg_per_m2,No Filter,Others,mean,50.043269402672365
Ready mix unknown,Concrete,material_intensity_kg_per_m2,No Filter,Others,mean,206.57529188543447
Rebar and reinforcement,Steel,material_intensity_kg_per_m2,No Filter,Others,mean,28.99578825556273
Resilient flooring rubber,Flooring and tile,material_intensity_kg_per_m2,No Filter,Others,mean,0.0285752640276097
Resilient flooring vinyl,Flooring and tile,material_intensity_kg_per_m2,No Filter,Others,mean,0.1260718527997393
Roll formed metal panel aluminum,Cladding,material_intensity_kg_per_m2,No Filter,Others,mean,0.1452079156741437
Roll formed metal panel steel,Cladding,material_intensity_kg_per_m2,No Filter,Others,mean,0.3059627523117116
Roofing and waterproofing - other,Roofing and waterproofing,material_intensity_kg_per_m2,No Filter,Others,mean,0.1230393954510897
Softwood framing,Wood and composites,material_intensity_kg_per_m2,No Filter,Others,mean,3.209343215122588
Softwood plywood,Wood and composites,material_intensity_kg_per_m2,No Filter,Others,mean,1.448897896765363
Spray applied cementitious,Applied fireproofing,material_intensity_kg_per_m2,No Filter,Others,mean,9.041477307215432
Steel - other,Steel,material_intensity_kg_per_m2,No Filter,Others,mean,2.257394952482916
Steel door,Doors and frames,material_intensity_kg_per_m2,No Filter,Others,mean,0.3251008842792126
Steel door frame,Doors and frames,material_intensity_kg_per_m2,No Filter,Others,mean,0.0242128726973915
Steel framed window,Windows and frames,material_intensity_kg_per_m2,No Filter,Others,mean,0.0114647056969674
Steel sheet,Steel,material_intensity_kg_per_m2,No Filter,Others,mean,2.632982432387765
Stone masonry,Masonry,material_intensity_kg_per_m2,No Filter,Others,mean,3.066231428233605
Stone tile,Flooring and tile,material_intensity_kg_per_m2,No Filter,Others,mean,0.2623226576335034
Stucco finish,Cladding,material_intensity_kg_per_m2,No Filter,Others,mean,0.8126894991214514
Suspension assembly,Acoustic ceilings,material_intensity_kg_per_m2,No Filter,Others,mean,0.3207795373556668
Synthetic composites,Synthetic composites,material_intensity_kg_per_m2,No Filter,Others,mean,1.0567842130110796
TPO,Roofing and waterproofing,material_intensity_kg_per_m2,No Filter,Others,mean,0.1295126476398559
Terracotta units,Cladding,material_intensity_kg_per_m2,No Filter,Others,mean,1.2334962747657654
Terrazzo slabs and tiles,Flooring and tile,material_intensity_kg_per_m2,No Filter,Others,mean,0.1619365924118706
Vinyl framed window,Windows and frames,material_intensity_kg_per_m2,No Filter,Others,mean,0.0823258486987272
Wall coverings,Wall coverings,material_intensity_kg_per_m2,No Filter,Others,mean,0.0515307234619363
Windows and frames - other,Windows and frames,material_intensity_kg_per_m2,No Filter,Others,mean,0.0430404250738111
Wood I joists,Wood and composites,material_intensity_kg_per_m2,No Filter,Others,mean,1.0188622954078932
Wood and composites - other,Wood and composites,material_intensity_kg_per_m2,No Filter,Others,mean,1.5801244084298316
Wood door frame,Doors and frames,material_intensity_kg_per_m2,No Filter,Others,mean,0.0438564615777544
Wood framed window,Windows and frames,material_intensity_kg_per_m2,No Filter,Others,mean,0.0157028690452216
Wood or composite door,Doors and frames,material_intensity_kg_per_m2,No Filter,Others,mean,0.6071311572131575
Zinc sheet,Other metals,material_intensity_kg_per_m2,No Filter,Others,mean,0.0168601238539024
Acoustic ceiling tile aluminum,Acoustic ceilings,material_intensity_kg_per_m2,No Filter,Education,mean,0.5188474209753725
Acoustic ceiling tile fiber,Acoustic ceilings,material_intensity_kg_per_m2,No Filter,Education,mean,0.8644921733479058
Acoustic ceiling tile steel,Acoustic ceilings,material_intensity_kg_per_m2,No Filter,Education,mean,0.0036721339845833
Acoustic ceilings - other,Acoustic ceilings,material_intensity_kg_per_m2,No Filter,Education,mean,1.3006672104916384
Adhesives and sealants,Adhesives and sealants,material_intensity_kg_per_m2,No Filter,Education,mean,0.2372832820745883
Air and vapor barriers,Air and vapor barriers,material_intensity_kg_per_m2,No Filter,Education,mean,0.9935429974869072
Aluminum - other,Aluminum,material_intensity_kg_per_m2,No Filter,Education,mean,0.8367792009323641
Aluminum composite panel ACM,Cladding,material_intensity_kg_per_m2,No Filter,Education,mean,0.1781889318013661
Aluminum door,Doors and frames,material_intensity_kg_per_m2,No Filter,Education,mean,0.0997839098191447
Aluminum door frame,Doors and frames,material_intensity_kg_per_m2,No Filter,Education,mean,0.0196333800474302
Aluminum framed glass entrances,Doors and frames,material_intensity_kg_per_m2,No Filter,Education,mean,
Aluminum framed window,Windows and frames,material_intensity_kg_per_m2,No Filter,Education,mean,0.0308101247708239
Aluminum sheet,Aluminum,material_intensity_kg_per_m2,No Filter,Education,mean,0.3736509611472803
Aluminum storefront or curtain wall,Windows and frames,material_intensity_kg_per_m2,No Filter,Education,mean,0.2180552540013106
Applied fireproofing - other,Applied fireproofing,material_intensity_kg_per_m2,No Filter,Education,mean,
Architectural fiber cement panel,Cladding,material_intensity_kg_per_m2,No Filter,Education,mean,0.3714934570872317
Asphalt shingles,Roofing and waterproofing,material_intensity_kg_per_m2,No Filter,Education,mean,1.3698240031413869
Brass,Other metals,material_intensity_kg_per_m2,No Filter,Education,mean,
Brick clay,Masonry,material_intensity_kg_per_m2,No Filter,Education,mean,9.93291562480266
Built up roofing,Roofing and waterproofing,material_intensity_kg_per_m2,No Filter,Education,mean,0.1116886470605504
CMU,Masonry,material_intensity_kg_per_m2,No Filter,Education,mean,9.916980194637889
Carpet,Flooring and tile,material_intensity_kg_per_m2,No Filter,Education,mean,0.2385237814578298
Cast bronze,Other metals,material_intensity_kg_per_m2,No Filter,Education,mean,
Ceramic tile,Flooring and tile,material_intensity_kg_per_m2,No Filter,Education,mean,0.6894936286505052
Cladding - other,Cladding,material_intensity_kg_per_m2,No Filter,Education,mean,0.0029966028847218
Closed cell spray polyurethane foam,Insulation,material_intensity_kg_per_m2,No Filter,Education,mean,0.658491282939532
Coatings - other,Coatings,material_intensity_kg_per_m2,No Filter,Education,mean,0.1837734491560933
Cold formed steel framing,Steel,material_intensity_kg_per_m2,No Filter,Education,mean,4.61033801747182
Concrete - other,Concrete,material_intensity_kg_per_m2,No Filter,Education,mean,3.5846554473273025
Copper sheet,Other metals,material_intensity_kg_per_m2,No Filter,Education,mean,0.7742473832517467
Cross laminated timber CLT,Wood and composites,material_intensity_kg_per_m2,No Filter,Education,mean,18.93485578064817
Decking,Steel,material_intensity_kg_per_m2,No Filter,Education,mean,7.2692996972693456
Doors and frames - other,Doors and frames,material_intensity_kg_per_m2,No Filter,Education,mean,0.1444024164815863
EPDM,Roofing and waterproofing,material_intensity_kg_per_m2,No Filter,Education,mean,0.1256316063281923
Expanded polystyrene EPS,Insulation,material_intensity_kg_per_m2,No Filter,Education,mean,0.1982297696337066
Extruded polystyrene XPS,Insulation,material_intensity_kg_per_m2,No Filter,Education,mean,0.5190978950940227
Extrusion,Aluminum,material_intensity_kg_per_m2,No Filter,Education,mean,1.453597695348224
Fasteners,Other metals,material_intensity_kg_per_m2,No Filter,Education,mean,0.0029684758407163
Fiberglass blanket,Insulation,material_intensity_kg_per_m2,No Filter,Education,mean,0.6719207387791155
Fiberglass door,Doors and frames,material_intensity_kg_per_m2,No Filter,Education,mean,0.3109735913288757
Fiberglass framed window,Windows and frames,material_intensity_kg_per_m2,No Filter,Education,mean,1.13222324216347
Flooring and tile - other,Flooring and tile,material_intensity_kg_per_m2,No Filter,Education,mean,0.2850921914871001
GFRC general,Concrete,material_intensity_kg_per_m2,No Filter,Education,mean,0.7698137401932865
GFRC panel,Cladding,material_intensity_kg_per_m2,No Filter,Education,mean,0.1888374667843383
Glass mat gypsum board,Gypsum,material_intensity_kg_per_m2,No Filter,Education,mean,7.60445264507528
Glazing - other,Glazing,material_intensity_kg_per_m2,No Filter,Education,mean,2.0354911415302688
Glue laminated timber GLT,Wood and composites,material_intensity_kg_per_m2,No Filter,Education,mean,6.878781582328459
Gypsum board,Gypsum,material_intensity_kg_per_m2,No Filter,Education,mean,32.23130314233085
HDPE,Roofing and waterproofing,material_intensity_kg_per_m2,No Filter,Education,mean,0.1458735257717281
Hardwood,Wood and composites,material_intensity_kg_per_m2,No Filter,Education,mean,0.2361164259630004
Heavy timber framing,Wood and composites,material_intensity_kg_per_m2,No Filter,Education,mean,1.948741399040245
Hollow structural sections HSS,Steel,material_intensity_kg_per_m2,No Filter,Education,mean,5.618768129737533
Hot-rolled sections,Steel,material_intensity_kg_per_m2,No Filter,Education,mean,22.298086396441807
Insulated glass unit IGU,Glazing,material_intensity_kg_per_m2,No Filter,Education,mean,4.008839422451726
Insulated metal panel IMP,Cladding,material_intensity_kg_per_m2,No Filter,Education,mean,0.0094083408173492
Insulation - other,Insulation,material_intensity_kg_per_m2,No Filter,Education,mean,0.0217890685996207
Intumescent,Applied fireproofing,material_intensity_kg_per_m2,No Filter,Education,mean,0.2365228978489817
Laminated strand lumber LSL,Wood and composites,material_intensity_kg_per_m2,No Filter,Education,mean,0.2898029903875092
Laminated veneer lumber LVL,Wood and composites,material_intensity_kg_per_m2,No Filter,Education,mean,1.4679976613460806
Loose-fill cellulose,Insulation,material_intensity_kg_per_m2,No Filter,Education,mean,0.0191137136485348
Masonry - other,Masonry,material_intensity_kg_per_m2,No Filter,Education,mean,41.94297984778264
Medium density fiberboard MDF,Wood and composites,material_intensity_kg_per_m2,No Filter,Education,mean,0.3460482924330802
Mineral wool high density,Insulation,material_intensity_kg_per_m2,No Filter,Education,mean,2.626258565454463
Mineral wool low density,Insulation,material_intensity_kg_per_m2,No Filter,Education,mean,1.3776273704541468
Modified bitumen,Roofing and waterproofing,material_intensity_kg_per_m2,No Filter,Education,mean,0.2763092235890941
Mortar and grout,Masonry,material_intensity_kg_per_m2,No Filter,Education,mean,4.882644682494305
Open web joists,Steel,material_intensity_kg_per_m2,No Filter,Education,mean,3.991659983068339
Oriented strand board OSB,Wood and composites,material_intensity_kg_per_m2,No Filter,Education,mean,1.269881453836882
Other,Other,material_intensity_kg_per_m2,No Filter,Education,mean,0.983650423429438
PVC,Roofing and waterproofing,material_intensity_kg_per_m2,No Filter,Education,mean,0.1189652071882289
Paint,Coatings,material_intensity_kg_per_m2,No Filter,Education,mean,0.4913948046517752
Parallel strand lumber PSL,Wood and composites,material_intensity_kg_per_m2,No Filter,Education,mean,0.1351014771471594
Plate,Steel,material_intensity_kg_per_m2,No Filter,Education,mean,1.463219106057538
Polyisocyanurate PIR,Insulation,material_intensity_kg_per_m2,No Filter,Education,mean,1.6495702423673635
Precast,Concrete,material_intensity_kg_per_m2,No Filter,Education,mean,22.20858730848415
Raised access floor system,Flooring and tile,material_intensity_kg_per_m2,No Filter,Education,mean,
Ready mix LW 3000,Concrete,material_intensity_kg_per_m2,No Filter,Education,mean,27.993802631100767
Ready mix LW 4000,Concrete,material_intensity_kg_per_m2,No Filter,Education,mean,60.99908016558145
Ready mix LW 5000,Concrete,material_intensity_kg_per_m2,No Filter,Education,mean,10.870550288043162
Ready mix NW 2500,Concrete,material_intensity_kg_per_m2,No Filter,Education,mean,72.72822377000782
Ready mix NW 3000,Concrete,material_intensity_kg_per_m2,No Filter,Education,mean,53.78176359911802
Ready mix NW 4000,Concrete,material_intensity_kg_per_m2,No Filter,Education,mean,191.2655989053017
Ready mix NW 5000,Concrete,material_intensity_kg_per_m2,No Filter,Education,mean,107.70584941973422
Ready mix NW 6000,Concrete,material_intensity_kg_per_m2,No Filter,Education,mean,178.5897282464189
Ready mix NW 8000,Concrete,material_intensity_kg_per_m2,No Filter,Education,mean,
Ready mix unknown,Concrete,material_intensity_kg_per_m2,No Filter,Education,mean,180.38602335319763
Rebar and reinforcement,Steel,material_intensity_kg_per_m2,No Filter,Education,mean,30.0043223930139
Resilient flooring rubber,Flooring and tile,material_intensity_kg_per_m2,No Filter,Education,mean,0.0574924758340402
Resilient flooring vinyl,Flooring and tile,material_intensity_kg_per_m2,No Filter,Education,mean,0.2584853252657486
Roll formed metal panel aluminum,Cladding,material_intensity_kg_per_m2,No Filter,Education,mean,0.0646841358884507
Roll formed metal panel steel,Cladding,material_intensity_kg_per_m2,No Filter,Education,mean,0.1567817670827529
Roofing and waterproofing - other,Roofing and waterproofing,material_intensity_kg_per_m2,No Filter,Education,mean,0.1477851347286586
Softwood framing,Wood and composites,material_intensity_kg_per_m2,No Filter,Education,mean,5.384010552619915
Softwood plywood,Wood and composites,material_intensity_kg_per_m2,No Filter,Education,mean,1.0405668406619666
Spray applied cementitious,Applied fireproofing,material_intensity_kg_per_m2,No Filter,Education,mean,15.670719139671355
Steel - other,Steel,material_intensity_kg_per_m2,No Filter,Education,mean,1.72766519880546
Steel door,Doors and frames,material_intensity_kg_per_m2,No Filter,Education,mean,0.2330228607955228
Steel door frame,Doors and frames,material_intensity_kg_per_m2,No Filter,Education,mean,0.0189596379067246
Steel framed window,Windows and frames,material_intensity_kg_per_m2,No Filter,Education,mean,0.0034633303190443
Steel sheet,Steel,material_intensity_kg_per_m2,No Filter,Education,mean,3.736389947658315
Stone masonry,Masonry,material_intensity_kg_per_m2,No Filter,Education,mean,3.212211655897104
Stone tile,Flooring and tile,material_intensity_kg_per_m2,No Filter,Education,mean,0.1669961074316749
Stucco finish,Cladding,material_intensity_kg_per_m2,No Filter,Education,mean,0.3827389013174325
Suspension assembly,Acoustic ceilings,material_intensity_kg_per_m2,No Filter,Education,mean,0.8326714953828825
Synthetic composites,Synthetic composites,material_intensity_kg_per_m2,No Filter,Education,mean,1.6706617842947502
TPO,Roofing and waterproofing,material_intensity_kg_per_m2,No Filter,Education,mean,0.0815196136958353
Terracotta units,Cladding,material_intensity_kg_per_m2,No Filter,Education,mean,1.8697474249368096
Terrazzo slabs and tiles,Flooring and tile,material_intensity_kg_per_m2,No Filter,Education,mean,0.931636494667325
Vinyl framed window,Windows and frames,material_intensity_kg_per_m2,No Filter,Education,mean,0.0827382191636268
Wall coverings,Wall coverings,material_intensity_kg_per_m2,No Filter,Education,mean,0.0629493827801934
Windows and frames - other,Windows and frames,material_intensity_kg_per_m2,No Filter,Education,mean,
Wood I joists,Wood and composites,material_intensity_kg_per_m2,No Filter,Education,mean,0.0099114228473386
Wood and composites - other,Wood and composites,material_intensity_kg_per_m2,No Filter,Education,mean,5.125535743081633
Wood door frame,Doors and frames,material_intensity_kg_per_m2,No Filter,Education,mean,0.0246629461638031
Wood framed window,Windows and frames,material_intensity_kg_per_m2,No Filter,Education,mean,0.028643819868389
Wood or composite door,Doors and frames,material_intensity_kg_per_m2,No Filter,Education,mean,0.3137118817827742
Zinc sheet,Other metals,material_intensity_kg_per_m2,No Filter,Education,mean,
Acoustic ceiling tile aluminum,Acoustic ceilings,material_intensity_kg_per_m2,No Filter,Healthcare,mean,0.0963671866637261
Acoustic ceiling tile fiber,Acoustic ceilings,material_intensity_kg_per_m2,No Filter,Healthcare,mean,1.3443111071653506
Acoustic ceiling tile steel,Acoustic ceilings,material_intensity_kg_per_m2,No Filter,Healthcare,mean,
Acoustic ceilings - other,Acoustic ceilings,material_intensity_kg_per_m2,No Filter,Healthcare,mean,0.0598019433848248
Adhesives and sealants,Adhesives and sealants,material_intensity_kg_per_m2,No Filter,Healthcare,mean,0.2471562162154565
Air and vapor barriers,Air and vapor barriers,material_intensity_kg_per_m2,No Filter,Healthcare,mean,0.4836591899323523
Aluminum - other,Aluminum,material_intensity_kg_per_m2,No Filter,Healthcare,mean,0.6254402588787886
Aluminum composite panel ACM,Cladding,material_intensity_kg_per_m2,No Filter,Healthcare,mean,0.4431597809748283
Aluminum door,Doors and frames,material_intensity_kg_per_m2,No Filter,Healthcare,mean,0.0742431096502566
Aluminum door frame,Doors and frames,material_intensity_kg_per_m2,No Filter,Healthcare,mean,0.0524462325663044
Aluminum framed glass entrances,Doors and frames,material_intensity_kg_per_m2,No Filter,Healthcare,mean,
Aluminum framed window,Windows and frames,material_intensity_kg_per_m2,No Filter,Healthcare,mean,0.0290508932489483
Aluminum sheet,Aluminum,material_intensity_kg_per_m2,No Filter,Healthcare,mean,0.5623728900539486
Aluminum storefront or curtain wall,Windows and frames,material_intensity_kg_per_m2,No Filter,Healthcare,mean,0.6640298043582843
Applied fireproofing - other,Applied fireproofing,material_intensity_kg_per_m2,No Filter,Healthcare,mean,
Architectural fiber cement panel,Cladding,material_intensity_kg_per_m2,No Filter,Healthcare,mean,0.4634716452741572
Asphalt shingles,Roofing and waterproofing,material_intensity_kg_per_m2,No Filter,Healthcare,mean,
Brass,Other metals,material_intensity_kg_per_m2,No Filter,Healthcare,mean,
Brick clay,Masonry,material_intensity_kg_per_m2,No Filter,Healthcare,mean,13.01787332064322
Built up roofing,Roofing and waterproofing,material_intensity_kg_per_m2,No Filter,Healthcare,mean,0.0219736173561175
CMU,Masonry,material_intensity_kg_per_m2,No Filter,Healthcare,mean,4.40421126813895
Carpet,Flooring and tile,material_intensity_kg_per_m2,No Filter,Healthcare,mean,0.1442491222619982
Cast bronze,Other metals,material_intensity_kg_per_m2,No Filter,Healthcare,mean,0.0172355315518605
Ceramic tile,Flooring and tile,material_intensity_kg_per_m2,No Filter,Healthcare,mean,0.546003194563188
Cladding - other,Cladding,material_intensity_kg_per_m2,No Filter,Healthcare,mean,
Closed cell spray polyurethane foam,Insulation,material_intensity_kg_per_m2,No Filter,Healthcare,mean,0.0022997455671039
Coatings - other,Coatings,material_intensity_kg_per_m2,No Filter,Healthcare,mean,0.1297542082080262
Cold formed steel framing,Steel,material_intensity_kg_per_m2,No Filter,Healthcare,mean,4.282644621955597
Concrete - other,Concrete,material_intensity_kg_per_m2,No Filter,Healthcare,mean,0.4584059043932147
Copper sheet,Other metals,material_intensity_kg_per_m2,No Filter,Healthcare,mean,0.5945909935997297
Cross laminated timber CLT,Wood and composites,material_intensity_kg_per_m2,No Filter,Healthcare,mean,
Decking,Steel,material_intensity_kg_per_m2,No Filter,Healthcare,mean,6.30768798938624
Doors and frames - other,Doors and frames,material_intensity_kg_per_m2,No Filter,Healthcare,mean,0.3679469764521252
EPDM,Roofing and waterproofing,material_intensity_kg_per_m2,No Filter,Healthcare,mean,0.1073220362319034
Expanded polystyrene EPS,Insulation,material_intensity_kg_per_m2,No Filter,Healthcare,mean,0.1883845691703452
Extruded polystyrene XPS,Insulation,material_intensity_kg_per_m2,No Filter,Healthcare,mean,0.1210306022780174
Extrusion,Aluminum,material_intensity_kg_per_m2,No Filter,Healthcare,mean,0.7830608890315046
Fasteners,Other metals,material_intensity_kg_per_m2,No Filter,Healthcare,mean,0.0171196179879731
Fiberglass blanket,Insulation,material_intensity_kg_per_m2,No Filter,Healthcare,mean,0.2708652065212827
Fiberglass door,Doors and frames,material_intensity_kg_per_m2,No Filter,Healthcare,mean,
Fiberglass framed window,Windows and frames,material_intensity_kg_per_m2,No Filter,Healthcare,mean,
Flooring and tile - other,Flooring and tile,material_intensity_kg_per_m2,No Filter,Healthcare,mean,0.0550463744212364
GFRC general,Concrete,material_intensity_kg_per_m2,No Filter,Healthcare,mean,0.0318483094636199
GFRC panel,Cladding,material_intensity_kg_per_m2,No Filter,Healthcare,mean,
Glass mat gypsum board,Gypsum,material_intensity_kg_per_m2,No Filter,Healthcare,mean,5.980543392706241
Glazing - other,Glazing,material_intensity_kg_per_m2,No Filter,Healthcare,mean,2.4543080819403267
Glue laminated timber GLT,Wood and composites,material_intensity_kg_per_m2,No Filter,Healthcare,mean,
Gypsum board,Gypsum,material_intensity_kg_per_m2,No Filter,Healthcare,mean,42.64998678619478
HDPE,Roofing and waterproofing,material_intensity_kg_per_m2,No Filter,Healthcare,mean,
Hardwood,Wood and composites,material_intensity_kg_per_m2,No Filter,Healthcare,mean,0.1221258495102213
Heavy timber framing,Wood and composites,material_intensity_kg_per_m2,No Filter,Healthcare,mean,
Hollow structural sections HSS,Steel,material_intensity_kg_per_m2,No Filter,Healthcare,mean,11.76350609288428
Hot-rolled sections,Steel,material_intensity_kg_per_m2,No Filter,Healthcare,mean,46.85927040713735
Insulated glass unit IGU,Glazing,material_intensity_kg_per_m2,No Filter,Healthcare,mean,2.585344025231884
Insulated metal panel IMP,Cladding,material_intensity_kg_per_m2,No Filter,Healthcare,mean,0.6707700004984427
Insulation - other,Insulation,material_intensity_kg_per_m2,No Filter,Healthcare,mean,0.2544108719692827
Intumescent,Applied fireproofing,material_intensity_kg_per_m2,No Filter,Healthcare,mean,0.5499057132396883
Laminated strand lumber LSL,Wood and composites,material_intensity_kg_per_m2,No Filter,Healthcare,mean,
Laminated veneer lumber LVL,Wood and composites,material_intensity_kg_per_m2,No Filter,Healthcare,mean,0.0235456930133898
Loose-fill cellulose,Insulation,material_intensity_kg_per_m2,No Filter,Healthcare,mean,1.2114931329988188
Masonry - other,Masonry,material_intensity_kg_per_m2,No Filter,Healthcare,mean,
Medium density fiberboard MDF,Wood and composites,material_intensity_kg_per_m2,No Filter,Healthcare,mean,0.3766362869978025
Mineral wool high density,Insulation,material_intensity_kg_per_m2,No Filter,Healthcare,mean,2.447384655437385
Mineral wool low density,Insulation,material_intensity_kg_per_m2,No Filter,Healthcare,mean,0.3804333880838565
Modified bitumen,Roofing and waterproofing,material_intensity_kg_per_m2,No Filter,Healthcare,mean,0.0786438897256292
Mortar and grout,Masonry,material_intensity_kg_per_m2,No Filter,Healthcare,mean,5.025962752692089
Open web joists,Steel,material_intensity_kg_per_m2,No Filter,Healthcare,mean,1.4486889370489615
Oriented strand board OSB,Wood and composites,material_intensity_kg_per_m2,No Filter,Healthcare,mean,0.7420517908382417
Other,Other,material_intensity_kg_per_m2,No Filter,Healthcare,mean,0.0937415876364836
PVC,Roofing and waterproofing,material_intensity_kg_per_m2,No Filter,Healthcare,mean,0.3211365941810618
Paint,Coatings,material_intensity_kg_per_m2,No Filter,Healthcare,mean,0.5917386441146733
Parallel strand lumber PSL,Wood and composites,material_intensity_kg_per_m2,No Filter,Healthcare,mean,
Plate,Steel,material_intensity_kg_per_m2,No Filter,Healthcare,mean,4.858939461632373
Polyisocyanurate PIR,Insulation,material_intensity_kg_per_m2,No Filter,Healthcare,mean,0.7071160520125832
Precast,Concrete,material_intensity_kg_per_m2,No Filter,Healthcare,mean,10.997718651036358
Raised access floor system,Flooring and tile,material_intensity_kg_per_m2,No Filter,Healthcare,mean,
Ready mix LW 3000,Concrete,material_intensity_kg_per_m2,No Filter,Healthcare,mean,37.0461775050099
Ready mix LW 4000,Concrete,material_intensity_kg_per_m2,No Filter,Healthcare,mean,13.37864407703333
Ready mix LW 5000,Concrete,material_intensity_kg_per_m2,No Filter,Healthcare,mean,0.5856134702865842
Ready mix NW 2500,Concrete,material_intensity_kg_per_m2,No Filter,Healthcare,mean,18.102439340364963
Ready mix NW 3000,Concrete,material_intensity_kg_per_m2,No Filter,Healthcare,mean,65.12049998519721
Ready mix NW 4000,Concrete,material_intensity_kg_per_m2,No Filter,Healthcare,mean,143.61453624111854
Ready mix NW 5000,Concrete,material_intensity_kg_per_m2,No Filter,Healthcare,mean,181.36802898078025
Ready mix NW 6000,Concrete,material_intensity_kg_per_m2,No Filter,Healthcare,mean,49.31986653881886
Ready mix NW 8000,Concrete,material_intensity_kg_per_m2,No Filter,Healthcare,mean,35.627399571842254
Ready mix unknown,Concrete,material_intensity_kg_per_m2,No Filter,Healthcare,mean,286.7985030069878
Rebar and reinforcement,Steel,material_intensity_kg_per_m2,No Filter,Healthcare,mean,29.86444968987392
Resilient flooring rubber,Flooring and tile,material_intensity_kg_per_m2,No Filter,Healthcare,mean,
Resilient flooring vinyl,Flooring and tile,material_intensity_kg_per_m2,No Filter,Healthcare,mean,0.7139249858233512
Roll formed metal panel aluminum,Cladding,material_intensity_kg_per_m2,No Filter,Healthcare,mean,0.004752233457149
Roll formed metal panel steel,Cladding,material_intensity_kg_per_m2,No Filter,Healthcare,mean,0.1092391243492767
Roofing and waterproofing - other,Roofing and waterproofing,material_intensity_kg_per_m2,No Filter,Healthcare,mean,0.0499654751966135
Softwood framing,Wood and composites,material_intensity_kg_per_m2,No Filter,Healthcare,mean,0.2771156030336249
Softwood plywood,Wood and composites,material_intensity_kg_per_m2,No Filter,Healthcare,mean,0.2587659823510526
Spray applied cementitious,Applied fireproofing,material_intensity_kg_per_m2,No Filter,Healthcare,mean,17.469757102476873
Steel - other,Steel,material_intensity_kg_per_m2,No Filter,Healthcare,mean,1.24609984721185
Steel door,Doors and frames,material_intensity_kg_per_m2,No Filter,Healthcare,mean,0.4565999463247012
Steel door frame,Doors and frames,material_intensity_kg_per_m2,No Filter,Healthcare,mean,0.0365247361171699
Steel framed window,Windows and frames,material_intensity_kg_per_m2,No Filter,Healthcare,mean,0.1003661314187447
Steel sheet,Steel,material_intensity_kg_per_m2,No Filter,Healthcare,mean,12.091029921568325
Stone masonry,Masonry,material_intensity_kg_per_m2,No Filter,Healthcare,mean,2.4477441595861698
Stone tile,Flooring and tile,material_intensity_kg_per_m2,No Filter,Healthcare,mean,1.0856471546770872
Stucco finish,Cladding,material_intensity_kg_per_m2,No Filter,Healthcare,mean,1.319969660024632
Suspension assembly,Acoustic ceilings,material_intensity_kg_per_m2,No Filter,Healthcare,mean,0.4405173331291453
Synthetic composites,Synthetic composites,material_intensity_kg_per_m2,No Filter,Healthcare,mean,0.3436228306083695
TPO,Roofing and waterproofing,material_intensity_kg_per_m2,No Filter,Healthcare,mean,0.1010090573947819
Terracotta units,Cladding,material_intensity_kg_per_m2,No Filter,Healthcare,mean,
Terrazzo slabs and tiles,Flooring and tile,material_intensity_kg_per_m2,No Filter,Healthcare,mean,0.2371256286945167
Vinyl framed window,Windows and frames,material_intensity_kg_per_m2,No Filter,Healthcare,mean,
Wall coverings,Wall coverings,material_intensity_kg_per_m2,No Filter,Healthcare,mean,0.0430375739460338
Windows and frames - other,Windows and frames,material_intensity_kg_per_m2,No Filter,Healthcare,mean,
Wood I joists,Wood and composites,material_intensity_kg_per_m2,No Filter,Healthcare,mean,
Wood and composites - other,Wood and composites,material_intensity_kg_per_m2,No Filter,Healthcare,mean,
Wood door frame,Doors and frames,material_intensity_kg_per_m2,No Filter,Healthcare,mean,0.0047134196155388
Wood framed window,Windows and frames,material_intensity_kg_per_m2,No Filter,Healthcare,mean,0.0002038451213884
Wood or composite door,Doors and frames,material_intensity_kg_per_m2,No Filter,Healthcare,mean,0.9262286432233348
Zinc sheet,Other metals,material_intensity_kg_per_m2,No Filter,Healthcare,mean,0.0001076064293063
Acoustic ceiling tile aluminum,Acoustic ceilings,material_intensity_kg_per_m2,No Filter,Laboratory,mean,0.001489051311736
Acoustic ceiling tile fiber,Acoustic ceilings,material_intensity_kg_per_m2,No Filter,Laboratory,mean,0.2658077357586635
Acoustic ceiling tile steel,Acoustic ceilings,material_intensity_kg_per_m2,No Filter,Laboratory,mean,0.7437223213084821
Acoustic ceilings - other,Acoustic ceilings,material_intensity_kg_per_m2,No Filter,Laboratory,mean,
Adhesives and sealants,Adhesives and sealants,material_intensity_kg_per_m2,No Filter,Laboratory,mean,0.1525244091586895
Air and vapor barriers,Air and vapor barriers,material_intensity_kg_per_m2,No Filter,Laboratory,mean,0.5867769128205764
Aluminum - other,Aluminum,material_intensity_kg_per_m2,No Filter,Laboratory,mean,0.7699491442996486
Aluminum composite panel ACM,Cladding,material_intensity_kg_per_m2,No Filter,Laboratory,mean,0.2276930621796454
Aluminum door,Doors and frames,material_intensity_kg_per_m2,No Filter,Laboratory,mean,0.0974647923609369
Aluminum door frame,Doors and frames,material_intensity_kg_per_m2,No Filter,Laboratory,mean,0.0111601938580323
Aluminum framed glass entrances,Doors and frames,material_intensity_kg_per_m2,No Filter,Laboratory,mean,0.029285828565976
Aluminum framed window,Windows and frames,material_intensity_kg_per_m2,No Filter,Laboratory,mean,0.022973109358127
Aluminum sheet,Aluminum,material_intensity_kg_per_m2,No Filter,Laboratory,mean,1.6033991926545246
Aluminum storefront or curtain wall,Windows and frames,material_intensity_kg_per_m2,No Filter,Laboratory,mean,1.7504580886281829
Applied fireproofing - other,Applied fireproofing,material_intensity_kg_per_m2,No Filter,Laboratory,mean,
Architectural fiber cement panel,Cladding,material_intensity_kg_per_m2,No Filter,Laboratory,mean,0.2975296320259366
Asphalt shingles,Roofing and waterproofing,material_intensity_kg_per_m2,No Filter,Laboratory,mean,
Brass,Other metals,material_intensity_kg_per_m2,No Filter,Laboratory,mean,0.0286204977831463
Brick clay,Masonry,material_intensity_kg_per_m2,No Filter,Laboratory,mean,16.956118674862317
Built up roofing,Roofing and waterproofing,material_intensity_kg_per_m2,No Filter,Laboratory,mean,0.1534946958753218
CMU,Masonry,material_intensity_kg_per_m2,No Filter,Laboratory,mean,13.934902413715829
Carpet,Flooring and tile,material_intensity_kg_per_m2,No Filter,Laboratory,mean,0.1502744808721079
Cast bronze,Other metals,material_intensity_kg_per_m2,No Filter,Laboratory,mean,0.3162906805259052
Ceramic tile,Flooring and tile,material_intensity_kg_per_m2,No Filter,Laboratory,mean,0.7548917582804459
Cladding - other,Cladding,material_intensity_kg_per_m2,No Filter,Laboratory,mean,
Closed cell spray polyurethane foam,Insulation,material_intensity_kg_per_m2,No Filter,Laboratory,mean,0.0293568522741626
Coatings - other,Coatings,material_intensity_kg_per_m2,No Filter,Laboratory,mean,0.3466040554187348
Cold formed steel framing,Steel,material_intensity_kg_per_m2,No Filter,Laboratory,mean,4.118499954173385
Concrete - other,Concrete,material_intensity_kg_per_m2,No Filter,Laboratory,mean,3.291462808495744
Copper sheet,Other metals,material_intensity_kg_per_m2,No Filter,Laboratory,mean,
Cross laminated timber CLT,Wood and composites,material_intensity_kg_per_m2,No Filter,Laboratory,mean,
Decking,Steel,material_intensity_kg_per_m2,No Filter,Laboratory,mean,8.894673032825743
Doors and frames - other,Doors and frames,material_intensity_kg_per_m2,No Filter,Laboratory,mean,0.1680019693649769
EPDM,Roofing and waterproofing,material_intensity_kg_per_m2,No Filter,Laboratory,mean,0.0634276474062777
Expanded polystyrene EPS,Insulation,material_intensity_kg_per_m2,No Filter,Laboratory,mean,0.0107095480226367
Extruded polystyrene XPS,Insulation,material_intensity_kg_per_m2,No Filter,Laboratory,mean,0.3889072947572948
Extrusion,Aluminum,material_intensity_kg_per_m2,No Filter,Laboratory,mean,2.1855434027451643
Fasteners,Other metals,material_intensity_kg_per_m2,No Filter,Laboratory,mean,0.0104228968546368
Fiberglass blanket,Insulation,material_intensity_kg_per_m2,No Filter,Laboratory,mean,0.8519672063019794
Fiberglass door,Doors and frames,material_intensity_kg_per_m2,No Filter,Laboratory,mean,0.0103491627710285
Fiberglass framed window,Windows and frames,material_intensity_kg_per_m2,No Filter,Laboratory,mean,
Flooring and tile - other,Flooring and tile,material_intensity_kg_per_m2,No Filter,Laboratory,mean,0.4259519311251667
GFRC general,Concrete,material_intensity_kg_per_m2,No Filter,Laboratory,mean,
GFRC panel,Cladding,material_intensity_kg_per_m2,No Filter,Laboratory,mean,
Glass mat gypsum board,Gypsum,material_intensity_kg_per_m2,No Filter,Laboratory,mean,3.8783144408955663
Glazing - other,Glazing,material_intensity_kg_per_m2,No Filter,Laboratory,mean,2.4102788396784445
Glue laminated timber GLT,Wood and composites,material_intensity_kg_per_m2,No Filter,Laboratory,mean,
Gypsum board,Gypsum,material_intensity_kg_per_m2,No Filter,Laboratory,mean,10.76696518429122
HDPE,Roofing and waterproofing,material_intensity_kg_per_m2,No Filter,Laboratory,mean,0.0007392245521035
Hardwood,Wood and composites,material_intensity_kg_per_m2,No Filter,Laboratory,mean,0.1083131980688881
Heavy timber framing,Wood and composites,material_intensity_kg_per_m2,No Filter,Laboratory,mean,
Hollow structural sections HSS,Steel,material_intensity_kg_per_m2,No Filter,Laboratory,mean,14.408579628361034
Hot-rolled sections,Steel,material_intensity_kg_per_m2,No Filter,Laboratory,mean,56.24101645852456
Insulated glass unit IGU,Glazing,material_intensity_kg_per_m2,No Filter,Laboratory,mean,5.085992752906983
Insulated metal panel IMP,Cladding,material_intensity_kg_per_m2,No Filter,Laboratory,mean,0.4973789862074609
Insulation - other,Insulation,material_intensity_kg_per_m2,No Filter,Laboratory,mean,0.3453297677134814
Intumescent,Applied fireproofing,material_intensity_kg_per_m2,No Filter,Laboratory,mean,0.462484738999824
Laminated strand lumber LSL,Wood and composites,material_intensity_kg_per_m2,No Filter,Laboratory,mean,
Laminated veneer lumber LVL,Wood and composites,material_intensity_kg_per_m2,No Filter,Laboratory,mean,
Loose-fill cellulose,Insulation,material_intensity_kg_per_m2,No Filter,Laboratory,mean,0.2791580913921433
Masonry - other,Masonry,material_intensity_kg_per_m2,No Filter,Laboratory,mean,6.85749195428015
Medium density fiberboard MDF,Wood and composites,material_intensity_kg_per_m2,No Filter,Laboratory,mean,0.0722243152790759
Mineral wool high density,Insulation,material_intensity_kg_per_m2,No Filter,Laboratory,mean,1.7052697765884883
Mineral wool low density,Insulation,material_intensity_kg_per_m2,No Filter,Laboratory,mean,0.7628730724320787
Modified bitumen,Roofing and waterproofing,material_intensity_kg_per_m2,No Filter,Laboratory,mean,0.6956474634945813
Mortar and grout,Masonry,material_intensity_kg_per_m2,No Filter,Laboratory,mean,8.350384727589857
Open web joists,Steel,material_intensity_kg_per_m2,No Filter,Laboratory,mean,0.4945721907062007
Oriented strand board OSB,Wood and composites,material_intensity_kg_per_m2,No Filter,Laboratory,mean,0.3619472988946767
Other,Other,material_intensity_kg_per_m2,No Filter,Laboratory,mean,0.3019979396331434
PVC,Roofing and waterproofing,material_intensity_kg_per_m2,No Filter,Laboratory,mean,0.1156831973420578
Paint,Coatings,material_intensity_kg_per_m2,No Filter,Laboratory,mean,0.3543085816562685
Parallel strand lumber PSL,Wood and composites,material_intensity_kg_per_m2,No Filter,Laboratory,mean,
Plate,Steel,material_intensity_kg_per_m2,No Filter,Laboratory,mean,0.7963251109222194
Polyisocyanurate PIR,Insulation,material_intensity_kg_per_m2,No Filter,Laboratory,mean,0.4667044873625381
Precast,Concrete,material_intensity_kg_per_m2,No Filter,Laboratory,mean,19.02408541820147
Raised access floor system,Flooring and tile,material_intensity_kg_per_m2,No Filter,Laboratory,mean,0.8407763241819206
Ready mix LW 3000,Concrete,material_intensity_kg_per_m2,No Filter,Laboratory,mean,9.048985684645231
Ready mix LW 4000,Concrete,material_intensity_kg_per_m2,No Filter,Laboratory,mean,10.254936579868057
Ready mix LW 5000,Concrete,material_intensity_kg_per_m2,No Filter,Laboratory,mean,
Ready mix NW 2500,Concrete,material_intensity_kg_per_m2,No Filter,Laboratory,mean,2.692109322548468
Ready mix NW 3000,Concrete,material_intensity_kg_per_m2,No Filter,Laboratory,mean,51.96194177807354
Ready mix NW 4000,Concrete,material_intensity_kg_per_m2,No Filter,Laboratory,mean,331.72577523666115
Ready mix NW 5000,Concrete,material_intensity_kg_per_m2,No Filter,Laboratory,mean,147.50303357019607
Ready mix NW 6000,Concrete,material_intensity_kg_per_m2,No Filter,Laboratory,mean,177.24627223329313
Ready mix NW 8000,Concrete,material_intensity_kg_per_m2,No Filter,Laboratory,mean,42.97446489944063
Ready mix unknown,Concrete,material_intensity_kg_per_m2,No Filter,Laboratory,mean,123.48074075675876
Rebar and reinforcement,Steel,material_intensity_kg_per_m2,No Filter,Laboratory,mean,35.997602780945805
Resilient flooring rubber,Flooring and tile,material_intensity_kg_per_m2,No Filter,Laboratory,mean,
Resilient flooring vinyl,Flooring and tile,material_intensity_kg_per_m2,No Filter,Laboratory,mean,0.0016704244376972
Roll formed metal panel aluminum,Cladding,material_intensity_kg_per_m2,No Filter,Laboratory,mean,0.5008416033238993
Roll formed metal panel steel,Cladding,material_intensity_kg_per_m2,No Filter,Laboratory,mean,0.1382571550230172
Roofing and waterproofing - other,Roofing and waterproofing,material_intensity_kg_per_m2,No Filter,Laboratory,mean,0.3321905119033657
Softwood framing,Wood and composites,material_intensity_kg_per_m2,No Filter,Laboratory,mean,0.110071206898508
Softwood plywood,Wood and composites,material_intensity_kg_per_m2,No Filter,Laboratory,mean,0.0723181562535634
Spray applied cementitious,Applied fireproofing,material_intensity_kg_per_m2,No Filter,Laboratory,mean,14.40444838327574
Steel - other,Steel,material_intensity_kg_per_m2,No Filter,Laboratory,mean,8.005163717172582
Steel door,Doors and frames,material_intensity_kg_per_m2,No Filter,Laboratory,mean,0.1325795611118676
Steel door frame,Doors and frames,material_intensity_kg_per_m2,No Filter,Laboratory,mean,0.0085189509461333
Steel framed window,Windows and frames,material_intensity_kg_per_m2,No Filter,Laboratory,mean,0.0002605730142972
Steel sheet,Steel,material_intensity_kg_per_m2,No Filter,Laboratory,mean,1.9193708761075672
Stone masonry,Masonry,material_intensity_kg_per_m2,No Filter,Laboratory,mean,0.9913350902688012
Stone tile,Flooring and tile,material_intensity_kg_per_m2,No Filter,Laboratory,mean,
Stucco finish,Cladding,material_intensity_kg_per_m2,No Filter,Laboratory,mean,0.9304300338360432
Suspension assembly,Acoustic ceilings,material_intensity_kg_per_m2,No Filter,Laboratory,mean,0.1663121397722113
Synthetic composites,Synthetic composites,material_intensity_kg_per_m2,No Filter,Laboratory,mean,3.1719830947766345
TPO,Roofing and waterproofing,material_intensity_kg_per_m2,No Filter,Laboratory,mean,0.2484936618166626
Terracotta units,Cladding,material_intensity_kg_per_m2,No Filter,Laboratory,mean,0.754489921690185
Terrazzo slabs and tiles,Flooring and tile,material_intensity_kg_per_m2,No Filter,Laboratory,mean,
Vinyl framed window,Windows and frames,material_intensity_kg_per_m2,No Filter,Laboratory,mean,
Wall coverings,Wall coverings,material_intensity_kg_per_m2,No Filter,Laboratory,mean,0.1015385907660042
Windows and frames - other,Windows and frames,material_intensity_kg_per_m2,No Filter,Laboratory,mean,0.0502877091264184
Wood I joists,Wood and composites,material_intensity_kg_per_m2,No Filter,Laboratory,mean,
Wood and composites - other,Wood and composites,material_intensity_kg_per_m2,No Filter,Laboratory,mean,0.0484286064871476
Wood door frame,Doors and frames,material_intensity_kg_per_m2,No Filter,Laboratory,mean,0.0004608168938417
Wood framed window,Windows and frames,material_intensity_kg_per_m2,No Filter,Laboratory,mean,0.0004449969989786
Wood or composite door,Doors and frames,material_intensity_kg_per_m2,No Filter,Laboratory,mean,0.3290477340603641
Zinc sheet,Other metals,material_intensity_kg_per_m2,No Filter,Laboratory,mean,0.0819695541783284
Acoustic ceiling tile aluminum,Acoustic ceilings,material_intensity_kg_per_m2,No Filter,Office,mean,0.2781835166215766
Acoustic ceiling tile fiber,Acoustic ceilings,material_intensity_kg_per_m2,No Filter,Office,mean,2.339955800266232
Acoustic ceiling tile steel,Acoustic ceilings,material_intensity_kg_per_m2,No Filter,Office,mean,0.3098439327337239
Acoustic ceilings - other,Acoustic ceilings,material_intensity_kg_per_m2,No Filter,Office,mean,0.3327179191450506
Adhesives and sealants,Adhesives and sealants,material_intensity_kg_per_m2,No Filter,Office,mean,0.1509737206890014
Air and vapor barriers,Air and vapor barriers,material_intensity_kg_per_m2,No Filter,Office,mean,0.5483388763180809
Aluminum - other,Aluminum,material_intensity_kg_per_m2,No Filter,Office,mean,1.1150610451586789
Aluminum composite panel ACM,Cladding,material_intensity_kg_per_m2,No Filter,Office,mean,0.1279855091287267
Aluminum door,Doors and frames,material_intensity_kg_per_m2,No Filter,Office,mean,0.0621934183795154
Aluminum door frame,Doors and frames,material_intensity_kg_per_m2,No Filter,Office,mean,0.0241215894832633
Aluminum framed glass entrances,Doors and frames,material_intensity_kg_per_m2,No Filter,Office,mean,0.1023492864411982
Aluminum framed window,Windows and frames,material_intensity_kg_per_m2,No Filter,Office,mean,0.7004119665563229
Aluminum sheet,Aluminum,material_intensity_kg_per_m2,No Filter,Office,mean,1.0276620400542984
Aluminum storefront or curtain wall,Windows and frames,material_intensity_kg_per_m2,No Filter,Office,mean,1.43543496320776
Applied fireproofing - other,Applied fireproofing,material_intensity_kg_per_m2,No Filter,Office,mean,
Architectural fiber cement panel,Cladding,material_intensity_kg_per_m2,No Filter,Office,mean,1.1289849034279096
Asphalt shingles,Roofing and waterproofing,material_intensity_kg_per_m2,No Filter,Office,mean,
Brass,Other metals,material_intensity_kg_per_m2,No Filter,Office,mean,
Brick clay,Masonry,material_intensity_kg_per_m2,No Filter,Office,mean,8.246568959083305
Built up roofing,Roofing and waterproofing,material_intensity_kg_per_m2,No Filter,Office,mean,0.0609856380398389
CMU,Masonry,material_intensity_kg_per_m2,No Filter,Office,mean,23.95694818729999
Carpet,Flooring and tile,material_intensity_kg_per_m2,No Filter,Office,mean,0.0705550210009979
Cast bronze,Other metals,material_intensity_kg_per_m2,No Filter,Office,mean,
Ceramic tile,Flooring and tile,material_intensity_kg_per_m2,No Filter,Office,mean,0.0978767911272151
Cladding - other,Cladding,material_intensity_kg_per_m2,No Filter,Office,mean,
Closed cell spray polyurethane foam,Insulation,material_intensity_kg_per_m2,No Filter,Office,mean,0.4889579586064058
Coatings - other,Coatings,material_intensity_kg_per_m2,No Filter,Office,mean,0.2131126992385141
Cold formed steel framing,Steel,material_intensity_kg_per_m2,No Filter,Office,mean,4.738341021175707
Concrete - other,Concrete,material_intensity_kg_per_m2,No Filter,Office,mean,1.803738901540243
Copper sheet,Other metals,material_intensity_kg_per_m2,No Filter,Office,mean,
Cross laminated timber CLT,Wood and composites,material_intensity_kg_per_m2,No Filter,Office,mean,13.222061302927418
Decking,Steel,material_intensity_kg_per_m2,No Filter,Office,mean,7.850912572286859
Doors and frames - other,Doors and frames,material_intensity_kg_per_m2,No Filter,Office,mean,0.1647801279197595
EPDM,Roofing and waterproofing,material_intensity_kg_per_m2,No Filter,Office,mean,0.0814415863876941
Expanded polystyrene EPS,Insulation,material_intensity_kg_per_m2,No Filter,Office,mean,0.4997357195774831
Extruded polystyrene XPS,Insulation,material_intensity_kg_per_m2,No Filter,Office,mean,0.2947627749410428
Extrusion,Aluminum,material_intensity_kg_per_m2,No Filter,Office,mean,2.149779811017864
Fasteners,Other metals,material_intensity_kg_per_m2,No Filter,Office,mean,0.0751290850733156
Fiberglass blanket,Insulation,material_intensity_kg_per_m2,No Filter,Office,mean,0.7058244364041797
Fiberglass door,Doors and frames,material_intensity_kg_per_m2,No Filter,Office,mean,0.0360532097117194
Fiberglass framed window,Windows and frames,material_intensity_kg_per_m2,No Filter,Office,mean,
Flooring and tile - other,Flooring and tile,material_intensity_kg_per_m2,No Filter,Office,mean,0.0412169341219715
GFRC general,Concrete,material_intensity_kg_per_m2,No Filter,Office,mean,1.7465791746458836
GFRC panel,Cladding,material_intensity_kg_per_m2,No Filter,Office,mean,0.0028570899147406
Glass mat gypsum board,Gypsum,material_intensity_kg_per_m2,No Filter,Office,mean,5.579163607491955
Glazing - other,Glazing,material_intensity_kg_per_m2,No Filter,Office,mean,2.1393700339881887
Glue laminated timber GLT,Wood and composites,material_intensity_kg_per_m2,No Filter,Office,mean,4.814047556180771
Gypsum board,Gypsum,material_intensity_kg_per_m2,No Filter,Office,mean,19.12102330363759
HDPE,Roofing and waterproofing,material_intensity_kg_per_m2,No Filter,Office,mean,0.1411106939067954
Hardwood,Wood and composites,material_intensity_kg_per_m2,No Filter,Office,mean,1.5963529953316222
Heavy timber framing,Wood and composites,material_intensity_kg_per_m2,No Filter,Office,mean,0.0452706312030406
Hollow structural sections HSS,Steel,material_intensity_kg_per_m2,No Filter,Office,mean,7.763217899908091
Hot-rolled sections,Steel,material_intensity_kg_per_m2,No Filter,Office,mean,18.070836086995463
Insulated glass unit IGU,Glazing,material_intensity_kg_per_m2,No Filter,Office,mean,3.3972281138721305
Insulated metal panel IMP,Cladding,material_intensity_kg_per_m2,No Filter,Office,mean,0.7994274601031338
Insulation - other,Insulation,material_intensity_kg_per_m2,No Filter,Office,mean,0.1411781867383147
Intumescent,Applied fireproofing,material_intensity_kg_per_m2,No Filter,Office,mean,0.4569835779910229
Laminated strand lumber LSL,Wood and composites,material_intensity_kg_per_m2,No Filter,Office,mean,0.0018223762241076
Laminated veneer lumber LVL,Wood and composites,material_intensity_kg_per_m2,No Filter,Office,mean,3.040721817015512
Loose-fill cellulose,Insulation,material_intensity_kg_per_m2,No Filter,Office,mean,0.0207395480145313
Masonry - other,Masonry,material_intensity_kg_per_m2,No Filter,Office,mean,
Medium density fiberboard MDF,Wood and composites,material_intensity_kg_per_m2,No Filter,Office,mean,0.2909345464031268
Mineral wool high density,Insulation,material_intensity_kg_per_m2,No Filter,Office,mean,2.075909229600984
Mineral wool low density,Insulation,material_intensity_kg_per_m2,No Filter,Office,mean,0.6833335107072391
Modified bitumen,Roofing and waterproofing,material_intensity_kg_per_m2,No Filter,Office,mean,0.5894446593262477
Mortar and grout,Masonry,material_intensity_kg_per_m2,No Filter,Office,mean,12.321227817125123
Open web joists,Steel,material_intensity_kg_per_m2,No Filter,Office,mean,4.747363360193463
Oriented strand board OSB,Wood and composites,material_intensity_kg_per_m2,No Filter,Office,mean,2.404191092145051
Other,Other,material_intensity_kg_per_m2,No Filter,Office,mean,1.2149531300981733
PVC,Roofing and waterproofing,material_intensity_kg_per_m2,No Filter,Office,mean,0.1189629757199937
Paint,Coatings,material_intensity_kg_per_m2,No Filter,Office,mean,0.3577418139436688
Parallel strand lumber PSL,Wood and composites,material_intensity_kg_per_m2,No Filter,Office,mean,0.6601547028301236
Plate,Steel,material_intensity_kg_per_m2,No Filter,Office,mean,1.9189969478009408
Polyisocyanurate PIR,Insulation,material_intensity_kg_per_m2,No Filter,Office,mean,0.9528482899166032
Precast,Concrete,material_intensity_kg_per_m2,No Filter,Office,mean,24.600799588216848
Raised access floor system,Flooring and tile,material_intensity_kg_per_m2,No Filter,Office,mean,2.134291981112185
Ready mix LW 3000,Concrete,material_intensity_kg_per_m2,No Filter,Office,mean,28.774818335667256
Ready mix LW 4000,Concrete,material_intensity_kg_per_m2,No Filter,Office,mean,20.49609424790705
Ready mix LW 5000,Concrete,material_intensity_kg_per_m2,No Filter,Office,mean,0.4225199950831393
Ready mix NW 2500,Concrete,material_intensity_kg_per_m2,No Filter,Office,mean,38.19281890513727
Ready mix NW 3000,Concrete,material_intensity_kg_per_m2,No Filter,Office,mean,96.73498688627316
Ready mix NW 4000,Concrete,material_intensity_kg_per_m2,No Filter,Office,mean,164.51071608959214
Ready mix NW 5000,Concrete,material_intensity_kg_per_m2,No Filter,Office,mean,125.82631457928784
Ready mix NW 6000,Concrete,material_intensity_kg_per_m2,No Filter,Office,mean,167.43987307714536
Ready mix NW 8000,Concrete,material_intensity_kg_per_m2,No Filter,Office,mean,55.59430547109609
Ready mix unknown,Concrete,material_intensity_kg_per_m2,No Filter,Office,mean,227.71043499232525
Rebar and reinforcement,Steel,material_intensity_kg_per_m2,No Filter,Office,mean,33.00635931862044
Resilient flooring rubber,Flooring and tile,material_intensity_kg_per_m2,No Filter,Office,mean,0.0192690545107826
Resilient flooring vinyl,Flooring and tile,material_intensity_kg_per_m2,No Filter,Office,mean,0.0367308827729411
Roll formed metal panel aluminum,Cladding,material_intensity_kg_per_m2,No Filter,Office,mean,0.1098787918588606
Roll formed metal panel steel,Cladding,material_intensity_kg_per_m2,No Filter,Office,mean,0.5516865040700436
Roofing and waterproofing - other,Roofing and waterproofing,material_intensity_kg_per_m2,No Filter,Office,mean,0.1329372760481055
Softwood framing,Wood and composites,material_intensity_kg_per_m2,No Filter,Office,mean,2.606185836709017
Softwood plywood,Wood and composites,material_intensity_kg_per_m2,No Filter,Office,mean,1.2439605537448697
Spray applied cementitious,Applied fireproofing,material_intensity_kg_per_m2,No Filter,Office,mean,8.108641483594084
Steel - other,Steel,material_intensity_kg_per_m2,No Filter,Office,mean,4.314882954793265
Steel door,Doors and frames,material_intensity_kg_per_m2,No Filter,Office,mean,0.3591838738455589
Steel door frame,Doors and frames,material_intensity_kg_per_m2,No Filter,Office,mean,0.0311930450235663
Steel framed window,Windows and frames,material_intensity_kg_per_m2,No Filter,Office,mean,0.0452906209136829
Steel sheet,Steel,material_intensity_kg_per_m2,No Filter,Office,mean,0.6876236952484589
Stone masonry,Masonry,material_intensity_kg_per_m2,No Filter,Office,mean,1.8447547433547136
Stone tile,Flooring and tile,material_intensity_kg_per_m2,No Filter,Office,mean,0.4975985527559303
Stucco finish,Cladding,material_intensity_kg_per_m2,No Filter,Office,mean,1.6657352179323377
Suspension assembly,Acoustic ceilings,material_intensity_kg_per_m2,No Filter,Office,mean,0.1822362822479253
Synthetic composites,Synthetic composites,material_intensity_kg_per_m2,No Filter,Office,mean,0.9578793363331528
TPO,Roofing and waterproofing,material_intensity_kg_per_m2,No Filter,Office,mean,0.2151434779127834
Terracotta units,Cladding,material_intensity_kg_per_m2,No Filter,Office,mean,
Terrazzo slabs and tiles,Flooring and tile,material_intensity_kg_per_m2,No Filter,Office,mean,0.0683724570267647
Vinyl framed window,Windows and frames,material_intensity_kg_per_m2,No Filter,Office,mean,
Wall coverings,Wall coverings,material_intensity_kg_per_m2,No Filter,Office,mean,0.0549346728587912
Windows and frames - other,Windows and frames,material_intensity_kg_per_m2,No Filter,Office,mean,0.2203169305131794
Wood I joists,Wood and composites,material_intensity_kg_per_m2,No Filter,Office,mean,0.542189253519698
Wood and composites - other,Wood and composites,material_intensity_kg_per_m2,No Filter,Office,mean,0.6521484781909148
Wood door frame,Doors and frames,material_intensity_kg_per_m2,No Filter,Office,mean,0.0021306748662611
Wood framed window,Windows and frames,material_intensity_kg_per_m2,No Filter,Office,mean,
Wood or composite door,Doors and frames,material_intensity_kg_per_m2,No Filter,Office,mean,0.2218593559200658
Zinc sheet,Other metals,material_intensity_kg_per_m2,No Filter,Office,mean,0.0353119619017281
Acoustic ceiling tile aluminum,Acoustic ceilings,material_intensity_kg_per_m2,No Filter,Other,mean,0.1593007202905427
Acoustic ceiling tile fiber,Acoustic ceilings,material_intensity_kg_per_m2,No Filter,Other,mean,0.1760823713907778
Acoustic ceiling tile steel,Acoustic ceilings,material_intensity_kg_per_m2,No Filter,Other,mean,0.3353616826352584
Acoustic ceilings - other,Acoustic ceilings,material_intensity_kg_per_m2,No Filter,Other,mean,0.5226643223188505
Adhesives and sealants,Adhesives and sealants,material_intensity_kg_per_m2,No Filter,Other,mean,0.2085836010363398
Air and vapor barriers,Air and vapor barriers,material_intensity_kg_per_m2,No Filter,Other,mean,0.7684771707223409
Aluminum - other,Aluminum,material_intensity_kg_per_m2,No Filter,Other,mean,0.6688946599567573
Aluminum composite panel ACM,Cladding,material_intensity_kg_per_m2,No Filter,Other,mean,0.6518270279936407
Aluminum door,Doors and frames,material_intensity_kg_per_m2,No Filter,Other,mean,0.1569309693961629
Aluminum door frame,Doors and frames,material_intensity_kg_per_m2,No Filter,Other,mean,0.0070383607410815
Aluminum framed glass entrances,Doors and frames,material_intensity_kg_per_m2,No Filter,Other,mean,
Aluminum framed window,Windows and frames,material_intensity_kg_per_m2,No Filter,Other,mean,0.0511570501841173
Aluminum sheet,Aluminum,material_intensity_kg_per_m2,No Filter,Other,mean,0.8092708202973394
Aluminum storefront or curtain wall,Windows and frames,material_intensity_kg_per_m2,No Filter,Other,mean,1.5230046617918174
Applied fireproofing - other,Applied fireproofing,material_intensity_kg_per_m2,No Filter,Other,mean,
Architectural fiber cement panel,Cladding,material_intensity_kg_per_m2,No Filter,Other,mean,3.907169492833018
Asphalt shingles,Roofing and waterproofing,material_intensity_kg_per_m2,No Filter,Other,mean,
Brass,Other metals,material_intensity_kg_per_m2,No Filter,Other,mean,
Brick clay,Masonry,material_intensity_kg_per_m2,No Filter,Other,mean,24.33249533420304
Built up roofing,Roofing and waterproofing,material_intensity_kg_per_m2,No Filter,Other,mean,
CMU,Masonry,material_intensity_kg_per_m2,No Filter,Other,mean,12.92291395071904
Carpet,Flooring and tile,material_intensity_kg_per_m2,No Filter,Other,mean,0.0765926542114254
Cast bronze,Other metals,material_intensity_kg_per_m2,No Filter,Other,mean,
Ceramic tile,Flooring and tile,material_intensity_kg_per_m2,No Filter,Other,mean,2.4151656715583933
Cladding - other,Cladding,material_intensity_kg_per_m2,No Filter,Other,mean,
Closed cell spray polyurethane foam,Insulation,material_intensity_kg_per_m2,No Filter,Other,mean,0.4935433971441262
Coatings - other,Coatings,material_intensity_kg_per_m2,No Filter,Other,mean,0.3489982580346817
Cold formed steel framing,Steel,material_intensity_kg_per_m2,No Filter,Other,mean,3.832405393589809
Concrete - other,Concrete,material_intensity_kg_per_m2,No Filter,Other,mean,34.90872598930764
Copper sheet,Other metals,material_intensity_kg_per_m2,No Filter,Other,mean,
Cross laminated timber CLT,Wood and composites,material_intensity_kg_per_m2,No Filter,Other,mean,16.615525360655795
Decking,Steel,material_intensity_kg_per_m2,No Filter,Other,mean,5.118285381979756
Doors and frames - other,Doors and frames,material_intensity_kg_per_m2,No Filter,Other,mean,0.1220229347786142
EPDM,Roofing and waterproofing,material_intensity_kg_per_m2,No Filter,Other,mean,0.190786854634752
Expanded polystyrene EPS,Insulation,material_intensity_kg_per_m2,No Filter,Other,mean,0.1513550437070789
Extruded polystyrene XPS,Insulation,material_intensity_kg_per_m2,No Filter,Other,mean,0.7691178148218694
Extrusion,Aluminum,material_intensity_kg_per_m2,No Filter,Other,mean,2.268760585340605
Fasteners,Other metals,material_intensity_kg_per_m2,No Filter,Other,mean,0.0401056389288794
Fiberglass blanket,Insulation,material_intensity_kg_per_m2,No Filter,Other,mean,1.0254054338965464
Fiberglass door,Doors and frames,material_intensity_kg_per_m2,No Filter,Other,mean,
Fiberglass framed window,Windows and frames,material_intensity_kg_per_m2,No Filter,Other,mean,
Flooring and tile - other,Flooring and tile,material_intensity_kg_per_m2,No Filter,Other,mean,0.0044125675432054
GFRC general,Concrete,material_intensity_kg_per_m2,No Filter,Other,mean,0.0205432682793832
GFRC panel,Cladding,material_intensity_kg_per_m2,No Filter,Other,mean,
Glass mat gypsum board,Gypsum,material_intensity_kg_per_m2,No Filter,Other,mean,8.004320612434094
Glazing - other,Glazing,material_intensity_kg_per_m2,No Filter,Other,mean,0.9570388819233095
Glue laminated timber GLT,Wood and composites,material_intensity_kg_per_m2,No Filter,Other,mean,8.198837264915051
Gypsum board,Gypsum,material_intensity_kg_per_m2,No Filter,Other,mean,19.7308121511405
HDPE,Roofing and waterproofing,material_intensity_kg_per_m2,No Filter,Other,mean,
Hardwood,Wood and composites,material_intensity_kg_per_m2,No Filter,Other,mean,0.4949995374345797
Heavy timber framing,Wood and composites,material_intensity_kg_per_m2,No Filter,Other,mean,
Hollow structural sections HSS,Steel,material_intensity_kg_per_m2,No Filter,Other,mean,8.048056085780068
Hot-rolled sections,Steel,material_intensity_kg_per_m2,No Filter,Other,mean,34.19003204789707
Insulated glass unit IGU,Glazing,material_intensity_kg_per_m2,No Filter,Other,mean,2.985223134828655
Insulated metal panel IMP,Cladding,material_intensity_kg_per_m2,No Filter,Other,mean,0.205530823163389
Insulation - other,Insulation,material_intensity_kg_per_m2,No Filter,Other,mean,0.0593006064395491
Intumescent,Applied fireproofing,material_intensity_kg_per_m2,No Filter,Other,mean,0.3810682186571672
Laminated strand lumber LSL,Wood and composites,material_intensity_kg_per_m2,No Filter,Other,mean,
Laminated veneer lumber LVL,Wood and composites,material_intensity_kg_per_m2,No Filter,Other,mean,0.0899431747045453
Loose-fill cellulose,Insulation,material_intensity_kg_per_m2,No Filter,Other,mean,
Masonry - other,Masonry,material_intensity_kg_per_m2,No Filter,Other,mean,
Medium density fiberboard MDF,Wood and composites,material_intensity_kg_per_m2,No Filter,Other,mean,
Mineral wool high density,Insulation,material_intensity_kg_per_m2,No Filter,Other,mean,1.6686517204519786
Mineral wool low density,Insulation,material_intensity_kg_per_m2,No Filter,Other,mean,1.3387116553356693
Modified bitumen,Roofing and waterproofing,material_intensity_kg_per_m2,No Filter,Other,mean,0.6039970440457313
Mortar and grout,Masonry,material_intensity_kg_per_m2,No Filter,Other,mean,7.722306213595301
Open web joists,Steel,material_intensity_kg_per_m2,No Filter,Other,mean,4.097684105835644
Oriented strand board OSB,Wood and composites,material_intensity_kg_per_m2,No Filter,Other,mean,0.0584820331998815
Other,Other,material_intensity_kg_per_m2,No Filter,Other,mean,
PVC,Roofing and waterproofing,material_intensity_kg_per_m2,No Filter,Other,mean,0.4958453833129165
Paint,Coatings,material_intensity_kg_per_m2,No Filter,Other,mean,0.2314157731950786
Parallel strand lumber PSL,Wood and composites,material_intensity_kg_per_m2,No Filter,Other,mean,0.1949437751324465
Plate,Steel,material_intensity_kg_per_m2,No Filter,Other,mean,9.35559748816912
Polyisocyanurate PIR,Insulation,material_intensity_kg_per_m2,No Filter,Other,mean,2.2669072995969617
Precast,Concrete,material_intensity_kg_per_m2,No Filter,Other,mean,8.290333379752015
Raised access floor system,Flooring and tile,material_intensity_kg_per_m2,No Filter,Other,mean,
Ready mix LW 3000,Concrete,material_intensity_kg_per_m2,No Filter,Other,mean,1.635085292711934
Ready mix LW 4000,Concrete,material_intensity_kg_per_m2,No Filter,Other,mean,45.9634558817812
Ready mix LW 5000,Concrete,material_intensity_kg_per_m2,No Filter,Other,mean,
Ready mix NW 2500,Concrete,material_intensity_kg_per_m2,No Filter,Other,mean,4.1739690458766265
Ready mix NW 3000,Concrete,material_intensity_kg_per_m2,No Filter,Other,mean,2.028686870764209
Ready mix NW 4000,Concrete,material_intensity_kg_per_m2,No Filter,Other,mean,179.62987311950144
Ready mix NW 5000,Concrete,material_intensity_kg_per_m2,No Filter,Other,mean,235.95988577576543
Ready mix NW 6000,Concrete,material_intensity_kg_per_m2,No Filter,Other,mean,137.78863269089445
Ready mix NW 8000,Concrete,material_intensity_kg_per_m2,No Filter,Other,mean,
Ready mix unknown,Concrete,material_intensity_kg_per_m2,No Filter,Other,mean,269.11623104777027
Rebar and reinforcement,Steel,material_intensity_kg_per_m2,No Filter,Other,mean,31.68649062446301
Resilient flooring rubber,Flooring and tile,material_intensity_kg_per_m2,No Filter,Other,mean,
Resilient flooring vinyl,Flooring and tile,material_intensity_kg_per_m2,No Filter,Other,mean,0.1694596653858848
Roll formed metal panel aluminum,Cladding,material_intensity_kg_per_m2,No Filter,Other,mean,0.6723898829817647
Roll formed metal panel steel,Cladding,material_intensity_kg_per_m2,No Filter,Other,mean,0.2445941759070239
Roofing and waterproofing - other,Roofing and waterproofing,material_intensity_kg_per_m2,No Filter,Other,mean,0.2688637390450795
Softwood framing,Wood and composites,material_intensity_kg_per_m2,No Filter,Other,mean,5.680162608435095
Softwood plywood,Wood and composites,material_intensity_kg_per_m2,No Filter,Other,mean,4.277779518876228
Spray applied cementitious,Applied fireproofing,material_intensity_kg_per_m2,No Filter,Other,mean,21.12285564515044
Steel - other,Steel,material_intensity_kg_per_m2,No Filter,Other,mean,3.56602777758239
Steel door,Doors and frames,material_intensity_kg_per_m2,No Filter,Other,mean,0.2305715529750807
Steel door frame,Doors and frames,material_intensity_kg_per_m2,No Filter,Other,mean,0.0223935517189674
Steel framed window,Windows and frames,material_intensity_kg_per_m2,No Filter,Other,mean,0.019882656739681
Steel sheet,Steel,material_intensity_kg_per_m2,No Filter,Other,mean,3.544745562175811
Stone masonry,Masonry,material_intensity_kg_per_m2,No Filter,Other,mean,7.974483707563015
Stone tile,Flooring and tile,material_intensity_kg_per_m2,No Filter,Other,mean,
Stucco finish,Cladding,material_intensity_kg_per_m2,No Filter,Other,mean,0.0024477230529763
Suspension assembly,Acoustic ceilings,material_intensity_kg_per_m2,No Filter,Other,mean,0.0809910616887032
Synthetic composites,Synthetic composites,material_intensity_kg_per_m2,No Filter,Other,mean,0.3681592612424959
TPO,Roofing and waterproofing,material_intensity_kg_per_m2,No Filter,Other,mean,0.4161003035629377
Terracotta units,Cladding,material_intensity_kg_per_m2,No Filter,Other,mean,
Terrazzo slabs and tiles,Flooring and tile,material_intensity_kg_per_m2,No Filter,Other,mean,
Vinyl framed window,Windows and frames,material_intensity_kg_per_m2,No Filter,Other,mean,
Wall coverings,Wall coverings,material_intensity_kg_per_m2,No Filter,Other,mean,0.0123823935
Windows and frames - other,Windows and frames,material_intensity_kg_per_m2,No Filter,Other,mean,0.0521569161303094
Wood I joists,Wood and composites,material_intensity_kg_per_m2,No Filter,Other,mean,1.679061841320248
Wood and composites - other,Wood and composites,material_intensity_kg_per_m2,No Filter,Other,mean,1.649262128121018
Wood door frame,Doors and frames,material_intensity_kg_per_m2,No Filter,Other,mean,0.0048420932546425
Wood framed window,Windows and frames,material_intensity_kg_per_m2,No Filter,Other,mean,
Wood or composite door,Doors and frames,material_intensity_kg_per_m2,No Filter,Other,mean,0.5860263910332755
Zinc sheet,Other metals,material_intensity_kg_per_m2,No Filter,Other,mean,0.0021324976958987
Acoustic ceiling tile aluminum,Acoustic ceilings,material_intensity_kg_per_m2,No Filter,Public Assembly,mean,0.3603629176810865
Acoustic ceiling tile fiber,Acoustic ceilings,material_intensity_kg_per_m2,No Filter,Public Assembly,mean,0.4454190216258989
Acoustic ceiling tile steel,Acoustic ceilings,material_intensity_kg_per_m2,No Filter,Public Assembly,mean,0.0366097333514178
Acoustic ceilings - other,Acoustic ceilings,material_intensity_kg_per_m2,No Filter,Public Assembly,mean,
Adhesives and sealants,Adhesives and sealants,material_intensity_kg_per_m2,No Filter,Public Assembly,mean,0.1671462764052304
Air and vapor barriers,Air and vapor barriers,material_intensity_kg_per_m2,No Filter,Public Assembly,mean,0.9646325462515896
Aluminum - other,Aluminum,material_intensity_kg_per_m2,No Filter,Public Assembly,mean,0.4317809148409793
Aluminum composite panel ACM,Cladding,material_intensity_kg_per_m2,No Filter,Public Assembly,mean,0.0540082382812626
Aluminum door,Doors and frames,material_intensity_kg_per_m2,No Filter,Public Assembly,mean,0.1094951114532061
Aluminum door frame,Doors and frames,material_intensity_kg_per_m2,No Filter,Public Assembly,mean,0.033887340430529
Aluminum framed glass entrances,Doors and frames,material_intensity_kg_per_m2,No Filter,Public Assembly,mean,
Aluminum framed window,Windows and frames,material_intensity_kg_per_m2,No Filter,Public Assembly,mean,0.0049116930411661
Aluminum sheet,Aluminum,material_intensity_kg_per_m2,No Filter,Public Assembly,mean,1.3540464089636852
Aluminum storefront or curtain wall,Windows and frames,material_intensity_kg_per_m2,No Filter,Public Assembly,mean,0.1178251120180888
Applied fireproofing - other,Applied fireproofing,material_intensity_kg_per_m2,No Filter,Public Assembly,mean,
Architectural fiber cement panel,Cladding,material_intensity_kg_per_m2,No Filter,Public Assembly,mean,1.0344946352692963
Asphalt shingles,Roofing and waterproofing,material_intensity_kg_per_m2,No Filter,Public Assembly,mean,0.7435496953815413
Brass,Other metals,material_intensity_kg_per_m2,No Filter,Public Assembly,mean,
Brick clay,Masonry,material_intensity_kg_per_m2,No Filter,Public Assembly,mean,13.63663063559045
Built up roofing,Roofing and waterproofing,material_intensity_kg_per_m2,No Filter,Public Assembly,mean,0.7566420288600776
CMU,Masonry,material_intensity_kg_per_m2,No Filter,Public Assembly,mean,39.98850974740255
Carpet,Flooring and tile,material_intensity_kg_per_m2,No Filter,Public Assembly,mean,0.2528627640804794
Cast bronze,Other metals,material_intensity_kg_per_m2,No Filter,Public Assembly,mean,
Ceramic tile,Flooring and tile,material_intensity_kg_per_m2,No Filter,Public Assembly,mean,1.336555198896241
Cladding - other,Cladding,material_intensity_kg_per_m2,No Filter,Public Assembly,mean,0.6351708851348683
Closed cell spray polyurethane foam,Insulation,material_intensity_kg_per_m2,No Filter,Public Assembly,mean,0.0831568909705075
Coatings - other,Coatings,material_intensity_kg_per_m2,No Filter,Public Assembly,mean,0.2552952101943185
Cold formed steel framing,Steel,material_intensity_kg_per_m2,No Filter,Public Assembly,mean,3.106358825686278
Concrete - other,Concrete,material_intensity_kg_per_m2,No Filter,Public Assembly,mean,1.626427750538212
Copper sheet,Other metals,material_intensity_kg_per_m2,No Filter,Public Assembly,mean,
Cross laminated timber CLT,Wood and composites,material_intensity_kg_per_m2,No Filter,Public Assembly,mean,22.584213254297257
Decking,Steel,material_intensity_kg_per_m2,No Filter,Public Assembly,mean,6.36037913205843
Doors and frames - other,Doors and frames,material_intensity_kg_per_m2,No Filter,Public Assembly,mean,0.2011690728597176
EPDM,Roofing and waterproofing,material_intensity_kg_per_m2,No Filter,Public Assembly,mean,0.1556403390170203
Expanded polystyrene EPS,Insulation,material_intensity_kg_per_m2,No Filter,Public Assembly,mean,0.581996387381944
Extruded polystyrene XPS,Insulation,material_intensity_kg_per_m2,No Filter,Public Assembly,mean,0.9554120447826948
Extrusion,Aluminum,material_intensity_kg_per_m2,No Filter,Public Assembly,mean,0.7382689036885707
Fasteners,Other metals,material_intensity_kg_per_m2,No Filter,Public Assembly,mean,0.0216296838563775
Fiberglass blanket,Insulation,material_intensity_kg_per_m2,No Filter,Public Assembly,mean,0.8261619839233836
Fiberglass door,Doors and frames,material_intensity_kg_per_m2,No Filter,Public Assembly,mean,
Fiberglass framed window,Windows and frames,material_intensity_kg_per_m2,No Filter,Public Assembly,mean,1.4648603249933
Flooring and tile - other,Flooring and tile,material_intensity_kg_per_m2,No Filter,Public Assembly,mean,0.6569287492816983
GFRC general,Concrete,material_intensity_kg_per_m2,No Filter,Public Assembly,mean,0.4267615660928706
GFRC panel,Cladding,material_intensity_kg_per_m2,No Filter,Public Assembly,mean,
Glass mat gypsum board,Gypsum,material_intensity_kg_per_m2,No Filter,Public Assembly,mean,6.80020542618104
Glazing - other,Glazing,material_intensity_kg_per_m2,No Filter,Public Assembly,mean,0.7047536540055841
Glue laminated timber GLT,Wood and composites,material_intensity_kg_per_m2,No Filter,Public Assembly,mean,9.361530485100776
Gypsum board,Gypsum,material_intensity_kg_per_m2,No Filter,Public Assembly,mean,22.232600158097707
HDPE,Roofing and waterproofing,material_intensity_kg_per_m2,No Filter,Public Assembly,mean,0.1869341134576308
Hardwood,Wood and composites,material_intensity_kg_per_m2,No Filter,Public Assembly,mean,1.3684928641015963
Heavy timber framing,Wood and composites,material_intensity_kg_per_m2,No Filter,Public Assembly,mean,1.0703166144220888
Hollow structural sections HSS,Steel,material_intensity_kg_per_m2,No Filter,Public Assembly,mean,13.627856732934308
Hot-rolled sections,Steel,material_intensity_kg_per_m2,No Filter,Public Assembly,mean,32.67000145546788
Insulated glass unit IGU,Glazing,material_intensity_kg_per_m2,No Filter,Public Assembly,mean,3.163380604018529
Insulated metal panel IMP,Cladding,material_intensity_kg_per_m2,No Filter,Public Assembly,mean,1.2805350858878328
Insulation - other,Insulation,material_intensity_kg_per_m2,No Filter,Public Assembly,mean,0.0058353360787827
Intumescent,Applied fireproofing,material_intensity_kg_per_m2,No Filter,Public Assembly,mean,0.6234682856890755
Laminated strand lumber LSL,Wood and composites,material_intensity_kg_per_m2,No Filter,Public Assembly,mean,0.9427617491497118
Laminated veneer lumber LVL,Wood and composites,material_intensity_kg_per_m2,No Filter,Public Assembly,mean,1.5865208252623275
Loose-fill cellulose,Insulation,material_intensity_kg_per_m2,No Filter,Public Assembly,mean,
Masonry - other,Masonry,material_intensity_kg_per_m2,No Filter,Public Assembly,mean,
Medium density fiberboard MDF,Wood and composites,material_intensity_kg_per_m2,No Filter,Public Assembly,mean,0.3101771544068902
Mineral wool high density,Insulation,material_intensity_kg_per_m2,No Filter,Public Assembly,mean,2.7722889979795853
Mineral wool low density,Insulation,material_intensity_kg_per_m2,No Filter,Public Assembly,mean,0.6053850843675067
Modified bitumen,Roofing and waterproofing,material_intensity_kg_per_m2,No Filter,Public Assembly,mean,1.1375417810973347
Mortar and grout,Masonry,material_intensity_kg_per_m2,No Filter,Public Assembly,mean,15.17556292003375
Open web joists,Steel,material_intensity_kg_per_m2,No Filter,Public Assembly,mean,3.724983835449782
Oriented strand board OSB,Wood and composites,material_intensity_kg_per_m2,No Filter,Public Assembly,mean,0.4387987821630624
Other,Other,material_intensity_kg_per_m2,No Filter,Public Assembly,mean,0.0202028812336083
PVC,Roofing and waterproofing,material_intensity_kg_per_m2,No Filter,Public Assembly,mean,0.1966990160118721
Paint,Coatings,material_intensity_kg_per_m2,No Filter,Public Assembly,mean,0.383506339651427
Parallel strand lumber PSL,Wood and composites,material_intensity_kg_per_m2,No Filter,Public Assembly,mean,
Plate,Steel,material_intensity_kg_per_m2,No Filter,Public Assembly,mean,2.078634033677289
Polyisocyanurate PIR,Insulation,material_intensity_kg_per_m2,No Filter,Public Assembly,mean,2.3589646647013485
Precast,Concrete,material_intensity_kg_per_m2,No Filter,Public Assembly,mean,17.582076924045115
Raised access floor system,Flooring and tile,material_intensity_kg_per_m2,No Filter,Public Assembly,mean,
Ready mix LW 3000,Concrete,material_intensity_kg_per_m2,No Filter,Public Assembly,mean,1.3664167380912065
Ready mix LW 4000,Concrete,material_intensity_kg_per_m2,No Filter,Public Assembly,mean,45.10609726038175
Ready mix LW 5000,Concrete,material_intensity_kg_per_m2,No Filter,Public Assembly,mean,51.658953544771954
Ready mix NW 2500,Concrete,material_intensity_kg_per_m2,No Filter,Public Assembly,mean,15.70121013395556
Ready mix NW 3000,Concrete,material_intensity_kg_per_m2,No Filter,Public Assembly,mean,47.24391559581164
Ready mix NW 4000,Concrete,material_intensity_kg_per_m2,No Filter,Public Assembly,mean,180.374061324414
Ready mix NW 5000,Concrete,material_intensity_kg_per_m2,No Filter,Public Assembly,mean,125.87251755224304
Ready mix NW 6000,Concrete,material_intensity_kg_per_m2,No Filter,Public Assembly,mean,107.19549042661214
Ready mix NW 8000,Concrete,material_intensity_kg_per_m2,No Filter,Public Assembly,mean,14.519966457480477
Ready mix unknown,Concrete,material_intensity_kg_per_m2,No Filter,Public Assembly,mean,199.6324243172896
Rebar and reinforcement,Steel,material_intensity_kg_per_m2,No Filter,Public Assembly,mean,29.37643512404833
Resilient flooring rubber,Flooring and tile,material_intensity_kg_per_m2,No Filter,Public Assembly,mean,
Resilient flooring vinyl,Flooring and tile,material_intensity_kg_per_m2,No Filter,Public Assembly,mean,0.4044278438026931
Roll formed metal panel aluminum,Cladding,material_intensity_kg_per_m2,No Filter,Public Assembly,mean,0.0438791851723509
Roll formed metal panel steel,Cladding,material_intensity_kg_per_m2,No Filter,Public Assembly,mean,0.7503246488636807
Roofing and waterproofing - other,Roofing and waterproofing,material_intensity_kg_per_m2,No Filter,Public Assembly,mean,0.6254488668091673
Softwood framing,Wood and composites,material_intensity_kg_per_m2,No Filter,Public Assembly,mean,3.1151744438620166
Softwood plywood,Wood and composites,material_intensity_kg_per_m2,No Filter,Public Assembly,mean,2.0998554594701315
Spray applied cementitious,Applied fireproofing,material_intensity_kg_per_m2,No Filter,Public Assembly,mean,16.476965924025016
Steel - other,Steel,material_intensity_kg_per_m2,No Filter,Public Assembly,mean,0.7856717079928428
Steel door,Doors and frames,material_intensity_kg_per_m2,No Filter,Public Assembly,mean,0.2380404942176308
Steel door frame,Doors and frames,material_intensity_kg_per_m2,No Filter,Public Assembly,mean,0.008822804510983
Steel framed window,Windows and frames,material_intensity_kg_per_m2,No Filter,Public Assembly,mean,0.0120067346788172
Steel sheet,Steel,material_intensity_kg_per_m2,No Filter,Public Assembly,mean,2.8553655200573926
Stone masonry,Masonry,material_intensity_kg_per_m2,No Filter,Public Assembly,mean,4.624418930217177
Stone tile,Flooring and tile,material_intensity_kg_per_m2,No Filter,Public Assembly,mean,0.2690913265590975
Stucco finish,Cladding,material_intensity_kg_per_m2,No Filter,Public Assembly,mean,0.8205936396289443
Suspension assembly,Acoustic ceilings,material_intensity_kg_per_m2,No Filter,Public Assembly,mean,0.1355699355727769
Synthetic composites,Synthetic composites,material_intensity_kg_per_m2,No Filter,Public Assembly,mean,2.389281988611258
TPO,Roofing and waterproofing,material_intensity_kg_per_m2,No Filter,Public Assembly,mean,0.2734724236621232
Terracotta units,Cladding,material_intensity_kg_per_m2,No Filter,Public Assembly,mean,
Terrazzo slabs and tiles,Flooring and tile,material_intensity_kg_per_m2,No Filter,Public Assembly,mean,
Vinyl framed window,Windows and frames,material_intensity_kg_per_m2,No Filter,Public Assembly,mean,0.0092514199385398
Wall coverings,Wall coverings,material_intensity_kg_per_m2,No Filter,Public Assembly,mean,0.0160149813935018
Windows and frames - other,Windows and frames,material_intensity_kg_per_m2,No Filter,Public Assembly,mean,0.1030804328248536
Wood I joists,Wood and composites,material_intensity_kg_per_m2,No Filter,Public Assembly,mean,0.0606132986635579
Wood and composites - other,Wood and composites,material_intensity_kg_per_m2,No Filter,Public Assembly,mean,0.1551875814909915
Wood door frame,Doors and frames,material_intensity_kg_per_m2,No Filter,Public Assembly,mean,0.027956474839622
Wood framed window,Windows and frames,material_intensity_kg_per_m2,No Filter,Public Assembly,mean,0.0111246582110882
Wood or composite door,Doors and frames,material_intensity_kg_per_m2,No Filter,Public Assembly,mean,0.4156694365531321
Zinc sheet,Other metals,material_intensity_kg_per_m2,No Filter,Public Assembly,mean,0.1931290018362272
Acoustic ceiling tile aluminum,Acoustic ceilings,material_intensity_kg_per_m2,No Filter,Public Order and Safety,mean,
Acoustic ceiling tile fiber,Acoustic ceilings,material_intensity_kg_per_m2,No Filter,Public Order and Safety,mean,0.4852734399698973
Acoustic ceiling tile steel,Acoustic ceilings,material_intensity_kg_per_m2,No Filter,Public Order and Safety,mean,0.3636609279749035
Acoustic ceilings - other,Acoustic ceilings,material_intensity_kg_per_m2,No Filter,Public Order and Safety,mean,
Adhesives and sealants,Adhesives and sealants,material_intensity_kg_per_m2,No Filter,Public Order and Safety,mean,0.3124311714246243
Air and vapor barriers,Air and vapor barriers,material_intensity_kg_per_m2,No Filter,Public Order and Safety,mean,0.9280080658489054
Aluminum - other,Aluminum,material_intensity_kg_per_m2,No Filter,Public Order and Safety,mean,0.1541948418150275
Aluminum composite panel ACM,Cladding,material_intensity_kg_per_m2,No Filter,Public Order and Safety,mean,
Aluminum door,Doors and frames,material_intensity_kg_per_m2,No Filter,Public Order and Safety,mean,0.2825404386837819
Aluminum door frame,Doors and frames,material_intensity_kg_per_m2,No Filter,Public Order and Safety,mean,0.0549311194851592
Aluminum framed glass entrances,Doors and frames,material_intensity_kg_per_m2,No Filter,Public Order and Safety,mean,
Aluminum framed window,Windows and frames,material_intensity_kg_per_m2,No Filter,Public Order and Safety,mean,0.1263091226563291
Aluminum sheet,Aluminum,material_intensity_kg_per_m2,No Filter,Public Order and Safety,mean,3.537760946971486
Aluminum storefront or curtain wall,Windows and frames,material_intensity_kg_per_m2,No Filter,Public Order and Safety,mean,0.5950114441606917
Applied fireproofing - other,Applied fireproofing,material_intensity_kg_per_m2,No Filter,Public Order and Safety,mean,
Architectural fiber cement panel,Cladding,material_intensity_kg_per_m2,No Filter,Public Order and Safety,mean,1.5407424619477703
Asphalt shingles,Roofing and waterproofing,material_intensity_kg_per_m2,No Filter,Public Order and Safety,mean,
Brass,Other metals,material_intensity_kg_per_m2,No Filter,Public Order and Safety,mean,
Brick clay,Masonry,material_intensity_kg_per_m2,No Filter,Public Order and Safety,mean,
Built up roofing,Roofing and waterproofing,material_intensity_kg_per_m2,No Filter,Public Order and Safety,mean,0.0970333736114027
CMU,Masonry,material_intensity_kg_per_m2,No Filter,Public Order and Safety,mean,158.50114410857515
Carpet,Flooring and tile,material_intensity_kg_per_m2,No Filter,Public Order and Safety,mean,0.2404347502126087
Cast bronze,Other metals,material_intensity_kg_per_m2,No Filter,Public Order and Safety,mean,
Ceramic tile,Flooring and tile,material_intensity_kg_per_m2,No Filter,Public Order and Safety,mean,0.668613382072189
Cladding - other,Cladding,material_intensity_kg_per_m2,No Filter,Public Order and Safety,mean,
Closed cell spray polyurethane foam,Insulation,material_intensity_kg_per_m2,No Filter,Public Order and Safety,mean,
Coatings - other,Coatings,material_intensity_kg_per_m2,No Filter,Public Order and Safety,mean,0.6331067929335001
Cold formed steel framing,Steel,material_intensity_kg_per_m2,No Filter,Public Order and Safety,mean,4.872976927764137
Concrete - other,Concrete,material_intensity_kg_per_m2,No Filter,Public Order and Safety,mean,0.6568749496246883
Copper sheet,Other metals,material_intensity_kg_per_m2,No Filter,Public Order and Safety,mean,
Cross laminated timber CLT,Wood and composites,material_intensity_kg_per_m2,No Filter,Public Order and Safety,mean,10.532120972352931
Decking,Steel,material_intensity_kg_per_m2,No Filter,Public Order and Safety,mean,8.516391754774132
Doors and frames - other,Doors and frames,material_intensity_kg_per_m2,No Filter,Public Order and Safety,mean,0.357558327514096
EPDM,Roofing and waterproofing,material_intensity_kg_per_m2,No Filter,Public Order and Safety,mean,0.2113200857964118
Expanded polystyrene EPS,Insulation,material_intensity_kg_per_m2,No Filter,Public Order and Safety,mean,0.6373345507738928
Extruded polystyrene XPS,Insulation,material_intensity_kg_per_m2,No Filter,Public Order and Safety,mean,0.6565943825596229
Extrusion,Aluminum,material_intensity_kg_per_m2,No Filter,Public Order and Safety,mean,1.0053591750204829
Fasteners,Other metals,material_intensity_kg_per_m2,No Filter,Public Order and Safety,mean,0.2409913357922502
Fiberglass blanket,Insulation,material_intensity_kg_per_m2,No Filter,Public Order and Safety,mean,0.5501070857557697
Fiberglass door,Doors and frames,material_intensity_kg_per_m2,No Filter,Public Order and Safety,mean,
Fiberglass framed window,Windows and frames,material_intensity_kg_per_m2,No Filter,Public Order and Safety,mean,
Flooring and tile - other,Flooring and tile,material_intensity_kg_per_m2,No Filter,Public Order and Safety,mean,1.4956159413914956
GFRC general,Concrete,material_intensity_kg_per_m2,No Filter,Public Order and Safety,mean,0.5125560560995212
GFRC panel,Cladding,material_intensity_kg_per_m2,No Filter,Public Order and Safety,mean,
Glass mat gypsum board,Gypsum,material_intensity_kg_per_m2,No Filter,Public Order and Safety,mean,7.333330064432544
Glazing - other,Glazing,material_intensity_kg_per_m2,No Filter,Public Order and Safety,mean,1.381022917471474
Glue laminated timber GLT,Wood and composites,material_intensity_kg_per_m2,No Filter,Public Order and Safety,mean,3.402013569438467
Gypsum board,Gypsum,material_intensity_kg_per_m2,No Filter,Public Order and Safety,mean,29.34280922791403
HDPE,Roofing and waterproofing,material_intensity_kg_per_m2,No Filter,Public Order and Safety,mean,
Hardwood,Wood and composites,material_intensity_kg_per_m2,No Filter,Public Order and Safety,mean,
Heavy timber framing,Wood and composites,material_intensity_kg_per_m2,No Filter,Public Order and Safety,mean,0.3965039587745614
Hollow structural sections HSS,Steel,material_intensity_kg_per_m2,No Filter,Public Order and Safety,mean,13.013690062424256
Hot-rolled sections,Steel,material_intensity_kg_per_m2,No Filter,Public Order and Safety,mean,50.33307818859795
Insulated glass unit IGU,Glazing,material_intensity_kg_per_m2,No Filter,Public Order and Safety,mean,3.091504041913403
Insulated metal panel IMP,Cladding,material_intensity_kg_per_m2,No Filter,Public Order and Safety,mean,2.2816117135991965
Insulation - other,Insulation,material_intensity_kg_per_m2,No Filter,Public Order and Safety,mean,0.9179617897076696
Intumescent,Applied fireproofing,material_intensity_kg_per_m2,No Filter,Public Order and Safety,mean,0.41775769629337
Laminated strand lumber LSL,Wood and composites,material_intensity_kg_per_m2,No Filter,Public Order and Safety,mean,
Laminated veneer lumber LVL,Wood and composites,material_intensity_kg_per_m2,No Filter,Public Order and Safety,mean,5.470638265490516
Loose-fill cellulose,Insulation,material_intensity_kg_per_m2,No Filter,Public Order and Safety,mean,0.8482855943794593
Masonry - other,Masonry,material_intensity_kg_per_m2,No Filter,Public Order and Safety,mean,
Medium density fiberboard MDF,Wood and composites,material_intensity_kg_per_m2,No Filter,Public Order and Safety,mean,
Mineral wool high density,Insulation,material_intensity_kg_per_m2,No Filter,Public Order and Safety,mean,2.00616141035272
Mineral wool low density,Insulation,material_intensity_kg_per_m2,No Filter,Public Order and Safety,mean,0.5626737489481164
Modified bitumen,Roofing and waterproofing,material_intensity_kg_per_m2,No Filter,Public Order and Safety,mean,1.1927341706245522
Mortar and grout,Masonry,material_intensity_kg_per_m2,No Filter,Public Order and Safety,mean,146.00593834470763
Open web joists,Steel,material_intensity_kg_per_m2,No Filter,Public Order and Safety,mean,3.825581532052918
Oriented strand board OSB,Wood and composites,material_intensity_kg_per_m2,No Filter,Public Order and Safety,mean,1.241899444100826
Other,Other,material_intensity_kg_per_m2,No Filter,Public Order and Safety,mean,0.0028184634906691
PVC,Roofing and waterproofing,material_intensity_kg_per_m2,No Filter,Public Order and Safety,mean,0.1349117127721112
Paint,Coatings,material_intensity_kg_per_m2,No Filter,Public Order and Safety,mean,0.4541932679001125
Parallel strand lumber PSL,Wood and composites,material_intensity_kg_per_m2,No Filter,Public Order and Safety,mean,
Plate,Steel,material_intensity_kg_per_m2,No Filter,Public Order and Safety,mean,0.9609482748194929
Polyisocyanurate PIR,Insulation,material_intensity_kg_per_m2,No Filter,Public Order and Safety,mean,1.6463235472913458
Precast,Concrete,material_intensity_kg_per_m2,No Filter,Public Order and Safety,mean,28.37074667101702
Raised access floor system,Flooring and tile,material_intensity_kg_per_m2,No Filter,Public Order and Safety,mean,
Ready mix LW 3000,Concrete,material_intensity_kg_per_m2,No Filter,Public Order and Safety,mean,10.79732829679183
Ready mix LW 4000,Concrete,material_intensity_kg_per_m2,No Filter,Public Order and Safety,mean,116.37731504941962
Ready mix LW 5000,Concrete,material_intensity_kg_per_m2,No Filter,Public Order and Safety,mean,
Ready mix NW 2500,Concrete,material_intensity_kg_per_m2,No Filter,Public Order and Safety,mean,
Ready mix NW 3000,Concrete,material_intensity_kg_per_m2,No Filter,Public Order and Safety,mean,54.14655127064956
Ready mix NW 4000,Concrete,material_intensity_kg_per_m2,No Filter,Public Order and Safety,mean,267.60371564042657
Ready mix NW 5000,Concrete,material_intensity_kg_per_m2,No Filter,Public Order and Safety,mean,229.90091394712223
Ready mix NW 6000,Concrete,material_intensity_kg_per_m2,No Filter,Public Order and Safety,mean,290.0814013100138
Ready mix NW 8000,Concrete,material_intensity_kg_per_m2,No Filter,Public Order and Safety,mean,
Ready mix unknown,Concrete,material_intensity_kg_per_m2,No Filter,Public Order and Safety,mean,86.53227878201253
Rebar and reinforcement,Steel,material_intensity_kg_per_m2,No Filter,Public Order and Safety,mean,51.22259871532818
Resilient flooring rubber,Flooring and tile,material_intensity_kg_per_m2,No Filter,Public Order and Safety,mean,0.2098629135884932
Resilient flooring vinyl,Flooring and tile,material_intensity_kg_per_m2,No Filter,Public Order and Safety,mean,
Roll formed metal panel aluminum,Cladding,material_intensity_kg_per_m2,No Filter,Public Order and Safety,mean,0.431405649949282
Roll formed metal panel steel,Cladding,material_intensity_kg_per_m2,No Filter,Public Order and Safety,mean,1.0790786730578976
Roofing and waterproofing - other,Roofing and waterproofing,material_intensity_kg_per_m2,No Filter,Public Order and Safety,mean,0.0719967300666428
Softwood framing,Wood and composites,material_intensity_kg_per_m2,No Filter,Public Order and Safety,mean,3.3829460141163
Softwood plywood,Wood and composites,material_intensity_kg_per_m2,No Filter,Public Order and Safety,mean,0.6299789570416319
Spray applied cementitious,Applied fireproofing,material_intensity_kg_per_m2,No Filter,Public Order and Safety,mean,4.953540516753641
Steel - other,Steel,material_intensity_kg_per_m2,No Filter,Public Order and Safety,mean,3.554948316299034
Steel door,Doors and frames,material_intensity_kg_per_m2,No Filter,Public Order and Safety,mean,0.96290129271589
Steel door frame,Doors and frames,material_intensity_kg_per_m2,No Filter,Public Order and Safety,mean,0.0741406143114467
Steel framed window,Windows and frames,material_intensity_kg_per_m2,No Filter,Public Order and Safety,mean,0.0228053344822908
Steel sheet,Steel,material_intensity_kg_per_m2,No Filter,Public Order and Safety,mean,2.06932615848316
Stone masonry,Masonry,material_intensity_kg_per_m2,No Filter,Public Order and Safety,mean,
Stone tile,Flooring and tile,material_intensity_kg_per_m2,No Filter,Public Order and Safety,mean,
Stucco finish,Cladding,material_intensity_kg_per_m2,No Filter,Public Order and Safety,mean,0.0122661978481298
Suspension assembly,Acoustic ceilings,material_intensity_kg_per_m2,No Filter,Public Order and Safety,mean,0.1387717148951008
Synthetic composites,Synthetic composites,material_intensity_kg_per_m2,No Filter,Public Order and Safety,mean,0.4010837676482006
TPO,Roofing and waterproofing,material_intensity_kg_per_m2,No Filter,Public Order and Safety,mean,0.0468072017378132
Terracotta units,Cladding,material_intensity_kg_per_m2,No Filter,Public Order and Safety,mean,
Terrazzo slabs and tiles,Flooring and tile,material_intensity_kg_per_m2,No Filter,Public Order and Safety,mean,
Vinyl framed window,Windows and frames,material_intensity_kg_per_m2,No Filter,Public Order and Safety,mean,0.1686898731054837
Wall coverings,Wall coverings,material_intensity_kg_per_m2,No Filter,Public Order and Safety,mean,0.1709118707996019
Windows and frames - other,Windows and frames,material_intensity_kg_per_m2,No Filter,Public Order and Safety,mean,
Wood I joists,Wood and composites,material_intensity_kg_per_m2,No Filter,Public Order and Safety,mean,
Wood and composites - other,Wood and composites,material_intensity_kg_per_m2,No Filter,Public Order and Safety,mean,
Wood door frame,Doors and frames,material_intensity_kg_per_m2,No Filter,Public Order and Safety,mean,0.0441593127014371
Wood framed window,Windows and frames,material_intensity_kg_per_m2,No Filter,Public Order and Safety,mean,
Wood or composite door,Doors and frames,material_intensity_kg_per_m2,No Filter,Public Order and Safety,mean,0.3397279379214654
Zinc sheet,Other metals,material_intensity_kg_per_m2,No Filter,Public Order and Safety,mean,
Acoustic ceiling tile aluminum,Acoustic ceilings,material_intensity_kg_per_m2,No Filter,Residential: Multifamily (5 or more units),mean,0.0073572679867396
Acoustic ceiling tile fiber,Acoustic ceilings,material_intensity_kg_per_m2,No Filter,Residential: Multifamily (5 or more units),mean,0.1578104624562025
Acoustic ceiling tile steel,Acoustic ceilings,material_intensity_kg_per_m2,No Filter,Residential: Multifamily (5 or more units),mean,0.0052830800896613
Acoustic ceilings - other,Acoustic ceilings,material_intensity_kg_per_m2,No Filter,Residential: Multifamily (5 or more units),mean,0.61071514307088
Adhesives and sealants,Adhesives and sealants,material_intensity_kg_per_m2,No Filter,Residential: Multifamily (5 or more units),mean,0.1569463423061789
Air and vapor barriers,Air and vapor barriers,material_intensity_kg_per_m2,No Filter,Residential: Multifamily (5 or more units),mean,0.5510901279078201
Aluminum - other,Aluminum,material_intensity_kg_per_m2,No Filter,Residential: Multifamily (5 or more units),mean,0.6759224743256205
Aluminum composite panel ACM,Cladding,material_intensity_kg_per_m2,No Filter,Residential: Multifamily (5 or more units),mean,0.3105130241787317
Aluminum door,Doors and frames,material_intensity_kg_per_m2,No Filter,Residential: Multifamily (5 or more units),mean,0.1000322013358767
Aluminum door frame,Doors and frames,material_intensity_kg_per_m2,No Filter,Residential: Multifamily (5 or more units),mean,0.0312005907696626
Aluminum framed glass entrances,Doors and frames,material_intensity_kg_per_m2,No Filter,Residential: Multifamily (5 or more units),mean,
Aluminum framed window,Windows and frames,material_intensity_kg_per_m2,No Filter,Residential: Multifamily (5 or more units),mean,0.0788767908515917
Aluminum sheet,Aluminum,material_intensity_kg_per_m2,No Filter,Residential: Multifamily (5 or more units),mean,0.4843721104876816
Aluminum storefront or curtain wall,Windows and frames,material_intensity_kg_per_m2,No Filter,Residential: Multifamily (5 or more units),mean,0.5277130547831845
Applied fireproofing - other,Applied fireproofing,material_intensity_kg_per_m2,No Filter,Residential: Multifamily (5 or more units),mean,0.717656812952616
Architectural fiber cement panel,Cladding,material_intensity_kg_per_m2,No Filter,Residential: Multifamily (5 or more units),mean,0.6889571148069984
Asphalt shingles,Roofing and waterproofing,material_intensity_kg_per_m2,No Filter,Residential: Multifamily (5 or more units),mean,0.4394506341171484
Brass,Other metals,material_intensity_kg_per_m2,No Filter,Residential: Multifamily (5 or more units),mean,
Brick clay,Masonry,material_intensity_kg_per_m2,No Filter,Residential: Multifamily (5 or more units),mean,12.721312889008294
Built up roofing,Roofing and waterproofing,material_intensity_kg_per_m2,No Filter,Residential: Multifamily (5 or more units),mean,0.1839836249193461
CMU,Masonry,material_intensity_kg_per_m2,No Filter,Residential: Multifamily (5 or more units),mean,10.704453536828924
Carpet,Flooring and tile,material_intensity_kg_per_m2,No Filter,Residential: Multifamily (5 or more units),mean,0.26678047812093
Cast bronze,Other metals,material_intensity_kg_per_m2,No Filter,Residential: Multifamily (5 or more units),mean,
Ceramic tile,Flooring and tile,material_intensity_kg_per_m2,No Filter,Residential: Multifamily (5 or more units),mean,0.5282349814537448
Cladding - other,Cladding,material_intensity_kg_per_m2,No Filter,Residential: Multifamily (5 or more units),mean,
Closed cell spray polyurethane foam,Insulation,material_intensity_kg_per_m2,No Filter,Residential: Multifamily (5 or more units),mean,0.1160763457804935
Coatings - other,Coatings,material_intensity_kg_per_m2,No Filter,Residential: Multifamily (5 or more units),mean,0.0737232649800901
Cold formed steel framing,Steel,material_intensity_kg_per_m2,No Filter,Residential: Multifamily (5 or more units),mean,3.3568021037650246
Concrete - other,Concrete,material_intensity_kg_per_m2,No Filter,Residential: Multifamily (5 or more units),mean,11.02627947356163
Copper sheet,Other metals,material_intensity_kg_per_m2,No Filter,Residential: Multifamily (5 or more units),mean,
Cross laminated timber CLT,Wood and composites,material_intensity_kg_per_m2,No Filter,Residential: Multifamily (5 or more units),mean,12.466113356443024
Decking,Steel,material_intensity_kg_per_m2,No Filter,Residential: Multifamily (5 or more units),mean,2.854014168093076
Doors and frames - other,Doors and frames,material_intensity_kg_per_m2,No Filter,Residential: Multifamily (5 or more units),mean,0.2114823004909171
EPDM,Roofing and waterproofing,material_intensity_kg_per_m2,No Filter,Residential: Multifamily (5 or more units),mean,0.0540011884287623
Expanded polystyrene EPS,Insulation,material_intensity_kg_per_m2,No Filter,Residential: Multifamily (5 or more units),mean,0.204527296007155
Extruded polystyrene XPS,Insulation,material_intensity_kg_per_m2,No Filter,Residential: Multifamily (5 or more units),mean,0.2780981353826705
Extrusion,Aluminum,material_intensity_kg_per_m2,No Filter,Residential: Multifamily (5 or more units),mean,0.8886160218290704
Fasteners,Other metals,material_intensity_kg_per_m2,No Filter,Residential: Multifamily (5 or more units),mean,0.0405108120060824
Fiberglass blanket,Insulation,material_intensity_kg_per_m2,No Filter,Residential: Multifamily (5 or more units),mean,0.8539767517861514
Fiberglass door,Doors and frames,material_intensity_kg_per_m2,No Filter,Residential: Multifamily (5 or more units),mean,0.2675773009423777
Fiberglass framed window,Windows and frames,material_intensity_kg_per_m2,No Filter,Residential: Multifamily (5 or more units),mean,0.7924770314098468
Flooring and tile - other,Flooring and tile,material_intensity_kg_per_m2,No Filter,Residential: Multifamily (5 or more units),mean,0.2307880764780956
GFRC general,Concrete,material_intensity_kg_per_m2,No Filter,Residential: Multifamily (5 or more units),mean,5.405903136884676
GFRC panel,Cladding,material_intensity_kg_per_m2,No Filter,Residential: Multifamily (5 or more units),mean,0.1261859718911652
Glass mat gypsum board,Gypsum,material_intensity_kg_per_m2,No Filter,Residential: Multifamily (5 or more units),mean,3.74442275914234
Glazing - other,Glazing,material_intensity_kg_per_m2,No Filter,Residential: Multifamily (5 or more units),mean,0.6690673611977901
Glue laminated timber GLT,Wood and composites,material_intensity_kg_per_m2,No Filter,Residential: Multifamily (5 or more units),mean,0.2101189412176812
Gypsum board,Gypsum,material_intensity_kg_per_m2,No Filter,Residential: Multifamily (5 or more units),mean,55.46363616135857
HDPE,Roofing and waterproofing,material_intensity_kg_per_m2,No Filter,Residential: Multifamily (5 or more units),mean,
Hardwood,Wood and composites,material_intensity_kg_per_m2,No Filter,Residential: Multifamily (5 or more units),mean,1.8000272429018451
Heavy timber framing,Wood and composites,material_intensity_kg_per_m2,No Filter,Residential: Multifamily (5 or more units),mean,0.6769428595893874
Hollow structural sections HSS,Steel,material_intensity_kg_per_m2,No Filter,Residential: Multifamily (5 or more units),mean,2.222554883410292
Hot-rolled sections,Steel,material_intensity_kg_per_m2,No Filter,Residential: Multifamily (5 or more units),mean,4.274951397046413
Insulated glass unit IGU,Glazing,material_intensity_kg_per_m2,No Filter,Residential: Multifamily (5 or more units),mean,2.279510397633968
Insulated metal panel IMP,Cladding,material_intensity_kg_per_m2,No Filter,Residential: Multifamily (5 or more units),mean,0.313067830390518
Insulation - other,Insulation,material_intensity_kg_per_m2,No Filter,Residential: Multifamily (5 or more units),mean,0.0079331736849979
Intumescent,Applied fireproofing,material_intensity_kg_per_m2,No Filter,Residential: Multifamily (5 or more units),mean,0.0050939112004133
Laminated strand lumber LSL,Wood and composites,material_intensity_kg_per_m2,No Filter,Residential: Multifamily (5 or more units),mean,1.1773723837992494
Laminated veneer lumber LVL,Wood and composites,material_intensity_kg_per_m2,No Filter,Residential: Multifamily (5 or more units),mean,0.4516974119722368
Loose-fill cellulose,Insulation,material_intensity_kg_per_m2,No Filter,Residential: Multifamily (5 or more units),mean,0.4170044591838522
Masonry - other,Masonry,material_intensity_kg_per_m2,No Filter,Residential: Multifamily (5 or more units),mean,
Medium density fiberboard MDF,Wood and composites,material_intensity_kg_per_m2,No Filter,Residential: Multifamily (5 or more units),mean,0.2244039172544757
Mineral wool high density,Insulation,material_intensity_kg_per_m2,No Filter,Residential: Multifamily (5 or more units),mean,2.5744365091739816
Mineral wool low density,Insulation,material_intensity_kg_per_m2,No Filter,Residential: Multifamily (5 or more units),mean,0.7140865744456041
Modified bitumen,Roofing and waterproofing,material_intensity_kg_per_m2,No Filter,Residential: Multifamily (5 or more units),mean,0.3683994973955241
Mortar and grout,Masonry,material_intensity_kg_per_m2,No Filter,Residential: Multifamily (5 or more units),mean,4.258041352650781
Open web joists,Steel,material_intensity_kg_per_m2,No Filter,Residential: Multifamily (5 or more units),mean,0.0131916168618062
Oriented strand board OSB,Wood and composites,material_intensity_kg_per_m2,No Filter,Residential: Multifamily (5 or more units),mean,1.9687591280434569
Other,Other,material_intensity_kg_per_m2,No Filter,Residential: Multifamily (5 or more units),mean,0.2534204109106219
PVC,Roofing and waterproofing,material_intensity_kg_per_m2,No Filter,Residential: Multifamily (5 or more units),mean,0.1382707536633826
Paint,Coatings,material_intensity_kg_per_m2,No Filter,Residential: Multifamily (5 or more units),mean,0.590150307854168
Parallel strand lumber PSL,Wood and composites,material_intensity_kg_per_m2,No Filter,Residential: Multifamily (5 or more units),mean,
Plate,Steel,material_intensity_kg_per_m2,No Filter,Residential: Multifamily (5 or more units),mean,5.774112836488595
Polyisocyanurate PIR,Insulation,material_intensity_kg_per_m2,No Filter,Residential: Multifamily (5 or more units),mean,0.3724581446950847
Precast,Concrete,material_intensity_kg_per_m2,No Filter,Residential: Multifamily (5 or more units),mean,6.081982070668382
Raised access floor system,Flooring and tile,material_intensity_kg_per_m2,No Filter,Residential: Multifamily (5 or more units),mean,
Ready mix LW 3000,Concrete,material_intensity_kg_per_m2,No Filter,Residential: Multifamily (5 or more units),mean,13.770080687124926
Ready mix LW 4000,Concrete,material_intensity_kg_per_m2,No Filter,Residential: Multifamily (5 or more units),mean,11.41452390871015
Ready mix LW 5000,Concrete,material_intensity_kg_per_m2,No Filter,Residential: Multifamily (5 or more units),mean,62.4240248647782
Ready mix NW 2500,Concrete,material_intensity_kg_per_m2,No Filter,Residential: Multifamily (5 or more units),mean,1.7888168066084225
Ready mix NW 3000,Concrete,material_intensity_kg_per_m2,No Filter,Residential: Multifamily (5 or more units),mean,67.84810227055698
Ready mix NW 4000,Concrete,material_intensity_kg_per_m2,No Filter,Residential: Multifamily (5 or more units),mean,43.305232447631454
Ready mix NW 5000,Concrete,material_intensity_kg_per_m2,No Filter,Residential: Multifamily (5 or more units),mean,118.2318271368182
Ready mix NW 6000,Concrete,material_intensity_kg_per_m2,No Filter,Residential: Multifamily (5 or more units),mean,147.37444186835333
Ready mix NW 8000,Concrete,material_intensity_kg_per_m2,No Filter,Residential: Multifamily (5 or more units),mean,71.06000082835078
Ready mix unknown,Concrete,material_intensity_kg_per_m2,No Filter,Residential: Multifamily (5 or more units),mean,238.92108769165893
Rebar and reinforcement,Steel,material_intensity_kg_per_m2,No Filter,Residential: Multifamily (5 or more units),mean,30.7603949067914
Resilient flooring rubber,Flooring and tile,material_intensity_kg_per_m2,No Filter,Residential: Multifamily (5 or more units),mean,
Resilient flooring vinyl,Flooring and tile,material_intensity_kg_per_m2,No Filter,Residential: Multifamily (5 or more units),mean,1.0594996895036413
Roll formed metal panel aluminum,Cladding,material_intensity_kg_per_m2,No Filter,Residential: Multifamily (5 or more units),mean,0.189789229056679
Roll formed metal panel steel,Cladding,material_intensity_kg_per_m2,No Filter,Residential: Multifamily (5 or more units),mean,0.3560866383015031
Roofing and waterproofing - other,Roofing and waterproofing,material_intensity_kg_per_m2,No Filter,Residential: Multifamily (5 or more units),mean,0.054375498746661
Softwood framing,Wood and composites,material_intensity_kg_per_m2,No Filter,Residential: Multifamily (5 or more units),mean,3.9512938963188953
Softwood plywood,Wood and composites,material_intensity_kg_per_m2,No Filter,Residential: Multifamily (5 or more units),mean,2.7091406577569352
Spray applied cementitious,Applied fireproofing,material_intensity_kg_per_m2,No Filter,Residential: Multifamily (5 or more units),mean,0.105320651921263
Steel - other,Steel,material_intensity_kg_per_m2,No Filter,Residential: Multifamily (5 or more units),mean,0.8671204933014921
Steel door,Doors and frames,material_intensity_kg_per_m2,No Filter,Residential: Multifamily (5 or more units),mean,0.4389365208976282
Steel door frame,Doors and frames,material_intensity_kg_per_m2,No Filter,Residential: Multifamily (5 or more units),mean,0.0247783473465085
Steel framed window,Windows and frames,material_intensity_kg_per_m2,No Filter,Residential: Multifamily (5 or more units),mean,0.0144688682370978
Steel sheet,Steel,material_intensity_kg_per_m2,No Filter,Residential: Multifamily (5 or more units),mean,0.6735831734990301
Stone masonry,Masonry,material_intensity_kg_per_m2,No Filter,Residential: Multifamily (5 or more units),mean,0.4166191492639634
Stone tile,Flooring and tile,material_intensity_kg_per_m2,No Filter,Residential: Multifamily (5 or more units),mean,0.0675507873800132
Stucco finish,Cladding,material_intensity_kg_per_m2,No Filter,Residential: Multifamily (5 or more units),mean,2.0804079465060314
Suspension assembly,Acoustic ceilings,material_intensity_kg_per_m2,No Filter,Residential: Multifamily (5 or more units),mean,0.0489106475063611
Synthetic composites,Synthetic composites,material_intensity_kg_per_m2,No Filter,Residential: Multifamily (5 or more units),mean,0.2457221005847191
TPO,Roofing and waterproofing,material_intensity_kg_per_m2,No Filter,Residential: Multifamily (5 or more units),mean,0.177835142779346
Terracotta units,Cladding,material_intensity_kg_per_m2,No Filter,Residential: Multifamily (5 or more units),mean,0.7612461634230411
Terrazzo slabs and tiles,Flooring and tile,material_intensity_kg_per_m2,No Filter,Residential: Multifamily (5 or more units),mean,
Vinyl framed window,Windows and frames,material_intensity_kg_per_m2,No Filter,Residential: Multifamily (5 or more units),mean,0.1042492778720047
Wall coverings,Wall coverings,material_intensity_kg_per_m2,No Filter,Residential: Multifamily (5 or more units),mean,0.0235701935515432
Windows and frames - other,Windows and frames,material_intensity_kg_per_m2,No Filter,Residential: Multifamily (5 or more units),mean,0.0201126908338047
Wood I joists,Wood and composites,material_intensity_kg_per_m2,No Filter,Residential: Multifamily (5 or more units),mean,1.7038375008721518
Wood and composites - other,Wood and composites,material_intensity_kg_per_m2,No Filter,Residential: Multifamily (5 or more units),mean,1.6576124802480876
Wood door frame,Doors and frames,material_intensity_kg_per_m2,No Filter,Residential: Multifamily (5 or more units),mean,0.1177303166587984
Wood framed window,Windows and frames,material_intensity_kg_per_m2,No Filter,Residential: Multifamily (5 or more units),mean,0.000806898446356
Wood or composite door,Doors and frames,material_intensity_kg_per_m2,No Filter,Residential: Multifamily (5 or more units),mean,1.7936376544764354
Zinc sheet,Other metals,material_intensity_kg_per_m2,No Filter,Residential: Multifamily (5 or more units),mean,0.0001810769151205
Acoustic ceiling tile aluminum,Acoustic ceilings,material_intensity_kg_per_m2,No Filter,Warehouse and Storage,mean,
Acoustic ceiling tile fiber,Acoustic ceilings,material_intensity_kg_per_m2,No Filter,Warehouse and Storage,mean,0.3959515669539523
Acoustic ceiling tile steel,Acoustic ceilings,material_intensity_kg_per_m2,No Filter,Warehouse and Storage,mean,
Acoustic ceilings - other,Acoustic ceilings,material_intensity_kg_per_m2,No Filter,Warehouse and Storage,mean,
Adhesives and sealants,Adhesives and sealants,material_intensity_kg_per_m2,No Filter,Warehouse and Storage,mean,
Air and vapor barriers,Air and vapor barriers,material_intensity_kg_per_m2,No Filter,Warehouse and Storage,mean,0.9852499622316208
Aluminum - other,Aluminum,material_intensity_kg_per_m2,No Filter,Warehouse and Storage,mean,0.0175617708077989
Aluminum composite panel ACM,Cladding,material_intensity_kg_per_m2,No Filter,Warehouse and Storage,mean,0.2609062715083479
Aluminum door,Doors and frames,material_intensity_kg_per_m2,No Filter,Warehouse and Storage,mean,
Aluminum door frame,Doors and frames,material_intensity_kg_per_m2,No Filter,Warehouse and Storage,mean,
Aluminum framed glass entrances,Doors and frames,material_intensity_kg_per_m2,No Filter,Warehouse and Storage,mean,
Aluminum framed window,Windows and frames,material_intensity_kg_per_m2,No Filter,Warehouse and Storage,mean,0.1598193999778862
Aluminum sheet,Aluminum,material_intensity_kg_per_m2,No Filter,Warehouse and Storage,mean,0.6996130899982493
Aluminum storefront or curtain wall,Windows and frames,material_intensity_kg_per_m2,No Filter,Warehouse and Storage,mean,0.5454657947918279
Applied fireproofing - other,Applied fireproofing,material_intensity_kg_per_m2,No Filter,Warehouse and Storage,mean,0.5905263157894737
Architectural fiber cement panel,Cladding,material_intensity_kg_per_m2,No Filter,Warehouse and Storage,mean,
Asphalt shingles,Roofing and waterproofing,material_intensity_kg_per_m2,No Filter,Warehouse and Storage,mean,1.5057417578043093
Brass,Other metals,material_intensity_kg_per_m2,No Filter,Warehouse and Storage,mean,
Brick clay,Masonry,material_intensity_kg_per_m2,No Filter,Warehouse and Storage,mean,1.039416038203527
Built up roofing,Roofing and waterproofing,material_intensity_kg_per_m2,No Filter,Warehouse and Storage,mean,
CMU,Masonry,material_intensity_kg_per_m2,No Filter,Warehouse and Storage,mean,23.76812598265195
Carpet,Flooring and tile,material_intensity_kg_per_m2,No Filter,Warehouse and Storage,mean,0.0276367646518808
Cast bronze,Other metals,material_intensity_kg_per_m2,No Filter,Warehouse and Storage,mean,
Ceramic tile,Flooring and tile,material_intensity_kg_per_m2,No Filter,Warehouse and Storage,mean,
Cladding - other,Cladding,material_intensity_kg_per_m2,No Filter,Warehouse and Storage,mean,0.0149228624382783
Closed cell spray polyurethane foam,Insulation,material_intensity_kg_per_m2,No Filter,Warehouse and Storage,mean,0.0031294590694906
Coatings - other,Coatings,material_intensity_kg_per_m2,No Filter,Warehouse and Storage,mean,0.3695462367755097
Cold formed steel framing,Steel,material_intensity_kg_per_m2,No Filter,Warehouse and Storage,mean,1.1057857004552398
Concrete - other,Concrete,material_intensity_kg_per_m2,No Filter,Warehouse and Storage,mean,
Copper sheet,Other metals,material_intensity_kg_per_m2,No Filter,Warehouse and Storage,mean,
Cross laminated timber CLT,Wood and composites,material_intensity_kg_per_m2,No Filter,Warehouse and Storage,mean,0.1414516120973704
Decking,Steel,material_intensity_kg_per_m2,No Filter,Warehouse and Storage,mean,6.254738896635994
Doors and frames - other,Doors and frames,material_intensity_kg_per_m2,No Filter,Warehouse and Storage,mean,
EPDM,Roofing and waterproofing,material_intensity_kg_per_m2,No Filter,Warehouse and Storage,mean,0.2078252855786234
Expanded polystyrene EPS,Insulation,material_intensity_kg_per_m2,No Filter,Warehouse and Storage,mean,0.6829449129973506
Extruded polystyrene XPS,Insulation,material_intensity_kg_per_m2,No Filter,Warehouse and Storage,mean,0.3067499887496838
Extrusion,Aluminum,material_intensity_kg_per_m2,No Filter,Warehouse and Storage,mean,2.4648289303389626
Fasteners,Other metals,material_intensity_kg_per_m2,No Filter,Warehouse and Storage,mean,
Fiberglass blanket,Insulation,material_intensity_kg_per_m2,No Filter,Warehouse and Storage,mean,1.0759291125847046
Fiberglass door,Doors and frames,material_intensity_kg_per_m2,No Filter,Warehouse and Storage,mean,0.0062001396138623
Fiberglass framed window,Windows and frames,material_intensity_kg_per_m2,No Filter,Warehouse and Storage,mean,
Flooring and tile - other,Flooring and tile,material_intensity_kg_per_m2,No Filter,Warehouse and Storage,mean,0.0736956208510714
GFRC general,Concrete,material_intensity_kg_per_m2,No Filter,Warehouse and Storage,mean,
GFRC panel,Cladding,material_intensity_kg_per_m2,No Filter,Warehouse and Storage,mean,
Glass mat gypsum board,Gypsum,material_intensity_kg_per_m2,No Filter,Warehouse and Storage,mean,1.890891302087801
Glazing - other,Glazing,material_intensity_kg_per_m2,No Filter,Warehouse and Storage,mean,0.1668367770801601
Glue laminated timber GLT,Wood and composites,material_intensity_kg_per_m2,No Filter,Warehouse and Storage,mean,
Gypsum board,Gypsum,material_intensity_kg_per_m2,No Filter,Warehouse and Storage,mean,0.6871787208538109
HDPE,Roofing and waterproofing,material_intensity_kg_per_m2,No Filter,Warehouse and Storage,mean,
Hardwood,Wood and composites,material_intensity_kg_per_m2,No Filter,Warehouse and Storage,mean,
Heavy timber framing,Wood and composites,material_intensity_kg_per_m2,No Filter,Warehouse and Storage,mean,
Hollow structural sections HSS,Steel,material_intensity_kg_per_m2,No Filter,Warehouse and Storage,mean,3.111064325833342
Hot-rolled sections,Steel,material_intensity_kg_per_m2,No Filter,Warehouse and Storage,mean,11.808902240404151
Insulated glass unit IGU,Glazing,material_intensity_kg_per_m2,No Filter,Warehouse and Storage,mean,0.3912229217781797
Insulated metal panel IMP,Cladding,material_intensity_kg_per_m2,No Filter,Warehouse and Storage,mean,2.300151152904782
Insulation - other,Insulation,material_intensity_kg_per_m2,No Filter,Warehouse and Storage,mean,
Intumescent,Applied fireproofing,material_intensity_kg_per_m2,No Filter,Warehouse and Storage,mean,
Laminated strand lumber LSL,Wood and composites,material_intensity_kg_per_m2,No Filter,Warehouse and Storage,mean,
Laminated veneer lumber LVL,Wood and composites,material_intensity_kg_per_m2,No Filter,Warehouse and Storage,mean,
Loose-fill cellulose,Insulation,material_intensity_kg_per_m2,No Filter,Warehouse and Storage,mean,
Masonry - other,Masonry,material_intensity_kg_per_m2,No Filter,Warehouse and Storage,mean,1.966977310365748
Medium density fiberboard MDF,Wood and composites,material_intensity_kg_per_m2,No Filter,Warehouse and Storage,mean,
Mineral wool high density,Insulation,material_intensity_kg_per_m2,No Filter,Warehouse and Storage,mean,0.0301947236565555
Mineral wool low density,Insulation,material_intensity_kg_per_m2,No Filter,Warehouse and Storage,mean,0.0389547387052589
Modified bitumen,Roofing and waterproofing,material_intensity_kg_per_m2,No Filter,Warehouse and Storage,mean,0.0011935972641572
Mortar and grout,Masonry,material_intensity_kg_per_m2,No Filter,Warehouse and Storage,mean,1.094094613195027
Open web joists,Steel,material_intensity_kg_per_m2,No Filter,Warehouse and Storage,mean,11.02640470140737
Oriented strand board OSB,Wood and composites,material_intensity_kg_per_m2,No Filter,Warehouse and Storage,mean,4.338192815307987
Other,Other,material_intensity_kg_per_m2,No Filter,Warehouse and Storage,mean,0.2600160360824742
PVC,Roofing and waterproofing,material_intensity_kg_per_m2,No Filter,Warehouse and Storage,mean,0.2266216932034767
Paint,Coatings,material_intensity_kg_per_m2,No Filter,Warehouse and Storage,mean,0.2810205367003426
Parallel strand lumber PSL,Wood and composites,material_intensity_kg_per_m2,No Filter,Warehouse and Storage,mean,
Plate,Steel,material_intensity_kg_per_m2,No Filter,Warehouse and Storage,mean,0.7825116642757318
Polyisocyanurate PIR,Insulation,material_intensity_kg_per_m2,No Filter,Warehouse and Storage,mean,1.964201491097308
Precast,Concrete,material_intensity_kg_per_m2,No Filter,Warehouse and Storage,mean,91.01012605797698
Raised access floor system,Flooring and tile,material_intensity_kg_per_m2,No Filter,Warehouse and Storage,mean,
Ready mix LW 3000,Concrete,material_intensity_kg_per_m2,No Filter,Warehouse and Storage,mean,
Ready mix LW 4000,Concrete,material_intensity_kg_per_m2,No Filter,Warehouse and Storage,mean,166.89844234656297
Ready mix LW 5000,Concrete,material_intensity_kg_per_m2,No Filter,Warehouse and Storage,mean,
Ready mix NW 2500,Concrete,material_intensity_kg_per_m2,No Filter,Warehouse and Storage,mean,
Ready mix NW 3000,Concrete,material_intensity_kg_per_m2,No Filter,Warehouse and Storage,mean,38.5371035646755
Ready mix NW 4000,Concrete,material_intensity_kg_per_m2,No Filter,Warehouse and Storage,mean,360.7652150764616
Ready mix NW 5000,Concrete,material_intensity_kg_per_m2,No Filter,Warehouse and Storage,mean,34.87343988907537
Ready mix NW 6000,Concrete,material_intensity_kg_per_m2,No Filter,Warehouse and Storage,mean,
Ready mix NW 8000,Concrete,material_intensity_kg_per_m2,No Filter,Warehouse and Storage,mean,
Ready mix unknown,Concrete,material_intensity_kg_per_m2,No Filter,Warehouse and Storage,mean,311.8374498292452
Rebar and reinforcement,Steel,material_intensity_kg_per_m2,No Filter,Warehouse and Storage,mean,11.622692543043293
Resilient flooring rubber,Flooring and tile,material_intensity_kg_per_m2,No Filter,Warehouse and Storage,mean,
Resilient flooring vinyl,Flooring and tile,material_intensity_kg_per_m2,No Filter,Warehouse and Storage,mean,0.05114485945496
Roll formed metal panel aluminum,Cladding,material_intensity_kg_per_m2,No Filter,Warehouse and Storage,mean,0.6345417273647852
Roll formed metal panel steel,Cladding,material_intensity_kg_per_m2,No Filter,Warehouse and Storage,mean,0.929869433066378
Roofing and waterproofing - other,Roofing and waterproofing,material_intensity_kg_per_m2,No Filter,Warehouse and Storage,mean,0.0059543711066522
Softwood framing,Wood and composites,material_intensity_kg_per_m2,No Filter,Warehouse and Storage,mean,2.0440381442317763
Softwood plywood,Wood and composites,material_intensity_kg_per_m2,No Filter,Warehouse and Storage,mean,7.146745087008183
Spray applied cementitious,Applied fireproofing,material_intensity_kg_per_m2,No Filter,Warehouse and Storage,mean,
Steel - other,Steel,material_intensity_kg_per_m2,No Filter,Warehouse and Storage,mean,0.3766057031823144
Steel door,Doors and frames,material_intensity_kg_per_m2,No Filter,Warehouse and Storage,mean,0.7071762990049153
Steel door frame,Doors and frames,material_intensity_kg_per_m2,No Filter,Warehouse and Storage,mean,
Steel framed window,Windows and frames,material_intensity_kg_per_m2,No Filter,Warehouse and Storage,mean,
Steel sheet,Steel,material_intensity_kg_per_m2,No Filter,Warehouse and Storage,mean,0.1157524560703398
Stone masonry,Masonry,material_intensity_kg_per_m2,No Filter,Warehouse and Storage,mean,
Stone tile,Flooring and tile,material_intensity_kg_per_m2,No Filter,Warehouse and Storage,mean,
Stucco finish,Cladding,material_intensity_kg_per_m2,No Filter,Warehouse and Storage,mean,
Suspension assembly,Acoustic ceilings,material_intensity_kg_per_m2,No Filter,Warehouse and Storage,mean,0.0430228443173186
Synthetic composites,Synthetic composites,material_intensity_kg_per_m2,No Filter,Warehouse and Storage,mean,0.1209027745934085
TPO,Roofing and waterproofing,material_intensity_kg_per_m2,No Filter,Warehouse and Storage,mean,0.1959671590417064
Terracotta units,Cladding,material_intensity_kg_per_m2,No Filter,Warehouse and Storage,mean,
Terrazzo slabs and tiles,Flooring and tile,material_intensity_kg_per_m2,No Filter,Warehouse and Storage,mean,
Vinyl framed window,Windows and frames,material_intensity_kg_per_m2,No Filter,Warehouse and Storage,mean,
Wall coverings,Wall coverings,material_intensity_kg_per_m2,No Filter,Warehouse and Storage,mean,
Windows and frames - other,Windows and frames,material_intensity_kg_per_m2,No Filter,Warehouse and Storage,mean,0.199365909809642
Wood I joists,Wood and composites,material_intensity_kg_per_m2,No Filter,Warehouse and Storage,mean,
Wood and composites - other,Wood and composites,material_intensity_kg_per_m2,No Filter,Warehouse and Storage,mean,
Wood door frame,Doors and frames,material_intensity_kg_per_m2,No Filter,Warehouse and Storage,mean,
Wood framed window,Windows and frames,material_intensity_kg_per_m2,No Filter,Warehouse and Storage,mean,
Wood or composite door,Doors and frames,material_intensity_kg_per_m2,No Filter,Warehouse and Storage,mean,0.0519985620763303
Zinc sheet,Other metals,material_intensity_kg_per_m2,No Filter,Warehouse and Storage,mean,
Acoustic ceiling tile aluminum,Acoustic ceilings,gwp_intensity_kg_per_m2_excluding_bio,No Filter,Others,median,0.2717239157436046
Acoustic ceiling tile fiber,Acoustic ceilings,gwp_intensity_kg_per_m2_excluding_bio,No Filter,Others,median,0.5515374227833181
Acoustic ceiling tile steel,Acoustic ceilings,gwp_intensity_kg_per_m2_excluding_bio,No Filter,Others,median,0.0716330417982939
Acoustic ceilings - other,Acoustic ceilings,gwp_intensity_kg_per_m2_excluding_bio,No Filter,Others,median,0.6263581060310743
Adhesives and sealants,Adhesives and sealants,gwp_intensity_kg_per_m2_excluding_bio,No Filter,Others,median,0.1742683950462133
Air and vapor barriers,Air and vapor barriers,gwp_intensity_kg_per_m2_excluding_bio,No Filter,Others,median,0.6774795140219138
Aluminum - other,Aluminum,gwp_intensity_kg_per_m2_excluding_bio,No Filter,Others,median,0.8197356953064183
Aluminum composite panel ACM,Cladding,gwp_intensity_kg_per_m2_excluding_bio,No Filter,Others,median,1.0147205947983482
Aluminum door,Doors and frames,gwp_intensity_kg_per_m2_excluding_bio,No Filter,Others,median,0.3489953051477354
Aluminum door frame,Doors and frames,gwp_intensity_kg_per_m2_excluding_bio,No Filter,Others,median,0.0944318441244948
Aluminum framed glass entrances,Doors and frames,gwp_intensity_kg_per_m2_excluding_bio,No Filter,Others,median,0.4822042863230864
Aluminum framed window,Windows and frames,gwp_intensity_kg_per_m2_excluding_bio,No Filter,Others,median,0.0996538166961558
Aluminum sheet,Aluminum,gwp_intensity_kg_per_m2_excluding_bio,No Filter,Others,median,1.2335059203382517
Aluminum storefront or curtain wall,Windows and frames,gwp_intensity_kg_per_m2_excluding_bio,No Filter,Others,median,1.499672034559368
Applied fireproofing - other,Applied fireproofing,gwp_intensity_kg_per_m2_excluding_bio,No Filter,Others,median,0.5883082765438703
Architectural fiber cement panel,Cladding,gwp_intensity_kg_per_m2_excluding_bio,No Filter,Others,median,0.3010128162550815
Asphalt shingles,Roofing and waterproofing,gwp_intensity_kg_per_m2_excluding_bio,No Filter,Others,median,0.5300694728844335
Brass,Other metals,gwp_intensity_kg_per_m2_excluding_bio,No Filter,Others,median,0.0048218574489928
Brick clay,Masonry,gwp_intensity_kg_per_m2_excluding_bio,No Filter,Others,median,1.9411034959064364
Built up roofing,Roofing and waterproofing,gwp_intensity_kg_per_m2_excluding_bio,No Filter,Others,median,0.1010317614172027
CMU,Masonry,gwp_intensity_kg_per_m2_excluding_bio,No Filter,Others,median,0.5307084477895166
Carpet,Flooring and tile,gwp_intensity_kg_per_m2_excluding_bio,No Filter,Others,median,0.1092367754453697
Cast bronze,Other metals,gwp_intensity_kg_per_m2_excluding_bio,No Filter,Others,median,0.1236122867639794
Ceramic tile,Flooring and tile,gwp_intensity_kg_per_m2_excluding_bio,No Filter,Others,median,0.0300659376559012
Cladding - other,Cladding,gwp_intensity_kg_per_m2_excluding_bio,No Filter,Others,median,0.8726754534187234
Closed cell spray polyurethane foam,Insulation,gwp_intensity_kg_per_m2_excluding_bio,No Filter,Others,median,0.5587384439927516
Coatings - other,Coatings,gwp_intensity_kg_per_m2_excluding_bio,No Filter,Others,median,1.1508588323690727
Cold formed steel framing,Steel,gwp_intensity_kg_per_m2_excluding_bio,No Filter,Others,median,7.44353896313195
Concrete - other,Concrete,gwp_intensity_kg_per_m2_excluding_bio,No Filter,Others,median,0.2827849435971701
Copper sheet,Other metals,gwp_intensity_kg_per_m2_excluding_bio,No Filter,Others,median,0.0405280323449172
Cross laminated timber CLT,Wood and composites,gwp_intensity_kg_per_m2_excluding_bio,No Filter,Others,median,1.3886295027292086
Decking,Steel,gwp_intensity_kg_per_m2_excluding_bio,No Filter,Others,median,17.374663104320405
Doors and frames - other,Doors and frames,gwp_intensity_kg_per_m2_excluding_bio,No Filter,Others,median,0.8929665959598204
EPDM,Roofing and waterproofing,gwp_intensity_kg_per_m2_excluding_bio,No Filter,Others,median,0.220577128063967
Expanded polystyrene EPS,Insulation,gwp_intensity_kg_per_m2_excluding_bio,No Filter,Others,median,0.7361458055472958
Extruded polystyrene XPS,Insulation,gwp_intensity_kg_per_m2_excluding_bio,No Filter,Others,median,7.817563493057235
Extrusion,Aluminum,gwp_intensity_kg_per_m2_excluding_bio,No Filter,Others,median,10.134658037514429
Fasteners,Other metals,gwp_intensity_kg_per_m2_excluding_bio,No Filter,Others,median,0.0031438431502869
Fiberglass blanket,Insulation,gwp_intensity_kg_per_m2_excluding_bio,No Filter,Others,median,1.2347656616160014
Fiberglass door,Doors and frames,gwp_intensity_kg_per_m2_excluding_bio,No Filter,Others,median,0.1180508833839253
Fiberglass framed window,Windows and frames,gwp_intensity_kg_per_m2_excluding_bio,No Filter,Others,median,1.048282600674946
Flooring and tile - other,Flooring and tile,gwp_intensity_kg_per_m2_excluding_bio,No Filter,Others,median,0.0115047809789444
GFRC general,Concrete,gwp_intensity_kg_per_m2_excluding_bio,No Filter,Others,median,0.1614838785524509
GFRC panel,Cladding,gwp_intensity_kg_per_m2_excluding_bio,No Filter,Others,median,0.0725116118439763
Glass mat gypsum board,Gypsum,gwp_intensity_kg_per_m2_excluding_bio,No Filter,Others,median,2.130732117006707
Glazing - other,Glazing,gwp_intensity_kg_per_m2_excluding_bio,No Filter,Others,median,1.373464602089511
Glue laminated timber GLT,Wood and composites,gwp_intensity_kg_per_m2_excluding_bio,No Filter,Others,median,0.2075891617616964
Gypsum board,Gypsum,gwp_intensity_kg_per_m2_excluding_bio,No Filter,Others,median,6.339473551971537
HDPE,Roofing and waterproofing,gwp_intensity_kg_per_m2_excluding_bio,No Filter,Others,median,0.2461042623136647
Hardwood,Wood and composites,gwp_intensity_kg_per_m2_excluding_bio,No Filter,Others,median,0.0158274478404688
Heavy timber framing,Wood and composites,gwp_intensity_kg_per_m2_excluding_bio,No Filter,Others,median,0.0340846099403973
Hollow structural sections HSS,Steel,gwp_intensity_kg_per_m2_excluding_bio,No Filter,Others,median,9.4572657065176
Hot-rolled sections,Steel,gwp_intensity_kg_per_m2_excluding_bio,No Filter,Others,median,19.88316888997474
Insulated glass unit IGU,Glazing,gwp_intensity_kg_per_m2_excluding_bio,No Filter,Others,median,4.909340156664501
Insulated metal panel IMP,Cladding,gwp_intensity_kg_per_m2_excluding_bio,No Filter,Others,median,1.2560623195011325
Insulation - other,Insulation,gwp_intensity_kg_per_m2_excluding_bio,No Filter,Others,median,0.1278943605763352
Intumescent,Applied fireproofing,gwp_intensity_kg_per_m2_excluding_bio,No Filter,Others,median,0.1040972200245893
Laminated strand lumber LSL,Wood and composites,gwp_intensity_kg_per_m2_excluding_bio,No Filter,Others,median,0.0181513590001529
Laminated veneer lumber LVL,Wood and composites,gwp_intensity_kg_per_m2_excluding_bio,No Filter,Others,median,0.0238681978070341
Loose-fill cellulose,Insulation,gwp_intensity_kg_per_m2_excluding_bio,No Filter,Others,median,0.1397089106527247
Masonry - other,Masonry,gwp_intensity_kg_per_m2_excluding_bio,No Filter,Others,median,1.4261365423155703
Medium density fiberboard MDF,Wood and composites,gwp_intensity_kg_per_m2_excluding_bio,No Filter,Others,median,0.0189318554602085
Mineral wool high density,Insulation,gwp_intensity_kg_per_m2_excluding_bio,No Filter,Others,median,2.8492086269713024
Mineral wool low density,Insulation,gwp_intensity_kg_per_m2_excluding_bio,No Filter,Others,median,0.7449371723087975
Modified bitumen,Roofing and waterproofing,gwp_intensity_kg_per_m2_excluding_bio,No Filter,Others,median,0.2403118041160595
Mortar and grout,Masonry,gwp_intensity_kg_per_m2_excluding_bio,No Filter,Others,median,0.339917367980186
Open web joists,Steel,gwp_intensity_kg_per_m2_excluding_bio,No Filter,Others,median,9.678576599307316
Oriented strand board OSB,Wood and composites,gwp_intensity_kg_per_m2_excluding_bio,No Filter,Others,median,0.0874649807798326
Other,Other,gwp_intensity_kg_per_m2_excluding_bio,No Filter,Others,median,0.1241563891642393
PVC,Roofing and waterproofing,gwp_intensity_kg_per_m2_excluding_bio,No Filter,Others,median,0.4072628615037093
Paint,Coatings,gwp_intensity_kg_per_m2_excluding_bio,No Filter,Others,median,1.1097799959657166
Parallel strand lumber PSL,Wood and composites,gwp_intensity_kg_per_m2_excluding_bio,No Filter,Others,median,0.0123826072898094
Plate,Steel,gwp_intensity_kg_per_m2_excluding_bio,No Filter,Others,median,2.280623367083404
Polyisocyanurate PIR,Insulation,gwp_intensity_kg_per_m2_excluding_bio,No Filter,Others,median,3.007406386037377
Precast,Concrete,gwp_intensity_kg_per_m2_excluding_bio,No Filter,Others,median,0.5290216312068433
Raised access floor system,Flooring and tile,gwp_intensity_kg_per_m2_excluding_bio,No Filter,Others,median,1.41741475370711
Ready mix LW 3000,Concrete,gwp_intensity_kg_per_m2_excluding_bio,No Filter,Others,median,0.8329540391032144
Ready mix LW 4000,Concrete,gwp_intensity_kg_per_m2_excluding_bio,No Filter,Others,median,2.9026751910652693
Ready mix LW 5000,Concrete,gwp_intensity_kg_per_m2_excluding_bio,No Filter,Others,median,1.1858494220967142
Ready mix NW 2500,Concrete,gwp_intensity_kg_per_m2_excluding_bio,No Filter,Others,median,0.3420117205915896
Ready mix NW 3000,Concrete,gwp_intensity_kg_per_m2_excluding_bio,No Filter,Others,median,5.11551742465507
Ready mix NW 4000,Concrete,gwp_intensity_kg_per_m2_excluding_bio,No Filter,Others,median,30.596307883547663
Ready mix NW 5000,Concrete,gwp_intensity_kg_per_m2_excluding_bio,No Filter,Others,median,22.342853451565123
Ready mix NW 6000,Concrete,gwp_intensity_kg_per_m2_excluding_bio,No Filter,Others,median,23.793538098800312
Ready mix NW 8000,Concrete,gwp_intensity_kg_per_m2_excluding_bio,No Filter,Others,median,9.80678408788726
Ready mix unknown,Concrete,gwp_intensity_kg_per_m2_excluding_bio,No Filter,Others,median,31.691091718455567
Rebar and reinforcement,Steel,gwp_intensity_kg_per_m2_excluding_bio,No Filter,Others,median,39.72447562360913
Resilient flooring rubber,Flooring and tile,gwp_intensity_kg_per_m2_excluding_bio,No Filter,Others,median,0.0399449381708283
Resilient flooring vinyl,Flooring and tile,gwp_intensity_kg_per_m2_excluding_bio,No Filter,Others,median,0.0742624837500365
Roll formed metal panel aluminum,Cladding,gwp_intensity_kg_per_m2_excluding_bio,No Filter,Others,median,0.2863273109896164
Roll formed metal panel steel,Cladding,gwp_intensity_kg_per_m2_excluding_bio,No Filter,Others,median,0.2309112817759844
Roofing and waterproofing - other,Roofing and waterproofing,gwp_intensity_kg_per_m2_excluding_bio,No Filter,Others,median,0.0592718999458447
Softwood framing,Wood and composites,gwp_intensity_kg_per_m2_excluding_bio,No Filter,Others,median,0.0290521179394747
Softwood plywood,Wood and composites,gwp_intensity_kg_per_m2_excluding_bio,No Filter,Others,median,0.0272261471324138
Spray applied cementitious,Applied fireproofing,gwp_intensity_kg_per_m2_excluding_bio,No Filter,Others,median,2.6220389478759847
Steel - other,Steel,gwp_intensity_kg_per_m2_excluding_bio,No Filter,Others,median,1.4907400247544285
Steel door,Doors and frames,gwp_intensity_kg_per_m2_excluding_bio,No Filter,Others,median,0.6156398674047996
Steel door frame,Doors and frames,gwp_intensity_kg_per_m2_excluding_bio,No Filter,Others,median,0.0355451351555146
Steel framed window,Windows and frames,gwp_intensity_kg_per_m2_excluding_bio,No Filter,Others,median,0.0064678213465744
Steel sheet,Steel,gwp_intensity_kg_per_m2_excluding_bio,No Filter,Others,median,1.4742197460701894
Stone masonry,Masonry,gwp_intensity_kg_per_m2_excluding_bio,No Filter,Others,median,0.3439071894865517
Stone tile,Flooring and tile,gwp_intensity_kg_per_m2_excluding_bio,No Filter,Others,median,0.0364162224285073
Stucco finish,Cladding,gwp_intensity_kg_per_m2_excluding_bio,No Filter,Others,median,0.1040810041003569
Suspension assembly,Acoustic ceilings,gwp_intensity_kg_per_m2_excluding_bio,No Filter,Others,median,0.2255844093103637
Synthetic composites,Synthetic composites,gwp_intensity_kg_per_m2_excluding_bio,No Filter,Others,median,0.5452700334493701
TPO,Roofing and waterproofing,gwp_intensity_kg_per_m2_excluding_bio,No Filter,Others,median,0.4457961069312964
Terracotta units,Cladding,gwp_intensity_kg_per_m2_excluding_bio,No Filter,Others,median,0.3320964017837226
Terrazzo slabs and tiles,Flooring and tile,gwp_intensity_kg_per_m2_excluding_bio,No Filter,Others,median,0.131558138871054
Vinyl framed window,Windows and frames,gwp_intensity_kg_per_m2_excluding_bio,No Filter,Others,median,0.2540469878042462
Wall coverings,Wall coverings,gwp_intensity_kg_per_m2_excluding_bio,No Filter,Others,median,0.0454750782744209
Windows and frames - other,Windows and frames,gwp_intensity_kg_per_m2_excluding_bio,No Filter,Others,median,0.0904289774892558
Wood I joists,Wood and composites,gwp_intensity_kg_per_m2_excluding_bio,No Filter,Others,median,0.1436416621623579
Wood and composites - other,Wood and composites,gwp_intensity_kg_per_m2_excluding_bio,No Filter,Others,median,0.018099853557654
Wood door frame,Doors and frames,gwp_intensity_kg_per_m2_excluding_bio,No Filter,Others,median,0.0526843506195105
Wood framed window,Windows and frames,gwp_intensity_kg_per_m2_excluding_bio,No Filter,Others,median,0.0011691176731039
Wood or composite door,Doors and frames,gwp_intensity_kg_per_m2_excluding_bio,No Filter,Others,median,0.1346876578070386
Zinc sheet,Other metals,gwp_intensity_kg_per_m2_excluding_bio,No Filter,Others,median,0.0056882828661048
Acoustic ceiling tile aluminum,Acoustic ceilings,gwp_intensity_kg_per_m2_excluding_bio,No Filter,Education,median,1.028494557455393
Acoustic ceiling tile fiber,Acoustic ceilings,gwp_intensity_kg_per_m2_excluding_bio,No Filter,Education,median,1.082816837772466
Acoustic ceiling tile steel,Acoustic ceilings,gwp_intensity_kg_per_m2_excluding_bio,No Filter,Education,median,0.0082902803626503
Acoustic ceilings - other,Acoustic ceilings,gwp_intensity_kg_per_m2_excluding_bio,No Filter,Education,median,0.8591015915548389
Adhesives and sealants,Adhesives and sealants,gwp_intensity_kg_per_m2_excluding_bio,No Filter,Education,median,0.2433263752660616
Air and vapor barriers,Air and vapor barriers,gwp_intensity_kg_per_m2_excluding_bio,No Filter,Education,median,0.9137045576007952
Aluminum - other,Aluminum,gwp_intensity_kg_per_m2_excluding_bio,No Filter,Education,median,1.1124576766220906
Aluminum composite panel ACM,Cladding,gwp_intensity_kg_per_m2_excluding_bio,No Filter,Education,median,0.9310814614144836
Aluminum door,Doors and frames,gwp_intensity_kg_per_m2_excluding_bio,No Filter,Education,median,0.2114734733846915
Aluminum door frame,Doors and frames,gwp_intensity_kg_per_m2_excluding_bio,No Filter,Education,median,0.0745786232788447
Aluminum framed glass entrances,Doors and frames,gwp_intensity_kg_per_m2_excluding_bio,No Filter,Education,median,
Aluminum framed window,Windows and frames,gwp_intensity_kg_per_m2_excluding_bio,No Filter,Education,median,0.1366518842698995
Aluminum sheet,Aluminum,gwp_intensity_kg_per_m2_excluding_bio,No Filter,Education,median,0.7518729072726386
Aluminum storefront or curtain wall,Windows and frames,gwp_intensity_kg_per_m2_excluding_bio,No Filter,Education,median,2.043690466029497
Applied fireproofing - other,Applied fireproofing,gwp_intensity_kg_per_m2_excluding_bio,No Filter,Education,median,
Architectural fiber cement panel,Cladding,gwp_intensity_kg_per_m2_excluding_bio,No Filter,Education,median,0.3789708393514135
Asphalt shingles,Roofing and waterproofing,gwp_intensity_kg_per_m2_excluding_bio,No Filter,Education,median,0.5448586029676818
Brass,Other metals,gwp_intensity_kg_per_m2_excluding_bio,No Filter,Education,median,
Brick clay,Masonry,gwp_intensity_kg_per_m2_excluding_bio,No Filter,Education,median,1.6318016989174902
Built up roofing,Roofing and waterproofing,gwp_intensity_kg_per_m2_excluding_bio,No Filter,Education,median,0.3266087719160036
CMU,Masonry,gwp_intensity_kg_per_m2_excluding_bio,No Filter,Education,median,0.4700053730051177
Carpet,Flooring and tile,gwp_intensity_kg_per_m2_excluding_bio,No Filter,Education,median,0.3623613283200409
Cast bronze,Other metals,gwp_intensity_kg_per_m2_excluding_bio,No Filter,Education,median,
Ceramic tile,Flooring and tile,gwp_intensity_kg_per_m2_excluding_bio,No Filter,Education,median,0.1013754473461191
Cladding - other,Cladding,gwp_intensity_kg_per_m2_excluding_bio,No Filter,Education,median,0.0206752378615853
Closed cell spray polyurethane foam,Insulation,gwp_intensity_kg_per_m2_excluding_bio,No Filter,Education,median,0.9083538891336548
Coatings - other,Coatings,gwp_intensity_kg_per_m2_excluding_bio,No Filter,Education,median,1.4135657934929744
Cold formed steel framing,Steel,gwp_intensity_kg_per_m2_excluding_bio,No Filter,Education,median,11.536288434353986
Concrete - other,Concrete,gwp_intensity_kg_per_m2_excluding_bio,No Filter,Education,median,0.1046176804275482
Copper sheet,Other metals,gwp_intensity_kg_per_m2_excluding_bio,No Filter,Education,median,0.1939081520540881
Cross laminated timber CLT,Wood and composites,gwp_intensity_kg_per_m2_excluding_bio,No Filter,Education,median,1.3241059040207357
Decking,Steel,gwp_intensity_kg_per_m2_excluding_bio,No Filter,Education,median,12.087874596041075
Doors and frames - other,Doors and frames,gwp_intensity_kg_per_m2_excluding_bio,No Filter,Education,median,0.4511880063082636
EPDM,Roofing and waterproofing,gwp_intensity_kg_per_m2_excluding_bio,No Filter,Education,median,0.1624040093017932
Expanded polystyrene EPS,Insulation,gwp_intensity_kg_per_m2_excluding_bio,No Filter,Education,median,0.3523127387554492
Extruded polystyrene XPS,Insulation,gwp_intensity_kg_per_m2_excluding_bio,No Filter,Education,median,8.382707610776883
Extrusion,Aluminum,gwp_intensity_kg_per_m2_excluding_bio,No Filter,Education,median,13.533895963358782
Fasteners,Other metals,gwp_intensity_kg_per_m2_excluding_bio,No Filter,Education,median,0.0012510091365815
Fiberglass blanket,Insulation,gwp_intensity_kg_per_m2_excluding_bio,No Filter,Education,median,1.1062966018243676
Fiberglass door,Doors and frames,gwp_intensity_kg_per_m2_excluding_bio,No Filter,Education,median,1.854766786833748
Fiberglass framed window,Windows and frames,gwp_intensity_kg_per_m2_excluding_bio,No Filter,Education,median,1.774751643000576
Flooring and tile - other,Flooring and tile,gwp_intensity_kg_per_m2_excluding_bio,No Filter,Education,median,0.0480802641258134
GFRC general,Concrete,gwp_intensity_kg_per_m2_excluding_bio,No Filter,Education,median,0.2263603722641209
GFRC panel,Cladding,gwp_intensity_kg_per_m2_excluding_bio,No Filter,Education,median,0.2536090924690183
Glass mat gypsum board,Gypsum,gwp_intensity_kg_per_m2_excluding_bio,No Filter,Education,median,2.807650544044768
Glazing - other,Glazing,gwp_intensity_kg_per_m2_excluding_bio,No Filter,Education,median,1.6419208264571077
Glue laminated timber GLT,Wood and composites,gwp_intensity_kg_per_m2_excluding_bio,No Filter,Education,median,0.4148376795010105
Gypsum board,Gypsum,gwp_intensity_kg_per_m2_excluding_bio,No Filter,Education,median,7.551167577695864
HDPE,Roofing and waterproofing,gwp_intensity_kg_per_m2_excluding_bio,No Filter,Education,median,0.3890481031769501
Hardwood,Wood and composites,gwp_intensity_kg_per_m2_excluding_bio,No Filter,Education,median,0.0117707515997043
Heavy timber framing,Wood and composites,gwp_intensity_kg_per_m2_excluding_bio,No Filter,Education,median,0.0566812182347556
Hollow structural sections HSS,Steel,gwp_intensity_kg_per_m2_excluding_bio,No Filter,Education,median,12.369566907624092
Hot-rolled sections,Steel,gwp_intensity_kg_per_m2_excluding_bio,No Filter,Education,median,23.16116788642903
Insulated glass unit IGU,Glazing,gwp_intensity_kg_per_m2_excluding_bio,No Filter,Education,median,6.718627837630081
Insulated metal panel IMP,Cladding,gwp_intensity_kg_per_m2_excluding_bio,No Filter,Education,median,0.0927751374768107
Insulation - other,Insulation,gwp_intensity_kg_per_m2_excluding_bio,No Filter,Education,median,0.1194276232560878
Intumescent,Applied fireproofing,gwp_intensity_kg_per_m2_excluding_bio,No Filter,Education,median,0.1438859593400214
Laminated strand lumber LSL,Wood and composites,gwp_intensity_kg_per_m2_excluding_bio,No Filter,Education,median,0.0173908293298299
Laminated veneer lumber LVL,Wood and composites,gwp_intensity_kg_per_m2_excluding_bio,No Filter,Education,median,0.0726511132565537
Loose-fill cellulose,Insulation,gwp_intensity_kg_per_m2_excluding_bio,No Filter,Education,median,0.0321477331903619
Masonry - other,Masonry,gwp_intensity_kg_per_m2_excluding_bio,No Filter,Education,median,4.460990291193901
Medium density fiberboard MDF,Wood and composites,gwp_intensity_kg_per_m2_excluding_bio,No Filter,Education,median,0.0213480351690002
Mineral wool high density,Insulation,gwp_intensity_kg_per_m2_excluding_bio,No Filter,Education,median,3.0624156644429656
Mineral wool low density,Insulation,gwp_intensity_kg_per_m2_excluding_bio,No Filter,Education,median,0.9218793766773432
Modified bitumen,Roofing and waterproofing,gwp_intensity_kg_per_m2_excluding_bio,No Filter,Education,median,0.1812244820913953
Mortar and grout,Masonry,gwp_intensity_kg_per_m2_excluding_bio,No Filter,Education,median,0.158945087721087
Open web joists,Steel,gwp_intensity_kg_per_m2_excluding_bio,No Filter,Education,median,6.998844979432417
Oriented strand board OSB,Wood and composites,gwp_intensity_kg_per_m2_excluding_bio,No Filter,Education,median,0.0683237484400917
Other,Other,gwp_intensity_kg_per_m2_excluding_bio,No Filter,Education,median,0.194804539143172
PVC,Roofing and waterproofing,gwp_intensity_kg_per_m2_excluding_bio,No Filter,Education,median,0.5141327081505614
Paint,Coatings,gwp_intensity_kg_per_m2_excluding_bio,No Filter,Education,median,1.2215087619454996
Parallel strand lumber PSL,Wood and composites,gwp_intensity_kg_per_m2_excluding_bio,No Filter,Education,median,0.0076523210965032
Plate,Steel,gwp_intensity_kg_per_m2_excluding_bio,No Filter,Education,median,2.583744581802668
Polyisocyanurate PIR,Insulation,gwp_intensity_kg_per_m2_excluding_bio,No Filter,Education,median,5.074656179299812
Precast,Concrete,gwp_intensity_kg_per_m2_excluding_bio,No Filter,Education,median,0.395432100353919
Raised access floor system,Flooring and tile,gwp_intensity_kg_per_m2_excluding_bio,No Filter,Education,median,
Ready mix LW 3000,Concrete,gwp_intensity_kg_per_m2_excluding_bio,No Filter,Education,median,0.6688717296319829
Ready mix LW 4000,Concrete,gwp_intensity_kg_per_m2_excluding_bio,No Filter,Education,median,8.070412429286453
Ready mix LW 5000,Concrete,gwp_intensity_kg_per_m2_excluding_bio,No Filter,Education,median,2.4891822245306283
Ready mix NW 2500,Concrete,gwp_intensity_kg_per_m2_excluding_bio,No Filter,Education,median,6.985061018701064
Ready mix NW 3000,Concrete,gwp_intensity_kg_per_m2_excluding_bio,No Filter,Education,median,5.913706905475279
Ready mix NW 4000,Concrete,gwp_intensity_kg_per_m2_excluding_bio,No Filter,Education,median,20.258709596811336
Ready mix NW 5000,Concrete,gwp_intensity_kg_per_m2_excluding_bio,No Filter,Education,median,12.64528061929713
Ready mix NW 6000,Concrete,gwp_intensity_kg_per_m2_excluding_bio,No Filter,Education,median,43.58188981178826
Ready mix NW 8000,Concrete,gwp_intensity_kg_per_m2_excluding_bio,No Filter,Education,median,
Ready mix unknown,Concrete,gwp_intensity_kg_per_m2_excluding_bio,No Filter,Education,median,28.14255555931261
Rebar and reinforcement,Steel,gwp_intensity_kg_per_m2_excluding_bio,No Filter,Education,median,46.16193503648318
Resilient flooring rubber,Flooring and tile,gwp_intensity_kg_per_m2_excluding_bio,No Filter,Education,median,0.1224763059715492
Resilient flooring vinyl,Flooring and tile,gwp_intensity_kg_per_m2_excluding_bio,No Filter,Education,median,0.1876541705742452
Roll formed metal panel aluminum,Cladding,gwp_intensity_kg_per_m2_excluding_bio,No Filter,Education,median,0.2245014269897396
Roll formed metal panel steel,Cladding,gwp_intensity_kg_per_m2_excluding_bio,No Filter,Education,median,0.2935534067445011
Roofing and waterproofing - other,Roofing and waterproofing,gwp_intensity_kg_per_m2_excluding_bio,No Filter,Education,median,0.0199322168522743
Softwood framing,Wood and composites,gwp_intensity_kg_per_m2_excluding_bio,No Filter,Education,median,0.0057648028926427
Softwood plywood,Wood and composites,gwp_intensity_kg_per_m2_excluding_bio,No Filter,Education,median,0.0095148517468628
Spray applied cementitious,Applied fireproofing,gwp_intensity_kg_per_m2_excluding_bio,No Filter,Education,median,7.559533848242089
Steel - other,Steel,gwp_intensity_kg_per_m2_excluding_bio,No Filter,Education,median,2.36917700431846
Steel door,Doors and frames,gwp_intensity_kg_per_m2_excluding_bio,No Filter,Education,median,0.3472232757082946
Steel door frame,Doors and frames,gwp_intensity_kg_per_m2_excluding_bio,No Filter,Education,median,0.0213239218893071
Steel framed window,Windows and frames,gwp_intensity_kg_per_m2_excluding_bio,No Filter,Education,median,0.0010777316243858
Steel sheet,Steel,gwp_intensity_kg_per_m2_excluding_bio,No Filter,Education,median,3.4859415987454296
Stone masonry,Masonry,gwp_intensity_kg_per_m2_excluding_bio,No Filter,Education,median,0.3089012868160369
Stone tile,Flooring and tile,gwp_intensity_kg_per_m2_excluding_bio,No Filter,Education,median,0.0990358279036617
Stucco finish,Cladding,gwp_intensity_kg_per_m2_excluding_bio,No Filter,Education,median,0.1961378044676202
Suspension assembly,Acoustic ceilings,gwp_intensity_kg_per_m2_excluding_bio,No Filter,Education,median,0.3866035106906304
Synthetic composites,Synthetic composites,gwp_intensity_kg_per_m2_excluding_bio,No Filter,Education,median,0.6025465567126437
TPO,Roofing and waterproofing,gwp_intensity_kg_per_m2_excluding_bio,No Filter,Education,median,0.4080346630186057
Terracotta units,Cladding,gwp_intensity_kg_per_m2_excluding_bio,No Filter,Education,median,0.8664787113131309
Terrazzo slabs and tiles,Flooring and tile,gwp_intensity_kg_per_m2_excluding_bio,No Filter,Education,median,2.013417846586859
Vinyl framed window,Windows and frames,gwp_intensity_kg_per_m2_excluding_bio,No Filter,Education,median,0.1745330976393918
Wall coverings,Wall coverings,gwp_intensity_kg_per_m2_excluding_bio,No Filter,Education,median,0.1280423557203506
Windows and frames - other,Windows and frames,gwp_intensity_kg_per_m2_excluding_bio,No Filter,Education,median,
Wood I joists,Wood and composites,gwp_intensity_kg_per_m2_excluding_bio,No Filter,Education,median,0.0006979514275312
Wood and composites - other,Wood and composites,gwp_intensity_kg_per_m2_excluding_bio,No Filter,Education,median,0.0142102966854876
Wood door frame,Doors and frames,gwp_intensity_kg_per_m2_excluding_bio,No Filter,Education,median,0.0733101421173735
Wood framed window,Windows and frames,gwp_intensity_kg_per_m2_excluding_bio,No Filter,Education,median,0.0331312972739044
Wood or composite door,Doors and frames,gwp_intensity_kg_per_m2_excluding_bio,No Filter,Education,median,0.0781192166365434
Zinc sheet,Other metals,gwp_intensity_kg_per_m2_excluding_bio,No Filter,Education,median,
Acoustic ceiling tile aluminum,Acoustic ceilings,gwp_intensity_kg_per_m2_excluding_bio,No Filter,Healthcare,median,0.4915309678849262
Acoustic ceiling tile fiber,Acoustic ceilings,gwp_intensity_kg_per_m2_excluding_bio,No Filter,Healthcare,median,3.0368871173058527
Acoustic ceiling tile steel,Acoustic ceilings,gwp_intensity_kg_per_m2_excluding_bio,No Filter,Healthcare,median,
Acoustic ceilings - other,Acoustic ceilings,gwp_intensity_kg_per_m2_excluding_bio,No Filter,Healthcare,median,0.1037801372084192
Adhesives and sealants,Adhesives and sealants,gwp_intensity_kg_per_m2_excluding_bio,No Filter,Healthcare,median,0.2909133609486395
Air and vapor barriers,Air and vapor barriers,gwp_intensity_kg_per_m2_excluding_bio,No Filter,Healthcare,median,0.515955353312539
Aluminum - other,Aluminum,gwp_intensity_kg_per_m2_excluding_bio,No Filter,Healthcare,median,0.3562243513384118
Aluminum composite panel ACM,Cladding,gwp_intensity_kg_per_m2_excluding_bio,No Filter,Healthcare,median,1.2861778392609189
Aluminum door,Doors and frames,gwp_intensity_kg_per_m2_excluding_bio,No Filter,Healthcare,median,0.5404017006544738
Aluminum door frame,Doors and frames,gwp_intensity_kg_per_m2_excluding_bio,No Filter,Healthcare,median,0.303791756599345
Aluminum framed glass entrances,Doors and frames,gwp_intensity_kg_per_m2_excluding_bio,No Filter,Healthcare,median,
Aluminum framed window,Windows and frames,gwp_intensity_kg_per_m2_excluding_bio,No Filter,Healthcare,median,0.0378127908066282
Aluminum sheet,Aluminum,gwp_intensity_kg_per_m2_excluding_bio,No Filter,Healthcare,median,1.0719767160960456
Aluminum storefront or curtain wall,Windows and frames,gwp_intensity_kg_per_m2_excluding_bio,No Filter,Healthcare,median,3.3005441684221046
Applied fireproofing - other,Applied fireproofing,gwp_intensity_kg_per_m2_excluding_bio,No Filter,Healthcare,median,
Architectural fiber cement panel,Cladding,gwp_intensity_kg_per_m2_excluding_bio,No Filter,Healthcare,median,0.1306257041225811
Asphalt shingles,Roofing and waterproofing,gwp_intensity_kg_per_m2_excluding_bio,No Filter,Healthcare,median,
Brass,Other metals,gwp_intensity_kg_per_m2_excluding_bio,No Filter,Healthcare,median,
Brick clay,Masonry,gwp_intensity_kg_per_m2_excluding_bio,No Filter,Healthcare,median,2.93690122615194
Built up roofing,Roofing and waterproofing,gwp_intensity_kg_per_m2_excluding_bio,No Filter,Healthcare,median,0.0042982819960285
CMU,Masonry,gwp_intensity_kg_per_m2_excluding_bio,No Filter,Healthcare,median,0.4074492045259129
Carpet,Flooring and tile,gwp_intensity_kg_per_m2_excluding_bio,No Filter,Healthcare,median,0.0917184822588423
Cast bronze,Other metals,gwp_intensity_kg_per_m2_excluding_bio,No Filter,Healthcare,median,0.0208612822865379
Ceramic tile,Flooring and tile,gwp_intensity_kg_per_m2_excluding_bio,No Filter,Healthcare,median,0.0471412284721253
Cladding - other,Cladding,gwp_intensity_kg_per_m2_excluding_bio,No Filter,Healthcare,median,
Closed cell spray polyurethane foam,Insulation,gwp_intensity_kg_per_m2_excluding_bio,No Filter,Healthcare,median,0.0106483590771792
Coatings - other,Coatings,gwp_intensity_kg_per_m2_excluding_bio,No Filter,Healthcare,median,0.900920426152686
Cold formed steel framing,Steel,gwp_intensity_kg_per_m2_excluding_bio,No Filter,Healthcare,median,14.838917857501812
Concrete - other,Concrete,gwp_intensity_kg_per_m2_excluding_bio,No Filter,Healthcare,median,0.0499841962856599
Copper sheet,Other metals,gwp_intensity_kg_per_m2_excluding_bio,No Filter,Healthcare,median,0.1091316890799163
Cross laminated timber CLT,Wood and composites,gwp_intensity_kg_per_m2_excluding_bio,No Filter,Healthcare,median,
Decking,Steel,gwp_intensity_kg_per_m2_excluding_bio,No Filter,Healthcare,median,21.70333472879178
Doors and frames - other,Doors and frames,gwp_intensity_kg_per_m2_excluding_bio,No Filter,Healthcare,median,1.999165353755649
EPDM,Roofing and waterproofing,gwp_intensity_kg_per_m2_excluding_bio,No Filter,Healthcare,median,0.0223870810931575
Expanded polystyrene EPS,Insulation,gwp_intensity_kg_per_m2_excluding_bio,No Filter,Healthcare,median,0.5623580679058553
Extruded polystyrene XPS,Insulation,gwp_intensity_kg_per_m2_excluding_bio,No Filter,Healthcare,median,5.1991954051604905
Extrusion,Aluminum,gwp_intensity_kg_per_m2_excluding_bio,No Filter,Healthcare,median,10.751126435840488
Fasteners,Other metals,gwp_intensity_kg_per_m2_excluding_bio,No Filter,Healthcare,median,0.0056115232652274
Fiberglass blanket,Insulation,gwp_intensity_kg_per_m2_excluding_bio,No Filter,Healthcare,median,0.5414693912455888
Fiberglass door,Doors and frames,gwp_intensity_kg_per_m2_excluding_bio,No Filter,Healthcare,median,
Fiberglass framed window,Windows and frames,gwp_intensity_kg_per_m2_excluding_bio,No Filter,Healthcare,median,
Flooring and tile - other,Flooring and tile,gwp_intensity_kg_per_m2_excluding_bio,No Filter,Healthcare,median,0.0174801564814507
GFRC general,Concrete,gwp_intensity_kg_per_m2_excluding_bio,No Filter,Healthcare,median,0.0097591505325387
GFRC panel,Cladding,gwp_intensity_kg_per_m2_excluding_bio,No Filter,Healthcare,median,
Glass mat gypsum board,Gypsum,gwp_intensity_kg_per_m2_excluding_bio,No Filter,Healthcare,median,1.4431064072527755
Glazing - other,Glazing,gwp_intensity_kg_per_m2_excluding_bio,No Filter,Healthcare,median,3.899790077383333
Glue laminated timber GLT,Wood and composites,gwp_intensity_kg_per_m2_excluding_bio,No Filter,Healthcare,median,
Gypsum board,Gypsum,gwp_intensity_kg_per_m2_excluding_bio,No Filter,Healthcare,median,11.687153863700876
HDPE,Roofing and waterproofing,gwp_intensity_kg_per_m2_excluding_bio,No Filter,Healthcare,median,
Hardwood,Wood and composites,gwp_intensity_kg_per_m2_excluding_bio,No Filter,Healthcare,median,0.0708898526969844
Heavy timber framing,Wood and composites,gwp_intensity_kg_per_m2_excluding_bio,No Filter,Healthcare,median,
Hollow structural sections HSS,Steel,gwp_intensity_kg_per_m2_excluding_bio,No Filter,Healthcare,median,8.96847624559995
Hot-rolled sections,Steel,gwp_intensity_kg_per_m2_excluding_bio,No Filter,Healthcare,median,42.9036333746442
Insulated glass unit IGU,Glazing,gwp_intensity_kg_per_m2_excluding_bio,No Filter,Healthcare,median,4.544692621644199
Insulated metal panel IMP,Cladding,gwp_intensity_kg_per_m2_excluding_bio,No Filter,Healthcare,median,2.500838157712883
Insulation - other,Insulation,gwp_intensity_kg_per_m2_excluding_bio,No Filter,Healthcare,median,1.4578626562668286
Intumescent,Applied fireproofing,gwp_intensity_kg_per_m2_excluding_bio,No Filter,Healthcare,median,0.4604140376775945
Laminated strand lumber LSL,Wood and composites,gwp_intensity_kg_per_m2_excluding_bio,No Filter,Healthcare,median,
Laminated veneer lumber LVL,Wood and composites,gwp_intensity_kg_per_m2_excluding_bio,No Filter,Healthcare,median,0.0116766135436542
Loose-fill cellulose,Insulation,gwp_intensity_kg_per_m2_excluding_bio,No Filter,Healthcare,median,1.9153564892295163
Masonry - other,Masonry,gwp_intensity_kg_per_m2_excluding_bio,No Filter,Healthcare,median,
Medium density fiberboard MDF,Wood and composites,gwp_intensity_kg_per_m2_excluding_bio,No Filter,Healthcare,median,0.449133555290491
Mineral wool high density,Insulation,gwp_intensity_kg_per_m2_excluding_bio,No Filter,Healthcare,median,0.6591383002159962
Mineral wool low density,Insulation,gwp_intensity_kg_per_m2_excluding_bio,No Filter,Healthcare,median,0.7633671889918716
Modified bitumen,Roofing and waterproofing,gwp_intensity_kg_per_m2_excluding_bio,No Filter,Healthcare,median,0.0270719090309545
Mortar and grout,Masonry,gwp_intensity_kg_per_m2_excluding_bio,No Filter,Healthcare,median,0.385996308701746
Open web joists,Steel,gwp_intensity_kg_per_m2_excluding_bio,No Filter,Healthcare,median,2.241399235330896
Oriented strand board OSB,Wood and composites,gwp_intensity_kg_per_m2_excluding_bio,No Filter,Healthcare,median,0.1950867315919066
Other,Other,gwp_intensity_kg_per_m2_excluding_bio,No Filter,Healthcare,median,0.0332544808290301
PVC,Roofing and waterproofing,gwp_intensity_kg_per_m2_excluding_bio,No Filter,Healthcare,median,0.4905173026221641
Paint,Coatings,gwp_intensity_kg_per_m2_excluding_bio,No Filter,Healthcare,median,1.8392351001448128
Parallel strand lumber PSL,Wood and composites,gwp_intensity_kg_per_m2_excluding_bio,No Filter,Healthcare,median,
Plate,Steel,gwp_intensity_kg_per_m2_excluding_bio,No Filter,Healthcare,median,2.625195732868574
Polyisocyanurate PIR,Insulation,gwp_intensity_kg_per_m2_excluding_bio,No Filter,Healthcare,median,0.8154976201675423
Precast,Concrete,gwp_intensity_kg_per_m2_excluding_bio,No Filter,Healthcare,median,0.2343791986244427
Raised access floor system,Flooring and tile,gwp_intensity_kg_per_m2_excluding_bio,No Filter,Healthcare,median,
Ready mix LW 3000,Concrete,gwp_intensity_kg_per_m2_excluding_bio,No Filter,Healthcare,median,2.434481282538369
Ready mix LW 4000,Concrete,gwp_intensity_kg_per_m2_excluding_bio,No Filter,Healthcare,median,0.3324205940578851
Ready mix LW 5000,Concrete,gwp_intensity_kg_per_m2_excluding_bio,No Filter,Healthcare,median,0.2405121164945291
Ready mix NW 2500,Concrete,gwp_intensity_kg_per_m2_excluding_bio,No Filter,Healthcare,median,2.4975651494053586
Ready mix NW 3000,Concrete,gwp_intensity_kg_per_m2_excluding_bio,No Filter,Healthcare,median,5.690330462651016
Ready mix NW 4000,Concrete,gwp_intensity_kg_per_m2_excluding_bio,No Filter,Healthcare,median,13.776986279105744
Ready mix NW 5000,Concrete,gwp_intensity_kg_per_m2_excluding_bio,No Filter,Healthcare,median,40.71248084011298
Ready mix NW 6000,Concrete,gwp_intensity_kg_per_m2_excluding_bio,No Filter,Healthcare,median,6.954873299835334
Ready mix NW 8000,Concrete,gwp_intensity_kg_per_m2_excluding_bio,No Filter,Healthcare,median,8.001078442526374
Ready mix unknown,Concrete,gwp_intensity_kg_per_m2_excluding_bio,No Filter,Healthcare,median,33.66279262003614
Rebar and reinforcement,Steel,gwp_intensity_kg_per_m2_excluding_bio,No Filter,Healthcare,median,38.25948593901531
Resilient flooring rubber,Flooring and tile,gwp_intensity_kg_per_m2_excluding_bio,No Filter,Healthcare,median,
Resilient flooring vinyl,Flooring and tile,gwp_intensity_kg_per_m2_excluding_bio,No Filter,Healthcare,median,1.195876102784699
Roll formed metal panel aluminum,Cladding,gwp_intensity_kg_per_m2_excluding_bio,No Filter,Healthcare,median,0.0133045408787632
Roll formed metal panel steel,Cladding,gwp_intensity_kg_per_m2_excluding_bio,No Filter,Healthcare,median,0.0884410905600203
Roofing and waterproofing - other,Roofing and waterproofing,gwp_intensity_kg_per_m2_excluding_bio,No Filter,Healthcare,median,0.0272135451867661
Softwood framing,Wood and composites,gwp_intensity_kg_per_m2_excluding_bio,No Filter,Healthcare,median,0.02529609762658
Softwood plywood,Wood and composites,gwp_intensity_kg_per_m2_excluding_bio,No Filter,Healthcare,median,0.0610860392381894
Spray applied cementitious,Applied fireproofing,gwp_intensity_kg_per_m2_excluding_bio,No Filter,Healthcare,median,24.42780541303306
Steel - other,Steel,gwp_intensity_kg_per_m2_excluding_bio,No Filter,Healthcare,median,0.6893909664841403
Steel door,Doors and frames,gwp_intensity_kg_per_m2_excluding_bio,No Filter,Healthcare,median,0.5413169602333224
Steel door frame,Doors and frames,gwp_intensity_kg_per_m2_excluding_bio,No Filter,Healthcare,median,0.0553216707405277
Steel framed window,Windows and frames,gwp_intensity_kg_per_m2_excluding_bio,No Filter,Healthcare,median,0.0053261537794679
Steel sheet,Steel,gwp_intensity_kg_per_m2_excluding_bio,No Filter,Healthcare,median,1.9458687657450733
Stone masonry,Masonry,gwp_intensity_kg_per_m2_excluding_bio,No Filter,Healthcare,median,0.0588499053057644
Stone tile,Flooring and tile,gwp_intensity_kg_per_m2_excluding_bio,No Filter,Healthcare,median,0.3109483856896335
Stucco finish,Cladding,gwp_intensity_kg_per_m2_excluding_bio,No Filter,Healthcare,median,0.0998207840824736
Suspension assembly,Acoustic ceilings,gwp_intensity_kg_per_m2_excluding_bio,No Filter,Healthcare,median,1.139678115861103
Synthetic composites,Synthetic composites,gwp_intensity_kg_per_m2_excluding_bio,No Filter,Healthcare,median,1.574327196249608
TPO,Roofing and waterproofing,gwp_intensity_kg_per_m2_excluding_bio,No Filter,Healthcare,median,0.1548774714687784
Terracotta units,Cladding,gwp_intensity_kg_per_m2_excluding_bio,No Filter,Healthcare,median,
Terrazzo slabs and tiles,Flooring and tile,gwp_intensity_kg_per_m2_excluding_bio,No Filter,Healthcare,median,0.6272127539790826
Vinyl framed window,Windows and frames,gwp_intensity_kg_per_m2_excluding_bio,No Filter,Healthcare,median,
Wall coverings,Wall coverings,gwp_intensity_kg_per_m2_excluding_bio,No Filter,Healthcare,median,0.1677013056804
Windows and frames - other,Windows and frames,gwp_intensity_kg_per_m2_excluding_bio,No Filter,Healthcare,median,
Wood I joists,Wood and composites,gwp_intensity_kg_per_m2_excluding_bio,No Filter,Healthcare,median,
Wood and composites - other,Wood and composites,gwp_intensity_kg_per_m2_excluding_bio,No Filter,Healthcare,median,
Wood door frame,Doors and frames,gwp_intensity_kg_per_m2_excluding_bio,No Filter,Healthcare,median,0.0244926695859244
Wood framed window,Windows and frames,gwp_intensity_kg_per_m2_excluding_bio,No Filter,Healthcare,median,0.0005198091829383
Wood or composite door,Doors and frames,gwp_intensity_kg_per_m2_excluding_bio,No Filter,Healthcare,median,0.4144966464754901
Zinc sheet,Other metals,gwp_intensity_kg_per_m2_excluding_bio,No Filter,Healthcare,median,8.026606211919883e-05
Acoustic ceiling tile aluminum,Acoustic ceilings,gwp_intensity_kg_per_m2_excluding_bio,No Filter,Laboratory,median,0.0080716356633461
Acoustic ceiling tile fiber,Acoustic ceilings,gwp_intensity_kg_per_m2_excluding_bio,No Filter,Laboratory,median,0.2001070645364001
Acoustic ceiling tile steel,Acoustic ceilings,gwp_intensity_kg_per_m2_excluding_bio,No Filter,Laboratory,median,2.135073709749808
Acoustic ceilings - other,Acoustic ceilings,gwp_intensity_kg_per_m2_excluding_bio,No Filter,Laboratory,median,
Adhesives and sealants,Adhesives and sealants,gwp_intensity_kg_per_m2_excluding_bio,No Filter,Laboratory,median,0.2825174808527025
Air and vapor barriers,Air and vapor barriers,gwp_intensity_kg_per_m2_excluding_bio,No Filter,Laboratory,median,0.5462866022621283
Aluminum - other,Aluminum,gwp_intensity_kg_per_m2_excluding_bio,No Filter,Laboratory,median,2.851733242650417
Aluminum composite panel ACM,Cladding,gwp_intensity_kg_per_m2_excluding_bio,No Filter,Laboratory,median,3.5059083541199123
Aluminum door,Doors and frames,gwp_intensity_kg_per_m2_excluding_bio,No Filter,Laboratory,median,0.0950185718106574
Aluminum door frame,Doors and frames,gwp_intensity_kg_per_m2_excluding_bio,No Filter,Laboratory,median,0.0092482123567689
Aluminum framed glass entrances,Doors and frames,gwp_intensity_kg_per_m2_excluding_bio,No Filter,Laboratory,median,0.1508707077718507
Aluminum framed window,Windows and frames,gwp_intensity_kg_per_m2_excluding_bio,No Filter,Laboratory,median,0.0068326922169707
Aluminum sheet,Aluminum,gwp_intensity_kg_per_m2_excluding_bio,No Filter,Laboratory,median,2.907959761193317
Aluminum storefront or curtain wall,Windows and frames,gwp_intensity_kg_per_m2_excluding_bio,No Filter,Laboratory,median,1.1297180849910786
Applied fireproofing - other,Applied fireproofing,gwp_intensity_kg_per_m2_excluding_bio,No Filter,Laboratory,median,
Architectural fiber cement panel,Cladding,gwp_intensity_kg_per_m2_excluding_bio,No Filter,Laboratory,median,1.0335691214745362
Asphalt shingles,Roofing and waterproofing,gwp_intensity_kg_per_m2_excluding_bio,No Filter,Laboratory,median,
Brass,Other metals,gwp_intensity_kg_per_m2_excluding_bio,No Filter,Laboratory,median,0.0112107703815581
Brick clay,Masonry,gwp_intensity_kg_per_m2_excluding_bio,No Filter,Laboratory,median,0.6652362418651876
Built up roofing,Roofing and waterproofing,gwp_intensity_kg_per_m2_excluding_bio,No Filter,Laboratory,median,0.038077936970533
CMU,Masonry,gwp_intensity_kg_per_m2_excluding_bio,No Filter,Laboratory,median,0.5624554714293835
Carpet,Flooring and tile,gwp_intensity_kg_per_m2_excluding_bio,No Filter,Laboratory,median,0.3962227822533209
Cast bronze,Other metals,gwp_intensity_kg_per_m2_excluding_bio,No Filter,Laboratory,median,0.5657387522721172
Ceramic tile,Flooring and tile,gwp_intensity_kg_per_m2_excluding_bio,No Filter,Laboratory,median,0.1726345828234694
Cladding - other,Cladding,gwp_intensity_kg_per_m2_excluding_bio,No Filter,Laboratory,median,
Closed cell spray polyurethane foam,Insulation,gwp_intensity_kg_per_m2_excluding_bio,No Filter,Laboratory,median,0.9006769300308242
Coatings - other,Coatings,gwp_intensity_kg_per_m2_excluding_bio,No Filter,Laboratory,median,2.6105226297413604
Cold formed steel framing,Steel,gwp_intensity_kg_per_m2_excluding_bio,No Filter,Laboratory,median,8.974112552824728
Concrete - other,Concrete,gwp_intensity_kg_per_m2_excluding_bio,No Filter,Laboratory,median,0.4406132308044348
Copper sheet,Other metals,gwp_intensity_kg_per_m2_excluding_bio,No Filter,Laboratory,median,
Cross laminated timber CLT,Wood and composites,gwp_intensity_kg_per_m2_excluding_bio,No Filter,Laboratory,median,
Decking,Steel,gwp_intensity_kg_per_m2_excluding_bio,No Filter,Laboratory,median,29.75883321674885
Doors and frames - other,Doors and frames,gwp_intensity_kg_per_m2_excluding_bio,No Filter,Laboratory,median,0.2621541513090611
EPDM,Roofing and waterproofing,gwp_intensity_kg_per_m2_excluding_bio,No Filter,Laboratory,median,0.1052554087509402
Expanded polystyrene EPS,Insulation,gwp_intensity_kg_per_m2_excluding_bio,No Filter,Laboratory,median,0.0437957383480533
Extruded polystyrene XPS,Insulation,gwp_intensity_kg_per_m2_excluding_bio,No Filter,Laboratory,median,9.633063450627256
Extrusion,Aluminum,gwp_intensity_kg_per_m2_excluding_bio,No Filter,Laboratory,median,18.715674822243223
Fasteners,Other metals,gwp_intensity_kg_per_m2_excluding_bio,No Filter,Laboratory,median,0.0083600198843569
Fiberglass blanket,Insulation,gwp_intensity_kg_per_m2_excluding_bio,No Filter,Laboratory,median,0.9717643073707196
Fiberglass door,Doors and frames,gwp_intensity_kg_per_m2_excluding_bio,No Filter,Laboratory,median,0.0332162330430218
Fiberglass framed window,Windows and frames,gwp_intensity_kg_per_m2_excluding_bio,No Filter,Laboratory,median,
Flooring and tile - other,Flooring and tile,gwp_intensity_kg_per_m2_excluding_bio,No Filter,Laboratory,median,0.0005975213969615
GFRC general,Concrete,gwp_intensity_kg_per_m2_excluding_bio,No Filter,Laboratory,median,
GFRC panel,Cladding,gwp_intensity_kg_per_m2_excluding_bio,No Filter,Laboratory,median,
Glass mat gypsum board,Gypsum,gwp_intensity_kg_per_m2_excluding_bio,No Filter,Laboratory,median,0.7982973808561423
Glazing - other,Glazing,gwp_intensity_kg_per_m2_excluding_bio,No Filter,Laboratory,median,3.621126361717468
Glue laminated timber GLT,Wood and composites,gwp_intensity_kg_per_m2_excluding_bio,No Filter,Laboratory,median,
Gypsum board,Gypsum,gwp_intensity_kg_per_m2_excluding_bio,No Filter,Laboratory,median,1.523727228956852
HDPE,Roofing and waterproofing,gwp_intensity_kg_per_m2_excluding_bio,No Filter,Laboratory,median,0.0006133020907329
Hardwood,Wood and composites,gwp_intensity_kg_per_m2_excluding_bio,No Filter,Laboratory,median,0.0149369651268383
Heavy timber framing,Wood and composites,gwp_intensity_kg_per_m2_excluding_bio,No Filter,Laboratory,median,
Hollow structural sections HSS,Steel,gwp_intensity_kg_per_m2_excluding_bio,No Filter,Laboratory,median,15.405035777305764
Hot-rolled sections,Steel,gwp_intensity_kg_per_m2_excluding_bio,No Filter,Laboratory,median,78.84474530308114
Insulated glass unit IGU,Glazing,gwp_intensity_kg_per_m2_excluding_bio,No Filter,Laboratory,median,6.4476628308087065
Insulated metal panel IMP,Cladding,gwp_intensity_kg_per_m2_excluding_bio,No Filter,Laboratory,median,2.5698003027045
Insulation - other,Insulation,gwp_intensity_kg_per_m2_excluding_bio,No Filter,Laboratory,median,0.0158233861441011
Intumescent,Applied fireproofing,gwp_intensity_kg_per_m2_excluding_bio,No Filter,Laboratory,median,1.394933846958529
Laminated strand lumber LSL,Wood and composites,gwp_intensity_kg_per_m2_excluding_bio,No Filter,Laboratory,median,
Laminated veneer lumber LVL,Wood and composites,gwp_intensity_kg_per_m2_excluding_bio,No Filter,Laboratory,median,
Loose-fill cellulose,Insulation,gwp_intensity_kg_per_m2_excluding_bio,No Filter,Laboratory,median,0.126008970181796
Masonry - other,Masonry,gwp_intensity_kg_per_m2_excluding_bio,No Filter,Laboratory,median,2.748246405147715
Medium density fiberboard MDF,Wood and composites,gwp_intensity_kg_per_m2_excluding_bio,No Filter,Laboratory,median,0.0143249244257257
Mineral wool high density,Insulation,gwp_intensity_kg_per_m2_excluding_bio,No Filter,Laboratory,median,4.186402603210911
Mineral wool low density,Insulation,gwp_intensity_kg_per_m2_excluding_bio,No Filter,Laboratory,median,0.7517311043494881
Modified bitumen,Roofing and waterproofing,gwp_intensity_kg_per_m2_excluding_bio,No Filter,Laboratory,median,0.2461174366726341
Mortar and grout,Masonry,gwp_intensity_kg_per_m2_excluding_bio,No Filter,Laboratory,median,0.5912430364042451
Open web joists,Steel,gwp_intensity_kg_per_m2_excluding_bio,No Filter,Laboratory,median,0.980688327828248
Oriented strand board OSB,Wood and composites,gwp_intensity_kg_per_m2_excluding_bio,No Filter,Laboratory,median,0.0399730838023748
Other,Other,gwp_intensity_kg_per_m2_excluding_bio,No Filter,Laboratory,median,0.4390894047619048
PVC,Roofing and waterproofing,gwp_intensity_kg_per_m2_excluding_bio,No Filter,Laboratory,median,0.1682043410545782
Paint,Coatings,gwp_intensity_kg_per_m2_excluding_bio,No Filter,Laboratory,median,0.6751823653366228
Parallel strand lumber PSL,Wood and composites,gwp_intensity_kg_per_m2_excluding_bio,No Filter,Laboratory,median,
Plate,Steel,gwp_intensity_kg_per_m2_excluding_bio,No Filter,Laboratory,median,1.3432829444575771
Polyisocyanurate PIR,Insulation,gwp_intensity_kg_per_m2_excluding_bio,No Filter,Laboratory,median,1.7572878989708098
Precast,Concrete,gwp_intensity_kg_per_m2_excluding_bio,No Filter,Laboratory,median,0.8494051528483246
Raised access floor system,Flooring and tile,gwp_intensity_kg_per_m2_excluding_bio,No Filter,Laboratory,median,0.5422055706252212
Ready mix LW 3000,Concrete,gwp_intensity_kg_per_m2_excluding_bio,No Filter,Laboratory,median,0.9560759753940796
Ready mix LW 4000,Concrete,gwp_intensity_kg_per_m2_excluding_bio,No Filter,Laboratory,median,0.9847456496996948
Ready mix LW 5000,Concrete,gwp_intensity_kg_per_m2_excluding_bio,No Filter,Laboratory,median,
Ready mix NW 2500,Concrete,gwp_intensity_kg_per_m2_excluding_bio,No Filter,Laboratory,median,0.5332944879005465
Ready mix NW 3000,Concrete,gwp_intensity_kg_per_m2_excluding_bio,No Filter,Laboratory,median,1.8410025696995544
Ready mix NW 4000,Concrete,gwp_intensity_kg_per_m2_excluding_bio,No Filter,Laboratory,median,65.12629223237803
Ready mix NW 5000,Concrete,gwp_intensity_kg_per_m2_excluding_bio,No Filter,Laboratory,median,14.122935163006984
Ready mix NW 6000,Concrete,gwp_intensity_kg_per_m2_excluding_bio,No Filter,Laboratory,median,12.494879728807357
Ready mix NW 8000,Concrete,gwp_intensity_kg_per_m2_excluding_bio,No Filter,Laboratory,median,14.522042970101896
Ready mix unknown,Concrete,gwp_intensity_kg_per_m2_excluding_bio,No Filter,Laboratory,median,17.066596807143423
Rebar and reinforcement,Steel,gwp_intensity_kg_per_m2_excluding_bio,No Filter,Laboratory,median,46.04295654457785
Resilient flooring rubber,Flooring and tile,gwp_intensity_kg_per_m2_excluding_bio,No Filter,Laboratory,median,
Resilient flooring vinyl,Flooring and tile,gwp_intensity_kg_per_m2_excluding_bio,No Filter,Laboratory,median,0.0015318892226606
Roll formed metal panel aluminum,Cladding,gwp_intensity_kg_per_m2_excluding_bio,No Filter,Laboratory,median,2.4348493694640307
Roll formed metal panel steel,Cladding,gwp_intensity_kg_per_m2_excluding_bio,No Filter,Laboratory,median,0.0800409494940227
Roofing and waterproofing - other,Roofing and waterproofing,gwp_intensity_kg_per_m2_excluding_bio,No Filter,Laboratory,median,0.0694253717544996
Softwood framing,Wood and composites,gwp_intensity_kg_per_m2_excluding_bio,No Filter,Laboratory,median,0.0021417691312941
Softwood plywood,Wood and composites,gwp_intensity_kg_per_m2_excluding_bio,No Filter,Laboratory,median,0.0047658037890364
Spray applied cementitious,Applied fireproofing,gwp_intensity_kg_per_m2_excluding_bio,No Filter,Laboratory,median,23.42884140302456
Steel - other,Steel,gwp_intensity_kg_per_m2_excluding_bio,No Filter,Laboratory,median,1.1090158548555398
Steel door,Doors and frames,gwp_intensity_kg_per_m2_excluding_bio,No Filter,Laboratory,median,0.0365140166368056
Steel door frame,Doors and frames,gwp_intensity_kg_per_m2_excluding_bio,No Filter,Laboratory,median,0.0013427745422788
Steel framed window,Windows and frames,gwp_intensity_kg_per_m2_excluding_bio,No Filter,Laboratory,median,0.0001602573701546
Steel sheet,Steel,gwp_intensity_kg_per_m2_excluding_bio,No Filter,Laboratory,median,1.2333283143577105
Stone masonry,Masonry,gwp_intensity_kg_per_m2_excluding_bio,No Filter,Laboratory,median,0.1546820335592654
Stone tile,Flooring and tile,gwp_intensity_kg_per_m2_excluding_bio,No Filter,Laboratory,median,
Stucco finish,Cladding,gwp_intensity_kg_per_m2_excluding_bio,No Filter,Laboratory,median,0.2193054637822817
Suspension assembly,Acoustic ceilings,gwp_intensity_kg_per_m2_excluding_bio,No Filter,Laboratory,median,0.3023929885917971
Synthetic composites,Synthetic composites,gwp_intensity_kg_per_m2_excluding_bio,No Filter,Laboratory,median,2.573598529616585
TPO,Roofing and waterproofing,gwp_intensity_kg_per_m2_excluding_bio,No Filter,Laboratory,median,0.6207464704964556
Terracotta units,Cladding,gwp_intensity_kg_per_m2_excluding_bio,No Filter,Laboratory,median,0.4116638805189279
Terrazzo slabs and tiles,Flooring and tile,gwp_intensity_kg_per_m2_excluding_bio,No Filter,Laboratory,median,
Vinyl framed window,Windows and frames,gwp_intensity_kg_per_m2_excluding_bio,No Filter,Laboratory,median,
Wall coverings,Wall coverings,gwp_intensity_kg_per_m2_excluding_bio,No Filter,Laboratory,median,0.1099764799104047
Windows and frames - other,Windows and frames,gwp_intensity_kg_per_m2_excluding_bio,No Filter,Laboratory,median,0.0249999435261371
Wood I joists,Wood and composites,gwp_intensity_kg_per_m2_excluding_bio,No Filter,Laboratory,median,
Wood and composites - other,Wood and composites,gwp_intensity_kg_per_m2_excluding_bio,No Filter,Laboratory,median,0.0036604798513563
Wood door frame,Doors and frames,gwp_intensity_kg_per_m2_excluding_bio,No Filter,Laboratory,median,0.0009462473835337
Wood framed window,Windows and frames,gwp_intensity_kg_per_m2_excluding_bio,No Filter,Laboratory,median,0.0002743050563242
Wood or composite door,Doors and frames,gwp_intensity_kg_per_m2_excluding_bio,No Filter,Laboratory,median,0.0932624458968397
Zinc sheet,Other metals,gwp_intensity_kg_per_m2_excluding_bio,No Filter,Laboratory,median,0.160823250332588
Acoustic ceiling tile aluminum,Acoustic ceilings,gwp_intensity_kg_per_m2_excluding_bio,No Filter,Office,median,0.1464639188765788
Acoustic ceiling tile fiber,Acoustic ceilings,gwp_intensity_kg_per_m2_excluding_bio,No Filter,Office,median,0.5892815869617035
Acoustic ceiling tile steel,Acoustic ceilings,gwp_intensity_kg_per_m2_excluding_bio,No Filter,Office,median,0.182035474699242
Acoustic ceilings - other,Acoustic ceilings,gwp_intensity_kg_per_m2_excluding_bio,No Filter,Office,median,0.3763313043533258
Adhesives and sealants,Adhesives and sealants,gwp_intensity_kg_per_m2_excluding_bio,No Filter,Office,median,0.1504392940202098
Air and vapor barriers,Air and vapor barriers,gwp_intensity_kg_per_m2_excluding_bio,No Filter,Office,median,0.4491999866372253
Aluminum - other,Aluminum,gwp_intensity_kg_per_m2_excluding_bio,No Filter,Office,median,0.4989346744186035
Aluminum composite panel ACM,Cladding,gwp_intensity_kg_per_m2_excluding_bio,No Filter,Office,median,0.4630948831911523
Aluminum door,Doors and frames,gwp_intensity_kg_per_m2_excluding_bio,No Filter,Office,median,0.1749934601983037
Aluminum door frame,Doors and frames,gwp_intensity_kg_per_m2_excluding_bio,No Filter,Office,median,0.1251038299069138
Aluminum framed glass entrances,Doors and frames,gwp_intensity_kg_per_m2_excluding_bio,No Filter,Office,median,0.5924232855511328
Aluminum framed window,Windows and frames,gwp_intensity_kg_per_m2_excluding_bio,No Filter,Office,median,1.1561887413184675
Aluminum sheet,Aluminum,gwp_intensity_kg_per_m2_excluding_bio,No Filter,Office,median,1.4462937152320463
Aluminum storefront or curtain wall,Windows and frames,gwp_intensity_kg_per_m2_excluding_bio,No Filter,Office,median,7.591947576317197
Applied fireproofing - other,Applied fireproofing,gwp_intensity_kg_per_m2_excluding_bio,No Filter,Office,median,
Architectural fiber cement panel,Cladding,gwp_intensity_kg_per_m2_excluding_bio,No Filter,Office,median,0.1171219680966028
Asphalt shingles,Roofing and waterproofing,gwp_intensity_kg_per_m2_excluding_bio,No Filter,Office,median,
Brass,Other metals,gwp_intensity_kg_per_m2_excluding_bio,No Filter,Office,median,
Brick clay,Masonry,gwp_intensity_kg_per_m2_excluding_bio,No Filter,Office,median,0.531383779024977
Built up roofing,Roofing and waterproofing,gwp_intensity_kg_per_m2_excluding_bio,No Filter,Office,median,0.1796565270294391
CMU,Masonry,gwp_intensity_kg_per_m2_excluding_bio,No Filter,Office,median,1.5108684782840949
Carpet,Flooring and tile,gwp_intensity_kg_per_m2_excluding_bio,No Filter,Office,median,0.1191865413858921
Cast bronze,Other metals,gwp_intensity_kg_per_m2_excluding_bio,No Filter,Office,median,
Ceramic tile,Flooring and tile,gwp_intensity_kg_per_m2_excluding_bio,No Filter,Office,median,0.0095836739509875
Cladding - other,Cladding,gwp_intensity_kg_per_m2_excluding_bio,No Filter,Office,median,
Closed cell spray polyurethane foam,Insulation,gwp_intensity_kg_per_m2_excluding_bio,No Filter,Office,median,1.1776575011147534
Coatings - other,Coatings,gwp_intensity_kg_per_m2_excluding_bio,No Filter,Office,median,1.1583780256208016
Cold formed steel framing,Steel,gwp_intensity_kg_per_m2_excluding_bio,No Filter,Office,median,6.990804581510158
Concrete - other,Concrete,gwp_intensity_kg_per_m2_excluding_bio,No Filter,Office,median,0.1090371131001919
Copper sheet,Other metals,gwp_intensity_kg_per_m2_excluding_bio,No Filter,Office,median,
Cross laminated timber CLT,Wood and composites,gwp_intensity_kg_per_m2_excluding_bio,No Filter,Office,median,1.5725701221634043
Decking,Steel,gwp_intensity_kg_per_m2_excluding_bio,No Filter,Office,median,18.759939503487978
Doors and frames - other,Doors and frames,gwp_intensity_kg_per_m2_excluding_bio,No Filter,Office,median,0.4538631844965502
EPDM,Roofing and waterproofing,gwp_intensity_kg_per_m2_excluding_bio,No Filter,Office,median,0.2948963546749193
Expanded polystyrene EPS,Insulation,gwp_intensity_kg_per_m2_excluding_bio,No Filter,Office,median,0.8081917868436971
Extruded polystyrene XPS,Insulation,gwp_intensity_kg_per_m2_excluding_bio,No Filter,Office,median,5.179467114172224
Extrusion,Aluminum,gwp_intensity_kg_per_m2_excluding_bio,No Filter,Office,median,12.288829568692494
Fasteners,Other metals,gwp_intensity_kg_per_m2_excluding_bio,No Filter,Office,median,0.0581943407445391
Fiberglass blanket,Insulation,gwp_intensity_kg_per_m2_excluding_bio,No Filter,Office,median,0.8233982588999736
Fiberglass door,Doors and frames,gwp_intensity_kg_per_m2_excluding_bio,No Filter,Office,median,0.1901777015792757
Fiberglass framed window,Windows and frames,gwp_intensity_kg_per_m2_excluding_bio,No Filter,Office,median,
Flooring and tile - other,Flooring and tile,gwp_intensity_kg_per_m2_excluding_bio,No Filter,Office,median,0.0106895982509939
GFRC general,Concrete,gwp_intensity_kg_per_m2_excluding_bio,No Filter,Office,median,0.2081719065141457
GFRC panel,Cladding,gwp_intensity_kg_per_m2_excluding_bio,No Filter,Office,median,0.0015321741399451
Glass mat gypsum board,Gypsum,gwp_intensity_kg_per_m2_excluding_bio,No Filter,Office,median,1.8307865262753409
Glazing - other,Glazing,gwp_intensity_kg_per_m2_excluding_bio,No Filter,Office,median,1.4786107882898651
Glue laminated timber GLT,Wood and composites,gwp_intensity_kg_per_m2_excluding_bio,No Filter,Office,median,0.6832991845252503
Gypsum board,Gypsum,gwp_intensity_kg_per_m2_excluding_bio,No Filter,Office,median,3.624604357006815
HDPE,Roofing and waterproofing,gwp_intensity_kg_per_m2_excluding_bio,No Filter,Office,median,0.2693636283498439
Hardwood,Wood and composites,gwp_intensity_kg_per_m2_excluding_bio,No Filter,Office,median,0.0413226957155484
Heavy timber framing,Wood and composites,gwp_intensity_kg_per_m2_excluding_bio,No Filter,Office,median,0.0005150882156006
Hollow structural sections HSS,Steel,gwp_intensity_kg_per_m2_excluding_bio,No Filter,Office,median,6.732545224597075
Hot-rolled sections,Steel,gwp_intensity_kg_per_m2_excluding_bio,No Filter,Office,median,11.49772248896759
Insulated glass unit IGU,Glazing,gwp_intensity_kg_per_m2_excluding_bio,No Filter,Office,median,5.300204166382445
Insulated metal panel IMP,Cladding,gwp_intensity_kg_per_m2_excluding_bio,No Filter,Office,median,1.9570976227151504
Insulation - other,Insulation,gwp_intensity_kg_per_m2_excluding_bio,No Filter,Office,median,0.4125674143752679
Intumescent,Applied fireproofing,gwp_intensity_kg_per_m2_excluding_bio,No Filter,Office,median,0.1201593414845326
Laminated strand lumber LSL,Wood and composites,gwp_intensity_kg_per_m2_excluding_bio,No Filter,Office,median,0.0002401839001696
Laminated veneer lumber LVL,Wood and composites,gwp_intensity_kg_per_m2_excluding_bio,No Filter,Office,median,0.3463077685106396
Loose-fill cellulose,Insulation,gwp_intensity_kg_per_m2_excluding_bio,No Filter,Office,median,0.0074188942971893
Masonry - other,Masonry,gwp_intensity_kg_per_m2_excluding_bio,No Filter,Office,median,
Medium density fiberboard MDF,Wood and composites,gwp_intensity_kg_per_m2_excluding_bio,No Filter,Office,median,0.0688632852769208
Mineral wool high density,Insulation,gwp_intensity_kg_per_m2_excluding_bio,No Filter,Office,median,2.13577969481094
Mineral wool low density,Insulation,gwp_intensity_kg_per_m2_excluding_bio,No Filter,Office,median,0.4587927208242948
Modified bitumen,Roofing and waterproofing,gwp_intensity_kg_per_m2_excluding_bio,No Filter,Office,median,0.4736317616357878
Mortar and grout,Masonry,gwp_intensity_kg_per_m2_excluding_bio,No Filter,Office,median,1.46900837406939
Open web joists,Steel,gwp_intensity_kg_per_m2_excluding_bio,No Filter,Office,median,8.325764447533063
Oriented strand board OSB,Wood and composites,gwp_intensity_kg_per_m2_excluding_bio,No Filter,Office,median,0.3168504648335249
Other,Other,gwp_intensity_kg_per_m2_excluding_bio,No Filter,Office,median,0.0930569684337276
PVC,Roofing and waterproofing,gwp_intensity_kg_per_m2_excluding_bio,No Filter,Office,median,0.2700104908519241
Paint,Coatings,gwp_intensity_kg_per_m2_excluding_bio,No Filter,Office,median,0.7083151453016375
Parallel strand lumber PSL,Wood and composites,gwp_intensity_kg_per_m2_excluding_bio,No Filter,Office,median,0.0821234584721775
Plate,Steel,gwp_intensity_kg_per_m2_excluding_bio,No Filter,Office,median,2.875242558290329
Polyisocyanurate PIR,Insulation,gwp_intensity_kg_per_m2_excluding_bio,No Filter,Office,median,2.4768286051908426
Precast,Concrete,gwp_intensity_kg_per_m2_excluding_bio,No Filter,Office,median,0.288139535367113
Raised access floor system,Flooring and tile,gwp_intensity_kg_per_m2_excluding_bio,No Filter,Office,median,1.0396425179942397
Ready mix LW 3000,Concrete,gwp_intensity_kg_per_m2_excluding_bio,No Filter,Office,median,1.714203291207039
Ready mix LW 4000,Concrete,gwp_intensity_kg_per_m2_excluding_bio,No Filter,Office,median,0.2125759772495682
Ready mix LW 5000,Concrete,gwp_intensity_kg_per_m2_excluding_bio,No Filter,Office,median,0.1149442468022538
Ready mix NW 2500,Concrete,gwp_intensity_kg_per_m2_excluding_bio,No Filter,Office,median,1.2110369435357085
Ready mix NW 3000,Concrete,gwp_intensity_kg_per_m2_excluding_bio,No Filter,Office,median,17.644705138681303
Ready mix NW 4000,Concrete,gwp_intensity_kg_per_m2_excluding_bio,No Filter,Office,median,23.32099133929161
Ready mix NW 5000,Concrete,gwp_intensity_kg_per_m2_excluding_bio,No Filter,Office,median,24.042394564657933
Ready mix NW 6000,Concrete,gwp_intensity_kg_per_m2_excluding_bio,No Filter,Office,median,33.80784182729433
Ready mix NW 8000,Concrete,gwp_intensity_kg_per_m2_excluding_bio,No Filter,Office,median,11.38363277801825
Ready mix unknown,Concrete,gwp_intensity_kg_per_m2_excluding_bio,No Filter,Office,median,24.985961518571504
Rebar and reinforcement,Steel,gwp_intensity_kg_per_m2_excluding_bio,No Filter,Office,median,48.3827524458459
Resilient flooring rubber,Flooring and tile,gwp_intensity_kg_per_m2_excluding_bio,No Filter,Office,median,0.0151116051226045
Resilient flooring vinyl,Flooring and tile,gwp_intensity_kg_per_m2_excluding_bio,No Filter,Office,median,0.0044780494316153
Roll formed metal panel aluminum,Cladding,gwp_intensity_kg_per_m2_excluding_bio,No Filter,Office,median,0.066802642760929
Roll formed metal panel steel,Cladding,gwp_intensity_kg_per_m2_excluding_bio,No Filter,Office,median,0.3424884055173014
Roofing and waterproofing - other,Roofing and waterproofing,gwp_intensity_kg_per_m2_excluding_bio,No Filter,Office,median,0.0511452936373301
Softwood framing,Wood and composites,gwp_intensity_kg_per_m2_excluding_bio,No Filter,Office,median,0.0121658245071484
Softwood plywood,Wood and composites,gwp_intensity_kg_per_m2_excluding_bio,No Filter,Office,median,0.0193156384195719
Spray applied cementitious,Applied fireproofing,gwp_intensity_kg_per_m2_excluding_bio,No Filter,Office,median,4.730613025302736
Steel - other,Steel,gwp_intensity_kg_per_m2_excluding_bio,No Filter,Office,median,2.107550728496724
Steel door,Doors and frames,gwp_intensity_kg_per_m2_excluding_bio,No Filter,Office,median,0.378271230810318
Steel door frame,Doors and frames,gwp_intensity_kg_per_m2_excluding_bio,No Filter,Office,median,0.0254641718136726
Steel framed window,Windows and frames,gwp_intensity_kg_per_m2_excluding_bio,No Filter,Office,median,0.0328432736537605
Steel sheet,Steel,gwp_intensity_kg_per_m2_excluding_bio,No Filter,Office,median,1.0995669800036267
Stone masonry,Masonry,gwp_intensity_kg_per_m2_excluding_bio,No Filter,Office,median,0.0948441829101421
Stone tile,Flooring and tile,gwp_intensity_kg_per_m2_excluding_bio,No Filter,Office,median,0.2084598173376481
Stucco finish,Cladding,gwp_intensity_kg_per_m2_excluding_bio,No Filter,Office,median,0.0360070100884687
Suspension assembly,Acoustic ceilings,gwp_intensity_kg_per_m2_excluding_bio,No Filter,Office,median,0.1916387922690261
Synthetic composites,Synthetic composites,gwp_intensity_kg_per_m2_excluding_bio,No Filter,Office,median,0.7857766201529395
TPO,Roofing and waterproofing,gwp_intensity_kg_per_m2_excluding_bio,No Filter,Office,median,0.1831096386487588
Terracotta units,Cladding,gwp_intensity_kg_per_m2_excluding_bio,No Filter,Office,median,
Terrazzo slabs and tiles,Flooring and tile,gwp_intensity_kg_per_m2_excluding_bio,No Filter,Office,median,0.0182561141733245
Vinyl framed window,Windows and frames,gwp_intensity_kg_per_m2_excluding_bio,No Filter,Office,median,
Wall coverings,Wall coverings,gwp_intensity_kg_per_m2_excluding_bio,No Filter,Office,median,0.15820628105558
Windows and frames - other,Windows and frames,gwp_intensity_kg_per_m2_excluding_bio,No Filter,Office,median,0.3029528341441015
Wood I joists,Wood and composites,gwp_intensity_kg_per_m2_excluding_bio,No Filter,Office,median,5.10538684281645e-05
Wood and composites - other,Wood and composites,gwp_intensity_kg_per_m2_excluding_bio,No Filter,Office,median,0.039657143319377
Wood door frame,Doors and frames,gwp_intensity_kg_per_m2_excluding_bio,No Filter,Office,median,0.0069997062111615
Wood framed window,Windows and frames,gwp_intensity_kg_per_m2_excluding_bio,No Filter,Office,median,
Wood or composite door,Doors and frames,gwp_intensity_kg_per_m2_excluding_bio,No Filter,Office,median,0.0755653195082289
Zinc sheet,Other metals,gwp_intensity_kg_per_m2_excluding_bio,No Filter,Office,median,0.1052346018708618
Acoustic ceiling tile aluminum,Acoustic ceilings,gwp_intensity_kg_per_m2_excluding_bio,No Filter,Other,median,0.6151343832794297
Acoustic ceiling tile fiber,Acoustic ceilings,gwp_intensity_kg_per_m2_excluding_bio,No Filter,Other,median,0.3274449230289458
Acoustic ceiling tile steel,Acoustic ceilings,gwp_intensity_kg_per_m2_excluding_bio,No Filter,Other,median,1.2389667699380806
Acoustic ceilings - other,Acoustic ceilings,gwp_intensity_kg_per_m2_excluding_bio,No Filter,Other,median,0.8488278334352733
Adhesives and sealants,Adhesives and sealants,gwp_intensity_kg_per_m2_excluding_bio,No Filter,Other,median,0.1927514299655311
Air and vapor barriers,Air and vapor barriers,gwp_intensity_kg_per_m2_excluding_bio,No Filter,Other,median,0.7769189960175069
Aluminum - other,Aluminum,gwp_intensity_kg_per_m2_excluding_bio,No Filter,Other,median,0.4158003302679816
Aluminum composite panel ACM,Cladding,gwp_intensity_kg_per_m2_excluding_bio,No Filter,Other,median,2.876371554392421
Aluminum door,Doors and frames,gwp_intensity_kg_per_m2_excluding_bio,No Filter,Other,median,1.138201838016229
Aluminum door frame,Doors and frames,gwp_intensity_kg_per_m2_excluding_bio,No Filter,Other,median,0.0810371012191795
Aluminum framed glass entrances,Doors and frames,gwp_intensity_kg_per_m2_excluding_bio,No Filter,Other,median,
Aluminum framed window,Windows and frames,gwp_intensity_kg_per_m2_excluding_bio,No Filter,Other,median,0.1055082664782496
Aluminum sheet,Aluminum,gwp_intensity_kg_per_m2_excluding_bio,No Filter,Other,median,2.7025508702110663
Aluminum storefront or curtain wall,Windows and frames,gwp_intensity_kg_per_m2_excluding_bio,No Filter,Other,median,1.6575728516672792
Applied fireproofing - other,Applied fireproofing,gwp_intensity_kg_per_m2_excluding_bio,No Filter,Other,median,
Architectural fiber cement panel,Cladding,gwp_intensity_kg_per_m2_excluding_bio,No Filter,Other,median,1.4265849835762563
Asphalt shingles,Roofing and waterproofing,gwp_intensity_kg_per_m2_excluding_bio,No Filter,Other,median,
Brass,Other metals,gwp_intensity_kg_per_m2_excluding_bio,No Filter,Other,median,
Brick clay,Masonry,gwp_intensity_kg_per_m2_excluding_bio,No Filter,Other,median,2.7185256576848684
Built up roofing,Roofing and waterproofing,gwp_intensity_kg_per_m2_excluding_bio,No Filter,Other,median,
CMU,Masonry,gwp_intensity_kg_per_m2_excluding_bio,No Filter,Other,median,1.592915869945006
Carpet,Flooring and tile,gwp_intensity_kg_per_m2_excluding_bio,No Filter,Other,median,0.4097091745789421
Cast bronze,Other metals,gwp_intensity_kg_per_m2_excluding_bio,No Filter,Other,median,
Ceramic tile,Flooring and tile,gwp_intensity_kg_per_m2_excluding_bio,No Filter,Other,median,0.564920640168319
Cladding - other,Cladding,gwp_intensity_kg_per_m2_excluding_bio,No Filter,Other,median,
Closed cell spray polyurethane foam,Insulation,gwp_intensity_kg_per_m2_excluding_bio,No Filter,Other,median,8.62546041140189
Coatings - other,Coatings,gwp_intensity_kg_per_m2_excluding_bio,No Filter,Other,median,1.2387812180950868
Cold formed steel framing,Steel,gwp_intensity_kg_per_m2_excluding_bio,No Filter,Other,median,9.663512175837148
Concrete - other,Concrete,gwp_intensity_kg_per_m2_excluding_bio,No Filter,Other,median,1.323039814936967
Copper sheet,Other metals,gwp_intensity_kg_per_m2_excluding_bio,No Filter,Other,median,
Cross laminated timber CLT,Wood and composites,gwp_intensity_kg_per_m2_excluding_bio,No Filter,Other,median,1.2445438200220371
Decking,Steel,gwp_intensity_kg_per_m2_excluding_bio,No Filter,Other,median,13.038188826592076
Doors and frames - other,Doors and frames,gwp_intensity_kg_per_m2_excluding_bio,No Filter,Other,median,0.7177563296898372
EPDM,Roofing and waterproofing,gwp_intensity_kg_per_m2_excluding_bio,No Filter,Other,median,0.4513981376440142
Expanded polystyrene EPS,Insulation,gwp_intensity_kg_per_m2_excluding_bio,No Filter,Other,median,0.9792717329300084
Extruded polystyrene XPS,Insulation,gwp_intensity_kg_per_m2_excluding_bio,No Filter,Other,median,9.04698890030924
Extrusion,Aluminum,gwp_intensity_kg_per_m2_excluding_bio,No Filter,Other,median,14.348592380757552
Fasteners,Other metals,gwp_intensity_kg_per_m2_excluding_bio,No Filter,Other,median,0.0233285386752446
Fiberglass blanket,Insulation,gwp_intensity_kg_per_m2_excluding_bio,No Filter,Other,median,0.9434407749481564
Fiberglass door,Doors and frames,gwp_intensity_kg_per_m2_excluding_bio,No Filter,Other,median,
Fiberglass framed window,Windows and frames,gwp_intensity_kg_per_m2_excluding_bio,No Filter,Other,median,
Flooring and tile - other,Flooring and tile,gwp_intensity_kg_per_m2_excluding_bio,No Filter,Other,median,0.0164110995902276
GFRC general,Concrete,gwp_intensity_kg_per_m2_excluding_bio,No Filter,Other,median,0.0066460596593229
GFRC panel,Cladding,gwp_intensity_kg_per_m2_excluding_bio,No Filter,Other,median,
Glass mat gypsum board,Gypsum,gwp_intensity_kg_per_m2_excluding_bio,No Filter,Other,median,2.7667463066865503
Glazing - other,Glazing,gwp_intensity_kg_per_m2_excluding_bio,No Filter,Other,median,1.428346677814301
Glue laminated timber GLT,Wood and composites,gwp_intensity_kg_per_m2_excluding_bio,No Filter,Other,median,3.041153426829668
Gypsum board,Gypsum,gwp_intensity_kg_per_m2_excluding_bio,No Filter,Other,median,3.449089971158011
HDPE,Roofing and waterproofing,gwp_intensity_kg_per_m2_excluding_bio,No Filter,Other,median,
Hardwood,Wood and composites,gwp_intensity_kg_per_m2_excluding_bio,No Filter,Other,median,0.1558245233286198
Heavy timber framing,Wood and composites,gwp_intensity_kg_per_m2_excluding_bio,No Filter,Other,median,
Hollow structural sections HSS,Steel,gwp_intensity_kg_per_m2_excluding_bio,No Filter,Other,median,15.936634029005669
Hot-rolled sections,Steel,gwp_intensity_kg_per_m2_excluding_bio,No Filter,Other,median,45.59705077759266
Insulated glass unit IGU,Glazing,gwp_intensity_kg_per_m2_excluding_bio,No Filter,Other,median,5.960631862374274
Insulated metal panel IMP,Cladding,gwp_intensity_kg_per_m2_excluding_bio,No Filter,Other,median,0.4934866874952059
Insulation - other,Insulation,gwp_intensity_kg_per_m2_excluding_bio,No Filter,Other,median,0.3933094586485073
Intumescent,Applied fireproofing,gwp_intensity_kg_per_m2_excluding_bio,No Filter,Other,median,0.630855985600692
Laminated strand lumber LSL,Wood and composites,gwp_intensity_kg_per_m2_excluding_bio,No Filter,Other,median,
Laminated veneer lumber LVL,Wood and composites,gwp_intensity_kg_per_m2_excluding_bio,No Filter,Other,median,0.0417070959014304
Loose-fill cellulose,Insulation,gwp_intensity_kg_per_m2_excluding_bio,No Filter,Other,median,
Masonry - other,Masonry,gwp_intensity_kg_per_m2_excluding_bio,No Filter,Other,median,
Medium density fiberboard MDF,Wood and composites,gwp_intensity_kg_per_m2_excluding_bio,No Filter,Other,median,
Mineral wool high density,Insulation,gwp_intensity_kg_per_m2_excluding_bio,No Filter,Other,median,1.5410662035691691
Mineral wool low density,Insulation,gwp_intensity_kg_per_m2_excluding_bio,No Filter,Other,median,0.5491525314992172
Modified bitumen,Roofing and waterproofing,gwp_intensity_kg_per_m2_excluding_bio,No Filter,Other,median,0.1317196739011425
Mortar and grout,Masonry,gwp_intensity_kg_per_m2_excluding_bio,No Filter,Other,median,1.3142363112498747
Open web joists,Steel,gwp_intensity_kg_per_m2_excluding_bio,No Filter,Other,median,8.442571676725553
Oriented strand board OSB,Wood and composites,gwp_intensity_kg_per_m2_excluding_bio,No Filter,Other,median,0.0287308545728146
Other,Other,gwp_intensity_kg_per_m2_excluding_bio,No Filter,Other,median,
PVC,Roofing and waterproofing,gwp_intensity_kg_per_m2_excluding_bio,No Filter,Other,median,1.2391493267341072
Paint,Coatings,gwp_intensity_kg_per_m2_excluding_bio,No Filter,Other,median,0.2314529005523095
Parallel strand lumber PSL,Wood and composites,gwp_intensity_kg_per_m2_excluding_bio,No Filter,Other,median,0.0903963947408335
Plate,Steel,gwp_intensity_kg_per_m2_excluding_bio,No Filter,Other,median,8.235630830284139
Polyisocyanurate PIR,Insulation,gwp_intensity_kg_per_m2_excluding_bio,No Filter,Other,median,9.762368135377388
Precast,Concrete,gwp_intensity_kg_per_m2_excluding_bio,No Filter,Other,median,0.4938593573360891
Raised access floor system,Flooring and tile,gwp_intensity_kg_per_m2_excluding_bio,No Filter,Other,median,
Ready mix LW 3000,Concrete,gwp_intensity_kg_per_m2_excluding_bio,No Filter,Other,median,0.588190157310724
Ready mix LW 4000,Concrete,gwp_intensity_kg_per_m2_excluding_bio,No Filter,Other,median,7.512183384684234
Ready mix LW 5000,Concrete,gwp_intensity_kg_per_m2_excluding_bio,No Filter,Other,median,
Ready mix NW 2500,Concrete,gwp_intensity_kg_per_m2_excluding_bio,No Filter,Other,median,0.122713053567235
Ready mix NW 3000,Concrete,gwp_intensity_kg_per_m2_excluding_bio,No Filter,Other,median,0.3921858712923148
Ready mix NW 4000,Concrete,gwp_intensity_kg_per_m2_excluding_bio,No Filter,Other,median,28.40171345032049
Ready mix NW 5000,Concrete,gwp_intensity_kg_per_m2_excluding_bio,No Filter,Other,median,36.4149921863955
Ready mix NW 6000,Concrete,gwp_intensity_kg_per_m2_excluding_bio,No Filter,Other,median,18.86300716769173
Ready mix NW 8000,Concrete,gwp_intensity_kg_per_m2_excluding_bio,No Filter,Other,median,
Ready mix unknown,Concrete,gwp_intensity_kg_per_m2_excluding_bio,No Filter,Other,median,38.739900531288136
Rebar and reinforcement,Steel,gwp_intensity_kg_per_m2_excluding_bio,No Filter,Other,median,24.89727624057843
Resilient flooring rubber,Flooring and tile,gwp_intensity_kg_per_m2_excluding_bio,No Filter,Other,median,
Resilient flooring vinyl,Flooring and tile,gwp_intensity_kg_per_m2_excluding_bio,No Filter,Other,median,0.1415198232676993
Roll formed metal panel aluminum,Cladding,gwp_intensity_kg_per_m2_excluding_bio,No Filter,Other,median,0.7406006048265343
Roll formed metal panel steel,Cladding,gwp_intensity_kg_per_m2_excluding_bio,No Filter,Other,median,0.040067180118708
Roofing and waterproofing - other,Roofing and waterproofing,gwp_intensity_kg_per_m2_excluding_bio,No Filter,Other,median,0.3386645740807623
Softwood framing,Wood and composites,gwp_intensity_kg_per_m2_excluding_bio,No Filter,Other,median,1.022203286892143
Softwood plywood,Wood and composites,gwp_intensity_kg_per_m2_excluding_bio,No Filter,Other,median,0.8783163482219344
Spray applied cementitious,Applied fireproofing,gwp_intensity_kg_per_m2_excluding_bio,No Filter,Other,median,20.927216878009663
Steel - other,Steel,gwp_intensity_kg_per_m2_excluding_bio,No Filter,Other,median,3.491132277957077
Steel door,Doors and frames,gwp_intensity_kg_per_m2_excluding_bio,No Filter,Other,median,0.5016667459132642
Steel door frame,Doors and frames,gwp_intensity_kg_per_m2_excluding_bio,No Filter,Other,median,0.0271580978282684
Steel framed window,Windows and frames,gwp_intensity_kg_per_m2_excluding_bio,No Filter,Other,median,0.0620298427323302
Steel sheet,Steel,gwp_intensity_kg_per_m2_excluding_bio,No Filter,Other,median,5.0336698320939215
Stone masonry,Masonry,gwp_intensity_kg_per_m2_excluding_bio,No Filter,Other,median,1.8482630213353053
Stone tile,Flooring and tile,gwp_intensity_kg_per_m2_excluding_bio,No Filter,Other,median,
Stucco finish,Cladding,gwp_intensity_kg_per_m2_excluding_bio,No Filter,Other,median,0.0024432064583431
Suspension assembly,Acoustic ceilings,gwp_intensity_kg_per_m2_excluding_bio,No Filter,Other,median,0.1785062214440887
Synthetic composites,Synthetic composites,gwp_intensity_kg_per_m2_excluding_bio,No Filter,Other,median,0.2958351911191493
TPO,Roofing and waterproofing,gwp_intensity_kg_per_m2_excluding_bio,No Filter,Other,median,0.7159577098472596
Terracotta units,Cladding,gwp_intensity_kg_per_m2_excluding_bio,No Filter,Other,median,
Terrazzo slabs and tiles,Flooring and tile,gwp_intensity_kg_per_m2_excluding_bio,No Filter,Other,median,
Vinyl framed window,Windows and frames,gwp_intensity_kg_per_m2_excluding_bio,No Filter,Other,median,
Wall coverings,Wall coverings,gwp_intensity_kg_per_m2_excluding_bio,No Filter,Other,median,0.03838541985
Windows and frames - other,Windows and frames,gwp_intensity_kg_per_m2_excluding_bio,No Filter,Other,median,0.4989104293051661
Wood I joists,Wood and composites,gwp_intensity_kg_per_m2_excluding_bio,No Filter,Other,median,0.9679072747589084
Wood and composites - other,Wood and composites,gwp_intensity_kg_per_m2_excluding_bio,No Filter,Other,median,0.4707515242166543
Wood door frame,Doors and frames,gwp_intensity_kg_per_m2_excluding_bio,No Filter,Other,median,0.0280343278579472
Wood framed window,Windows and frames,gwp_intensity_kg_per_m2_excluding_bio,No Filter,Other,median,
Wood or composite door,Doors and frames,gwp_intensity_kg_per_m2_excluding_bio,No Filter,Other,median,0.0410421465395967
Zinc sheet,Other metals,gwp_intensity_kg_per_m2_excluding_bio,No Filter,Other,median,0.0057048754245655
Acoustic ceiling tile aluminum,Acoustic ceilings,gwp_intensity_kg_per_m2_excluding_bio,No Filter,Public Assembly,median,0.7849769879711557
Acoustic ceiling tile fiber,Acoustic ceilings,gwp_intensity_kg_per_m2_excluding_bio,No Filter,Public Assembly,median,0.3697456912448205
Acoustic ceiling tile steel,Acoustic ceilings,gwp_intensity_kg_per_m2_excluding_bio,No Filter,Public Assembly,median,0.0557679681257452
Acoustic ceilings - other,Acoustic ceilings,gwp_intensity_kg_per_m2_excluding_bio,No Filter,Public Assembly,median,
Adhesives and sealants,Adhesives and sealants,gwp_intensity_kg_per_m2_excluding_bio,No Filter,Public Assembly,median,0.1267597630181102
Air and vapor barriers,Air and vapor barriers,gwp_intensity_kg_per_m2_excluding_bio,No Filter,Public Assembly,median,0.8679988169752699
Aluminum - other,Aluminum,gwp_intensity_kg_per_m2_excluding_bio,No Filter,Public Assembly,median,1.2890759666884044
Aluminum composite panel ACM,Cladding,gwp_intensity_kg_per_m2_excluding_bio,No Filter,Public Assembly,median,0.1237569139983609
Aluminum door,Doors and frames,gwp_intensity_kg_per_m2_excluding_bio,No Filter,Public Assembly,median,0.6099645445885457
Aluminum door frame,Doors and frames,gwp_intensity_kg_per_m2_excluding_bio,No Filter,Public Assembly,median,0.0583692706441786
Aluminum framed glass entrances,Doors and frames,gwp_intensity_kg_per_m2_excluding_bio,No Filter,Public Assembly,median,
Aluminum framed window,Windows and frames,gwp_intensity_kg_per_m2_excluding_bio,No Filter,Public Assembly,median,0.0104510726300246
Aluminum sheet,Aluminum,gwp_intensity_kg_per_m2_excluding_bio,No Filter,Public Assembly,median,1.6069007471570156
Aluminum storefront or curtain wall,Windows and frames,gwp_intensity_kg_per_m2_excluding_bio,No Filter,Public Assembly,median,0.0087928571150454
Applied fireproofing - other,Applied fireproofing,gwp_intensity_kg_per_m2_excluding_bio,No Filter,Public Assembly,median,
Architectural fiber cement panel,Cladding,gwp_intensity_kg_per_m2_excluding_bio,No Filter,Public Assembly,median,0.1460557707012997
Asphalt shingles,Roofing and waterproofing,gwp_intensity_kg_per_m2_excluding_bio,No Filter,Public Assembly,median,0.3423777652333631
Brass,Other metals,gwp_intensity_kg_per_m2_excluding_bio,No Filter,Public Assembly,median,
Brick clay,Masonry,gwp_intensity_kg_per_m2_excluding_bio,No Filter,Public Assembly,median,4.3383439480374735
Built up roofing,Roofing and waterproofing,gwp_intensity_kg_per_m2_excluding_bio,No Filter,Public Assembly,median,0.3444372511801445
CMU,Masonry,gwp_intensity_kg_per_m2_excluding_bio,No Filter,Public Assembly,median,3.2679456568438505
Carpet,Flooring and tile,gwp_intensity_kg_per_m2_excluding_bio,No Filter,Public Assembly,median,1.3132413149605318
Cast bronze,Other metals,gwp_intensity_kg_per_m2_excluding_bio,No Filter,Public Assembly,median,
Ceramic tile,Flooring and tile,gwp_intensity_kg_per_m2_excluding_bio,No Filter,Public Assembly,median,0.5211610408498168
Cladding - other,Cladding,gwp_intensity_kg_per_m2_excluding_bio,No Filter,Public Assembly,median,1.8021693504500995
Closed cell spray polyurethane foam,Insulation,gwp_intensity_kg_per_m2_excluding_bio,No Filter,Public Assembly,median,0.2682905154335991
Coatings - other,Coatings,gwp_intensity_kg_per_m2_excluding_bio,No Filter,Public Assembly,median,1.8415003133487768
Cold formed steel framing,Steel,gwp_intensity_kg_per_m2_excluding_bio,No Filter,Public Assembly,median,7.288156749584432
Concrete - other,Concrete,gwp_intensity_kg_per_m2_excluding_bio,No Filter,Public Assembly,median,0.129612006589144
Copper sheet,Other metals,gwp_intensity_kg_per_m2_excluding_bio,No Filter,Public Assembly,median,
Cross laminated timber CLT,Wood and composites,gwp_intensity_kg_per_m2_excluding_bio,No Filter,Public Assembly,median,2.017224545282684
Decking,Steel,gwp_intensity_kg_per_m2_excluding_bio,No Filter,Public Assembly,median,15.724194180740394
Doors and frames - other,Doors and frames,gwp_intensity_kg_per_m2_excluding_bio,No Filter,Public Assembly,median,0.8577140425229562
EPDM,Roofing and waterproofing,gwp_intensity_kg_per_m2_excluding_bio,No Filter,Public Assembly,median,0.2939318972607775
Expanded polystyrene EPS,Insulation,gwp_intensity_kg_per_m2_excluding_bio,No Filter,Public Assembly,median,1.9604860242057445
Extruded polystyrene XPS,Insulation,gwp_intensity_kg_per_m2_excluding_bio,No Filter,Public Assembly,median,17.274784139795695
Extrusion,Aluminum,gwp_intensity_kg_per_m2_excluding_bio,No Filter,Public Assembly,median,4.638356470438556
Fasteners,Other metals,gwp_intensity_kg_per_m2_excluding_bio,No Filter,Public Assembly,median,0.01536102150513
Fiberglass blanket,Insulation,gwp_intensity_kg_per_m2_excluding_bio,No Filter,Public Assembly,median,1.1591302901383724
Fiberglass door,Doors and frames,gwp_intensity_kg_per_m2_excluding_bio,No Filter,Public Assembly,median,
Fiberglass framed window,Windows and frames,gwp_intensity_kg_per_m2_excluding_bio,No Filter,Public Assembly,median,0.168755523065397
Flooring and tile - other,Flooring and tile,gwp_intensity_kg_per_m2_excluding_bio,No Filter,Public Assembly,median,0.2348418309478994
GFRC general,Concrete,gwp_intensity_kg_per_m2_excluding_bio,No Filter,Public Assembly,median,0.1256924410075115
GFRC panel,Cladding,gwp_intensity_kg_per_m2_excluding_bio,No Filter,Public Assembly,median,
Glass mat gypsum board,Gypsum,gwp_intensity_kg_per_m2_excluding_bio,No Filter,Public Assembly,median,3.1736283284191456
Glazing - other,Glazing,gwp_intensity_kg_per_m2_excluding_bio,No Filter,Public Assembly,median,0.5573474976881841
Glue laminated timber GLT,Wood and composites,gwp_intensity_kg_per_m2_excluding_bio,No Filter,Public Assembly,median,0.2681998894961173
Gypsum board,Gypsum,gwp_intensity_kg_per_m2_excluding_bio,No Filter,Public Assembly,median,5.209905602021035
HDPE,Roofing and waterproofing,gwp_intensity_kg_per_m2_excluding_bio,No Filter,Public Assembly,median,0.2846054297730842
Hardwood,Wood and composites,gwp_intensity_kg_per_m2_excluding_bio,No Filter,Public Assembly,median,0.0802307704630442
Heavy timber framing,Wood and composites,gwp_intensity_kg_per_m2_excluding_bio,No Filter,Public Assembly,median,0.0586878098291056
Hollow structural sections HSS,Steel,gwp_intensity_kg_per_m2_excluding_bio,No Filter,Public Assembly,median,14.652559534272154
Hot-rolled sections,Steel,gwp_intensity_kg_per_m2_excluding_bio,No Filter,Public Assembly,median,34.004743416764775
Insulated glass unit IGU,Glazing,gwp_intensity_kg_per_m2_excluding_bio,No Filter,Public Assembly,median,3.074866601387112
Insulated metal panel IMP,Cladding,gwp_intensity_kg_per_m2_excluding_bio,No Filter,Public Assembly,median,4.545689135723172
Insulation - other,Insulation,gwp_intensity_kg_per_m2_excluding_bio,No Filter,Public Assembly,median,0.0393609040722501
Intumescent,Applied fireproofing,gwp_intensity_kg_per_m2_excluding_bio,No Filter,Public Assembly,median,0.8670066874362415
Laminated strand lumber LSL,Wood and composites,gwp_intensity_kg_per_m2_excluding_bio,No Filter,Public Assembly,median,0.0931517110962712
Laminated veneer lumber LVL,Wood and composites,gwp_intensity_kg_per_m2_excluding_bio,No Filter,Public Assembly,median,0.0086756433995309
Loose-fill cellulose,Insulation,gwp_intensity_kg_per_m2_excluding_bio,No Filter,Public Assembly,median,
Masonry - other,Masonry,gwp_intensity_kg_per_m2_excluding_bio,No Filter,Public Assembly,median,
Medium density fiberboard MDF,Wood and composites,gwp_intensity_kg_per_m2_excluding_bio,No Filter,Public Assembly,median,0.028865513676769
Mineral wool high density,Insulation,gwp_intensity_kg_per_m2_excluding_bio,No Filter,Public Assembly,median,5.156787527342196
Mineral wool low density,Insulation,gwp_intensity_kg_per_m2_excluding_bio,No Filter,Public Assembly,median,0.7612419659002202
Modified bitumen,Roofing and waterproofing,gwp_intensity_kg_per_m2_excluding_bio,No Filter,Public Assembly,median,0.8148484436238641
Mortar and grout,Masonry,gwp_intensity_kg_per_m2_excluding_bio,No Filter,Public Assembly,median,0.464025552551389
Open web joists,Steel,gwp_intensity_kg_per_m2_excluding_bio,No Filter,Public Assembly,median,6.038972467517556
Oriented strand board OSB,Wood and composites,gwp_intensity_kg_per_m2_excluding_bio,No Filter,Public Assembly,median,0.0082891684237031
Other,Other,gwp_intensity_kg_per_m2_excluding_bio,No Filter,Public Assembly,median,0.0547663282737927
PVC,Roofing and waterproofing,gwp_intensity_kg_per_m2_excluding_bio,No Filter,Public Assembly,median,0.7610494212529298
Paint,Coatings,gwp_intensity_kg_per_m2_excluding_bio,No Filter,Public Assembly,median,0.7811397545242222
Parallel strand lumber PSL,Wood and composites,gwp_intensity_kg_per_m2_excluding_bio,No Filter,Public Assembly,median,
Plate,Steel,gwp_intensity_kg_per_m2_excluding_bio,No Filter,Public Assembly,median,2.5501196929608043
Polyisocyanurate PIR,Insulation,gwp_intensity_kg_per_m2_excluding_bio,No Filter,Public Assembly,median,6.912378811282019
Precast,Concrete,gwp_intensity_kg_per_m2_excluding_bio,No Filter,Public Assembly,median,2.3982730306009605
Raised access floor system,Flooring and tile,gwp_intensity_kg_per_m2_excluding_bio,No Filter,Public Assembly,median,
Ready mix LW 3000,Concrete,gwp_intensity_kg_per_m2_excluding_bio,No Filter,Public Assembly,median,0.1159782805772405
Ready mix LW 4000,Concrete,gwp_intensity_kg_per_m2_excluding_bio,No Filter,Public Assembly,median,6.112772843743816
Ready mix LW 5000,Concrete,gwp_intensity_kg_per_m2_excluding_bio,No Filter,Public Assembly,median,3.420280327319459
Ready mix NW 2500,Concrete,gwp_intensity_kg_per_m2_excluding_bio,No Filter,Public Assembly,median,0.1738207730914562
Ready mix NW 3000,Concrete,gwp_intensity_kg_per_m2_excluding_bio,No Filter,Public Assembly,median,2.8269273519459284
Ready mix NW 4000,Concrete,gwp_intensity_kg_per_m2_excluding_bio,No Filter,Public Assembly,median,31.653740158033568
Ready mix NW 5000,Concrete,gwp_intensity_kg_per_m2_excluding_bio,No Filter,Public Assembly,median,19.362098068422043
Ready mix NW 6000,Concrete,gwp_intensity_kg_per_m2_excluding_bio,No Filter,Public Assembly,median,25.219196065561377
Ready mix NW 8000,Concrete,gwp_intensity_kg_per_m2_excluding_bio,No Filter,Public Assembly,median,4.0924406044855
Ready mix unknown,Concrete,gwp_intensity_kg_per_m2_excluding_bio,No Filter,Public Assembly,median,30.57901063326868
Rebar and reinforcement,Steel,gwp_intensity_kg_per_m2_excluding_bio,No Filter,Public Assembly,median,46.62974634288085
Resilient flooring rubber,Flooring and tile,gwp_intensity_kg_per_m2_excluding_bio,No Filter,Public Assembly,median,
Resilient flooring vinyl,Flooring and tile,gwp_intensity_kg_per_m2_excluding_bio,No Filter,Public Assembly,median,0.7272973802753504
Roll formed metal panel aluminum,Cladding,gwp_intensity_kg_per_m2_excluding_bio,No Filter,Public Assembly,median,0.2007720598099311
Roll formed metal panel steel,Cladding,gwp_intensity_kg_per_m2_excluding_bio,No Filter,Public Assembly,median,0.3842809681212537
Roofing and waterproofing - other,Roofing and waterproofing,gwp_intensity_kg_per_m2_excluding_bio,No Filter,Public Assembly,median,0.0782260669365671
Softwood framing,Wood and composites,gwp_intensity_kg_per_m2_excluding_bio,No Filter,Public Assembly,median,0.015558995551913
Softwood plywood,Wood and composites,gwp_intensity_kg_per_m2_excluding_bio,No Filter,Public Assembly,median,0.0380417310449071
Spray applied cementitious,Applied fireproofing,gwp_intensity_kg_per_m2_excluding_bio,No Filter,Public Assembly,median,13.17707996035976
Steel - other,Steel,gwp_intensity_kg_per_m2_excluding_bio,No Filter,Public Assembly,median,1.2228117885753915
Steel door,Doors and frames,gwp_intensity_kg_per_m2_excluding_bio,No Filter,Public Assembly,median,0.5921610544226164
Steel door frame,Doors and frames,gwp_intensity_kg_per_m2_excluding_bio,No Filter,Public Assembly,median,0.0193248685476123
Steel framed window,Windows and frames,gwp_intensity_kg_per_m2_excluding_bio,No Filter,Public Assembly,median,0.0011192387119461
Steel sheet,Steel,gwp_intensity_kg_per_m2_excluding_bio,No Filter,Public Assembly,median,2.2401867662721355
Stone masonry,Masonry,gwp_intensity_kg_per_m2_excluding_bio,No Filter,Public Assembly,median,0.7071229013718474
Stone tile,Flooring and tile,gwp_intensity_kg_per_m2_excluding_bio,No Filter,Public Assembly,median,0.2932765075303374
Stucco finish,Cladding,gwp_intensity_kg_per_m2_excluding_bio,No Filter,Public Assembly,median,0.0809380078033042
Suspension assembly,Acoustic ceilings,gwp_intensity_kg_per_m2_excluding_bio,No Filter,Public Assembly,median,0.1269216727625422
Synthetic composites,Synthetic composites,gwp_intensity_kg_per_m2_excluding_bio,No Filter,Public Assembly,median,1.1191654729317595
TPO,Roofing and waterproofing,gwp_intensity_kg_per_m2_excluding_bio,No Filter,Public Assembly,median,0.8254369522524974
Terracotta units,Cladding,gwp_intensity_kg_per_m2_excluding_bio,No Filter,Public Assembly,median,
Terrazzo slabs and tiles,Flooring and tile,gwp_intensity_kg_per_m2_excluding_bio,No Filter,Public Assembly,median,
Vinyl framed window,Windows and frames,gwp_intensity_kg_per_m2_excluding_bio,No Filter,Public Assembly,median,0.0052710304571961
Wall coverings,Wall coverings,gwp_intensity_kg_per_m2_excluding_bio,No Filter,Public Assembly,median,0.0107755425822484
Windows and frames - other,Windows and frames,gwp_intensity_kg_per_m2_excluding_bio,No Filter,Public Assembly,median,0.090396688895258
Wood I joists,Wood and composites,gwp_intensity_kg_per_m2_excluding_bio,No Filter,Public Assembly,median,0.0052711421359654
Wood and composites - other,Wood and composites,gwp_intensity_kg_per_m2_excluding_bio,No Filter,Public Assembly,median,0.0062479468809197
Wood door frame,Doors and frames,gwp_intensity_kg_per_m2_excluding_bio,No Filter,Public Assembly,median,0.0568044255188003
Wood framed window,Windows and frames,gwp_intensity_kg_per_m2_excluding_bio,No Filter,Public Assembly,median,0.0104061885377866
Wood or composite door,Doors and frames,gwp_intensity_kg_per_m2_excluding_bio,No Filter,Public Assembly,median,0.121623739089858
Zinc sheet,Other metals,gwp_intensity_kg_per_m2_excluding_bio,No Filter,Public Assembly,median,0.3493055614264106
Acoustic ceiling tile aluminum,Acoustic ceilings,gwp_intensity_kg_per_m2_excluding_bio,No Filter,Public Order and Safety,median,
Acoustic ceiling tile fiber,Acoustic ceilings,gwp_intensity_kg_per_m2_excluding_bio,No Filter,Public Order and Safety,median,0.9629415747386502
Acoustic ceiling tile steel,Acoustic ceilings,gwp_intensity_kg_per_m2_excluding_bio,No Filter,Public Order and Safety,median,0.9034668096472503
Acoustic ceilings - other,Acoustic ceilings,gwp_intensity_kg_per_m2_excluding_bio,No Filter,Public Order and Safety,median,
Adhesives and sealants,Adhesives and sealants,gwp_intensity_kg_per_m2_excluding_bio,No Filter,Public Order and Safety,median,0.6963660155679615
Air and vapor barriers,Air and vapor barriers,gwp_intensity_kg_per_m2_excluding_bio,No Filter,Public Order and Safety,median,1.7442301489347785
Aluminum - other,Aluminum,gwp_intensity_kg_per_m2_excluding_bio,No Filter,Public Order and Safety,median,1.0976093678725896
Aluminum composite panel ACM,Cladding,gwp_intensity_kg_per_m2_excluding_bio,No Filter,Public Order and Safety,median,
Aluminum door,Doors and frames,gwp_intensity_kg_per_m2_excluding_bio,No Filter,Public Order and Safety,median,1.3031785759309769
Aluminum door frame,Doors and frames,gwp_intensity_kg_per_m2_excluding_bio,No Filter,Public Order and Safety,median,0.4771958639335196
Aluminum framed glass entrances,Doors and frames,gwp_intensity_kg_per_m2_excluding_bio,No Filter,Public Order and Safety,median,
Aluminum framed window,Windows and frames,gwp_intensity_kg_per_m2_excluding_bio,No Filter,Public Order and Safety,median,0.6051348791094957
Aluminum sheet,Aluminum,gwp_intensity_kg_per_m2_excluding_bio,No Filter,Public Order and Safety,median,17.26203133061746
Aluminum storefront or curtain wall,Windows and frames,gwp_intensity_kg_per_m2_excluding_bio,No Filter,Public Order and Safety,median,2.483961106032804
Applied fireproofing - other,Applied fireproofing,gwp_intensity_kg_per_m2_excluding_bio,No Filter,Public Order and Safety,median,
Architectural fiber cement panel,Cladding,gwp_intensity_kg_per_m2_excluding_bio,No Filter,Public Order and Safety,median,1.316360523487578
Asphalt shingles,Roofing and waterproofing,gwp_intensity_kg_per_m2_excluding_bio,No Filter,Public Order and Safety,median,
Brass,Other metals,gwp_intensity_kg_per_m2_excluding_bio,No Filter,Public Order and Safety,median,
Brick clay,Masonry,gwp_intensity_kg_per_m2_excluding_bio,No Filter,Public Order and Safety,median,
Built up roofing,Roofing and waterproofing,gwp_intensity_kg_per_m2_excluding_bio,No Filter,Public Order and Safety,median,0.7086416749399266
CMU,Masonry,gwp_intensity_kg_per_m2_excluding_bio,No Filter,Public Order and Safety,median,17.52332477629787
Carpet,Flooring and tile,gwp_intensity_kg_per_m2_excluding_bio,No Filter,Public Order and Safety,median,0.552373368552913
Cast bronze,Other metals,gwp_intensity_kg_per_m2_excluding_bio,No Filter,Public Order and Safety,median,
Ceramic tile,Flooring and tile,gwp_intensity_kg_per_m2_excluding_bio,No Filter,Public Order and Safety,median,0.0749778704982506
Cladding - other,Cladding,gwp_intensity_kg_per_m2_excluding_bio,No Filter,Public Order and Safety,median,
Closed cell spray polyurethane foam,Insulation,gwp_intensity_kg_per_m2_excluding_bio,No Filter,Public Order and Safety,median,
Coatings - other,Coatings,gwp_intensity_kg_per_m2_excluding_bio,No Filter,Public Order and Safety,median,5.501197075232221
Cold formed steel framing,Steel,gwp_intensity_kg_per_m2_excluding_bio,No Filter,Public Order and Safety,median,11.931893087681278
Concrete - other,Concrete,gwp_intensity_kg_per_m2_excluding_bio,No Filter,Public Order and Safety,median,0.0673202748367898
Copper sheet,Other metals,gwp_intensity_kg_per_m2_excluding_bio,No Filter,Public Order and Safety,median,
Cross laminated timber CLT,Wood and composites,gwp_intensity_kg_per_m2_excluding_bio,No Filter,Public Order and Safety,median,0.3875471361581482
Decking,Steel,gwp_intensity_kg_per_m2_excluding_bio,No Filter,Public Order and Safety,median,24.673545375982577
Doors and frames - other,Doors and frames,gwp_intensity_kg_per_m2_excluding_bio,No Filter,Public Order and Safety,median,2.149759567983017
EPDM,Roofing and waterproofing,gwp_intensity_kg_per_m2_excluding_bio,No Filter,Public Order and Safety,median,0.7960280162058301
Expanded polystyrene EPS,Insulation,gwp_intensity_kg_per_m2_excluding_bio,No Filter,Public Order and Safety,median,0.9024477768309308
Extruded polystyrene XPS,Insulation,gwp_intensity_kg_per_m2_excluding_bio,No Filter,Public Order and Safety,median,8.332207351453789
Extrusion,Aluminum,gwp_intensity_kg_per_m2_excluding_bio,No Filter,Public Order and Safety,median,6.804276539489107
Fasteners,Other metals,gwp_intensity_kg_per_m2_excluding_bio,No Filter,Public Order and Safety,median,0.6541403689317631
Fiberglass blanket,Insulation,gwp_intensity_kg_per_m2_excluding_bio,No Filter,Public Order and Safety,median,0.495512388627967
Fiberglass door,Doors and frames,gwp_intensity_kg_per_m2_excluding_bio,No Filter,Public Order and Safety,median,
Fiberglass framed window,Windows and frames,gwp_intensity_kg_per_m2_excluding_bio,No Filter,Public Order and Safety,median,
Flooring and tile - other,Flooring and tile,gwp_intensity_kg_per_m2_excluding_bio,No Filter,Public Order and Safety,median,0.2953353313950653
GFRC general,Concrete,gwp_intensity_kg_per_m2_excluding_bio,No Filter,Public Order and Safety,median,0.1142383916482641
GFRC panel,Cladding,gwp_intensity_kg_per_m2_excluding_bio,No Filter,Public Order and Safety,median,
Glass mat gypsum board,Gypsum,gwp_intensity_kg_per_m2_excluding_bio,No Filter,Public Order and Safety,median,4.374194842546172
Glazing - other,Glazing,gwp_intensity_kg_per_m2_excluding_bio,No Filter,Public Order and Safety,median,1.9817319305526413
Glue laminated timber GLT,Wood and composites,gwp_intensity_kg_per_m2_excluding_bio,No Filter,Public Order and Safety,median,0.1227239377700529
Gypsum board,Gypsum,gwp_intensity_kg_per_m2_excluding_bio,No Filter,Public Order and Safety,median,7.210585554184576
HDPE,Roofing and waterproofing,gwp_intensity_kg_per_m2_excluding_bio,No Filter,Public Order and Safety,median,
Hardwood,Wood and composites,gwp_intensity_kg_per_m2_excluding_bio,No Filter,Public Order and Safety,median,
Heavy timber framing,Wood and composites,gwp_intensity_kg_per_m2_excluding_bio,No Filter,Public Order and Safety,median,0.0074719836387547
Hollow structural sections HSS,Steel,gwp_intensity_kg_per_m2_excluding_bio,No Filter,Public Order and Safety,median,19.61953570529615
Hot-rolled sections,Steel,gwp_intensity_kg_per_m2_excluding_bio,No Filter,Public Order and Safety,median,39.54982353666459
Insulated glass unit IGU,Glazing,gwp_intensity_kg_per_m2_excluding_bio,No Filter,Public Order and Safety,median,5.164458258942315
Insulated metal panel IMP,Cladding,gwp_intensity_kg_per_m2_excluding_bio,No Filter,Public Order and Safety,median,3.3795731472856354
Insulation - other,Insulation,gwp_intensity_kg_per_m2_excluding_bio,No Filter,Public Order and Safety,median,2.2156727902464333
Intumescent,Applied fireproofing,gwp_intensity_kg_per_m2_excluding_bio,No Filter,Public Order and Safety,median,1.013004672606828
Laminated strand lumber LSL,Wood and composites,gwp_intensity_kg_per_m2_excluding_bio,No Filter,Public Order and Safety,median,
Laminated veneer lumber LVL,Wood and composites,gwp_intensity_kg_per_m2_excluding_bio,No Filter,Public Order and Safety,median,0.2687926032900587
Loose-fill cellulose,Insulation,gwp_intensity_kg_per_m2_excluding_bio,No Filter,Public Order and Safety,median,0.6282930690113446
Masonry - other,Masonry,gwp_intensity_kg_per_m2_excluding_bio,No Filter,Public Order and Safety,median,
Medium density fiberboard MDF,Wood and composites,gwp_intensity_kg_per_m2_excluding_bio,No Filter,Public Order and Safety,median,
Mineral wool high density,Insulation,gwp_intensity_kg_per_m2_excluding_bio,No Filter,Public Order and Safety,median,1.5726478151852268
Mineral wool low density,Insulation,gwp_intensity_kg_per_m2_excluding_bio,No Filter,Public Order and Safety,median,0.4494537964930363
Modified bitumen,Roofing and waterproofing,gwp_intensity_kg_per_m2_excluding_bio,No Filter,Public Order and Safety,median,1.1280742772010983
Mortar and grout,Masonry,gwp_intensity_kg_per_m2_excluding_bio,No Filter,Public Order and Safety,median,33.964146032891435
Open web joists,Steel,gwp_intensity_kg_per_m2_excluding_bio,No Filter,Public Order and Safety,median,6.329722509200367
Oriented strand board OSB,Wood and composites,gwp_intensity_kg_per_m2_excluding_bio,No Filter,Public Order and Safety,median,0.1066271310071559
Other,Other,gwp_intensity_kg_per_m2_excluding_bio,No Filter,Public Order and Safety,median,0.0073767294992082
PVC,Roofing and waterproofing,gwp_intensity_kg_per_m2_excluding_bio,No Filter,Public Order and Safety,median,0.5434762781831265
Paint,Coatings,gwp_intensity_kg_per_m2_excluding_bio,No Filter,Public Order and Safety,median,1.2236293514604517
Parallel strand lumber PSL,Wood and composites,gwp_intensity_kg_per_m2_excluding_bio,No Filter,Public Order and Safety,median,
Plate,Steel,gwp_intensity_kg_per_m2_excluding_bio,No Filter,Public Order and Safety,median,0.9769340403802512
Polyisocyanurate PIR,Insulation,gwp_intensity_kg_per_m2_excluding_bio,No Filter,Public Order and Safety,median,1.9021317670090672
Precast,Concrete,gwp_intensity_kg_per_m2_excluding_bio,No Filter,Public Order and Safety,median,5.565019555106814
Raised access floor system,Flooring and tile,gwp_intensity_kg_per_m2_excluding_bio,No Filter,Public Order and Safety,median,
Ready mix LW 3000,Concrete,gwp_intensity_kg_per_m2_excluding_bio,No Filter,Public Order and Safety,median,2.4580258025749013
Ready mix LW 4000,Concrete,gwp_intensity_kg_per_m2_excluding_bio,No Filter,Public Order and Safety,median,25.162732459649696
Ready mix LW 5000,Concrete,gwp_intensity_kg_per_m2_excluding_bio,No Filter,Public Order and Safety,median,
Ready mix NW 2500,Concrete,gwp_intensity_kg_per_m2_excluding_bio,No Filter,Public Order and Safety,median,
Ready mix NW 3000,Concrete,gwp_intensity_kg_per_m2_excluding_bio,No Filter,Public Order and Safety,median,7.35109753110615
Ready mix NW 4000,Concrete,gwp_intensity_kg_per_m2_excluding_bio,No Filter,Public Order and Safety,median,29.75316609704739
Ready mix NW 5000,Concrete,gwp_intensity_kg_per_m2_excluding_bio,No Filter,Public Order and Safety,median,43.08989893447183
Ready mix NW 6000,Concrete,gwp_intensity_kg_per_m2_excluding_bio,No Filter,Public Order and Safety,median,57.277011422091846
Ready mix NW 8000,Concrete,gwp_intensity_kg_per_m2_excluding_bio,No Filter,Public Order and Safety,median,
Ready mix unknown,Concrete,gwp_intensity_kg_per_m2_excluding_bio,No Filter,Public Order and Safety,median,0.1929406978453141
Rebar and reinforcement,Steel,gwp_intensity_kg_per_m2_excluding_bio,No Filter,Public Order and Safety,median,88.47278249492628
Resilient flooring rubber,Flooring and tile,gwp_intensity_kg_per_m2_excluding_bio,No Filter,Public Order and Safety,median,0.3295586068679063
Resilient flooring vinyl,Flooring and tile,gwp_intensity_kg_per_m2_excluding_bio,No Filter,Public Order and Safety,median,
Roll formed metal panel aluminum,Cladding,gwp_intensity_kg_per_m2_excluding_bio,No Filter,Public Order and Safety,median,3.751809766441129
Roll formed metal panel steel,Cladding,gwp_intensity_kg_per_m2_excluding_bio,No Filter,Public Order and Safety,median,2.7113242439196474
Roofing and waterproofing - other,Roofing and waterproofing,gwp_intensity_kg_per_m2_excluding_bio,No Filter,Public Order and Safety,median,0.1726354175685543
Softwood framing,Wood and composites,gwp_intensity_kg_per_m2_excluding_bio,No Filter,Public Order and Safety,median,0.029660886828062
Softwood plywood,Wood and composites,gwp_intensity_kg_per_m2_excluding_bio,No Filter,Public Order and Safety,median,0.0027168256918828
Spray applied cementitious,Applied fireproofing,gwp_intensity_kg_per_m2_excluding_bio,No Filter,Public Order and Safety,median,5.41236452425584
Steel - other,Steel,gwp_intensity_kg_per_m2_excluding_bio,No Filter,Public Order and Safety,median,14.815181656930262
Steel door,Doors and frames,gwp_intensity_kg_per_m2_excluding_bio,No Filter,Public Order and Safety,median,2.283710184735956
Steel door frame,Doors and frames,gwp_intensity_kg_per_m2_excluding_bio,No Filter,Public Order and Safety,median,0.0894646329631495
Steel framed window,Windows and frames,gwp_intensity_kg_per_m2_excluding_bio,No Filter,Public Order and Safety,median,0.0429269538540388
Steel sheet,Steel,gwp_intensity_kg_per_m2_excluding_bio,No Filter,Public Order and Safety,median,2.214987979293384
Stone masonry,Masonry,gwp_intensity_kg_per_m2_excluding_bio,No Filter,Public Order and Safety,median,
Stone tile,Flooring and tile,gwp_intensity_kg_per_m2_excluding_bio,No Filter,Public Order and Safety,median,
Stucco finish,Cladding,gwp_intensity_kg_per_m2_excluding_bio,No Filter,Public Order and Safety,median,0.0072965655026613
Suspension assembly,Acoustic ceilings,gwp_intensity_kg_per_m2_excluding_bio,No Filter,Public Order and Safety,median,0.34778776977947
Synthetic composites,Synthetic composites,gwp_intensity_kg_per_m2_excluding_bio,No Filter,Public Order and Safety,median,0.9474885496183206
TPO,Roofing and waterproofing,gwp_intensity_kg_per_m2_excluding_bio,No Filter,Public Order and Safety,median,0.1974755958741651
Terracotta units,Cladding,gwp_intensity_kg_per_m2_excluding_bio,No Filter,Public Order and Safety,median,
Terrazzo slabs and tiles,Flooring and tile,gwp_intensity_kg_per_m2_excluding_bio,No Filter,Public Order and Safety,median,
Vinyl framed window,Windows and frames,gwp_intensity_kg_per_m2_excluding_bio,No Filter,Public Order and Safety,median,0.4149107433657211
Wall coverings,Wall coverings,gwp_intensity_kg_per_m2_excluding_bio,No Filter,Public Order and Safety,median,1.3712310037292923
Windows and frames - other,Windows and frames,gwp_intensity_kg_per_m2_excluding_bio,No Filter,Public Order and Safety,median,
Wood I joists,Wood and composites,gwp_intensity_kg_per_m2_excluding_bio,No Filter,Public Order and Safety,median,
Wood and composites - other,Wood and composites,gwp_intensity_kg_per_m2_excluding_bio,No Filter,Public Order and Safety,median,
Wood door frame,Doors and frames,gwp_intensity_kg_per_m2_excluding_bio,No Filter,Public Order and Safety,median,0.2020265163435873
Wood framed window,Windows and frames,gwp_intensity_kg_per_m2_excluding_bio,No Filter,Public Order and Safety,median,
Wood or composite door,Doors and frames,gwp_intensity_kg_per_m2_excluding_bio,No Filter,Public Order and Safety,median,0.1221518218509407
Zinc sheet,Other metals,gwp_intensity_kg_per_m2_excluding_bio,No Filter,Public Order and Safety,median,
Acoustic ceiling tile aluminum,Acoustic ceilings,gwp_intensity_kg_per_m2_excluding_bio,No Filter,Residential: Multifamily (5 or more units),median,0.0203954278471235
Acoustic ceiling tile fiber,Acoustic ceilings,gwp_intensity_kg_per_m2_excluding_bio,No Filter,Residential: Multifamily (5 or more units),median,0.0224557955305992
Acoustic ceiling tile steel,Acoustic ceilings,gwp_intensity_kg_per_m2_excluding_bio,No Filter,Residential: Multifamily (5 or more units),median,0.007464367238441
Acoustic ceilings - other,Acoustic ceilings,gwp_intensity_kg_per_m2_excluding_bio,No Filter,Residential: Multifamily (5 or more units),median,0.5331058647794122
Adhesives and sealants,Adhesives and sealants,gwp_intensity_kg_per_m2_excluding_bio,No Filter,Residential: Multifamily (5 or more units),median,0.1508730863430074
Air and vapor barriers,Air and vapor barriers,gwp_intensity_kg_per_m2_excluding_bio,No Filter,Residential: Multifamily (5 or more units),median,0.1809584646060845
Aluminum - other,Aluminum,gwp_intensity_kg_per_m2_excluding_bio,No Filter,Residential: Multifamily (5 or more units),median,0.3641142106992673
Aluminum composite panel ACM,Cladding,gwp_intensity_kg_per_m2_excluding_bio,No Filter,Residential: Multifamily (5 or more units),median,1.8693113344538683
Aluminum door,Doors and frames,gwp_intensity_kg_per_m2_excluding_bio,No Filter,Residential: Multifamily (5 or more units),median,0.2602217831632946
Aluminum door frame,Doors and frames,gwp_intensity_kg_per_m2_excluding_bio,No Filter,Residential: Multifamily (5 or more units),median,0.0643186904839261
Aluminum framed glass entrances,Doors and frames,gwp_intensity_kg_per_m2_excluding_bio,No Filter,Residential: Multifamily (5 or more units),median,
Aluminum framed window,Windows and frames,gwp_intensity_kg_per_m2_excluding_bio,No Filter,Residential: Multifamily (5 or more units),median,0.385080856742215
Aluminum sheet,Aluminum,gwp_intensity_kg_per_m2_excluding_bio,No Filter,Residential: Multifamily (5 or more units),median,0.2537727981562283
Aluminum storefront or curtain wall,Windows and frames,gwp_intensity_kg_per_m2_excluding_bio,No Filter,Residential: Multifamily (5 or more units),median,0.9462472440285958
Applied fireproofing - other,Applied fireproofing,gwp_intensity_kg_per_m2_excluding_bio,No Filter,Residential: Multifamily (5 or more units),median,0.141680576152741
Architectural fiber cement panel,Cladding,gwp_intensity_kg_per_m2_excluding_bio,No Filter,Residential: Multifamily (5 or more units),median,0.4212869681265018
Asphalt shingles,Roofing and waterproofing,gwp_intensity_kg_per_m2_excluding_bio,No Filter,Residential: Multifamily (5 or more units),median,0.2302979406278839
Brass,Other metals,gwp_intensity_kg_per_m2_excluding_bio,No Filter,Residential: Multifamily (5 or more units),median,
Brick clay,Masonry,gwp_intensity_kg_per_m2_excluding_bio,No Filter,Residential: Multifamily (5 or more units),median,1.2936244660888956
Built up roofing,Roofing and waterproofing,gwp_intensity_kg_per_m2_excluding_bio,No Filter,Residential: Multifamily (5 or more units),median,0.1070743559650722
CMU,Masonry,gwp_intensity_kg_per_m2_excluding_bio,No Filter,Residential: Multifamily (5 or more units),median,0.3184298205864095
Carpet,Flooring and tile,gwp_intensity_kg_per_m2_excluding_bio,No Filter,Residential: Multifamily (5 or more units),median,0.5898603731787806
Cast bronze,Other metals,gwp_intensity_kg_per_m2_excluding_bio,No Filter,Residential: Multifamily (5 or more units),median,
Ceramic tile,Flooring and tile,gwp_intensity_kg_per_m2_excluding_bio,No Filter,Residential: Multifamily (5 or more units),median,0.067258095021428
Cladding - other,Cladding,gwp_intensity_kg_per_m2_excluding_bio,No Filter,Residential: Multifamily (5 or more units),median,
Closed cell spray polyurethane foam,Insulation,gwp_intensity_kg_per_m2_excluding_bio,No Filter,Residential: Multifamily (5 or more units),median,0.0790099143838869
Coatings - other,Coatings,gwp_intensity_kg_per_m2_excluding_bio,No Filter,Residential: Multifamily (5 or more units),median,0.287380864731547
Cold formed steel framing,Steel,gwp_intensity_kg_per_m2_excluding_bio,No Filter,Residential: Multifamily (5 or more units),median,6.872755057033375
Concrete - other,Concrete,gwp_intensity_kg_per_m2_excluding_bio,No Filter,Residential: Multifamily (5 or more units),median,1.0871651885302125
Copper sheet,Other metals,gwp_intensity_kg_per_m2_excluding_bio,No Filter,Residential: Multifamily (5 or more units),median,
Cross laminated timber CLT,Wood and composites,gwp_intensity_kg_per_m2_excluding_bio,No Filter,Residential: Multifamily (5 or more units),median,0.6692695377230464
Decking,Steel,gwp_intensity_kg_per_m2_excluding_bio,No Filter,Residential: Multifamily (5 or more units),median,0.312161251190331
Doors and frames - other,Doors and frames,gwp_intensity_kg_per_m2_excluding_bio,No Filter,Residential: Multifamily (5 or more units),median,1.7685649403192547
EPDM,Roofing and waterproofing,gwp_intensity_kg_per_m2_excluding_bio,No Filter,Residential: Multifamily (5 or more units),median,0.06615819135792
Expanded polystyrene EPS,Insulation,gwp_intensity_kg_per_m2_excluding_bio,No Filter,Residential: Multifamily (5 or more units),median,0.9021469986667964
Extruded polystyrene XPS,Insulation,gwp_intensity_kg_per_m2_excluding_bio,No Filter,Residential: Multifamily (5 or more units),median,5.457164187883037
Extrusion,Aluminum,gwp_intensity_kg_per_m2_excluding_bio,No Filter,Residential: Multifamily (5 or more units),median,8.76076633748845
Fasteners,Other metals,gwp_intensity_kg_per_m2_excluding_bio,No Filter,Residential: Multifamily (5 or more units),median,0.0944080054076045
Fiberglass blanket,Insulation,gwp_intensity_kg_per_m2_excluding_bio,No Filter,Residential: Multifamily (5 or more units),median,1.4057048590300394
Fiberglass door,Doors and frames,gwp_intensity_kg_per_m2_excluding_bio,No Filter,Residential: Multifamily (5 or more units),median,0.2113247724361699
Fiberglass framed window,Windows and frames,gwp_intensity_kg_per_m2_excluding_bio,No Filter,Residential: Multifamily (5 or more units),median,0.7798113365886854
Flooring and tile - other,Flooring and tile,gwp_intensity_kg_per_m2_excluding_bio,No Filter,Residential: Multifamily (5 or more units),median,0.0182202125062262
GFRC general,Concrete,gwp_intensity_kg_per_m2_excluding_bio,No Filter,Residential: Multifamily (5 or more units),median,0.9334546339905204
GFRC panel,Cladding,gwp_intensity_kg_per_m2_excluding_bio,No Filter,Residential: Multifamily (5 or more units),median,0.1467530623062156
Glass mat gypsum board,Gypsum,gwp_intensity_kg_per_m2_excluding_bio,No Filter,Residential: Multifamily (5 or more units),median,0.8529201869164609
Glazing - other,Glazing,gwp_intensity_kg_per_m2_excluding_bio,No Filter,Residential: Multifamily (5 or more units),median,0.3391421176835504
Glue laminated timber GLT,Wood and composites,gwp_intensity_kg_per_m2_excluding_bio,No Filter,Residential: Multifamily (5 or more units),median,0.1009770004507159
Gypsum board,Gypsum,gwp_intensity_kg_per_m2_excluding_bio,No Filter,Residential: Multifamily (5 or more units),median,14.00137087189457
HDPE,Roofing and waterproofing,gwp_intensity_kg_per_m2_excluding_bio,No Filter,Residential: Multifamily (5 or more units),median,
Hardwood,Wood and composites,gwp_intensity_kg_per_m2_excluding_bio,No Filter,Residential: Multifamily (5 or more units),median,0.0617115755465429
Heavy timber framing,Wood and composites,gwp_intensity_kg_per_m2_excluding_bio,No Filter,Residential: Multifamily (5 or more units),median,0.2559901730696663
Hollow structural sections HSS,Steel,gwp_intensity_kg_per_m2_excluding_bio,No Filter,Residential: Multifamily (5 or more units),median,2.0225686293027256
Hot-rolled sections,Steel,gwp_intensity_kg_per_m2_excluding_bio,No Filter,Residential: Multifamily (5 or more units),median,0.8160590899897919
Insulated glass unit IGU,Glazing,gwp_intensity_kg_per_m2_excluding_bio,No Filter,Residential: Multifamily (5 or more units),median,3.336597765884837
Insulated metal panel IMP,Cladding,gwp_intensity_kg_per_m2_excluding_bio,No Filter,Residential: Multifamily (5 or more units),median,0.3203074483810986
Insulation - other,Insulation,gwp_intensity_kg_per_m2_excluding_bio,No Filter,Residential: Multifamily (5 or more units),median,0.0153714133048562
Intumescent,Applied fireproofing,gwp_intensity_kg_per_m2_excluding_bio,No Filter,Residential: Multifamily (5 or more units),median,0.0017197813958906
Laminated strand lumber LSL,Wood and composites,gwp_intensity_kg_per_m2_excluding_bio,No Filter,Residential: Multifamily (5 or more units),median,0.1074257930072301
Laminated veneer lumber LVL,Wood and composites,gwp_intensity_kg_per_m2_excluding_bio,No Filter,Residential: Multifamily (5 or more units),median,0.250499920388787
Loose-fill cellulose,Insulation,gwp_intensity_kg_per_m2_excluding_bio,No Filter,Residential: Multifamily (5 or more units),median,0.1901400070738451
Masonry - other,Masonry,gwp_intensity_kg_per_m2_excluding_bio,No Filter,Residential: Multifamily (5 or more units),median,
Medium density fiberboard MDF,Wood and composites,gwp_intensity_kg_per_m2_excluding_bio,No Filter,Residential: Multifamily (5 or more units),median,0.0982339607033538
Mineral wool high density,Insulation,gwp_intensity_kg_per_m2_excluding_bio,No Filter,Residential: Multifamily (5 or more units),median,1.788638064662368
Mineral wool low density,Insulation,gwp_intensity_kg_per_m2_excluding_bio,No Filter,Residential: Multifamily (5 or more units),median,0.6693470255851625
Modified bitumen,Roofing and waterproofing,gwp_intensity_kg_per_m2_excluding_bio,No Filter,Residential: Multifamily (5 or more units),median,0.3121666066141206
Mortar and grout,Masonry,gwp_intensity_kg_per_m2_excluding_bio,No Filter,Residential: Multifamily (5 or more units),median,0.3468779269056526
Open web joists,Steel,gwp_intensity_kg_per_m2_excluding_bio,No Filter,Residential: Multifamily (5 or more units),median,0.0272399475322983
Oriented strand board OSB,Wood and composites,gwp_intensity_kg_per_m2_excluding_bio,No Filter,Residential: Multifamily (5 or more units),median,0.9888717528305652
Other,Other,gwp_intensity_kg_per_m2_excluding_bio,No Filter,Residential: Multifamily (5 or more units),median,0.5735914107531879
PVC,Roofing and waterproofing,gwp_intensity_kg_per_m2_excluding_bio,No Filter,Residential: Multifamily (5 or more units),median,0.2480132999924544
Paint,Coatings,gwp_intensity_kg_per_m2_excluding_bio,No Filter,Residential: Multifamily (5 or more units),median,1.6269501634524293
Parallel strand lumber PSL,Wood and composites,gwp_intensity_kg_per_m2_excluding_bio,No Filter,Residential: Multifamily (5 or more units),median,
Plate,Steel,gwp_intensity_kg_per_m2_excluding_bio,No Filter,Residential: Multifamily (5 or more units),median,0.3132455845481254
Polyisocyanurate PIR,Insulation,gwp_intensity_kg_per_m2_excluding_bio,No Filter,Residential: Multifamily (5 or more units),median,1.2217083703848874
Precast,Concrete,gwp_intensity_kg_per_m2_excluding_bio,No Filter,Residential: Multifamily (5 or more units),median,0.1801881375194592
Raised access floor system,Flooring and tile,gwp_intensity_kg_per_m2_excluding_bio,No Filter,Residential: Multifamily (5 or more units),median,
Ready mix LW 3000,Concrete,gwp_intensity_kg_per_m2_excluding_bio,No Filter,Residential: Multifamily (5 or more units),median,0.0640941860177437
Ready mix LW 4000,Concrete,gwp_intensity_kg_per_m2_excluding_bio,No Filter,Residential: Multifamily (5 or more units),median,0.7412552053066329
Ready mix LW 5000,Concrete,gwp_intensity_kg_per_m2_excluding_bio,No Filter,Residential: Multifamily (5 or more units),median,5.823233266031656
Ready mix NW 2500,Concrete,gwp_intensity_kg_per_m2_excluding_bio,No Filter,Residential: Multifamily (5 or more units),median,0.1309486207836612
Ready mix NW 3000,Concrete,gwp_intensity_kg_per_m2_excluding_bio,No Filter,Residential: Multifamily (5 or more units),median,1.6555088761251795
Ready mix NW 4000,Concrete,gwp_intensity_kg_per_m2_excluding_bio,No Filter,Residential: Multifamily (5 or more units),median,4.9207224893133565
Ready mix NW 5000,Concrete,gwp_intensity_kg_per_m2_excluding_bio,No Filter,Residential: Multifamily (5 or more units),median,18.24044946836745
Ready mix NW 6000,Concrete,gwp_intensity_kg_per_m2_excluding_bio,No Filter,Residential: Multifamily (5 or more units),median,27.615679047148927
Ready mix NW 8000,Concrete,gwp_intensity_kg_per_m2_excluding_bio,No Filter,Residential: Multifamily (5 or more units),median,14.473981634436766
Ready mix unknown,Concrete,gwp_intensity_kg_per_m2_excluding_bio,No Filter,Residential: Multifamily (5 or more units),median,37.24146540027459
Rebar and reinforcement,Steel,gwp_intensity_kg_per_m2_excluding_bio,No Filter,Residential: Multifamily (5 or more units),median,48.52520823119988
Resilient flooring rubber,Flooring and tile,gwp_intensity_kg_per_m2_excluding_bio,No Filter,Residential: Multifamily (5 or more units),median,
Resilient flooring vinyl,Flooring and tile,gwp_intensity_kg_per_m2_excluding_bio,No Filter,Residential: Multifamily (5 or more units),median,1.9333720868112323
Roll formed metal panel aluminum,Cladding,gwp_intensity_kg_per_m2_excluding_bio,No Filter,Residential: Multifamily (5 or more units),median,0.5927524037588868
Roll formed metal panel steel,Cladding,gwp_intensity_kg_per_m2_excluding_bio,No Filter,Residential: Multifamily (5 or more units),median,0.2052007623764299
Roofing and waterproofing - other,Roofing and waterproofing,gwp_intensity_kg_per_m2_excluding_bio,No Filter,Residential: Multifamily (5 or more units),median,0.0213381838762106
Softwood framing,Wood and composites,gwp_intensity_kg_per_m2_excluding_bio,No Filter,Residential: Multifamily (5 or more units),median,1.3117519292312223
Softwood plywood,Wood and composites,gwp_intensity_kg_per_m2_excluding_bio,No Filter,Residential: Multifamily (5 or more units),median,1.703261178750739
Spray applied cementitious,Applied fireproofing,gwp_intensity_kg_per_m2_excluding_bio,No Filter,Residential: Multifamily (5 or more units),median,0.008506686845072
Steel - other,Steel,gwp_intensity_kg_per_m2_excluding_bio,No Filter,Residential: Multifamily (5 or more units),median,2.1091515631288384
Steel door,Doors and frames,gwp_intensity_kg_per_m2_excluding_bio,No Filter,Residential: Multifamily (5 or more units),median,0.6810542343931645
Steel door frame,Doors and frames,gwp_intensity_kg_per_m2_excluding_bio,No Filter,Residential: Multifamily (5 or more units),median,0.0424667766612177
Steel framed window,Windows and frames,gwp_intensity_kg_per_m2_excluding_bio,No Filter,Residential: Multifamily (5 or more units),median,0.0208646730722529
Steel sheet,Steel,gwp_intensity_kg_per_m2_excluding_bio,No Filter,Residential: Multifamily (5 or more units),median,0.9117202294079636
Stone masonry,Masonry,gwp_intensity_kg_per_m2_excluding_bio,No Filter,Residential: Multifamily (5 or more units),median,0.0609553588562974
Stone tile,Flooring and tile,gwp_intensity_kg_per_m2_excluding_bio,No Filter,Residential: Multifamily (5 or more units),median,0.056971486325794
Stucco finish,Cladding,gwp_intensity_kg_per_m2_excluding_bio,No Filter,Residential: Multifamily (5 or more units),median,1.082920496319663
Suspension assembly,Acoustic ceilings,gwp_intensity_kg_per_m2_excluding_bio,No Filter,Residential: Multifamily (5 or more units),median,0.0289195075151124
Synthetic composites,Synthetic composites,gwp_intensity_kg_per_m2_excluding_bio,No Filter,Residential: Multifamily (5 or more units),median,0.1820887650353737
TPO,Roofing and waterproofing,gwp_intensity_kg_per_m2_excluding_bio,No Filter,Residential: Multifamily (5 or more units),median,0.208399533201683
Terracotta units,Cladding,gwp_intensity_kg_per_m2_excluding_bio,No Filter,Residential: Multifamily (5 or more units),median,0.3452874925681095
Terrazzo slabs and tiles,Flooring and tile,gwp_intensity_kg_per_m2_excluding_bio,No Filter,Residential: Multifamily (5 or more units),median,
Vinyl framed window,Windows and frames,gwp_intensity_kg_per_m2_excluding_bio,No Filter,Residential: Multifamily (5 or more units),median,0.2097278347587021
Wall coverings,Wall coverings,gwp_intensity_kg_per_m2_excluding_bio,No Filter,Residential: Multifamily (5 or more units),median,0.0142925903244152
Windows and frames - other,Windows and frames,gwp_intensity_kg_per_m2_excluding_bio,No Filter,Residential: Multifamily (5 or more units),median,0.0550372375285255
Wood I joists,Wood and composites,gwp_intensity_kg_per_m2_excluding_bio,No Filter,Residential: Multifamily (5 or more units),median,1.6329422954474553
Wood and composites - other,Wood and composites,gwp_intensity_kg_per_m2_excluding_bio,No Filter,Residential: Multifamily (5 or more units),median,0.1758187114221038
Wood door frame,Doors and frames,gwp_intensity_kg_per_m2_excluding_bio,No Filter,Residential: Multifamily (5 or more units),median,0.480146033585441
Wood framed window,Windows and frames,gwp_intensity_kg_per_m2_excluding_bio,No Filter,Residential: Multifamily (5 or more units),median,0.0023880971322734
Wood or composite door,Doors and frames,gwp_intensity_kg_per_m2_excluding_bio,No Filter,Residential: Multifamily (5 or more units),median,0.4566330477562009
Zinc sheet,Other metals,gwp_intensity_kg_per_m2_excluding_bio,No Filter,Residential: Multifamily (5 or more units),median,0.0006520087675666
Acoustic ceiling tile aluminum,Acoustic ceilings,gwp_intensity_kg_per_m2_excluding_bio,No Filter,Warehouse and Storage,median,
Acoustic ceiling tile fiber,Acoustic ceilings,gwp_intensity_kg_per_m2_excluding_bio,No Filter,Warehouse and Storage,median,0.077212199680325
Acoustic ceiling tile steel,Acoustic ceilings,gwp_intensity_kg_per_m2_excluding_bio,No Filter,Warehouse and Storage,median,
Acoustic ceilings - other,Acoustic ceilings,gwp_intensity_kg_per_m2_excluding_bio,No Filter,Warehouse and Storage,median,
Adhesives and sealants,Adhesives and sealants,gwp_intensity_kg_per_m2_excluding_bio,No Filter,Warehouse and Storage,median,
Air and vapor barriers,Air and vapor barriers,gwp_intensity_kg_per_m2_excluding_bio,No Filter,Warehouse and Storage,median,4.3451170370370376
Aluminum - other,Aluminum,gwp_intensity_kg_per_m2_excluding_bio,No Filter,Warehouse and Storage,median,0.1331564801271693
Aluminum composite panel ACM,Cladding,gwp_intensity_kg_per_m2_excluding_bio,No Filter,Warehouse and Storage,median,0.977706230954102
Aluminum door,Doors and frames,gwp_intensity_kg_per_m2_excluding_bio,No Filter,Warehouse and Storage,median,
Aluminum door frame,Doors and frames,gwp_intensity_kg_per_m2_excluding_bio,No Filter,Warehouse and Storage,median,
Aluminum framed glass entrances,Doors and frames,gwp_intensity_kg_per_m2_excluding_bio,No Filter,Warehouse and Storage,median,
Aluminum framed window,Windows and frames,gwp_intensity_kg_per_m2_excluding_bio,No Filter,Warehouse and Storage,median,0.3712704024323934
Aluminum sheet,Aluminum,gwp_intensity_kg_per_m2_excluding_bio,No Filter,Warehouse and Storage,median,2.4248812663403214
Aluminum storefront or curtain wall,Windows and frames,gwp_intensity_kg_per_m2_excluding_bio,No Filter,Warehouse and Storage,median,1.8076821068694124
Applied fireproofing - other,Applied fireproofing,gwp_intensity_kg_per_m2_excluding_bio,No Filter,Warehouse and Storage,median,0.0903578947368421
Architectural fiber cement panel,Cladding,gwp_intensity_kg_per_m2_excluding_bio,No Filter,Warehouse and Storage,median,
Asphalt shingles,Roofing and waterproofing,gwp_intensity_kg_per_m2_excluding_bio,No Filter,Warehouse and Storage,median,1.1524086137469538
Brass,Other metals,gwp_intensity_kg_per_m2_excluding_bio,No Filter,Warehouse and Storage,median,
Brick clay,Masonry,gwp_intensity_kg_per_m2_excluding_bio,No Filter,Warehouse and Storage,median,0.1435554409690645
Built up roofing,Roofing and waterproofing,gwp_intensity_kg_per_m2_excluding_bio,No Filter,Warehouse and Storage,median,
CMU,Masonry,gwp_intensity_kg_per_m2_excluding_bio,No Filter,Warehouse and Storage,median,0.168281183064014
Carpet,Flooring and tile,gwp_intensity_kg_per_m2_excluding_bio,No Filter,Warehouse and Storage,median,0.1354706049297278
Cast bronze,Other metals,gwp_intensity_kg_per_m2_excluding_bio,No Filter,Warehouse and Storage,median,
Ceramic tile,Flooring and tile,gwp_intensity_kg_per_m2_excluding_bio,No Filter,Warehouse and Storage,median,
Cladding - other,Cladding,gwp_intensity_kg_per_m2_excluding_bio,No Filter,Warehouse and Storage,median,0.0239895217172963
Closed cell spray polyurethane foam,Insulation,gwp_intensity_kg_per_m2_excluding_bio,No Filter,Warehouse and Storage,median,0.0017024212595575
Coatings - other,Coatings,gwp_intensity_kg_per_m2_excluding_bio,No Filter,Warehouse and Storage,median,0.8988958043061787
Cold formed steel framing,Steel,gwp_intensity_kg_per_m2_excluding_bio,No Filter,Warehouse and Storage,median,0.454338363144645
Concrete - other,Concrete,gwp_intensity_kg_per_m2_excluding_bio,No Filter,Warehouse and Storage,median,
Copper sheet,Other metals,gwp_intensity_kg_per_m2_excluding_bio,No Filter,Warehouse and Storage,median,
Cross laminated timber CLT,Wood and composites,gwp_intensity_kg_per_m2_excluding_bio,No Filter,Warehouse and Storage,median,0.0502137228975411
Decking,Steel,gwp_intensity_kg_per_m2_excluding_bio,No Filter,Warehouse and Storage,median,18.352229112626688
Doors and frames - other,Doors and frames,gwp_intensity_kg_per_m2_excluding_bio,No Filter,Warehouse and Storage,median,
EPDM,Roofing and waterproofing,gwp_intensity_kg_per_m2_excluding_bio,No Filter,Warehouse and Storage,median,1.216390496437496
Expanded polystyrene EPS,Insulation,gwp_intensity_kg_per_m2_excluding_bio,No Filter,Warehouse and Storage,median,1.07714562776316
Extruded polystyrene XPS,Insulation,gwp_intensity_kg_per_m2_excluding_bio,No Filter,Warehouse and Storage,median,1.152993812930119
Extrusion,Aluminum,gwp_intensity_kg_per_m2_excluding_bio,No Filter,Warehouse and Storage,median,3.579755422763278
Fasteners,Other metals,gwp_intensity_kg_per_m2_excluding_bio,No Filter,Warehouse and Storage,median,
Fiberglass blanket,Insulation,gwp_intensity_kg_per_m2_excluding_bio,No Filter,Warehouse and Storage,median,1.5962262593846384
Fiberglass door,Doors and frames,gwp_intensity_kg_per_m2_excluding_bio,No Filter,Warehouse and Storage,median,0.0480577721990885
Fiberglass framed window,Windows and frames,gwp_intensity_kg_per_m2_excluding_bio,No Filter,Warehouse and Storage,median,
Flooring and tile - other,Flooring and tile,gwp_intensity_kg_per_m2_excluding_bio,No Filter,Warehouse and Storage,median,0.080331474625093
GFRC general,Concrete,gwp_intensity_kg_per_m2_excluding_bio,No Filter,Warehouse and Storage,median,
GFRC panel,Cladding,gwp_intensity_kg_per_m2_excluding_bio,No Filter,Warehouse and Storage,median,
Glass mat gypsum board,Gypsum,gwp_intensity_kg_per_m2_excluding_bio,No Filter,Warehouse and Storage,median,0.0870347001825826
Glazing - other,Glazing,gwp_intensity_kg_per_m2_excluding_bio,No Filter,Warehouse and Storage,median,0.0543919635926415
Glue laminated timber GLT,Wood and composites,gwp_intensity_kg_per_m2_excluding_bio,No Filter,Warehouse and Storage,median,
Gypsum board,Gypsum,gwp_intensity_kg_per_m2_excluding_bio,No Filter,Warehouse and Storage,median,0.1839922843968567
HDPE,Roofing and waterproofing,gwp_intensity_kg_per_m2_excluding_bio,No Filter,Warehouse and Storage,median,
Hardwood,Wood and composites,gwp_intensity_kg_per_m2_excluding_bio,No Filter,Warehouse and Storage,median,
Heavy timber framing,Wood and composites,gwp_intensity_kg_per_m2_excluding_bio,No Filter,Warehouse and Storage,median,
Hollow structural sections HSS,Steel,gwp_intensity_kg_per_m2_excluding_bio,No Filter,Warehouse and Storage,median,7.050117953153529
Hot-rolled sections,Steel,gwp_intensity_kg_per_m2_excluding_bio,No Filter,Warehouse and Storage,median,13.121203189482491
Insulated glass unit IGU,Glazing,gwp_intensity_kg_per_m2_excluding_bio,No Filter,Warehouse and Storage,median,0.2940096237089458
Insulated metal panel IMP,Cladding,gwp_intensity_kg_per_m2_excluding_bio,No Filter,Warehouse and Storage,median,6.540821733521095
Insulation - other,Insulation,gwp_intensity_kg_per_m2_excluding_bio,No Filter,Warehouse and Storage,median,
Intumescent,Applied fireproofing,gwp_intensity_kg_per_m2_excluding_bio,No Filter,Warehouse and Storage,median,
Laminated strand lumber LSL,Wood and composites,gwp_intensity_kg_per_m2_excluding_bio,No Filter,Warehouse and Storage,median,
Laminated veneer lumber LVL,Wood and composites,gwp_intensity_kg_per_m2_excluding_bio,No Filter,Warehouse and Storage,median,
Loose-fill cellulose,Insulation,gwp_intensity_kg_per_m2_excluding_bio,No Filter,Warehouse and Storage,median,
Masonry - other,Masonry,gwp_intensity_kg_per_m2_excluding_bio,No Filter,Warehouse and Storage,median,0.3791998637535764
Medium density fiberboard MDF,Wood and composites,gwp_intensity_kg_per_m2_excluding_bio,No Filter,Warehouse and Storage,median,
Mineral wool high density,Insulation,gwp_intensity_kg_per_m2_excluding_bio,No Filter,Warehouse and Storage,median,0.0269076357965463
Mineral wool low density,Insulation,gwp_intensity_kg_per_m2_excluding_bio,No Filter,Warehouse and Storage,median,0.0380532520639971
Modified bitumen,Roofing and waterproofing,gwp_intensity_kg_per_m2_excluding_bio,No Filter,Warehouse and Storage,median,0.002312231895733
Mortar and grout,Masonry,gwp_intensity_kg_per_m2_excluding_bio,No Filter,Warehouse and Storage,median,0.3655653167246232
Open web joists,Steel,gwp_intensity_kg_per_m2_excluding_bio,No Filter,Warehouse and Storage,median,15.965184295745017
Oriented strand board OSB,Wood and composites,gwp_intensity_kg_per_m2_excluding_bio,No Filter,Warehouse and Storage,median,1.300299038808551
Other,Other,gwp_intensity_kg_per_m2_excluding_bio,No Filter,Warehouse and Storage,median,0.8864131443298968
PVC,Roofing and waterproofing,gwp_intensity_kg_per_m2_excluding_bio,No Filter,Warehouse and Storage,median,1.514200843360422
Paint,Coatings,gwp_intensity_kg_per_m2_excluding_bio,No Filter,Warehouse and Storage,median,0.0695159901495346
Parallel strand lumber PSL,Wood and composites,gwp_intensity_kg_per_m2_excluding_bio,No Filter,Warehouse and Storage,median,
Plate,Steel,gwp_intensity_kg_per_m2_excluding_bio,No Filter,Warehouse and Storage,median,1.1676867196108125
Polyisocyanurate PIR,Insulation,gwp_intensity_kg_per_m2_excluding_bio,No Filter,Warehouse and Storage,median,5.079612628046703
Precast,Concrete,gwp_intensity_kg_per_m2_excluding_bio,No Filter,Warehouse and Storage,median,18.62844953351123
Raised access floor system,Flooring and tile,gwp_intensity_kg_per_m2_excluding_bio,No Filter,Warehouse and Storage,median,
Ready mix LW 3000,Concrete,gwp_intensity_kg_per_m2_excluding_bio,No Filter,Warehouse and Storage,median,
Ready mix LW 4000,Concrete,gwp_intensity_kg_per_m2_excluding_bio,No Filter,Warehouse and Storage,median,43.416601625937496
Ready mix LW 5000,Concrete,gwp_intensity_kg_per_m2_excluding_bio,No Filter,Warehouse and Storage,median,
Ready mix NW 2500,Concrete,gwp_intensity_kg_per_m2_excluding_bio,No Filter,Warehouse and Storage,median,
Ready mix NW 3000,Concrete,gwp_intensity_kg_per_m2_excluding_bio,No Filter,Warehouse and Storage,median,2.744462124038224
Ready mix NW 4000,Concrete,gwp_intensity_kg_per_m2_excluding_bio,No Filter,Warehouse and Storage,median,34.33421194161657
Ready mix NW 5000,Concrete,gwp_intensity_kg_per_m2_excluding_bio,No Filter,Warehouse and Storage,median,2.193991550089541
Ready mix NW 6000,Concrete,gwp_intensity_kg_per_m2_excluding_bio,No Filter,Warehouse and Storage,median,
Ready mix NW 8000,Concrete,gwp_intensity_kg_per_m2_excluding_bio,No Filter,Warehouse and Storage,median,
Ready mix unknown,Concrete,gwp_intensity_kg_per_m2_excluding_bio,No Filter,Warehouse and Storage,median,12.663025552849264
Rebar and reinforcement,Steel,gwp_intensity_kg_per_m2_excluding_bio,No Filter,Warehouse and Storage,median,8.342247249613322
Resilient flooring rubber,Flooring and tile,gwp_intensity_kg_per_m2_excluding_bio,No Filter,Warehouse and Storage,median,
Resilient flooring vinyl,Flooring and tile,gwp_intensity_kg_per_m2_excluding_bio,No Filter,Warehouse and Storage,median,0.0816562155929072
Roll formed metal panel aluminum,Cladding,gwp_intensity_kg_per_m2_excluding_bio,No Filter,Warehouse and Storage,median,1.053876513563228
Roll formed metal panel steel,Cladding,gwp_intensity_kg_per_m2_excluding_bio,No Filter,Warehouse and Storage,median,0.2652470002442789
Roofing and waterproofing - other,Roofing and waterproofing,gwp_intensity_kg_per_m2_excluding_bio,No Filter,Warehouse and Storage,median,0.0305297390022789
Softwood framing,Wood and composites,gwp_intensity_kg_per_m2_excluding_bio,No Filter,Warehouse and Storage,median,0.1408467717893384
Softwood plywood,Wood and composites,gwp_intensity_kg_per_m2_excluding_bio,No Filter,Warehouse and Storage,median,2.9101108515620404
Spray applied cementitious,Applied fireproofing,gwp_intensity_kg_per_m2_excluding_bio,No Filter,Warehouse and Storage,median,
Steel - other,Steel,gwp_intensity_kg_per_m2_excluding_bio,No Filter,Warehouse and Storage,median,0.40684276063791
Steel door,Doors and frames,gwp_intensity_kg_per_m2_excluding_bio,No Filter,Warehouse and Storage,median,2.246654725370916
Steel door frame,Doors and frames,gwp_intensity_kg_per_m2_excluding_bio,No Filter,Warehouse and Storage,median,
Steel framed window,Windows and frames,gwp_intensity_kg_per_m2_excluding_bio,No Filter,Warehouse and Storage,median,
Steel sheet,Steel,gwp_intensity_kg_per_m2_excluding_bio,No Filter,Warehouse and Storage,median,0.3496523559855854
Stone masonry,Masonry,gwp_intensity_kg_per_m2_excluding_bio,No Filter,Warehouse and Storage,median,
Stone tile,Flooring and tile,gwp_intensity_kg_per_m2_excluding_bio,No Filter,Warehouse and Storage,median,
Stucco finish,Cladding,gwp_intensity_kg_per_m2_excluding_bio,No Filter,Warehouse and Storage,median,
Suspension assembly,Acoustic ceilings,gwp_intensity_kg_per_m2_excluding_bio,No Filter,Warehouse and Storage,median,0.0091711336530082
Synthetic composites,Synthetic composites,gwp_intensity_kg_per_m2_excluding_bio,No Filter,Warehouse and Storage,median,0.1475088888888888
TPO,Roofing and waterproofing,gwp_intensity_kg_per_m2_excluding_bio,No Filter,Warehouse and Storage,median,1.2459008605470745
Terracotta units,Cladding,gwp_intensity_kg_per_m2_excluding_bio,No Filter,Warehouse and Storage,median,
Terrazzo slabs and tiles,Flooring and tile,gwp_intensity_kg_per_m2_excluding_bio,No Filter,Warehouse and Storage,median,
Vinyl framed window,Windows and frames,gwp_intensity_kg_per_m2_excluding_bio,No Filter,Warehouse and Storage,median,
Wall coverings,Wall coverings,gwp_intensity_kg_per_m2_excluding_bio,No Filter,Warehouse and Storage,median,
Windows and frames - other,Windows and frames,gwp_intensity_kg_per_m2_excluding_bio,No Filter,Warehouse and Storage,median,0.1737248624930663
Wood I joists,Wood and composites,gwp_intensity_kg_per_m2_excluding_bio,No Filter,Warehouse and Storage,median,
Wood and composites - other,Wood and composites,gwp_intensity_kg_per_m2_excluding_bio,No Filter,Warehouse and Storage,median,
Wood door frame,Doors and frames,gwp_intensity_kg_per_m2_excluding_bio,No Filter,Warehouse and Storage,median,
Wood framed window,Windows and frames,gwp_intensity_kg_per_m2_excluding_bio,No Filter,Warehouse and Storage,median,
Wood or composite door,Doors and frames,gwp_intensity_kg_per_m2_excluding_bio,No Filter,Warehouse and Storage,median,0.049909014425675
Zinc sheet,Other metals,gwp_intensity_kg_per_m2_excluding_bio,No Filter,Warehouse and Storage,median,
Acoustic ceiling tile aluminum,Acoustic ceilings,material_intensity_kg_per_m2,No Filter,Others,median,0.0477331969010376
Acoustic ceiling tile fiber,Acoustic ceilings,material_intensity_kg_per_m2,No Filter,Others,median,0.4700768363813218
Acoustic ceiling tile steel,Acoustic ceilings,material_intensity_kg_per_m2,No Filter,Others,median,0.0290670143983841
Acoustic ceilings - other,Acoustic ceilings,material_intensity_kg_per_m2,No Filter,Others,median,0.4646136651328644
Adhesives and sealants,Adhesives and sealants,material_intensity_kg_per_m2,No Filter,Others,median,0.1324158142868433
Air and vapor barriers,Air and vapor barriers,material_intensity_kg_per_m2,No Filter,Others,median,0.4048372769429336
Aluminum - other,Aluminum,material_intensity_kg_per_m2,No Filter,Others,median,0.1884220834762747
Aluminum composite panel ACM,Cladding,material_intensity_kg_per_m2,No Filter,Others,median,0.0976875076157014
Aluminum door,Doors and frames,material_intensity_kg_per_m2,No Filter,Others,median,0.0690027863590002
Aluminum door frame,Doors and frames,material_intensity_kg_per_m2,No Filter,Others,median,0.010974228561305
Aluminum framed glass entrances,Doors and frames,material_intensity_kg_per_m2,No Filter,Others,median,0.1033545852562826
Aluminum framed window,Windows and frames,material_intensity_kg_per_m2,No Filter,Others,median,0.0068469535979517
Aluminum sheet,Aluminum,material_intensity_kg_per_m2,No Filter,Others,median,0.2012802550098565
Aluminum storefront or curtain wall,Windows and frames,material_intensity_kg_per_m2,No Filter,Others,median,0.0916132820002569
Applied fireproofing - other,Applied fireproofing,material_intensity_kg_per_m2,No Filter,Others,median,0.7300928330163129
Architectural fiber cement panel,Cladding,material_intensity_kg_per_m2,No Filter,Others,median,0.2346918735093548
Asphalt shingles,Roofing and waterproofing,material_intensity_kg_per_m2,No Filter,Others,median,0.7229006219273133
Brass,Other metals,material_intensity_kg_per_m2,No Filter,Others,median,0.0026391054270632
Brick clay,Masonry,material_intensity_kg_per_m2,No Filter,Others,median,10.588163212647643
Built up roofing,Roofing and waterproofing,material_intensity_kg_per_m2,No Filter,Others,median,0.0232457051930497
CMU,Masonry,material_intensity_kg_per_m2,No Filter,Others,median,5.809303375428007
Carpet,Flooring and tile,material_intensity_kg_per_m2,No Filter,Others,median,0.0228696287515951
Cast bronze,Other metals,material_intensity_kg_per_m2,No Filter,Others,median,0.014816060931576
Ceramic tile,Flooring and tile,material_intensity_kg_per_m2,No Filter,Others,median,0.0985766539566768
Cladding - other,Cladding,material_intensity_kg_per_m2,No Filter,Others,median,0.2005710323166688
Closed cell spray polyurethane foam,Insulation,material_intensity_kg_per_m2,No Filter,Others,median,0.0502107353343496
Coatings - other,Coatings,material_intensity_kg_per_m2,No Filter,Others,median,0.1250177728203732
Cold formed steel framing,Steel,material_intensity_kg_per_m2,No Filter,Others,median,3.6019644339217334
Concrete - other,Concrete,material_intensity_kg_per_m2,No Filter,Others,median,1.4799321857538206
Copper sheet,Other metals,material_intensity_kg_per_m2,No Filter,Others,median,0.0212419473486437
Cross laminated timber CLT,Wood and composites,material_intensity_kg_per_m2,No Filter,Others,median,3.48983739210643
Decking,Steel,material_intensity_kg_per_m2,No Filter,Others,median,7.25664317429277
Doors and frames - other,Doors and frames,material_intensity_kg_per_m2,No Filter,Others,median,0.1609575794282795
EPDM,Roofing and waterproofing,material_intensity_kg_per_m2,No Filter,Others,median,0.028437402095138
Expanded polystyrene EPS,Insulation,material_intensity_kg_per_m2,No Filter,Others,median,0.2386107811583167
Extruded polystyrene XPS,Insulation,material_intensity_kg_per_m2,No Filter,Others,median,0.2824367610532919
Extrusion,Aluminum,material_intensity_kg_per_m2,No Filter,Others,median,1.2028062316969093
Fasteners,Other metals,material_intensity_kg_per_m2,No Filter,Others,median,0.0003689874298076
Fiberglass blanket,Insulation,material_intensity_kg_per_m2,No Filter,Others,median,0.6181846924854311
Fiberglass door,Doors and frames,material_intensity_kg_per_m2,No Filter,Others,median,0.015815993476006
Fiberglass framed window,Windows and frames,material_intensity_kg_per_m2,No Filter,Others,median,0.3727147727605565
Flooring and tile - other,Flooring and tile,material_intensity_kg_per_m2,No Filter,Others,median,0.003549800277463
GFRC general,Concrete,material_intensity_kg_per_m2,No Filter,Others,median,0.7025316638412825
GFRC panel,Cladding,material_intensity_kg_per_m2,No Filter,Others,median,0.0748943462260069
Glass mat gypsum board,Gypsum,material_intensity_kg_per_m2,No Filter,Others,median,4.598726905015443
Glazing - other,Glazing,material_intensity_kg_per_m2,No Filter,Others,median,0.7921112240699026
Glue laminated timber GLT,Wood and composites,material_intensity_kg_per_m2,No Filter,Others,median,0.6217527711493923
Gypsum board,Gypsum,material_intensity_kg_per_m2,No Filter,Others,median,24.57180503004388
HDPE,Roofing and waterproofing,material_intensity_kg_per_m2,No Filter,Others,median,0.0812503870192836
Hardwood,Wood and composites,material_intensity_kg_per_m2,No Filter,Others,median,0.0192817619921418
Heavy timber framing,Wood and composites,material_intensity_kg_per_m2,No Filter,Others,median,0.163784384426621
Hollow structural sections HSS,Steel,material_intensity_kg_per_m2,No Filter,Others,median,4.200970689896843
Hot-rolled sections,Steel,material_intensity_kg_per_m2,No Filter,Others,median,16.67439975259431
Insulated glass unit IGU,Glazing,material_intensity_kg_per_m2,No Filter,Others,median,3.537102802847452
Insulated metal panel IMP,Cladding,material_intensity_kg_per_m2,No Filter,Others,median,0.176291089163236
Insulation - other,Insulation,material_intensity_kg_per_m2,No Filter,Others,median,0.0166819430665006
Intumescent,Applied fireproofing,material_intensity_kg_per_m2,No Filter,Others,median,0.029328551463969
Laminated strand lumber LSL,Wood and composites,material_intensity_kg_per_m2,No Filter,Others,median,0.0422757036402972
Laminated veneer lumber LVL,Wood and composites,material_intensity_kg_per_m2,No Filter,Others,median,0.0558140074429533
Loose-fill cellulose,Insulation,material_intensity_kg_per_m2,No Filter,Others,median,0.4241936730702065
Masonry - other,Masonry,material_intensity_kg_per_m2,No Filter,Others,median,5.612357504454572
Medium density fiberboard MDF,Wood and composites,material_intensity_kg_per_m2,No Filter,Others,median,0.0241457015019889
Mineral wool high density,Insulation,material_intensity_kg_per_m2,No Filter,Others,median,1.872941011792616
Mineral wool low density,Insulation,material_intensity_kg_per_m2,No Filter,Others,median,0.545797672742441
Modified bitumen,Roofing and waterproofing,material_intensity_kg_per_m2,No Filter,Others,median,0.1557576331607272
Mortar and grout,Masonry,material_intensity_kg_per_m2,No Filter,Others,median,2.3436241680410523
Open web joists,Steel,material_intensity_kg_per_m2,No Filter,Others,median,7.438019605423559
Oriented strand board OSB,Wood and composites,material_intensity_kg_per_m2,No Filter,Others,median,0.2037116673369383
Other,Other,material_intensity_kg_per_m2,No Filter,Others,median,0.0499631941910588
PVC,Roofing and waterproofing,material_intensity_kg_per_m2,No Filter,Others,median,0.0575897097282464
Paint,Coatings,material_intensity_kg_per_m2,No Filter,Others,median,0.4613049520398266
Parallel strand lumber PSL,Wood and composites,material_intensity_kg_per_m2,No Filter,Others,median,0.0305547082297629
Plate,Steel,material_intensity_kg_per_m2,No Filter,Others,median,1.0967120543680566
Polyisocyanurate PIR,Insulation,material_intensity_kg_per_m2,No Filter,Others,median,1.0380721100788846
Precast,Concrete,material_intensity_kg_per_m2,No Filter,Others,median,3.258716393539504
Raised access floor system,Flooring and tile,material_intensity_kg_per_m2,No Filter,Others,median,1.2546873531586524
Ready mix LW 3000,Concrete,material_intensity_kg_per_m2,No Filter,Others,median,3.3730322064644955
Ready mix LW 4000,Concrete,material_intensity_kg_per_m2,No Filter,Others,median,9.435474279928089
Ready mix LW 5000,Concrete,material_intensity_kg_per_m2,No Filter,Others,median,3.848209183356712
Ready mix NW 2500,Concrete,material_intensity_kg_per_m2,No Filter,Others,median,2.9960375589286428
Ready mix NW 3000,Concrete,material_intensity_kg_per_m2,No Filter,Others,median,42.89772584871644
Ready mix NW 4000,Concrete,material_intensity_kg_per_m2,No Filter,Others,median,214.6819362775508
Ready mix NW 5000,Concrete,material_intensity_kg_per_m2,No Filter,Others,median,128.18637386463172
Ready mix NW 6000,Concrete,material_intensity_kg_per_m2,No Filter,Others,median,132.25566040950775
Ready mix NW 8000,Concrete,material_intensity_kg_per_m2,No Filter,Others,median,51.42168508357951
Ready mix unknown,Concrete,material_intensity_kg_per_m2,No Filter,Others,median,236.201095478984
Rebar and reinforcement,Steel,material_intensity_kg_per_m2,No Filter,Others,median,30.6493059115292
Resilient flooring rubber,Flooring and tile,material_intensity_kg_per_m2,No Filter,Others,median,0.0221705865911165
Resilient flooring vinyl,Flooring and tile,material_intensity_kg_per_m2,No Filter,Others,median,0.041075655361649
Roll formed metal panel aluminum,Cladding,material_intensity_kg_per_m2,No Filter,Others,median,0.0442132827886062
Roll formed metal panel steel,Cladding,material_intensity_kg_per_m2,No Filter,Others,median,0.0747631212974491
Roofing and waterproofing - other,Roofing and waterproofing,material_intensity_kg_per_m2,No Filter,Others,median,0.0239605671935539
Softwood framing,Wood and composites,material_intensity_kg_per_m2,No Filter,Others,median,0.157883331616344
Softwood plywood,Wood and composites,material_intensity_kg_per_m2,No Filter,Others,median,0.0941564391186501
Spray applied cementitious,Applied fireproofing,material_intensity_kg_per_m2,No Filter,Others,median,1.6394806316551194
Steel - other,Steel,material_intensity_kg_per_m2,No Filter,Others,median,0.6395381011482779
Steel door,Doors and frames,material_intensity_kg_per_m2,No Filter,Others,median,0.2163857957619318
Steel door frame,Doors and frames,material_intensity_kg_per_m2,No Filter,Others,median,0.0131435008997496
Steel framed window,Windows and frames,material_intensity_kg_per_m2,No Filter,Others,median,0.000847587882784
Steel sheet,Steel,material_intensity_kg_per_m2,No Filter,Others,median,0.7074762838126004
Stone masonry,Masonry,material_intensity_kg_per_m2,No Filter,Others,median,0.9162184060953904
Stone tile,Flooring and tile,material_intensity_kg_per_m2,No Filter,Others,median,0.0494921155509421
Stucco finish,Cladding,material_intensity_kg_per_m2,No Filter,Others,median,0.136033752923454
Suspension assembly,Acoustic ceilings,material_intensity_kg_per_m2,No Filter,Others,median,0.1178950075418019
Synthetic composites,Synthetic composites,material_intensity_kg_per_m2,No Filter,Others,median,0.2259344202794066
TPO,Roofing and waterproofing,material_intensity_kg_per_m2,No Filter,Others,median,0.0623101549292563
Terracotta units,Cladding,material_intensity_kg_per_m2,No Filter,Others,median,0.8794800862054206
Terrazzo slabs and tiles,Flooring and tile,material_intensity_kg_per_m2,No Filter,Others,median,0.0753030199483856
Vinyl framed window,Windows and frames,material_intensity_kg_per_m2,No Filter,Others,median,0.0465810719555855
Wall coverings,Wall coverings,material_intensity_kg_per_m2,No Filter,Others,median,0.0165137497882317
Windows and frames - other,Windows and frames,material_intensity_kg_per_m2,No Filter,Others,median,0.0068121481179147
Wood I joists,Wood and composites,material_intensity_kg_per_m2,No Filter,Others,median,0.2850954955865666
Wood and composites - other,Wood and composites,material_intensity_kg_per_m2,No Filter,Others,median,0.0230868603012371
Wood door frame,Doors and frames,material_intensity_kg_per_m2,No Filter,Others,median,0.0121756607258045
Wood framed window,Windows and frames,material_intensity_kg_per_m2,No Filter,Others,median,0.0001305677053914
Wood or composite door,Doors and frames,material_intensity_kg_per_m2,No Filter,Others,median,0.3028149579215138
Zinc sheet,Other metals,material_intensity_kg_per_m2,No Filter,Others,median,0.0006215635950037
Acoustic ceiling tile aluminum,Acoustic ceilings,material_intensity_kg_per_m2,No Filter,Education,median,0.1637433381199987
Acoustic ceiling tile fiber,Acoustic ceilings,material_intensity_kg_per_m2,No Filter,Education,median,0.6696427886016644
Acoustic ceiling tile steel,Acoustic ceilings,material_intensity_kg_per_m2,No Filter,Education,median,0.0030669962128271
Acoustic ceilings - other,Acoustic ceilings,material_intensity_kg_per_m2,No Filter,Education,median,1.0863278479145455
Adhesives and sealants,Adhesives and sealants,material_intensity_kg_per_m2,No Filter,Education,median,0.1788698771038384
Air and vapor barriers,Air and vapor barriers,material_intensity_kg_per_m2,No Filter,Education,median,0.7611082208695598
Aluminum - other,Aluminum,material_intensity_kg_per_m2,No Filter,Education,median,0.2973287723037055
Aluminum composite panel ACM,Cladding,material_intensity_kg_per_m2,No Filter,Education,median,0.0323807582899705
Aluminum door,Doors and frames,material_intensity_kg_per_m2,No Filter,Education,median,0.0496221161709779
Aluminum door frame,Doors and frames,material_intensity_kg_per_m2,No Filter,Education,median,0.0119750817354787
Aluminum framed glass entrances,Doors and frames,material_intensity_kg_per_m2,No Filter,Education,median,
Aluminum framed window,Windows and frames,material_intensity_kg_per_m2,No Filter,Education,median,0.0061100163363679
Aluminum sheet,Aluminum,material_intensity_kg_per_m2,No Filter,Education,median,0.1083397961998335
Aluminum storefront or curtain wall,Windows and frames,material_intensity_kg_per_m2,No Filter,Education,median,0.0971360080290718
Applied fireproofing - other,Applied fireproofing,material_intensity_kg_per_m2,No Filter,Education,median,
Architectural fiber cement panel,Cladding,material_intensity_kg_per_m2,No Filter,Education,median,0.1283784639221218
Asphalt shingles,Roofing and waterproofing,material_intensity_kg_per_m2,No Filter,Education,median,0.9366250547036424
Brass,Other metals,material_intensity_kg_per_m2,No Filter,Education,median,
Brick clay,Masonry,material_intensity_kg_per_m2,No Filter,Education,median,3.933144140712153
Built up roofing,Roofing and waterproofing,material_intensity_kg_per_m2,No Filter,Education,median,0.0763677559474525
CMU,Masonry,material_intensity_kg_per_m2,No Filter,Education,median,2.8346098939637447
Carpet,Flooring and tile,material_intensity_kg_per_m2,No Filter,Education,median,0.110930363033964
Cast bronze,Other metals,material_intensity_kg_per_m2,No Filter,Education,median,
Ceramic tile,Flooring and tile,material_intensity_kg_per_m2,No Filter,Education,median,0.4963323725176773
Cladding - other,Cladding,material_intensity_kg_per_m2,No Filter,Education,median,0.001501599459489
Closed cell spray polyurethane foam,Insulation,material_intensity_kg_per_m2,No Filter,Education,median,0.2533631814569911
Coatings - other,Coatings,material_intensity_kg_per_m2,No Filter,Education,median,0.1564499860515575
Cold formed steel framing,Steel,material_intensity_kg_per_m2,No Filter,Education,median,4.89711052264399
Concrete - other,Concrete,material_intensity_kg_per_m2,No Filter,Education,median,0.7120191260538239
Copper sheet,Other metals,material_intensity_kg_per_m2,No Filter,Education,median,0.0396354608866225
Cross laminated timber CLT,Wood and composites,material_intensity_kg_per_m2,No Filter,Education,median,3.1658073156306266
Decking,Steel,material_intensity_kg_per_m2,No Filter,Education,median,4.8977785029496665
Doors and frames - other,Doors and frames,material_intensity_kg_per_m2,No Filter,Education,median,0.119812976619349
EPDM,Roofing and waterproofing,material_intensity_kg_per_m2,No Filter,Education,median,0.0272921523444418
Expanded polystyrene EPS,Insulation,material_intensity_kg_per_m2,No Filter,Education,median,0.1431624478724165
Extruded polystyrene XPS,Insulation,material_intensity_kg_per_m2,No Filter,Education,median,0.3445710326052934
Extrusion,Aluminum,material_intensity_kg_per_m2,No Filter,Education,median,1.4740337243120905
Fasteners,Other metals,material_intensity_kg_per_m2,No Filter,Education,median,5.2203845471802826e-05
Fiberglass blanket,Insulation,material_intensity_kg_per_m2,No Filter,Education,median,0.7092322706138783
Fiberglass door,Doors and frames,material_intensity_kg_per_m2,No Filter,Education,median,0.3433339249177153
Fiberglass framed window,Windows and frames,material_intensity_kg_per_m2,No Filter,Education,median,0.5439318962688845
Flooring and tile - other,Flooring and tile,material_intensity_kg_per_m2,No Filter,Education,median,0.0354547574245997
GFRC general,Concrete,material_intensity_kg_per_m2,No Filter,Education,median,0.976995292092252
GFRC panel,Cladding,material_intensity_kg_per_m2,No Filter,Education,median,0.0946265651349275
Glass mat gypsum board,Gypsum,material_intensity_kg_per_m2,No Filter,Education,median,5.997121392614586
Glazing - other,Glazing,material_intensity_kg_per_m2,No Filter,Education,median,1.0287232130773774
Glue laminated timber GLT,Wood and composites,material_intensity_kg_per_m2,No Filter,Education,median,1.010957646610306
Gypsum board,Gypsum,material_intensity_kg_per_m2,No Filter,Education,median,35.67945323850687
HDPE,Roofing and waterproofing,material_intensity_kg_per_m2,No Filter,Education,median,0.0997418637302531
Hardwood,Wood and composites,material_intensity_kg_per_m2,No Filter,Education,median,0.0127408959482446
Heavy timber framing,Wood and composites,material_intensity_kg_per_m2,No Filter,Education,median,0.2697206823820365
Hollow structural sections HSS,Steel,material_intensity_kg_per_m2,No Filter,Education,median,5.25083406232179
Hot-rolled sections,Steel,material_intensity_kg_per_m2,No Filter,Education,median,20.13099885112993
Insulated glass unit IGU,Glazing,material_intensity_kg_per_m2,No Filter,Education,median,4.741325605834873
Insulated metal panel IMP,Cladding,material_intensity_kg_per_m2,No Filter,Education,median,0.0031011821452522
Insulation - other,Insulation,material_intensity_kg_per_m2,No Filter,Education,median,0.0284694550932189
Intumescent,Applied fireproofing,material_intensity_kg_per_m2,No Filter,Education,median,0.0569863430771513
Laminated strand lumber LSL,Wood and composites,material_intensity_kg_per_m2,No Filter,Education,median,0.0401109456401811
Laminated veneer lumber LVL,Wood and composites,material_intensity_kg_per_m2,No Filter,Education,median,0.2031820800587002
Loose-fill cellulose,Insulation,material_intensity_kg_per_m2,No Filter,Education,median,0.0249738537420126
Masonry - other,Masonry,material_intensity_kg_per_m2,No Filter,Education,median,24.662716663402183
Medium density fiberboard MDF,Wood and composites,material_intensity_kg_per_m2,No Filter,Education,median,0.0274166207970521
Mineral wool high density,Insulation,material_intensity_kg_per_m2,No Filter,Education,median,2.4842865816103767
Mineral wool low density,Insulation,material_intensity_kg_per_m2,No Filter,Education,median,0.8105226616480445
Modified bitumen,Roofing and waterproofing,material_intensity_kg_per_m2,No Filter,Education,median,0.131723154357431
Mortar and grout,Masonry,material_intensity_kg_per_m2,No Filter,Education,median,0.786568253696924
Open web joists,Steel,material_intensity_kg_per_m2,No Filter,Education,median,5.2745713563848
Oriented strand board OSB,Wood and composites,material_intensity_kg_per_m2,No Filter,Education,median,0.1575847883753985
Other,Other,material_intensity_kg_per_m2,No Filter,Education,median,0.0715059803788624
PVC,Roofing and waterproofing,material_intensity_kg_per_m2,No Filter,Education,median,0.0850613466423364
Paint,Coatings,material_intensity_kg_per_m2,No Filter,Education,median,0.5182111660393981
Parallel strand lumber PSL,Wood and composites,material_intensity_kg_per_m2,No Filter,Education,median,0.0186990755289026
Plate,Steel,material_intensity_kg_per_m2,No Filter,Education,median,1.145720317249054
Polyisocyanurate PIR,Insulation,material_intensity_kg_per_m2,No Filter,Education,median,1.8800266752713728
Precast,Concrete,material_intensity_kg_per_m2,No Filter,Education,median,2.3622942826422406
Raised access floor system,Flooring and tile,material_intensity_kg_per_m2,No Filter,Education,median,
Ready mix LW 3000,Concrete,material_intensity_kg_per_m2,No Filter,Education,median,2.5007537653682266
Ready mix LW 4000,Concrete,material_intensity_kg_per_m2,No Filter,Education,median,28.967086082545244
Ready mix LW 5000,Concrete,material_intensity_kg_per_m2,No Filter,Education,median,8.029746140618782
Ready mix NW 2500,Concrete,material_intensity_kg_per_m2,No Filter,Education,median,87.9361672175942
Ready mix NW 3000,Concrete,material_intensity_kg_per_m2,No Filter,Education,median,43.031080135716
Ready mix NW 4000,Concrete,material_intensity_kg_per_m2,No Filter,Education,median,118.02052331243644
Ready mix NW 5000,Concrete,material_intensity_kg_per_m2,No Filter,Education,median,69.800335068006
Ready mix NW 6000,Concrete,material_intensity_kg_per_m2,No Filter,Education,median,216.74071795199825
Ready mix NW 8000,Concrete,material_intensity_kg_per_m2,No Filter,Education,median,
Ready mix unknown,Concrete,material_intensity_kg_per_m2,No Filter,Education,median,210.0533585400447
Rebar and reinforcement,Steel,material_intensity_kg_per_m2,No Filter,Education,median,32.310856004921604
Resilient flooring rubber,Flooring and tile,material_intensity_kg_per_m2,No Filter,Education,median,0.0600026726251
Resilient flooring vinyl,Flooring and tile,material_intensity_kg_per_m2,No Filter,Education,median,0.1504119909883241
Roll formed metal panel aluminum,Cladding,material_intensity_kg_per_m2,No Filter,Education,median,0.0122820781295606
Roll formed metal panel steel,Cladding,material_intensity_kg_per_m2,No Filter,Education,median,0.0348335444338511
Roofing and waterproofing - other,Roofing and waterproofing,material_intensity_kg_per_m2,No Filter,Education,median,0.0199908057775677
Softwood framing,Wood and composites,material_intensity_kg_per_m2,No Filter,Education,median,0.0310244331935664
Softwood plywood,Wood and composites,material_intensity_kg_per_m2,No Filter,Education,median,0.0325856789122169
Spray applied cementitious,Applied fireproofing,material_intensity_kg_per_m2,No Filter,Education,median,6.6445114999571135
Steel - other,Steel,material_intensity_kg_per_m2,No Filter,Education,median,1.2135764641137132
Steel door,Doors and frames,material_intensity_kg_per_m2,No Filter,Education,median,0.1828341377578625
Steel door frame,Doors and frames,material_intensity_kg_per_m2,No Filter,Education,median,0.0108944815200086
Steel framed window,Windows and frames,material_intensity_kg_per_m2,No Filter,Education,median,0.0001378743457182
Steel sheet,Steel,material_intensity_kg_per_m2,No Filter,Education,median,1.4642892800497596
Stone masonry,Masonry,material_intensity_kg_per_m2,No Filter,Education,median,0.5829939514597637
Stone tile,Flooring and tile,material_intensity_kg_per_m2,No Filter,Education,median,0.1742873761918607
Stucco finish,Cladding,material_intensity_kg_per_m2,No Filter,Education,median,0.1102060542718532
Suspension assembly,Acoustic ceilings,material_intensity_kg_per_m2,No Filter,Education,median,0.1820771181465704
Synthetic composites,Synthetic composites,material_intensity_kg_per_m2,No Filter,Education,median,0.4979723609195402
TPO,Roofing and waterproofing,material_intensity_kg_per_m2,No Filter,Education,median,0.06287070537232
Terracotta units,Cladding,material_intensity_kg_per_m2,No Filter,Education,median,0.8289465302458716
Terrazzo slabs and tiles,Flooring and tile,material_intensity_kg_per_m2,No Filter,Education,median,0.9723129641604604
Vinyl framed window,Windows and frames,material_intensity_kg_per_m2,No Filter,Education,median,0.0299445850333439
Wall coverings,Wall coverings,material_intensity_kg_per_m2,No Filter,Education,median,0.0135483770491137
Windows and frames - other,Windows and frames,material_intensity_kg_per_m2,No Filter,Education,median,
Wood I joists,Wood and composites,material_intensity_kg_per_m2,No Filter,Education,median,0.0013718165658499
Wood and composites - other,Wood and composites,material_intensity_kg_per_m2,No Filter,Education,median,0.0187404986930097
Wood door frame,Doors and frames,material_intensity_kg_per_m2,No Filter,Education,median,0.023409037766155
Wood framed window,Windows and frames,material_intensity_kg_per_m2,No Filter,Education,median,0.0034622710246744
Wood or composite door,Doors and frames,material_intensity_kg_per_m2,No Filter,Education,median,0.2776336731048268
Zinc sheet,Other metals,material_intensity_kg_per_m2,No Filter,Education,median,
Acoustic ceiling tile aluminum,Acoustic ceilings,material_intensity_kg_per_m2,No Filter,Healthcare,median,0.0764867165846849
Acoustic ceiling tile fiber,Acoustic ceilings,material_intensity_kg_per_m2,No Filter,Healthcare,median,1.3079159429350964
Acoustic ceiling tile steel,Acoustic ceilings,material_intensity_kg_per_m2,No Filter,Healthcare,median,
Acoustic ceilings - other,Acoustic ceilings,material_intensity_kg_per_m2,No Filter,Healthcare,median,0.0602246897820176
Adhesives and sealants,Adhesives and sealants,material_intensity_kg_per_m2,No Filter,Healthcare,median,0.1499107210480877
Air and vapor barriers,Air and vapor barriers,material_intensity_kg_per_m2,No Filter,Healthcare,median,0.3501346235368029
Aluminum - other,Aluminum,material_intensity_kg_per_m2,No Filter,Healthcare,median,0.0828972176658829
Aluminum composite panel ACM,Cladding,material_intensity_kg_per_m2,No Filter,Healthcare,median,0.303279191310946
Aluminum door,Doors and frames,material_intensity_kg_per_m2,No Filter,Healthcare,median,0.0741661379088204
Aluminum door frame,Doors and frames,material_intensity_kg_per_m2,No Filter,Healthcare,median,0.0348448140913338
Aluminum framed glass entrances,Doors and frames,material_intensity_kg_per_m2,No Filter,Healthcare,median,
Aluminum framed window,Windows and frames,material_intensity_kg_per_m2,No Filter,Healthcare,median,0.0069074203999031
Aluminum sheet,Aluminum,material_intensity_kg_per_m2,No Filter,Healthcare,median,0.249460450508483
Aluminum storefront or curtain wall,Windows and frames,material_intensity_kg_per_m2,No Filter,Healthcare,median,0.5263898356976908
Applied fireproofing - other,Applied fireproofing,material_intensity_kg_per_m2,No Filter,Healthcare,median,
Architectural fiber cement panel,Cladding,material_intensity_kg_per_m2,No Filter,Healthcare,median,0.3796449693317781
Asphalt shingles,Roofing and waterproofing,material_intensity_kg_per_m2,No Filter,Healthcare,median,
Brass,Other metals,material_intensity_kg_per_m2,No Filter,Healthcare,median,
Brick clay,Masonry,material_intensity_kg_per_m2,No Filter,Healthcare,median,16.374167782829005
Built up roofing,Roofing and waterproofing,material_intensity_kg_per_m2,No Filter,Healthcare,median,0.0196591622977385
CMU,Masonry,material_intensity_kg_per_m2,No Filter,Healthcare,median,4.426252768929144
Carpet,Flooring and tile,material_intensity_kg_per_m2,No Filter,Healthcare,median,0.022586314397372
Cast bronze,Other metals,material_intensity_kg_per_m2,No Filter,Healthcare,median,0.0012511735775889
Ceramic tile,Flooring and tile,material_intensity_kg_per_m2,No Filter,Healthcare,median,0.2202048362837652
Cladding - other,Cladding,material_intensity_kg_per_m2,No Filter,Healthcare,median,
Closed cell spray polyurethane foam,Insulation,material_intensity_kg_per_m2,No Filter,Healthcare,median,0.0025223638767006
Coatings - other,Coatings,material_intensity_kg_per_m2,No Filter,Healthcare,median,0.0720632437309706
Cold formed steel framing,Steel,material_intensity_kg_per_m2,No Filter,Healthcare,median,6.56339844747626
Concrete - other,Concrete,material_intensity_kg_per_m2,No Filter,Healthcare,median,0.31349859525766
Copper sheet,Other metals,material_intensity_kg_per_m2,No Filter,Healthcare,median,0.028621680923569
Cross laminated timber CLT,Wood and composites,material_intensity_kg_per_m2,No Filter,Healthcare,median,
Decking,Steel,material_intensity_kg_per_m2,No Filter,Healthcare,median,9.5995971425905
Doors and frames - other,Doors and frames,material_intensity_kg_per_m2,No Filter,Healthcare,median,0.3839226338907666
EPDM,Roofing and waterproofing,material_intensity_kg_per_m2,No Filter,Healthcare,median,0.0122520262878442
Expanded polystyrene EPS,Insulation,material_intensity_kg_per_m2,No Filter,Healthcare,median,0.1521476549199542
Extruded polystyrene XPS,Insulation,material_intensity_kg_per_m2,No Filter,Healthcare,median,0.0703398559462996
Extrusion,Aluminum,material_intensity_kg_per_m2,No Filter,Healthcare,median,1.544682079034055
Fasteners,Other metals,material_intensity_kg_per_m2,No Filter,Healthcare,median,0.0003662454700364
Fiberglass blanket,Insulation,material_intensity_kg_per_m2,No Filter,Healthcare,median,0.2568871100797821
Fiberglass door,Doors and frames,material_intensity_kg_per_m2,No Filter,Healthcare,median,
Fiberglass framed window,Windows and frames,material_intensity_kg_per_m2,No Filter,Healthcare,median,
Flooring and tile - other,Flooring and tile,material_intensity_kg_per_m2,No Filter,Healthcare,median,0.0089428182784368
GFRC general,Concrete,material_intensity_kg_per_m2,No Filter,Healthcare,median,0.0388168600004931
GFRC panel,Cladding,material_intensity_kg_per_m2,No Filter,Healthcare,median,
Glass mat gypsum board,Gypsum,material_intensity_kg_per_m2,No Filter,Healthcare,median,2.8868620398378213
Glazing - other,Glazing,material_intensity_kg_per_m2,No Filter,Healthcare,median,1.4346610022986943
Glue laminated timber GLT,Wood and composites,material_intensity_kg_per_m2,No Filter,Healthcare,median,
Gypsum board,Gypsum,material_intensity_kg_per_m2,No Filter,Healthcare,median,47.90875592996689
HDPE,Roofing and waterproofing,material_intensity_kg_per_m2,No Filter,Healthcare,median,
Hardwood,Wood and composites,material_intensity_kg_per_m2,No Filter,Healthcare,median,0.0484379349143331
Heavy timber framing,Wood and composites,material_intensity_kg_per_m2,No Filter,Healthcare,median,
Hollow structural sections HSS,Steel,material_intensity_kg_per_m2,No Filter,Healthcare,median,4.578933370966206
Hot-rolled sections,Steel,material_intensity_kg_per_m2,No Filter,Healthcare,median,50.40648817811871
Insulated glass unit IGU,Glazing,material_intensity_kg_per_m2,No Filter,Healthcare,median,3.18473464987522
Insulated metal panel IMP,Cladding,material_intensity_kg_per_m2,No Filter,Healthcare,median,0.5494499153605662
Insulation - other,Insulation,material_intensity_kg_per_m2,No Filter,Healthcare,median,0.2519196295923864
Intumescent,Applied fireproofing,material_intensity_kg_per_m2,No Filter,Healthcare,median,0.183850421428136
Laminated strand lumber LSL,Wood and composites,material_intensity_kg_per_m2,No Filter,Healthcare,median,
Laminated veneer lumber LVL,Wood and composites,material_intensity_kg_per_m2,No Filter,Healthcare,median,0.0225150604490345
Loose-fill cellulose,Insulation,material_intensity_kg_per_m2,No Filter,Healthcare,median,1.057807808540121
Masonry - other,Masonry,material_intensity_kg_per_m2,No Filter,Healthcare,median,
Medium density fiberboard MDF,Wood and composites,material_intensity_kg_per_m2,No Filter,Healthcare,median,0.4551565305989076
Mineral wool high density,Insulation,material_intensity_kg_per_m2,No Filter,Healthcare,median,0.3286148962936026
Mineral wool low density,Insulation,material_intensity_kg_per_m2,No Filter,Healthcare,median,0.4566756822019963
Modified bitumen,Roofing and waterproofing,material_intensity_kg_per_m2,No Filter,Healthcare,median,0.0778181835032176
Mortar and grout,Masonry,material_intensity_kg_per_m2,No Filter,Healthcare,median,3.3367988006040163
Open web joists,Steel,material_intensity_kg_per_m2,No Filter,Healthcare,median,1.853473487793702
Oriented strand board OSB,Wood and composites,material_intensity_kg_per_m2,No Filter,Healthcare,median,0.4385218703688749
Other,Other,material_intensity_kg_per_m2,No Filter,Healthcare,median,0.0119579701251256
PVC,Roofing and waterproofing,material_intensity_kg_per_m2,No Filter,Healthcare,median,0.2873116575405751
Paint,Coatings,material_intensity_kg_per_m2,No Filter,Healthcare,median,0.6630981194934333
Parallel strand lumber PSL,Wood and composites,material_intensity_kg_per_m2,No Filter,Healthcare,median,
Plate,Steel,material_intensity_kg_per_m2,No Filter,Healthcare,median,1.565981675387635
Polyisocyanurate PIR,Insulation,material_intensity_kg_per_m2,No Filter,Healthcare,median,0.3305260011233971
Precast,Concrete,material_intensity_kg_per_m2,No Filter,Healthcare,median,1.4700156246677305
Raised access floor system,Flooring and tile,material_intensity_kg_per_m2,No Filter,Healthcare,median,
Ready mix LW 3000,Concrete,material_intensity_kg_per_m2,No Filter,Healthcare,median,8.387853633175855
Ready mix LW 4000,Concrete,material_intensity_kg_per_m2,No Filter,Healthcare,median,1.1729677307019486
Ready mix LW 5000,Concrete,material_intensity_kg_per_m2,No Filter,Healthcare,median,0.7137482796844669
Ready mix NW 2500,Concrete,material_intensity_kg_per_m2,No Filter,Healthcare,median,22.063332885691487
Ready mix NW 3000,Concrete,material_intensity_kg_per_m2,No Filter,Healthcare,median,44.53130650911287
Ready mix NW 4000,Concrete,material_intensity_kg_per_m2,No Filter,Healthcare,median,95.62303058226514
Ready mix NW 5000,Concrete,material_intensity_kg_per_m2,No Filter,Healthcare,median,186.84987387440964
Ready mix NW 6000,Concrete,material_intensity_kg_per_m2,No Filter,Healthcare,median,43.64171235555374
Ready mix NW 8000,Concrete,material_intensity_kg_per_m2,No Filter,Healthcare,median,42.22584380304932
Ready mix unknown,Concrete,material_intensity_kg_per_m2,No Filter,Healthcare,median,334.80414497019814
Rebar and reinforcement,Steel,material_intensity_kg_per_m2,No Filter,Healthcare,median,33.486514094620645
Resilient flooring rubber,Flooring and tile,material_intensity_kg_per_m2,No Filter,Healthcare,median,
Resilient flooring vinyl,Flooring and tile,material_intensity_kg_per_m2,No Filter,Healthcare,median,0.5143006669492427
Roll formed metal panel aluminum,Cladding,material_intensity_kg_per_m2,No Filter,Healthcare,median,0.0038607892368507
Roll formed metal panel steel,Cladding,material_intensity_kg_per_m2,No Filter,Healthcare,median,0.0711552399873842
Roofing and waterproofing - other,Roofing and waterproofing,material_intensity_kg_per_m2,No Filter,Healthcare,median,0.0254970836896597
Softwood framing,Wood and composites,material_intensity_kg_per_m2,No Filter,Healthcare,median,0.0944883131965285
Softwood plywood,Wood and composites,material_intensity_kg_per_m2,No Filter,Healthcare,median,0.1650805756115617
Spray applied cementitious,Applied fireproofing,material_intensity_kg_per_m2,No Filter,Healthcare,median,21.647921026563665
Steel - other,Steel,material_intensity_kg_per_m2,No Filter,Healthcare,median,0.4511768575197806
Steel door,Doors and frames,material_intensity_kg_per_m2,No Filter,Healthcare,median,0.2180813229581022
Steel door frame,Doors and frames,material_intensity_kg_per_m2,No Filter,Healthcare,median,0.0201898370304094
Steel framed window,Windows and frames,material_intensity_kg_per_m2,No Filter,Healthcare,median,0.0019349561478028
Steel sheet,Steel,material_intensity_kg_per_m2,No Filter,Healthcare,median,0.9530240736783512
Stone masonry,Masonry,material_intensity_kg_per_m2,No Filter,Healthcare,median,0.1728540528398304
Stone tile,Flooring and tile,material_intensity_kg_per_m2,No Filter,Healthcare,median,0.4573220464114934
Stucco finish,Cladding,material_intensity_kg_per_m2,No Filter,Healthcare,median,0.1282528427917489
Suspension assembly,Acoustic ceilings,material_intensity_kg_per_m2,No Filter,Healthcare,median,0.4926231777235173
Synthetic composites,Synthetic composites,material_intensity_kg_per_m2,No Filter,Healthcare,median,0.4287894398279078
TPO,Roofing and waterproofing,material_intensity_kg_per_m2,No Filter,Healthcare,median,0.0885751537157006
Terracotta units,Cladding,material_intensity_kg_per_m2,No Filter,Healthcare,median,
Terrazzo slabs and tiles,Flooring and tile,material_intensity_kg_per_m2,No Filter,Healthcare,median,0.288983479022728
Vinyl framed window,Windows and frames,material_intensity_kg_per_m2,No Filter,Healthcare,median,
Wall coverings,Wall coverings,material_intensity_kg_per_m2,No Filter,Healthcare,median,0.01793119173344
Windows and frames - other,Windows and frames,material_intensity_kg_per_m2,No Filter,Healthcare,median,
Wood I joists,Wood and composites,material_intensity_kg_per_m2,No Filter,Healthcare,median,
Wood and composites - other,Wood and composites,material_intensity_kg_per_m2,No Filter,Healthcare,median,
Wood door frame,Doors and frames,material_intensity_kg_per_m2,No Filter,Healthcare,median,0.0055866783391586
Wood framed window,Windows and frames,material_intensity_kg_per_m2,No Filter,Healthcare,median,0.000188414020426
Wood or composite door,Doors and frames,material_intensity_kg_per_m2,No Filter,Healthcare,median,0.9255946132860818
Zinc sheet,Other metals,material_intensity_kg_per_m2,No Filter,Healthcare,median,7.811440031407244e-06
Acoustic ceiling tile aluminum,Acoustic ceilings,material_intensity_kg_per_m2,No Filter,Laboratory,median,0.001277407826505
Acoustic ceiling tile fiber,Acoustic ceilings,material_intensity_kg_per_m2,No Filter,Laboratory,median,0.1065892676579518
Acoustic ceiling tile steel,Acoustic ceilings,material_intensity_kg_per_m2,No Filter,Laboratory,median,0.6380147591276674
Acoustic ceilings - other,Acoustic ceilings,material_intensity_kg_per_m2,No Filter,Laboratory,median,
Adhesives and sealants,Adhesives and sealants,material_intensity_kg_per_m2,No Filter,Laboratory,median,0.109283819251469
Air and vapor barriers,Air and vapor barriers,material_intensity_kg_per_m2,No Filter,Laboratory,median,0.322682238661747
Aluminum - other,Aluminum,material_intensity_kg_per_m2,No Filter,Laboratory,median,0.2732567429198683
Aluminum composite panel ACM,Cladding,material_intensity_kg_per_m2,No Filter,Laboratory,median,0.2702730129453686
Aluminum door,Doors and frames,material_intensity_kg_per_m2,No Filter,Laboratory,median,0.0155290809817387
Aluminum door frame,Doors and frames,material_intensity_kg_per_m2,No Filter,Laboratory,median,0.00069440533664
Aluminum framed glass entrances,Doors and frames,material_intensity_kg_per_m2,No Filter,Laboratory,median,0.0089793406577678
Aluminum framed window,Windows and frames,material_intensity_kg_per_m2,No Filter,Laboratory,median,0.0009417273117393
Aluminum sheet,Aluminum,material_intensity_kg_per_m2,No Filter,Laboratory,median,0.4476243439544954
Aluminum storefront or curtain wall,Windows and frames,material_intensity_kg_per_m2,No Filter,Laboratory,median,0.1209783770086838
Applied fireproofing - other,Applied fireproofing,material_intensity_kg_per_m2,No Filter,Laboratory,median,
Architectural fiber cement panel,Cladding,material_intensity_kg_per_m2,No Filter,Laboratory,median,0.3721308521606491
Asphalt shingles,Roofing and waterproofing,material_intensity_kg_per_m2,No Filter,Laboratory,median,
Brass,Other metals,material_intensity_kg_per_m2,No Filter,Laboratory,median,0.0086688802009178
Brick clay,Masonry,material_intensity_kg_per_m2,No Filter,Laboratory,median,9.653305136385658
Built up roofing,Roofing and waterproofing,material_intensity_kg_per_m2,No Filter,Laboratory,median,0.0879578791808232
CMU,Masonry,material_intensity_kg_per_m2,No Filter,Laboratory,median,2.016259732708895
Carpet,Flooring and tile,material_intensity_kg_per_m2,No Filter,Laboratory,median,0.1190776877124069
Cast bronze,Other metals,material_intensity_kg_per_m2,No Filter,Laboratory,median,0.0958014790280993
Ceramic tile,Flooring and tile,material_intensity_kg_per_m2,No Filter,Laboratory,median,1.043585588595266
Cladding - other,Cladding,material_intensity_kg_per_m2,No Filter,Laboratory,median,
Closed cell spray polyurethane foam,Insulation,material_intensity_kg_per_m2,No Filter,Laboratory,median,0.0423338930950219
Coatings - other,Coatings,material_intensity_kg_per_m2,No Filter,Laboratory,median,0.1349561137949093
Cold formed steel framing,Steel,material_intensity_kg_per_m2,No Filter,Laboratory,median,4.918314322263181
Concrete - other,Concrete,material_intensity_kg_per_m2,No Filter,Laboratory,median,2.2409735742776284
Copper sheet,Other metals,material_intensity_kg_per_m2,No Filter,Laboratory,median,
Cross laminated timber CLT,Wood and composites,material_intensity_kg_per_m2,No Filter,Laboratory,median,
Decking,Steel,material_intensity_kg_per_m2,No Filter,Laboratory,median,10.685489225393672
Doors and frames - other,Doors and frames,material_intensity_kg_per_m2,No Filter,Laboratory,median,0.0476136272201234
EPDM,Roofing and waterproofing,material_intensity_kg_per_m2,No Filter,Laboratory,median,0.0292111341708667
Expanded polystyrene EPS,Insulation,material_intensity_kg_per_m2,No Filter,Laboratory,median,0.0117308741050008
Extruded polystyrene XPS,Insulation,material_intensity_kg_per_m2,No Filter,Laboratory,median,0.4078376546658996
Extrusion,Aluminum,material_intensity_kg_per_m2,No Filter,Laboratory,median,2.522346264104512
Fasteners,Other metals,material_intensity_kg_per_m2,No Filter,Laboratory,median,0.0016003313646561
Fiberglass blanket,Insulation,material_intensity_kg_per_m2,No Filter,Laboratory,median,0.3599771744372301
Fiberglass door,Doors and frames,material_intensity_kg_per_m2,No Filter,Laboratory,median,0.0028752272501757
Fiberglass framed window,Windows and frames,material_intensity_kg_per_m2,No Filter,Laboratory,median,
Flooring and tile - other,Flooring and tile,material_intensity_kg_per_m2,No Filter,Laboratory,median,0.0006526600416046
GFRC general,Concrete,material_intensity_kg_per_m2,No Filter,Laboratory,median,
GFRC panel,Cladding,material_intensity_kg_per_m2,No Filter,Laboratory,median,
Glass mat gypsum board,Gypsum,material_intensity_kg_per_m2,No Filter,Laboratory,median,1.5632100401041704
Glazing - other,Glazing,material_intensity_kg_per_m2,No Filter,Laboratory,median,2.415271360416212
Glue laminated timber GLT,Wood and composites,material_intensity_kg_per_m2,No Filter,Laboratory,median,
Gypsum board,Gypsum,material_intensity_kg_per_m2,No Filter,Laboratory,median,5.024700872154732
HDPE,Roofing and waterproofing,material_intensity_kg_per_m2,No Filter,Laboratory,median,0.0004236017633745
Hardwood,Wood and composites,material_intensity_kg_per_m2,No Filter,Laboratory,median,0.0355892042847935
Heavy timber framing,Wood and composites,material_intensity_kg_per_m2,No Filter,Laboratory,median,
Hollow structural sections HSS,Steel,material_intensity_kg_per_m2,No Filter,Laboratory,median,5.875669913329097
Hot-rolled sections,Steel,material_intensity_kg_per_m2,No Filter,Laboratory,median,58.20886918267564
Insulated glass unit IGU,Glazing,material_intensity_kg_per_m2,No Filter,Laboratory,median,4.575108511575421
Insulated metal panel IMP,Cladding,material_intensity_kg_per_m2,No Filter,Laboratory,median,0.3503291348750993
Insulation - other,Insulation,material_intensity_kg_per_m2,No Filter,Laboratory,median,0.0022195174217125
Intumescent,Applied fireproofing,material_intensity_kg_per_m2,No Filter,Laboratory,median,0.5499071841911013
Laminated strand lumber LSL,Wood and composites,material_intensity_kg_per_m2,No Filter,Laboratory,median,
Laminated veneer lumber LVL,Wood and composites,material_intensity_kg_per_m2,No Filter,Laboratory,median,
Loose-fill cellulose,Insulation,material_intensity_kg_per_m2,No Filter,Laboratory,median,0.4550588357460551
Masonry - other,Masonry,material_intensity_kg_per_m2,No Filter,Laboratory,median,3.710211045431415
Medium density fiberboard MDF,Wood and composites,material_intensity_kg_per_m2,No Filter,Laboratory,median,0.0334983049636364
Mineral wool high density,Insulation,material_intensity_kg_per_m2,No Filter,Laboratory,median,2.0359628223430475
Mineral wool low density,Insulation,material_intensity_kg_per_m2,No Filter,Laboratory,median,0.5921068883935291
Modified bitumen,Roofing and waterproofing,material_intensity_kg_per_m2,No Filter,Laboratory,median,0.3481947890266013
Mortar and grout,Masonry,material_intensity_kg_per_m2,No Filter,Laboratory,median,0.8714493031751753
Open web joists,Steel,material_intensity_kg_per_m2,No Filter,Laboratory,median,0.6342859613043457
Oriented strand board OSB,Wood and composites,material_intensity_kg_per_m2,No Filter,Laboratory,median,0.1678745025451418
Other,Other,material_intensity_kg_per_m2,No Filter,Laboratory,median,0.4224593263635913
PVC,Roofing and waterproofing,material_intensity_kg_per_m2,No Filter,Laboratory,median,0.0499440904679819
Paint,Coatings,material_intensity_kg_per_m2,No Filter,Laboratory,median,0.3550360931917573
Parallel strand lumber PSL,Wood and composites,material_intensity_kg_per_m2,No Filter,Laboratory,median,
Plate,Steel,material_intensity_kg_per_m2,No Filter,Laboratory,median,0.4906962478993964
Polyisocyanurate PIR,Insulation,material_intensity_kg_per_m2,No Filter,Laboratory,median,0.5507295251332172
Precast,Concrete,material_intensity_kg_per_m2,No Filter,Laboratory,median,5.282020994488142
Raised access floor system,Flooring and tile,material_intensity_kg_per_m2,No Filter,Laboratory,median,0.8849189144074578
Ready mix LW 3000,Concrete,material_intensity_kg_per_m2,No Filter,Laboratory,median,4.164433265119122
Ready mix LW 4000,Concrete,material_intensity_kg_per_m2,No Filter,Laboratory,median,3.236383529604788
Ready mix LW 5000,Concrete,material_intensity_kg_per_m2,No Filter,Laboratory,median,
Ready mix NW 2500,Concrete,material_intensity_kg_per_m2,No Filter,Laboratory,median,3.675862885140707
Ready mix NW 3000,Concrete,material_intensity_kg_per_m2,No Filter,Laboratory,median,13.593915230944576
Ready mix NW 4000,Concrete,material_intensity_kg_per_m2,No Filter,Laboratory,median,473.6237782218657
Ready mix NW 5000,Concrete,material_intensity_kg_per_m2,No Filter,Laboratory,median,86.426292665456
Ready mix NW 6000,Concrete,material_intensity_kg_per_m2,No Filter,Laboratory,median,71.19427737466704
Ready mix NW 8000,Concrete,material_intensity_kg_per_m2,No Filter,Laboratory,median,57.54594217434294
Ready mix unknown,Concrete,material_intensity_kg_per_m2,No Filter,Laboratory,median,87.64613363481807
Rebar and reinforcement,Steel,material_intensity_kg_per_m2,No Filter,Laboratory,median,34.130040484538696
Resilient flooring rubber,Flooring and tile,material_intensity_kg_per_m2,No Filter,Laboratory,median,
Resilient flooring vinyl,Flooring and tile,material_intensity_kg_per_m2,No Filter,Laboratory,median,0.0017581253628246
Roll formed metal panel aluminum,Cladding,material_intensity_kg_per_m2,No Filter,Laboratory,median,0.4258089465752571
Roll formed metal panel steel,Cladding,material_intensity_kg_per_m2,No Filter,Laboratory,median,0.0227578004631095
Roofing and waterproofing - other,Roofing and waterproofing,material_intensity_kg_per_m2,No Filter,Laboratory,median,0.0569103218340517
Softwood framing,Wood and composites,material_intensity_kg_per_m2,No Filter,Laboratory,median,0.0209877810513775
Softwood plywood,Wood and composites,material_intensity_kg_per_m2,No Filter,Laboratory,median,0.0218727617358388
Spray applied cementitious,Applied fireproofing,material_intensity_kg_per_m2,No Filter,Laboratory,median,20.49756459224732
Steel - other,Steel,material_intensity_kg_per_m2,No Filter,Laboratory,median,0.2581511911437595
Steel door,Doors and frames,material_intensity_kg_per_m2,No Filter,Laboratory,median,0.0109797002300022
Steel door frame,Doors and frames,material_intensity_kg_per_m2,No Filter,Laboratory,median,0.0003207995234227
Steel framed window,Windows and frames,material_intensity_kg_per_m2,No Filter,Laboratory,median,3.909229470500012e-05
Steel sheet,Steel,material_intensity_kg_per_m2,No Filter,Laboratory,median,0.426790577723919
Stone masonry,Masonry,material_intensity_kg_per_m2,No Filter,Laboratory,median,0.3285086565224588
Stone tile,Flooring and tile,material_intensity_kg_per_m2,No Filter,Laboratory,median,
Stucco finish,Cladding,material_intensity_kg_per_m2,No Filter,Laboratory,median,0.0578828231178147
Suspension assembly,Acoustic ceilings,material_intensity_kg_per_m2,No Filter,Laboratory,median,0.1329343568083669
Synthetic composites,Synthetic composites,material_intensity_kg_per_m2,No Filter,Laboratory,median,1.2830576270824392
TPO,Roofing and waterproofing,material_intensity_kg_per_m2,No Filter,Laboratory,median,0.1635783125885584
Terracotta units,Cladding,material_intensity_kg_per_m2,No Filter,Laboratory,median,0.9436672764100162
Terrazzo slabs and tiles,Flooring and tile,material_intensity_kg_per_m2,No Filter,Laboratory,median,
Vinyl framed window,Windows and frames,material_intensity_kg_per_m2,No Filter,Laboratory,median,
Wall coverings,Wall coverings,material_intensity_kg_per_m2,No Filter,Laboratory,median,0.0055264562769047
Windows and frames - other,Windows and frames,material_intensity_kg_per_m2,No Filter,Laboratory,median,0.0075443804129576
Wood I joists,Wood and composites,material_intensity_kg_per_m2,No Filter,Laboratory,median,
Wood and composites - other,Wood and composites,material_intensity_kg_per_m2,No Filter,Laboratory,median,0.0224616352927946
Wood door frame,Doors and frames,material_intensity_kg_per_m2,No Filter,Laboratory,median,0.0001412912686194
Wood framed window,Windows and frames,material_intensity_kg_per_m2,No Filter,Laboratory,median,6.676038143793033e-05
Wood or composite door,Doors and frames,material_intensity_kg_per_m2,No Filter,Laboratory,median,0.102906250172999
Zinc sheet,Other metals,material_intensity_kg_per_m2,No Filter,Laboratory,median,0.0248278087501683
Acoustic ceiling tile aluminum,Acoustic ceilings,material_intensity_kg_per_m2,No Filter,Office,median,0.0252940677747906
Acoustic ceiling tile fiber,Acoustic ceilings,material_intensity_kg_per_m2,No Filter,Office,median,0.4127977186599726
Acoustic ceiling tile steel,Acoustic ceilings,material_intensity_kg_per_m2,No Filter,Office,median,0.0739376996116302
Acoustic ceilings - other,Acoustic ceilings,material_intensity_kg_per_m2,No Filter,Office,median,0.2794232205209259
Adhesives and sealants,Adhesives and sealants,material_intensity_kg_per_m2,No Filter,Office,median,0.0888870020869461
Air and vapor barriers,Air and vapor barriers,material_intensity_kg_per_m2,No Filter,Office,median,0.2337533099835567
Aluminum - other,Aluminum,material_intensity_kg_per_m2,No Filter,Office,median,0.0829154016675858
Aluminum composite panel ACM,Cladding,material_intensity_kg_per_m2,No Filter,Office,median,0.0707926533150497
Aluminum door,Doors and frames,material_intensity_kg_per_m2,No Filter,Office,median,0.0410660293454627
Aluminum door frame,Doors and frames,material_intensity_kg_per_m2,No Filter,Office,median,0.0182946598784355
Aluminum framed glass entrances,Doors and frames,material_intensity_kg_per_m2,No Filter,Office,median,0.0977814694861266
Aluminum framed window,Windows and frames,material_intensity_kg_per_m2,No Filter,Office,median,0.1020262658030137
Aluminum sheet,Aluminum,material_intensity_kg_per_m2,No Filter,Office,median,0.2403521552546134
Aluminum storefront or curtain wall,Windows and frames,material_intensity_kg_per_m2,No Filter,Office,median,0.766759662538094
Applied fireproofing - other,Applied fireproofing,material_intensity_kg_per_m2,No Filter,Office,median,
Architectural fiber cement panel,Cladding,material_intensity_kg_per_m2,No Filter,Office,median,0.1820538547817949
Asphalt shingles,Roofing and waterproofing,material_intensity_kg_per_m2,No Filter,Office,median,
Brass,Other metals,material_intensity_kg_per_m2,No Filter,Office,median,
Brick clay,Masonry,material_intensity_kg_per_m2,No Filter,Office,median,6.397557556489489
Built up roofing,Roofing and waterproofing,material_intensity_kg_per_m2,No Filter,Office,median,0.0273418739998996
CMU,Masonry,material_intensity_kg_per_m2,No Filter,Office,median,10.601012358481324
Carpet,Flooring and tile,material_intensity_kg_per_m2,No Filter,Office,median,0.0302765608818057
Cast bronze,Other metals,material_intensity_kg_per_m2,No Filter,Office,median,
Ceramic tile,Flooring and tile,material_intensity_kg_per_m2,No Filter,Office,median,0.0331802171007512
Cladding - other,Cladding,material_intensity_kg_per_m2,No Filter,Office,median,
Closed cell spray polyurethane foam,Insulation,material_intensity_kg_per_m2,No Filter,Office,median,0.3723215160681125
Coatings - other,Coatings,material_intensity_kg_per_m2,No Filter,Office,median,0.0815091226711583
Cold formed steel framing,Steel,material_intensity_kg_per_m2,No Filter,Office,median,3.122599709746257
Concrete - other,Concrete,material_intensity_kg_per_m2,No Filter,Office,median,0.9004621182594778
Copper sheet,Other metals,material_intensity_kg_per_m2,No Filter,Office,median,
Cross laminated timber CLT,Wood and composites,material_intensity_kg_per_m2,No Filter,Office,median,1.7691602821899437
Decking,Steel,material_intensity_kg_per_m2,No Filter,Office,median,6.697605710815158
Doors and frames - other,Doors and frames,material_intensity_kg_per_m2,No Filter,Office,median,0.1054864558439728
EPDM,Roofing and waterproofing,material_intensity_kg_per_m2,No Filter,Office,median,0.044586192233419
Expanded polystyrene EPS,Insulation,material_intensity_kg_per_m2,No Filter,Office,median,0.2647588266570354
Extruded polystyrene XPS,Insulation,material_intensity_kg_per_m2,No Filter,Office,median,0.1827337213168938
Extrusion,Aluminum,material_intensity_kg_per_m2,No Filter,Office,median,1.2668061434362017
Fasteners,Other metals,material_intensity_kg_per_m2,No Filter,Office,median,0.0114730630297165
Fiberglass blanket,Insulation,material_intensity_kg_per_m2,No Filter,Office,median,0.3862631308770092
Fiberglass door,Doors and frames,material_intensity_kg_per_m2,No Filter,Office,median,0.0320611876491226
Fiberglass framed window,Windows and frames,material_intensity_kg_per_m2,No Filter,Office,median,
Flooring and tile - other,Flooring and tile,material_intensity_kg_per_m2,No Filter,Office,median,0.0154759002626624
GFRC general,Concrete,material_intensity_kg_per_m2,No Filter,Office,median,0.4902995565309482
GFRC panel,Cladding,material_intensity_kg_per_m2,No Filter,Office,median,0.0025129002891811
Glass mat gypsum board,Gypsum,material_intensity_kg_per_m2,No Filter,Office,median,4.535481589826202
Glazing - other,Glazing,material_intensity_kg_per_m2,No Filter,Office,median,0.9857745808267476
Glue laminated timber GLT,Wood and composites,material_intensity_kg_per_m2,No Filter,Office,median,0.91576816224809
Gypsum board,Gypsum,material_intensity_kg_per_m2,No Filter,Office,median,15.232536388070438
HDPE,Roofing and waterproofing,material_intensity_kg_per_m2,No Filter,Office,median,0.1246701045369147
Hardwood,Wood and composites,material_intensity_kg_per_m2,No Filter,Office,median,0.0341095561782279
Heavy timber framing,Wood and composites,material_intensity_kg_per_m2,No Filter,Office,median,0.0013479586220291
Hollow structural sections HSS,Steel,material_intensity_kg_per_m2,No Filter,Office,median,2.735401972316403
Hot-rolled sections,Steel,material_intensity_kg_per_m2,No Filter,Office,median,10.709156024002432
Insulated glass unit IGU,Glazing,material_intensity_kg_per_m2,No Filter,Office,median,4.077500419173252
Insulated metal panel IMP,Cladding,material_intensity_kg_per_m2,No Filter,Office,median,0.925936584215412
Insulation - other,Insulation,material_intensity_kg_per_m2,No Filter,Office,median,0.1669187484859436
Intumescent,Applied fireproofing,material_intensity_kg_per_m2,No Filter,Office,median,0.0344184448735998
Laminated strand lumber LSL,Wood and composites,material_intensity_kg_per_m2,No Filter,Office,median,0.0003046536415208
Laminated veneer lumber LVL,Wood and composites,material_intensity_kg_per_m2,No Filter,Office,median,0.4653814385692452
Loose-fill cellulose,Insulation,material_intensity_kg_per_m2,No Filter,Office,median,0.0325280731897354
Masonry - other,Masonry,material_intensity_kg_per_m2,No Filter,Office,median,
Medium density fiberboard MDF,Wood and composites,material_intensity_kg_per_m2,No Filter,Office,median,0.0486366469411787
Mineral wool high density,Insulation,material_intensity_kg_per_m2,No Filter,Office,median,1.2732335444963707
Mineral wool low density,Insulation,material_intensity_kg_per_m2,No Filter,Office,median,0.3025862972940222
Modified bitumen,Roofing and waterproofing,material_intensity_kg_per_m2,No Filter,Office,median,0.5760914613244239
Mortar and grout,Masonry,material_intensity_kg_per_m2,No Filter,Office,median,3.802697495395661
Open web joists,Steel,material_intensity_kg_per_m2,No Filter,Office,median,5.729474554146025
Oriented strand board OSB,Wood and composites,material_intensity_kg_per_m2,No Filter,Office,median,0.401917870440047
Other,Other,material_intensity_kg_per_m2,No Filter,Office,median,0.03276653818089
PVC,Roofing and waterproofing,material_intensity_kg_per_m2,No Filter,Office,median,0.0690634608769356
Paint,Coatings,material_intensity_kg_per_m2,No Filter,Office,median,0.3177139540388417
Parallel strand lumber PSL,Wood and composites,material_intensity_kg_per_m2,No Filter,Office,median,0.1103606003654793
Plate,Steel,material_intensity_kg_per_m2,No Filter,Office,median,1.1109326689825756
Polyisocyanurate PIR,Insulation,material_intensity_kg_per_m2,No Filter,Office,median,0.9587418823556184
Precast,Concrete,material_intensity_kg_per_m2,No Filter,Office,median,1.9053784581118027
Raised access floor system,Flooring and tile,material_intensity_kg_per_m2,No Filter,Office,median,1.0496855563601912
Ready mix LW 3000,Concrete,material_intensity_kg_per_m2,No Filter,Office,median,5.346968707760143
Ready mix LW 4000,Concrete,material_intensity_kg_per_m2,No Filter,Office,median,0.7591811205847977
Ready mix LW 5000,Concrete,material_intensity_kg_per_m2,No Filter,Office,median,0.3752894868451307
Ready mix NW 2500,Concrete,material_intensity_kg_per_m2,No Filter,Office,median,11.090729146422088
Ready mix NW 3000,Concrete,material_intensity_kg_per_m2,No Filter,Office,median,117.89273582524586
Ready mix NW 4000,Concrete,material_intensity_kg_per_m2,No Filter,Office,median,139.8546747490736
Ready mix NW 5000,Concrete,material_intensity_kg_per_m2,No Filter,Office,median,113.89767703455286
Ready mix NW 6000,Concrete,material_intensity_kg_per_m2,No Filter,Office,median,221.4571869201
Ready mix NW 8000,Concrete,material_intensity_kg_per_m2,No Filter,Office,median,46.790608691692384
Ready mix unknown,Concrete,material_intensity_kg_per_m2,No Filter,Office,median,286.3627300817913
Rebar and reinforcement,Steel,material_intensity_kg_per_m2,No Filter,Office,median,39.95321928754337
Resilient flooring rubber,Flooring and tile,material_intensity_kg_per_m2,No Filter,Office,median,0.0094768890028559
Resilient flooring vinyl,Flooring and tile,material_intensity_kg_per_m2,No Filter,Office,median,0.0028368880320943
Roll formed metal panel aluminum,Cladding,material_intensity_kg_per_m2,No Filter,Office,median,0.0184841042350156
Roll formed metal panel steel,Cladding,material_intensity_kg_per_m2,No Filter,Office,median,0.1695236967668301
Roofing and waterproofing - other,Roofing and waterproofing,material_intensity_kg_per_m2,No Filter,Office,median,0.0452845590346258
Softwood framing,Wood and composites,material_intensity_kg_per_m2,No Filter,Office,median,0.0360064921769282
Softwood plywood,Wood and composites,material_intensity_kg_per_m2,No Filter,Office,median,0.0363792455337508
Spray applied cementitious,Applied fireproofing,material_intensity_kg_per_m2,No Filter,Office,median,3.007231052562114
Steel - other,Steel,material_intensity_kg_per_m2,No Filter,Office,median,0.8477952924584108
Steel door,Doors and frames,material_intensity_kg_per_m2,No Filter,Office,median,0.1753699918622401
Steel door frame,Doors and frames,material_intensity_kg_per_m2,No Filter,Office,median,0.0138886285352018
Steel framed window,Windows and frames,material_intensity_kg_per_m2,No Filter,Office,median,0.0076686158224623
Steel sheet,Steel,material_intensity_kg_per_m2,No Filter,Office,median,0.3630959363762616
Stone masonry,Masonry,material_intensity_kg_per_m2,No Filter,Office,median,0.7825027110110485
Stone tile,Flooring and tile,material_intensity_kg_per_m2,No Filter,Office,median,0.2277021530237461
Stucco finish,Cladding,material_intensity_kg_per_m2,No Filter,Office,median,0.0913559594831363
Suspension assembly,Acoustic ceilings,material_intensity_kg_per_m2,No Filter,Office,median,0.0919324749647894
Synthetic composites,Synthetic composites,material_intensity_kg_per_m2,No Filter,Office,median,0.6494021654156525
TPO,Roofing and waterproofing,material_intensity_kg_per_m2,No Filter,Office,median,0.0490955484241366
Terracotta units,Cladding,material_intensity_kg_per_m2,No Filter,Office,median,
Terrazzo slabs and tiles,Flooring and tile,material_intensity_kg_per_m2,No Filter,Office,median,0.0336268801218348
Vinyl framed window,Windows and frames,material_intensity_kg_per_m2,No Filter,Office,median,
Wall coverings,Wall coverings,material_intensity_kg_per_m2,No Filter,Office,median,0.0253765978357142
Windows and frames - other,Windows and frames,material_intensity_kg_per_m2,No Filter,Office,median,0.0319386983797825
Wood I joists,Wood and composites,material_intensity_kg_per_m2,No Filter,Office,median,5.518478705183037e-05
Wood and composites - other,Wood and composites,material_intensity_kg_per_m2,No Filter,Office,median,0.0138526419567302
Wood door frame,Doors and frames,material_intensity_kg_per_m2,No Filter,Office,median,0.0020355835068753
Wood framed window,Windows and frames,material_intensity_kg_per_m2,No Filter,Office,median,
Wood or composite door,Doors and frames,material_intensity_kg_per_m2,No Filter,Office,median,0.160376823527681
Zinc sheet,Other metals,material_intensity_kg_per_m2,No Filter,Office,median,0.0203552134372338
Acoustic ceiling tile aluminum,Acoustic ceilings,material_intensity_kg_per_m2,No Filter,Other,median,0.0890081801132121
Acoustic ceiling tile fiber,Acoustic ceilings,material_intensity_kg_per_m2,No Filter,Other,median,0.1540692831584021
Acoustic ceiling tile steel,Acoustic ceilings,material_intensity_kg_per_m2,No Filter,Other,median,0.3388240545650532
Acoustic ceilings - other,Acoustic ceilings,material_intensity_kg_per_m2,No Filter,Other,median,0.5280604613890082
Adhesives and sealants,Adhesives and sealants,material_intensity_kg_per_m2,No Filter,Other,median,0.0871300128492
Air and vapor barriers,Air and vapor barriers,material_intensity_kg_per_m2,No Filter,Other,median,0.5975890586687631
Aluminum - other,Aluminum,material_intensity_kg_per_m2,No Filter,Other,median,0.1110443031579084
Aluminum composite panel ACM,Cladding,material_intensity_kg_per_m2,No Filter,Other,median,0.3638078002847457
Aluminum door,Doors and frames,material_intensity_kg_per_m2,No Filter,Other,median,0.1871182189866913
Aluminum door frame,Doors and frames,material_intensity_kg_per_m2,No Filter,Other,median,0.0101858846752305
Aluminum framed glass entrances,Doors and frames,material_intensity_kg_per_m2,No Filter,Other,median,
Aluminum framed window,Windows and frames,material_intensity_kg_per_m2,No Filter,Other,median,0.0127230057059339
Aluminum sheet,Aluminum,material_intensity_kg_per_m2,No Filter,Other,median,0.5135490403829359
Aluminum storefront or curtain wall,Windows and frames,material_intensity_kg_per_m2,No Filter,Other,median,0.1674028200877414
Applied fireproofing - other,Applied fireproofing,material_intensity_kg_per_m2,No Filter,Other,median,
Architectural fiber cement panel,Cladding,material_intensity_kg_per_m2,No Filter,Other,median,0.843524071118399
Asphalt shingles,Roofing and waterproofing,material_intensity_kg_per_m2,No Filter,Other,median,
Brass,Other metals,material_intensity_kg_per_m2,No Filter,Other,median,
Brick clay,Masonry,material_intensity_kg_per_m2,No Filter,Other,median,13.330015214020673
Built up roofing,Roofing and waterproofing,material_intensity_kg_per_m2,No Filter,Other,median,
CMU,Masonry,material_intensity_kg_per_m2,No Filter,Other,median,12.561856429550026
Carpet,Flooring and tile,material_intensity_kg_per_m2,No Filter,Other,median,0.0435046430308771
Cast bronze,Other metals,material_intensity_kg_per_m2,No Filter,Other,median,
Ceramic tile,Flooring and tile,material_intensity_kg_per_m2,No Filter,Other,median,0.9570229517555784
Cladding - other,Cladding,material_intensity_kg_per_m2,No Filter,Other,median,
Closed cell spray polyurethane foam,Insulation,material_intensity_kg_per_m2,No Filter,Other,median,0.6333517471319604
Coatings - other,Coatings,material_intensity_kg_per_m2,No Filter,Other,median,0.224460202134949
Cold formed steel framing,Steel,material_intensity_kg_per_m2,No Filter,Other,median,4.400599782117149
Concrete - other,Concrete,material_intensity_kg_per_m2,No Filter,Other,median,4.460550838422635
Copper sheet,Other metals,material_intensity_kg_per_m2,No Filter,Other,median,
Cross laminated timber CLT,Wood and composites,material_intensity_kg_per_m2,No Filter,Other,median,19.189608511086565
Decking,Steel,material_intensity_kg_per_m2,No Filter,Other,median,4.406644137540415
Doors and frames - other,Doors and frames,material_intensity_kg_per_m2,No Filter,Other,median,0.1866136039321633
EPDM,Roofing and waterproofing,material_intensity_kg_per_m2,No Filter,Other,median,0.1999789454978437
Expanded polystyrene EPS,Insulation,material_intensity_kg_per_m2,No Filter,Other,median,0.1942300959222822
Extruded polystyrene XPS,Insulation,material_intensity_kg_per_m2,No Filter,Other,median,0.4983731818663073
Extrusion,Aluminum,material_intensity_kg_per_m2,No Filter,Other,median,1.8774936243495035
Fasteners,Other metals,material_intensity_kg_per_m2,No Filter,Other,median,0.0054253228643819
Fiberglass blanket,Insulation,material_intensity_kg_per_m2,No Filter,Other,median,0.3420835947835846
Fiberglass door,Doors and frames,material_intensity_kg_per_m2,No Filter,Other,median,
Fiberglass framed window,Windows and frames,material_intensity_kg_per_m2,No Filter,Other,median,
Flooring and tile - other,Flooring and tile,material_intensity_kg_per_m2,No Filter,Other,median,0.0021026750452235
GFRC general,Concrete,material_intensity_kg_per_m2,No Filter,Other,median,0.021279847234314
GFRC panel,Cladding,material_intensity_kg_per_m2,No Filter,Other,median,
Glass mat gypsum board,Gypsum,material_intensity_kg_per_m2,No Filter,Other,median,8.442478184117448
Glazing - other,Glazing,material_intensity_kg_per_m2,No Filter,Other,median,0.9867857167964564
Glue laminated timber GLT,Wood and composites,material_intensity_kg_per_m2,No Filter,Other,median,7.344535026122247
Gypsum board,Gypsum,material_intensity_kg_per_m2,No Filter,Other,median,13.13424070025455
HDPE,Roofing and waterproofing,material_intensity_kg_per_m2,No Filter,Other,median,
Hardwood,Wood and composites,material_intensity_kg_per_m2,No Filter,Other,median,0.3478877409378301
Heavy timber framing,Wood and composites,material_intensity_kg_per_m2,No Filter,Other,median,
Hollow structural sections HSS,Steel,material_intensity_kg_per_m2,No Filter,Other,median,5.864364594596445
Hot-rolled sections,Steel,material_intensity_kg_per_m2,No Filter,Other,median,36.41944648548312
Insulated glass unit IGU,Glazing,material_intensity_kg_per_m2,No Filter,Other,median,3.294075167505342
Insulated metal panel IMP,Cladding,material_intensity_kg_per_m2,No Filter,Other,median,0.0869908284592616
Insulation - other,Insulation,material_intensity_kg_per_m2,No Filter,Other,median,0.0315212407433601
Intumescent,Applied fireproofing,material_intensity_kg_per_m2,No Filter,Other,median,0.2449118360257623
Laminated strand lumber LSL,Wood and composites,material_intensity_kg_per_m2,No Filter,Other,median,
Laminated veneer lumber LVL,Wood and composites,material_intensity_kg_per_m2,No Filter,Other,median,0.1039349463647573
Loose-fill cellulose,Insulation,material_intensity_kg_per_m2,No Filter,Other,median,
Masonry - other,Masonry,material_intensity_kg_per_m2,No Filter,Other,median,
Medium density fiberboard MDF,Wood and composites,material_intensity_kg_per_m2,No Filter,Other,median,
Mineral wool high density,Insulation,material_intensity_kg_per_m2,No Filter,Other,median,1.2853873419602382
Mineral wool low density,Insulation,material_intensity_kg_per_m2,No Filter,Other,median,0.2725754276765643
Modified bitumen,Roofing and waterproofing,material_intensity_kg_per_m2,No Filter,Other,median,0.2651821439140968
Mortar and grout,Masonry,material_intensity_kg_per_m2,No Filter,Other,median,4.246426091645578
Open web joists,Steel,material_intensity_kg_per_m2,No Filter,Other,median,5.410978670799788
Oriented strand board OSB,Wood and composites,material_intensity_kg_per_m2,No Filter,Other,median,0.0675796357411038
Other,Other,material_intensity_kg_per_m2,No Filter,Other,median,
PVC,Roofing and waterproofing,material_intensity_kg_per_m2,No Filter,Other,median,0.5174700142521872
Paint,Coatings,material_intensity_kg_per_m2,No Filter,Other,median,0.1650136967901654
Parallel strand lumber PSL,Wood and composites,material_intensity_kg_per_m2,No Filter,Other,median,0.225269686989492
Plate,Steel,material_intensity_kg_per_m2,No Filter,Other,median,4.595493359990419
Polyisocyanurate PIR,Insulation,material_intensity_kg_per_m2,No Filter,Other,median,2.826313286864305
Precast,Concrete,material_intensity_kg_per_m2,No Filter,Other,median,1.699669424768225
Raised access floor system,Flooring and tile,material_intensity_kg_per_m2,No Filter,Other,median,
Ready mix LW 3000,Concrete,material_intensity_kg_per_m2,No Filter,Other,median,1.6937112815151492
Ready mix LW 4000,Concrete,material_intensity_kg_per_m2,No Filter,Other,median,21.418763379901
Ready mix LW 5000,Concrete,material_intensity_kg_per_m2,No Filter,Other,median,
Ready mix NW 2500,Concrete,material_intensity_kg_per_m2,No Filter,Other,median,0.77948624422209
Ready mix NW 3000,Concrete,material_intensity_kg_per_m2,No Filter,Other,median,2.1014254455044843
Ready mix NW 4000,Concrete,material_intensity_kg_per_m2,No Filter,Other,median,160.3091569138061
Ready mix NW 5000,Concrete,material_intensity_kg_per_m2,No Filter,Other,median,265.2109156234699
Ready mix NW 6000,Concrete,material_intensity_kg_per_m2,No Filter,Other,median,78.90092662072215
Ready mix NW 8000,Concrete,material_intensity_kg_per_m2,No Filter,Other,median,
Ready mix unknown,Concrete,material_intensity_kg_per_m2,No Filter,Other,median,278.7653944391198
Rebar and reinforcement,Steel,material_intensity_kg_per_m2,No Filter,Other,median,16.292112336772288
Resilient flooring rubber,Flooring and tile,material_intensity_kg_per_m2,No Filter,Other,median,
Resilient flooring vinyl,Flooring and tile,material_intensity_kg_per_m2,No Filter,Other,median,0.024926019982591
Roll formed metal panel aluminum,Cladding,material_intensity_kg_per_m2,No Filter,Other,median,0.1592185405585136
Roll formed metal panel steel,Cladding,material_intensity_kg_per_m2,No Filter,Other,median,0.0183022799701455
Roofing and waterproofing - other,Roofing and waterproofing,material_intensity_kg_per_m2,No Filter,Other,median,0.2127141731634982
Softwood framing,Wood and composites,material_intensity_kg_per_m2,No Filter,Other,median,5.610238976651251
Softwood plywood,Wood and composites,material_intensity_kg_per_m2,No Filter,Other,median,3.067611867662442
Spray applied cementitious,Applied fireproofing,material_intensity_kg_per_m2,No Filter,Other,median,18.03045519505422
Steel - other,Steel,material_intensity_kg_per_m2,No Filter,Other,median,0.9043836665374854
Steel door,Doors and frames,material_intensity_kg_per_m2,No Filter,Other,median,0.1711740999691005
Steel door frame,Doors and frames,material_intensity_kg_per_m2,No Filter,Other,median,0.0108614939566342
Steel framed window,Windows and frames,material_intensity_kg_per_m2,No Filter,Other,median,0.0144280698795521
Steel sheet,Steel,material_intensity_kg_per_m2,No Filter,Other,median,1.8197298397261192
Stone masonry,Masonry,material_intensity_kg_per_m2,No Filter,Other,median,8.920607292716692
Stone tile,Flooring and tile,material_intensity_kg_per_m2,No Filter,Other,median,
Stucco finish,Cladding,material_intensity_kg_per_m2,No Filter,Other,median,0.0010359976812235
Suspension assembly,Acoustic ceilings,material_intensity_kg_per_m2,No Filter,Other,median,0.0717481611493974
Synthetic composites,Synthetic composites,material_intensity_kg_per_m2,No Filter,Other,median,0.0873398507283496
TPO,Roofing and waterproofing,material_intensity_kg_per_m2,No Filter,Other,median,0.3012369620960475
Terracotta units,Cladding,material_intensity_kg_per_m2,No Filter,Other,median,
Terrazzo slabs and tiles,Flooring and tile,material_intensity_kg_per_m2,No Filter,Other,median,
Vinyl framed window,Windows and frames,material_intensity_kg_per_m2,No Filter,Other,median,
Wall coverings,Wall coverings,material_intensity_kg_per_m2,No Filter,Other,median,0.0123823935
Windows and frames - other,Windows and frames,material_intensity_kg_per_m2,No Filter,Other,median,0.037848243345075
Wood I joists,Wood and composites,material_intensity_kg_per_m2,No Filter,Other,median,1.940260647836699
Wood and composites - other,Wood and composites,material_intensity_kg_per_m2,No Filter,Other,median,0.7955017522428006
Wood door frame,Doors and frames,material_intensity_kg_per_m2,No Filter,Other,median,0.0070074560388221
Wood framed window,Windows and frames,material_intensity_kg_per_m2,No Filter,Other,median,
Wood or composite door,Doors and frames,material_intensity_kg_per_m2,No Filter,Other,median,0.1709814714020286
Zinc sheet,Other metals,material_intensity_kg_per_m2,No Filter,Other,median,0.0017000054922774
Acoustic ceiling tile aluminum,Acoustic ceilings,material_intensity_kg_per_m2,No Filter,Public Assembly,median,0.2042177549430964
Acoustic ceiling tile fiber,Acoustic ceilings,material_intensity_kg_per_m2,No Filter,Public Assembly,median,0.3769759405983477
Acoustic ceiling tile steel,Acoustic ceilings,material_intensity_kg_per_m2,No Filter,Public Assembly,median,0.0340969483564301
Acoustic ceilings - other,Acoustic ceilings,material_intensity_kg_per_m2,No Filter,Public Assembly,median,
Adhesives and sealants,Adhesives and sealants,material_intensity_kg_per_m2,No Filter,Public Assembly,median,0.1324158142868433
Air and vapor barriers,Air and vapor barriers,material_intensity_kg_per_m2,No Filter,Public Assembly,median,0.5074548566746585
Aluminum - other,Aluminum,material_intensity_kg_per_m2,No Filter,Public Assembly,median,0.1986434812469712
Aluminum composite panel ACM,Cladding,material_intensity_kg_per_m2,No Filter,Public Assembly,median,0.0235983732687705
Aluminum door,Doors and frames,material_intensity_kg_per_m2,No Filter,Public Assembly,median,0.115473974818327
Aluminum door frame,Doors and frames,material_intensity_kg_per_m2,No Filter,Public Assembly,median,0.0070572951685603
Aluminum framed glass entrances,Doors and frames,material_intensity_kg_per_m2,No Filter,Public Assembly,median,
Aluminum framed window,Windows and frames,material_intensity_kg_per_m2,No Filter,Public Assembly,median,0.0002837857980222
Aluminum sheet,Aluminum,material_intensity_kg_per_m2,No Filter,Public Assembly,median,0.3360657439790776
Aluminum storefront or curtain wall,Windows and frames,material_intensity_kg_per_m2,No Filter,Public Assembly,median,0.0001961956389816
Applied fireproofing - other,Applied fireproofing,material_intensity_kg_per_m2,No Filter,Public Assembly,median,
Architectural fiber cement panel,Cladding,material_intensity_kg_per_m2,No Filter,Public Assembly,median,0.3138591629016847
Asphalt shingles,Roofing and waterproofing,material_intensity_kg_per_m2,No Filter,Public Assembly,median,0.4562055903682366
Brass,Other metals,material_intensity_kg_per_m2,No Filter,Public Assembly,median,
Brick clay,Masonry,material_intensity_kg_per_m2,No Filter,Public Assembly,median,9.338370762374783
Built up roofing,Roofing and waterproofing,material_intensity_kg_per_m2,No Filter,Public Assembly,median,0.4642384034552068
CMU,Masonry,material_intensity_kg_per_m2,No Filter,Public Assembly,median,18.15105106139766
Carpet,Flooring and tile,material_intensity_kg_per_m2,No Filter,Public Assembly,median,0.1948243006674481
Cast bronze,Other metals,material_intensity_kg_per_m2,No Filter,Public Assembly,median,
Ceramic tile,Flooring and tile,material_intensity_kg_per_m2,No Filter,Public Assembly,median,1.2988603390830324
Cladding - other,Cladding,material_intensity_kg_per_m2,No Filter,Public Assembly,median,0.8490143023422486
Closed cell spray polyurethane foam,Insulation,material_intensity_kg_per_m2,No Filter,Public Assembly,median,0.0444757459982907
Coatings - other,Coatings,material_intensity_kg_per_m2,No Filter,Public Assembly,median,0.1636201461071687
Cold formed steel framing,Steel,material_intensity_kg_per_m2,No Filter,Public Assembly,median,3.107081420161669
Concrete - other,Concrete,material_intensity_kg_per_m2,No Filter,Public Assembly,median,1.0050977581237948
Copper sheet,Other metals,material_intensity_kg_per_m2,No Filter,Public Assembly,median,
Cross laminated timber CLT,Wood and composites,material_intensity_kg_per_m2,No Filter,Public Assembly,median,3.772223573463881
Decking,Steel,material_intensity_kg_per_m2,No Filter,Public Assembly,median,6.963485838524344
Doors and frames - other,Doors and frames,material_intensity_kg_per_m2,No Filter,Public Assembly,median,0.1488143109168342
EPDM,Roofing and waterproofing,material_intensity_kg_per_m2,No Filter,Public Assembly,median,0.0488441214405443
Expanded polystyrene EPS,Insulation,material_intensity_kg_per_m2,No Filter,Public Assembly,median,0.6221994360536781
Extruded polystyrene XPS,Insulation,material_intensity_kg_per_m2,No Filter,Public Assembly,median,0.4606337091021381
Extrusion,Aluminum,material_intensity_kg_per_m2,No Filter,Public Assembly,median,0.624512099679139
Fasteners,Other metals,material_intensity_kg_per_m2,No Filter,Public Assembly,median,0.0033066384044722
Fiberglass blanket,Insulation,material_intensity_kg_per_m2,No Filter,Public Assembly,median,0.5120092548698006
Fiberglass door,Doors and frames,material_intensity_kg_per_m2,No Filter,Public Assembly,median,
Fiberglass framed window,Windows and frames,material_intensity_kg_per_m2,No Filter,Public Assembly,median,0.0273281481074709
Flooring and tile - other,Flooring and tile,material_intensity_kg_per_m2,No Filter,Public Assembly,median,0.0555732186428938
GFRC general,Concrete,material_intensity_kg_per_m2,No Filter,Public Assembly,median,0.6152063334860364
GFRC panel,Cladding,material_intensity_kg_per_m2,No Filter,Public Assembly,median,
Glass mat gypsum board,Gypsum,material_intensity_kg_per_m2,No Filter,Public Assembly,median,6.392619484537157
Glazing - other,Glazing,material_intensity_kg_per_m2,No Filter,Public Assembly,median,0.4591942609266561
Glue laminated timber GLT,Wood and composites,material_intensity_kg_per_m2,No Filter,Public Assembly,median,0.7959773434038846
Gypsum board,Gypsum,material_intensity_kg_per_m2,No Filter,Public Assembly,median,20.68618852424048
HDPE,Roofing and waterproofing,material_intensity_kg_per_m2,No Filter,Public Assembly,median,0.1146935949535169
Hardwood,Wood and composites,material_intensity_kg_per_m2,No Filter,Public Assembly,median,0.0813010578095328
Heavy timber framing,Wood and composites,material_intensity_kg_per_m2,No Filter,Public Assembly,median,0.2142946811312185
Hollow structural sections HSS,Steel,material_intensity_kg_per_m2,No Filter,Public Assembly,median,7.706246077053573
Hot-rolled sections,Steel,material_intensity_kg_per_m2,No Filter,Public Assembly,median,28.568470502235723
Insulated glass unit IGU,Glazing,material_intensity_kg_per_m2,No Filter,Public Assembly,median,2.3179478630467343
Insulated metal panel IMP,Cladding,material_intensity_kg_per_m2,No Filter,Public Assembly,median,1.8513363816350168
Insulation - other,Insulation,material_intensity_kg_per_m2,No Filter,Public Assembly,median,0.005812063393877
Intumescent,Applied fireproofing,material_intensity_kg_per_m2,No Filter,Public Assembly,median,0.3547216448491328
Laminated strand lumber LSL,Wood and composites,material_intensity_kg_per_m2,No Filter,Public Assembly,median,0.1648624920098562
Laminated veneer lumber LVL,Wood and composites,material_intensity_kg_per_m2,No Filter,Public Assembly,median,0.0162673592947304
Loose-fill cellulose,Insulation,material_intensity_kg_per_m2,No Filter,Public Assembly,median,
Masonry - other,Masonry,material_intensity_kg_per_m2,No Filter,Public Assembly,median,
Medium density fiberboard MDF,Wood and composites,material_intensity_kg_per_m2,No Filter,Public Assembly,median,0.0284461647945404
Mineral wool high density,Insulation,material_intensity_kg_per_m2,No Filter,Public Assembly,median,3.013159472114604
Mineral wool low density,Insulation,material_intensity_kg_per_m2,No Filter,Public Assembly,median,0.5199900078552029
Modified bitumen,Roofing and waterproofing,material_intensity_kg_per_m2,No Filter,Public Assembly,median,0.5304280459287215
Mortar and grout,Masonry,material_intensity_kg_per_m2,No Filter,Public Assembly,median,2.018956549397527
Open web joists,Steel,material_intensity_kg_per_m2,No Filter,Public Assembly,median,4.592938260703609
Oriented strand board OSB,Wood and composites,material_intensity_kg_per_m2,No Filter,Public Assembly,median,0.0146704010794689
Other,Other,material_intensity_kg_per_m2,No Filter,Public Assembly,median,0.019283918406265
PVC,Roofing and waterproofing,material_intensity_kg_per_m2,No Filter,Public Assembly,median,0.1313628681920685
Paint,Coatings,material_intensity_kg_per_m2,No Filter,Public Assembly,median,0.3156073586803836
Parallel strand lumber PSL,Wood and composites,material_intensity_kg_per_m2,No Filter,Public Assembly,median,
Plate,Steel,material_intensity_kg_per_m2,No Filter,Public Assembly,median,1.145702604649016
Polyisocyanurate PIR,Insulation,material_intensity_kg_per_m2,No Filter,Public Assembly,median,2.7162215723281347
Precast,Concrete,material_intensity_kg_per_m2,No Filter,Public Assembly,median,14.99621148311802
Raised access floor system,Flooring and tile,material_intensity_kg_per_m2,No Filter,Public Assembly,median,
Ready mix LW 3000,Concrete,material_intensity_kg_per_m2,No Filter,Public Assembly,median,0.4917273024666521
Ready mix LW 4000,Concrete,material_intensity_kg_per_m2,No Filter,Public Assembly,median,24.78155490168393
Ready mix LW 5000,Concrete,material_intensity_kg_per_m2,No Filter,Public Assembly,median,12.517354412927592
Ready mix NW 2500,Concrete,material_intensity_kg_per_m2,No Filter,Public Assembly,median,1.522691578087554
Ready mix NW 3000,Concrete,material_intensity_kg_per_m2,No Filter,Public Assembly,median,26.347362700670303
Ready mix NW 4000,Concrete,material_intensity_kg_per_m2,No Filter,Public Assembly,median,248.5162972011645
Ready mix NW 5000,Concrete,material_intensity_kg_per_m2,No Filter,Public Assembly,median,123.23415814929676
Ready mix NW 6000,Concrete,material_intensity_kg_per_m2,No Filter,Public Assembly,median,154.52971839840492
Ready mix NW 8000,Concrete,material_intensity_kg_per_m2,No Filter,Public Assembly,median,20.93153656836771
Ready mix unknown,Concrete,material_intensity_kg_per_m2,No Filter,Public Assembly,median,211.1006309509745
Rebar and reinforcement,Steel,material_intensity_kg_per_m2,No Filter,Public Assembly,median,28.38484409409237
Resilient flooring rubber,Flooring and tile,material_intensity_kg_per_m2,No Filter,Public Assembly,median,
Resilient flooring vinyl,Flooring and tile,material_intensity_kg_per_m2,No Filter,Public Assembly,median,0.2027303325001615
Roll formed metal panel aluminum,Cladding,material_intensity_kg_per_m2,No Filter,Public Assembly,median,0.0560441903649665
Roll formed metal panel steel,Cladding,material_intensity_kg_per_m2,No Filter,Public Assembly,median,0.2587358426338115
Roofing and waterproofing - other,Roofing and waterproofing,material_intensity_kg_per_m2,No Filter,Public Assembly,median,0.0866614239301365
Softwood framing,Wood and composites,material_intensity_kg_per_m2,No Filter,Public Assembly,median,0.0636061567752846
Softwood plywood,Wood and composites,material_intensity_kg_per_m2,No Filter,Public Assembly,median,0.0999708614222163
Spray applied cementitious,Applied fireproofing,material_intensity_kg_per_m2,No Filter,Public Assembly,median,11.9646526076035
Steel - other,Steel,material_intensity_kg_per_m2,No Filter,Public Assembly,median,0.4975670731559033
Steel door,Doors and frames,material_intensity_kg_per_m2,No Filter,Public Assembly,median,0.2387436925983862
Steel door frame,Doors and frames,material_intensity_kg_per_m2,No Filter,Public Assembly,median,0.0074343999809155
Steel framed window,Windows and frames,material_intensity_kg_per_m2,No Filter,Public Assembly,median,7.169131853083585e-05
Steel sheet,Steel,material_intensity_kg_per_m2,No Filter,Public Assembly,median,0.9976030208777944
Stone masonry,Masonry,material_intensity_kg_per_m2,No Filter,Public Assembly,median,2.2684884008855244
Stone tile,Flooring and tile,material_intensity_kg_per_m2,No Filter,Public Assembly,median,0.343190202698152
Stucco finish,Cladding,material_intensity_kg_per_m2,No Filter,Public Assembly,median,0.0505874082291624
Suspension assembly,Acoustic ceilings,material_intensity_kg_per_m2,No Filter,Public Assembly,median,0.0916520325501257
Synthetic composites,Synthetic composites,material_intensity_kg_per_m2,No Filter,Public Assembly,median,0.3589085585339119
TPO,Roofing and waterproofing,material_intensity_kg_per_m2,No Filter,Public Assembly,median,0.1338416935352051
Terracotta units,Cladding,material_intensity_kg_per_m2,No Filter,Public Assembly,median,
Terrazzo slabs and tiles,Flooring and tile,material_intensity_kg_per_m2,No Filter,Public Assembly,median,
Vinyl framed window,Windows and frames,material_intensity_kg_per_m2,No Filter,Public Assembly,median,0.000438854004352
Wall coverings,Wall coverings,material_intensity_kg_per_m2,No Filter,Public Assembly,median,0.0034728422535717
Windows and frames - other,Windows and frames,material_intensity_kg_per_m2,No Filter,Public Assembly,median,0.0048897640595768
Wood I joists,Wood and composites,material_intensity_kg_per_m2,No Filter,Public Assembly,median,0.0079499424688884
Wood and composites - other,Wood and composites,material_intensity_kg_per_m2,No Filter,Public Assembly,median,0.0024457136344842
Wood door frame,Doors and frames,material_intensity_kg_per_m2,No Filter,Public Assembly,median,0.0136581401237095
Wood framed window,Windows and frames,material_intensity_kg_per_m2,No Filter,Public Assembly,median,0.0005277136737297
Wood or composite door,Doors and frames,material_intensity_kg_per_m2,No Filter,Public Assembly,median,0.3419383519070962
Zinc sheet,Other metals,material_intensity_kg_per_m2,No Filter,Public Assembly,median,0.0699233571048699
Acoustic ceiling tile aluminum,Acoustic ceilings,material_intensity_kg_per_m2,No Filter,Public Order and Safety,median,
Acoustic ceiling tile fiber,Acoustic ceilings,material_intensity_kg_per_m2,No Filter,Public Order and Safety,median,0.5356509628140099
Acoustic ceiling tile steel,Acoustic ceilings,material_intensity_kg_per_m2,No Filter,Public Order and Safety,median,0.3710816896003016
Acoustic ceilings - other,Acoustic ceilings,material_intensity_kg_per_m2,No Filter,Public Order and Safety,median,
Adhesives and sealants,Adhesives and sealants,material_intensity_kg_per_m2,No Filter,Public Order and Safety,median,0.3706345533969014
Air and vapor barriers,Air and vapor barriers,material_intensity_kg_per_m2,No Filter,Public Order and Safety,median,0.8592266743521074
Aluminum - other,Aluminum,material_intensity_kg_per_m2,No Filter,Public Order and Safety,median,0.1167002383696949
Aluminum composite panel ACM,Cladding,material_intensity_kg_per_m2,No Filter,Public Order and Safety,median,
Aluminum door,Doors and frames,material_intensity_kg_per_m2,No Filter,Public Order and Safety,median,0.1468465394688042
Aluminum door frame,Doors and frames,material_intensity_kg_per_m2,No Filter,Public Order and Safety,median,0.063297364449447
Aluminum framed glass entrances,Doors and frames,material_intensity_kg_per_m2,No Filter,Public Order and Safety,median,
Aluminum framed window,Windows and frames,material_intensity_kg_per_m2,No Filter,Public Order and Safety,median,0.0302045133811883
Aluminum sheet,Aluminum,material_intensity_kg_per_m2,No Filter,Public Order and Safety,median,2.407741715663111
Aluminum storefront or curtain wall,Windows and frames,material_intensity_kg_per_m2,No Filter,Public Order and Safety,median,0.261300859865917
Applied fireproofing - other,Applied fireproofing,material_intensity_kg_per_m2,No Filter,Public Order and Safety,median,
Architectural fiber cement panel,Cladding,material_intensity_kg_per_m2,No Filter,Public Order and Safety,median,0.7790747906780392
Asphalt shingles,Roofing and waterproofing,material_intensity_kg_per_m2,No Filter,Public Order and Safety,median,
Brass,Other metals,material_intensity_kg_per_m2,No Filter,Public Order and Safety,median,
Brick clay,Masonry,material_intensity_kg_per_m2,No Filter,Public Order and Safety,median,
Built up roofing,Roofing and waterproofing,material_intensity_kg_per_m2,No Filter,Public Order and Safety,median,0.0609707500023696
CMU,Masonry,material_intensity_kg_per_m2,No Filter,Public Order and Safety,median,154.77465571696294
Carpet,Flooring and tile,material_intensity_kg_per_m2,No Filter,Public Order and Safety,median,0.1974422571211856
Cast bronze,Other metals,material_intensity_kg_per_m2,No Filter,Public Order and Safety,median,
Ceramic tile,Flooring and tile,material_intensity_kg_per_m2,No Filter,Public Order and Safety,median,0.4275781139543835
Cladding - other,Cladding,material_intensity_kg_per_m2,No Filter,Public Order and Safety,median,
Closed cell spray polyurethane foam,Insulation,material_intensity_kg_per_m2,No Filter,Public Order and Safety,median,
Coatings - other,Coatings,material_intensity_kg_per_m2,No Filter,Public Order and Safety,median,0.430978131661727
Cold formed steel framing,Steel,material_intensity_kg_per_m2,No Filter,Public Order and Safety,median,6.551538635307705
Concrete - other,Concrete,material_intensity_kg_per_m2,No Filter,Public Order and Safety,median,0.3607850804040273
Copper sheet,Other metals,material_intensity_kg_per_m2,No Filter,Public Order and Safety,median,
Cross laminated timber CLT,Wood and composites,material_intensity_kg_per_m2,No Filter,Public Order and Safety,median,1.7762341303577918
Decking,Steel,material_intensity_kg_per_m2,No Filter,Public Order and Safety,median,10.225091602955407
Doors and frames - other,Doors and frames,material_intensity_kg_per_m2,No Filter,Public Order and Safety,median,0.3771705290166304
EPDM,Roofing and waterproofing,material_intensity_kg_per_m2,No Filter,Public Order and Safety,median,0.110925154340056
Expanded polystyrene EPS,Insulation,material_intensity_kg_per_m2,No Filter,Public Order and Safety,median,0.5883479624370185
Extruded polystyrene XPS,Insulation,material_intensity_kg_per_m2,No Filter,Public Order and Safety,median,0.6061274516774097
Extrusion,Aluminum,material_intensity_kg_per_m2,No Filter,Public Order and Safety,median,0.6151182812759382
Fasteners,Other metals,material_intensity_kg_per_m2,No Filter,Public Order and Safety,median,0.132184480249044
Fiberglass blanket,Insulation,material_intensity_kg_per_m2,No Filter,Public Order and Safety,median,0.4704813791101629
Fiberglass door,Doors and frames,material_intensity_kg_per_m2,No Filter,Public Order and Safety,median,
Fiberglass framed window,Windows and frames,material_intensity_kg_per_m2,No Filter,Public Order and Safety,median,
Flooring and tile - other,Flooring and tile,material_intensity_kg_per_m2,No Filter,Public Order and Safety,median,0.5092924361442486
GFRC general,Concrete,material_intensity_kg_per_m2,No Filter,Public Order and Safety,median,0.3882578703180036
GFRC panel,Cladding,material_intensity_kg_per_m2,No Filter,Public Order and Safety,median,
Glass mat gypsum board,Gypsum,material_intensity_kg_per_m2,No Filter,Public Order and Safety,median,9.10635395744338
Glazing - other,Glazing,material_intensity_kg_per_m2,No Filter,Public Order and Safety,median,1.2166999889333072
Glue laminated timber GLT,Wood and composites,material_intensity_kg_per_m2,No Filter,Public Order and Safety,median,0.5737469812433189
Gypsum board,Gypsum,material_intensity_kg_per_m2,No Filter,Public Order and Safety,median,28.41162767078107
HDPE,Roofing and waterproofing,material_intensity_kg_per_m2,No Filter,Public Order and Safety,median,
Hardwood,Wood and composites,material_intensity_kg_per_m2,No Filter,Public Order and Safety,median,
Heavy timber framing,Wood and composites,material_intensity_kg_per_m2,No Filter,Public Order and Safety,median,0.0668700887737727
Hollow structural sections HSS,Steel,material_intensity_kg_per_m2,No Filter,Public Order and Safety,median,11.005405885309376
Hot-rolled sections,Steel,material_intensity_kg_per_m2,No Filter,Public Order and Safety,median,43.68421619649587
Insulated glass unit IGU,Glazing,material_intensity_kg_per_m2,No Filter,Public Order and Safety,median,3.864852111033309
Insulated metal panel IMP,Cladding,material_intensity_kg_per_m2,No Filter,Public Order and Safety,median,1.580259309114908
Insulation - other,Insulation,material_intensity_kg_per_m2,No Filter,Public Order and Safety,median,0.8474057273589592
Intumescent,Applied fireproofing,material_intensity_kg_per_m2,No Filter,Public Order and Safety,median,0.41775769629337
Laminated strand lumber LSL,Wood and composites,material_intensity_kg_per_m2,No Filter,Public Order and Safety,median,
Laminated veneer lumber LVL,Wood and composites,material_intensity_kg_per_m2,No Filter,Public Order and Safety,median,0.9226189508754516
Loose-fill cellulose,Insulation,material_intensity_kg_per_m2,No Filter,Public Order and Safety,median,0.7830849597151232
Masonry - other,Masonry,material_intensity_kg_per_m2,No Filter,Public Order and Safety,median,
Medium density fiberboard MDF,Wood and composites,material_intensity_kg_per_m2,No Filter,Public Order and Safety,median,
Mineral wool high density,Insulation,material_intensity_kg_per_m2,No Filter,Public Order and Safety,median,1.8615468911194848
Mineral wool low density,Insulation,material_intensity_kg_per_m2,No Filter,Public Order and Safety,median,0.6306721325060443
Modified bitumen,Roofing and waterproofing,material_intensity_kg_per_m2,No Filter,Public Order and Safety,median,0.7494524227063207
Mortar and grout,Masonry,material_intensity_kg_per_m2,No Filter,Public Order and Safety,median,177.65779684063924
Open web joists,Steel,material_intensity_kg_per_m2,No Filter,Public Order and Safety,median,4.904118321587367
Oriented strand board OSB,Wood and composites,material_intensity_kg_per_m2,No Filter,Public Order and Safety,median,0.2094453894780364
Other,Other,material_intensity_kg_per_m2,No Filter,Public Order and Safety,median,0.0028184634906691
PVC,Roofing and waterproofing,material_intensity_kg_per_m2,No Filter,Public Order and Safety,median,0.084771537932525
Paint,Coatings,material_intensity_kg_per_m2,No Filter,Public Order and Safety,median,0.6079061584088373
Parallel strand lumber PSL,Wood and composites,material_intensity_kg_per_m2,No Filter,Public Order and Safety,median,
Plate,Steel,material_intensity_kg_per_m2,No Filter,Public Order and Safety,median,0.4482958065820835
Polyisocyanurate PIR,Insulation,material_intensity_kg_per_m2,No Filter,Public Order and Safety,median,1.5210354026688933
Precast,Concrete,material_intensity_kg_per_m2,No Filter,Public Order and Safety,median,15.654461291040755
Raised access floor system,Flooring and tile,material_intensity_kg_per_m2,No Filter,Public Order and Safety,median,
Ready mix LW 3000,Concrete,material_intensity_kg_per_m2,No Filter,Public Order and Safety,median,8.178905779668984
Ready mix LW 4000,Concrete,material_intensity_kg_per_m2,No Filter,Public Order and Safety,median,88.15505729902394
Ready mix LW 5000,Concrete,material_intensity_kg_per_m2,No Filter,Public Order and Safety,median,
Ready mix NW 2500,Concrete,material_intensity_kg_per_m2,No Filter,Public Order and Safety,median,
Ready mix NW 3000,Concrete,material_intensity_kg_per_m2,No Filter,Public Order and Safety,median,41.01565951905379
Ready mix NW 4000,Concrete,material_intensity_kg_per_m2,No Filter,Public Order and Safety,median,248.41609391020364
Ready mix NW 5000,Concrete,material_intensity_kg_per_m2,No Filter,Public Order and Safety,median,160.1165605120703
Ready mix NW 6000,Concrete,material_intensity_kg_per_m2,No Filter,Public Order and Safety,median,208.20723102182964
Ready mix NW 8000,Concrete,material_intensity_kg_per_m2,No Filter,Public Order and Safety,median,
Ready mix unknown,Concrete,material_intensity_kg_per_m2,No Filter,Public Order and Safety,median,65.54763693426068
Rebar and reinforcement,Steel,material_intensity_kg_per_m2,No Filter,Public Order and Safety,median,62.50503975199781
Resilient flooring rubber,Flooring and tile,material_intensity_kg_per_m2,No Filter,Public Order and Safety,median,0.1723370157945142
Resilient flooring vinyl,Flooring and tile,material_intensity_kg_per_m2,No Filter,Public Order and Safety,median,
Roll formed metal panel aluminum,Cladding,material_intensity_kg_per_m2,No Filter,Public Order and Safety,median,0.6867614618472001
Roll formed metal panel steel,Cladding,material_intensity_kg_per_m2,No Filter,Public Order and Safety,median,1.2465462978670747
Roofing and waterproofing - other,Roofing and waterproofing,material_intensity_kg_per_m2,No Filter,Public Order and Safety,median,0.0457996297351604
Softwood framing,Wood and composites,material_intensity_kg_per_m2,No Filter,Public Order and Safety,median,0.3002095050807763
Softwood plywood,Wood and composites,material_intensity_kg_per_m2,No Filter,Public Order and Safety,median,0.0174987665422878
Spray applied cementitious,Applied fireproofing,material_intensity_kg_per_m2,No Filter,Public Order and Safety,median,4.953540516753641
Steel - other,Steel,material_intensity_kg_per_m2,No Filter,Public Order and Safety,median,7.183087315148426
Steel door,Doors and frames,material_intensity_kg_per_m2,No Filter,Public Order and Safety,median,1.1386185830110152
Steel door frame,Doors and frames,material_intensity_kg_per_m2,No Filter,Public Order and Safety,median,0.0377585840932544
Steel framed window,Windows and frames,material_intensity_kg_per_m2,No Filter,Public Order and Safety,median,0.0074097320395053
Steel sheet,Steel,material_intensity_kg_per_m2,No Filter,Public Order and Safety,median,1.0164143961658396
Stone masonry,Masonry,material_intensity_kg_per_m2,No Filter,Public Order and Safety,median,
Stone tile,Flooring and tile,material_intensity_kg_per_m2,No Filter,Public Order and Safety,median,
Stucco finish,Cladding,material_intensity_kg_per_m2,No Filter,Public Order and Safety,median,0.0163179594277808
Suspension assembly,Acoustic ceilings,material_intensity_kg_per_m2,No Filter,Public Order and Safety,median,0.1687124963369913
Synthetic composites,Synthetic composites,material_intensity_kg_per_m2,No Filter,Public Order and Safety,median,0.2646946564885496
TPO,Roofing and waterproofing,material_intensity_kg_per_m2,No Filter,Public Order and Safety,median,0.0294112230591488
Terracotta units,Cladding,material_intensity_kg_per_m2,No Filter,Public Order and Safety,median,
Terrazzo slabs and tiles,Flooring and tile,material_intensity_kg_per_m2,No Filter,Public Order and Safety,median,
Vinyl framed window,Windows and frames,material_intensity_kg_per_m2,No Filter,Public Order and Safety,median,0.073489452393145
Wall coverings,Wall coverings,material_intensity_kg_per_m2,No Filter,Public Order and Safety,median,0.1709118707996019
Windows and frames - other,Windows and frames,material_intensity_kg_per_m2,No Filter,Public Order and Safety,median,
Wood I joists,Wood and composites,material_intensity_kg_per_m2,No Filter,Public Order and Safety,median,
Wood and composites - other,Wood and composites,material_intensity_kg_per_m2,No Filter,Public Order and Safety,median,
Wood door frame,Doors and frames,material_intensity_kg_per_m2,No Filter,Public Order and Safety,median,0.0532908574719175
Wood framed window,Windows and frames,material_intensity_kg_per_m2,No Filter,Public Order and Safety,median,
Wood or composite door,Doors and frames,material_intensity_kg_per_m2,No Filter,Public Order and Safety,median,0.3863055023712545
Zinc sheet,Other metals,material_intensity_kg_per_m2,No Filter,Public Order and Safety,median,
Acoustic ceiling tile aluminum,Acoustic ceilings,material_intensity_kg_per_m2,No Filter,Residential: Multifamily (5 or more units),median,0.0022918810937251
Acoustic ceiling tile fiber,Acoustic ceilings,material_intensity_kg_per_m2,No Filter,Residential: Multifamily (5 or more units),median,0.0109494329399435
Acoustic ceiling tile steel,Acoustic ceilings,material_intensity_kg_per_m2,No Filter,Residential: Multifamily (5 or more units),median,0.0019086391413285
Acoustic ceilings - other,Acoustic ceilings,material_intensity_kg_per_m2,No Filter,Residential: Multifamily (5 or more units),median,0.2206354638742283
Adhesives and sealants,Adhesives and sealants,material_intensity_kg_per_m2,No Filter,Residential: Multifamily (5 or more units),median,0.1340614113080477
Air and vapor barriers,Air and vapor barriers,material_intensity_kg_per_m2,No Filter,Residential: Multifamily (5 or more units),median,0.0842328030853608
Aluminum - other,Aluminum,material_intensity_kg_per_m2,No Filter,Residential: Multifamily (5 or more units),median,0.1122913545602939
Aluminum composite panel ACM,Cladding,material_intensity_kg_per_m2,No Filter,Residential: Multifamily (5 or more units),median,0.1453140985576747
Aluminum door,Doors and frames,material_intensity_kg_per_m2,No Filter,Residential: Multifamily (5 or more units),median,0.0611668669161041
Aluminum door frame,Doors and frames,material_intensity_kg_per_m2,No Filter,Residential: Multifamily (5 or more units),median,0.0067731047896312
Aluminum framed glass entrances,Doors and frames,material_intensity_kg_per_m2,No Filter,Residential: Multifamily (5 or more units),median,
Aluminum framed window,Windows and frames,material_intensity_kg_per_m2,No Filter,Residential: Multifamily (5 or more units),median,0.0278153909241189
Aluminum sheet,Aluminum,material_intensity_kg_per_m2,No Filter,Residential: Multifamily (5 or more units),median,0.0392965978700291
Aluminum storefront or curtain wall,Windows and frames,material_intensity_kg_per_m2,No Filter,Residential: Multifamily (5 or more units),median,0.0690977187788447
Applied fireproofing - other,Applied fireproofing,material_intensity_kg_per_m2,No Filter,Residential: Multifamily (5 or more units),median,0.1259503632115206
Architectural fiber cement panel,Cladding,material_intensity_kg_per_m2,No Filter,Residential: Multifamily (5 or more units),median,0.3380721891831713
Asphalt shingles,Roofing and waterproofing,material_intensity_kg_per_m2,No Filter,Residential: Multifamily (5 or more units),median,0.4375127992547769
Brass,Other metals,material_intensity_kg_per_m2,No Filter,Residential: Multifamily (5 or more units),median,
Brick clay,Masonry,material_intensity_kg_per_m2,No Filter,Residential: Multifamily (5 or more units),median,6.513457079675207
Built up roofing,Roofing and waterproofing,material_intensity_kg_per_m2,No Filter,Residential: Multifamily (5 or more units),median,0.048836577489071
CMU,Masonry,material_intensity_kg_per_m2,No Filter,Residential: Multifamily (5 or more units),median,3.748815157091568
Carpet,Flooring and tile,material_intensity_kg_per_m2,No Filter,Residential: Multifamily (5 or more units),median,0.1646901980019763
Cast bronze,Other metals,material_intensity_kg_per_m2,No Filter,Residential: Multifamily (5 or more units),median,
Ceramic tile,Flooring and tile,material_intensity_kg_per_m2,No Filter,Residential: Multifamily (5 or more units),median,0.2678528437146767
Cladding - other,Cladding,material_intensity_kg_per_m2,No Filter,Residential: Multifamily (5 or more units),median,
Closed cell spray polyurethane foam,Insulation,material_intensity_kg_per_m2,No Filter,Residential: Multifamily (5 or more units),median,0.0196381805467275
Coatings - other,Coatings,material_intensity_kg_per_m2,No Filter,Residential: Multifamily (5 or more units),median,0.0490935525051805
Cold formed steel framing,Steel,material_intensity_kg_per_m2,No Filter,Residential: Multifamily (5 or more units),median,2.6047580614864883
Concrete - other,Concrete,material_intensity_kg_per_m2,No Filter,Residential: Multifamily (5 or more units),median,5.162419557710416
Copper sheet,Other metals,material_intensity_kg_per_m2,No Filter,Residential: Multifamily (5 or more units),median,
Cross laminated timber CLT,Wood and composites,material_intensity_kg_per_m2,No Filter,Residential: Multifamily (5 or more units),median,1.8929844131442684
Decking,Steel,material_intensity_kg_per_m2,No Filter,Residential: Multifamily (5 or more units),median,0.1036311398331493
Doors and frames - other,Doors and frames,material_intensity_kg_per_m2,No Filter,Residential: Multifamily (5 or more units),median,0.2519183340890042
EPDM,Roofing and waterproofing,material_intensity_kg_per_m2,No Filter,Residential: Multifamily (5 or more units),median,0.014908571756395
Expanded polystyrene EPS,Insulation,material_intensity_kg_per_m2,No Filter,Residential: Multifamily (5 or more units),median,0.22385318339289
Extruded polystyrene XPS,Insulation,material_intensity_kg_per_m2,No Filter,Residential: Multifamily (5 or more units),median,0.1844387230008438
Extrusion,Aluminum,material_intensity_kg_per_m2,No Filter,Residential: Multifamily (5 or more units),median,0.9794917901056652
Fasteners,Other metals,material_intensity_kg_per_m2,No Filter,Residential: Multifamily (5 or more units),median,0.0198717867780728
Fiberglass blanket,Insulation,material_intensity_kg_per_m2,No Filter,Residential: Multifamily (5 or more units),median,0.5535136949972341
Fiberglass door,Doors and frames,material_intensity_kg_per_m2,No Filter,Residential: Multifamily (5 or more units),median,0.3185708232383795
Fiberglass framed window,Windows and frames,material_intensity_kg_per_m2,No Filter,Residential: Multifamily (5 or more units),median,0.402513189582149
Flooring and tile - other,Flooring and tile,material_intensity_kg_per_m2,No Filter,Residential: Multifamily (5 or more units),median,0.0039239670713803
GFRC general,Concrete,material_intensity_kg_per_m2,No Filter,Residential: Multifamily (5 or more units),median,4.123766546321669
GFRC panel,Cladding,material_intensity_kg_per_m2,No Filter,Residential: Multifamily (5 or more units),median,0.1223945855283189
Glass mat gypsum board,Gypsum,material_intensity_kg_per_m2,No Filter,Residential: Multifamily (5 or more units),median,1.814314154194167
Glazing - other,Glazing,material_intensity_kg_per_m2,No Filter,Residential: Multifamily (5 or more units),median,0.1614309750303312
Glue laminated timber GLT,Wood and composites,material_intensity_kg_per_m2,No Filter,Residential: Multifamily (5 or more units),median,0.2856067356503036
Gypsum board,Gypsum,material_intensity_kg_per_m2,No Filter,Residential: Multifamily (5 or more units),median,59.93424013152011
HDPE,Roofing and waterproofing,material_intensity_kg_per_m2,No Filter,Residential: Multifamily (5 or more units),median,
Hardwood,Wood and composites,material_intensity_kg_per_m2,No Filter,Residential: Multifamily (5 or more units),median,0.1340835247490991
Heavy timber framing,Wood and composites,material_intensity_kg_per_m2,No Filter,Residential: Multifamily (5 or more units),median,1.4138052251367443
Hollow structural sections HSS,Steel,material_intensity_kg_per_m2,No Filter,Residential: Multifamily (5 or more units),median,0.7070793771594196
Hot-rolled sections,Steel,material_intensity_kg_per_m2,No Filter,Residential: Multifamily (5 or more units),median,0.5191395278974233
Insulated glass unit IGU,Glazing,material_intensity_kg_per_m2,No Filter,Residential: Multifamily (5 or more units),median,2.252381753993008
Insulated metal panel IMP,Cladding,material_intensity_kg_per_m2,No Filter,Residential: Multifamily (5 or more units),median,0.0817478633483097
Insulation - other,Insulation,material_intensity_kg_per_m2,No Filter,Residential: Multifamily (5 or more units),median,0.0073193152396896
Intumescent,Applied fireproofing,material_intensity_kg_per_m2,No Filter,Residential: Multifamily (5 or more units),median,0.000375261212273
Laminated strand lumber LSL,Wood and composites,material_intensity_kg_per_m2,No Filter,Residential: Multifamily (5 or more units),median,0.2875692141721907
Laminated veneer lumber LVL,Wood and composites,material_intensity_kg_per_m2,No Filter,Residential: Multifamily (5 or more units),median,0.6390830401208931
Loose-fill cellulose,Insulation,material_intensity_kg_per_m2,No Filter,Residential: Multifamily (5 or more units),median,0.3411195664652024
Masonry - other,Masonry,material_intensity_kg_per_m2,No Filter,Residential: Multifamily (5 or more units),median,
Medium density fiberboard MDF,Wood and composites,material_intensity_kg_per_m2,No Filter,Residential: Multifamily (5 or more units),median,0.1464228598465915
Mineral wool high density,Insulation,material_intensity_kg_per_m2,No Filter,Residential: Multifamily (5 or more units),median,1.0336028319166897
Mineral wool low density,Insulation,material_intensity_kg_per_m2,No Filter,Residential: Multifamily (5 or more units),median,0.456199126594923
Modified bitumen,Roofing and waterproofing,material_intensity_kg_per_m2,No Filter,Residential: Multifamily (5 or more units),median,0.3268458917855976
Mortar and grout,Masonry,material_intensity_kg_per_m2,No Filter,Residential: Multifamily (5 or more units),median,1.6751579094463496
Open web joists,Steel,material_intensity_kg_per_m2,No Filter,Residential: Multifamily (5 or more units),median,0.016906673608888
Oriented strand board OSB,Wood and composites,material_intensity_kg_per_m2,No Filter,Residential: Multifamily (5 or more units),median,3.290945586654809
Other,Other,material_intensity_kg_per_m2,No Filter,Residential: Multifamily (5 or more units),median,0.2554611347656055
PVC,Roofing and waterproofing,material_intensity_kg_per_m2,No Filter,Residential: Multifamily (5 or more units),median,0.0602624726483005
Paint,Coatings,material_intensity_kg_per_m2,No Filter,Residential: Multifamily (5 or more units),median,0.6573805939339806
Parallel strand lumber PSL,Wood and composites,material_intensity_kg_per_m2,No Filter,Residential: Multifamily (5 or more units),median,
Plate,Steel,material_intensity_kg_per_m2,No Filter,Residential: Multifamily (5 or more units),median,0.1151489613878268
Polyisocyanurate PIR,Insulation,material_intensity_kg_per_m2,No Filter,Residential: Multifamily (5 or more units),median,0.3502343591668159
Precast,Concrete,material_intensity_kg_per_m2,No Filter,Residential: Multifamily (5 or more units),median,1.2863458288925107
Raised access floor system,Flooring and tile,material_intensity_kg_per_m2,No Filter,Residential: Multifamily (5 or more units),median,
Ready mix LW 3000,Concrete,material_intensity_kg_per_m2,No Filter,Residential: Multifamily (5 or more units),median,0.2497636051077259
Ready mix LW 4000,Concrete,material_intensity_kg_per_m2,No Filter,Residential: Multifamily (5 or more units),median,3.552011156127964
Ready mix LW 5000,Concrete,material_intensity_kg_per_m2,No Filter,Residential: Multifamily (5 or more units),median,26.18324486594526
Ready mix NW 2500,Concrete,material_intensity_kg_per_m2,No Filter,Residential: Multifamily (5 or more units),median,1.2217240691444915
Ready mix NW 3000,Concrete,material_intensity_kg_per_m2,No Filter,Residential: Multifamily (5 or more units),median,12.7155533468348
Ready mix NW 4000,Concrete,material_intensity_kg_per_m2,No Filter,Residential: Multifamily (5 or more units),median,31.16687434948187
Ready mix NW 5000,Concrete,material_intensity_kg_per_m2,No Filter,Residential: Multifamily (5 or more units),median,107.752649270715
Ready mix NW 6000,Concrete,material_intensity_kg_per_m2,No Filter,Residential: Multifamily (5 or more units),median,136.75734798563835
Ready mix NW 8000,Concrete,material_intensity_kg_per_m2,No Filter,Residential: Multifamily (5 or more units),median,66.08855942141693
Ready mix unknown,Concrete,material_intensity_kg_per_m2,No Filter,Residential: Multifamily (5 or more units),median,203.59964537300704
Rebar and reinforcement,Steel,material_intensity_kg_per_m2,No Filter,Residential: Multifamily (5 or more units),median,33.039089349201674
Resilient flooring rubber,Flooring and tile,material_intensity_kg_per_m2,No Filter,Residential: Multifamily (5 or more units),median,
Resilient flooring vinyl,Flooring and tile,material_intensity_kg_per_m2,No Filter,Residential: Multifamily (5 or more units),median,1.079395349309205
Roll formed metal panel aluminum,Cladding,material_intensity_kg_per_m2,No Filter,Residential: Multifamily (5 or more units),median,0.0753652992506641
Roll formed metal panel steel,Cladding,material_intensity_kg_per_m2,No Filter,Residential: Multifamily (5 or more units),median,0.0544272373170856
Roofing and waterproofing - other,Roofing and waterproofing,material_intensity_kg_per_m2,No Filter,Residential: Multifamily (5 or more units),median,0.0347299386436252
Softwood framing,Wood and composites,material_intensity_kg_per_m2,No Filter,Residential: Multifamily (5 or more units),median,8.391004424152317
Softwood plywood,Wood and composites,material_intensity_kg_per_m2,No Filter,Residential: Multifamily (5 or more units),median,6.330309551543656
Spray applied cementitious,Applied fireproofing,material_intensity_kg_per_m2,No Filter,Residential: Multifamily (5 or more units),median,0.0041194244847347
Steel - other,Steel,material_intensity_kg_per_m2,No Filter,Residential: Multifamily (5 or more units),median,0.697400324079944
Steel door,Doors and frames,material_intensity_kg_per_m2,No Filter,Residential: Multifamily (5 or more units),median,0.2184877543120977
Steel door frame,Doors and frames,material_intensity_kg_per_m2,No Filter,Residential: Multifamily (5 or more units),median,0.0142290288030183
Steel framed window,Windows and frames,material_intensity_kg_per_m2,No Filter,Residential: Multifamily (5 or more units),median,0.0033905459065947
Steel sheet,Steel,material_intensity_kg_per_m2,No Filter,Residential: Multifamily (5 or more units),median,0.3351480201837261
Stone masonry,Masonry,material_intensity_kg_per_m2,No Filter,Residential: Multifamily (5 or more units),median,0.1494987949633461
Stone tile,Flooring and tile,material_intensity_kg_per_m2,No Filter,Residential: Multifamily (5 or more units),median,0.0773701785711318
Stucco finish,Cladding,material_intensity_kg_per_m2,No Filter,Residential: Multifamily (5 or more units),median,1.2822384318263285
Suspension assembly,Acoustic ceilings,material_intensity_kg_per_m2,No Filter,Residential: Multifamily (5 or more units),median,0.0089134343803197
Synthetic composites,Synthetic composites,material_intensity_kg_per_m2,No Filter,Residential: Multifamily (5 or more units),median,0.091941474010327
TPO,Roofing and waterproofing,material_intensity_kg_per_m2,No Filter,Residential: Multifamily (5 or more units),median,0.049662487657333
Terracotta units,Cladding,material_intensity_kg_per_m2,No Filter,Residential: Multifamily (5 or more units),median,0.7383737452016205
Terrazzo slabs and tiles,Flooring and tile,material_intensity_kg_per_m2,No Filter,Residential: Multifamily (5 or more units),median,
Vinyl framed window,Windows and frames,material_intensity_kg_per_m2,No Filter,Residential: Multifamily (5 or more units),median,0.0558269426124103
Wall coverings,Wall coverings,material_intensity_kg_per_m2,No Filter,Residential: Multifamily (5 or more units),median,0.0048199489463791
Windows and frames - other,Windows and frames,material_intensity_kg_per_m2,No Filter,Residential: Multifamily (5 or more units),median,0.0086983260768202
Wood I joists,Wood and composites,material_intensity_kg_per_m2,No Filter,Residential: Multifamily (5 or more units),median,3.741973219759994
Wood and composites - other,Wood and composites,material_intensity_kg_per_m2,No Filter,Residential: Multifamily (5 or more units),median,0.207762536930227
Wood door frame,Doors and frames,material_intensity_kg_per_m2,No Filter,Residential: Multifamily (5 or more units),median,0.1005493629179402
Wood framed window,Windows and frames,material_intensity_kg_per_m2,No Filter,Residential: Multifamily (5 or more units),median,0.0003871879881652
Wood or composite door,Doors and frames,material_intensity_kg_per_m2,No Filter,Residential: Multifamily (5 or more units),median,1.3177876901497805
Zinc sheet,Other metals,material_intensity_kg_per_m2,No Filter,Residential: Multifamily (5 or more units),median,0.0001802246790636
Acoustic ceiling tile aluminum,Acoustic ceilings,material_intensity_kg_per_m2,No Filter,Warehouse and Storage,median,
Acoustic ceiling tile fiber,Acoustic ceilings,material_intensity_kg_per_m2,No Filter,Warehouse and Storage,median,0.0846845253290174
Acoustic ceiling tile steel,Acoustic ceilings,material_intensity_kg_per_m2,No Filter,Warehouse and Storage,median,
Acoustic ceilings - other,Acoustic ceilings,material_intensity_kg_per_m2,No Filter,Warehouse and Storage,median,
Adhesives and sealants,Adhesives and sealants,material_intensity_kg_per_m2,No Filter,Warehouse and Storage,median,
Air and vapor barriers,Air and vapor barriers,material_intensity_kg_per_m2,No Filter,Warehouse and Storage,median,1.3971437037037036
Aluminum - other,Aluminum,material_intensity_kg_per_m2,No Filter,Warehouse and Storage,median,0.0081522572118754
Aluminum composite panel ACM,Cladding,material_intensity_kg_per_m2,No Filter,Warehouse and Storage,median,0.0594682484209984
Aluminum door,Doors and frames,material_intensity_kg_per_m2,No Filter,Warehouse and Storage,median,
Aluminum door frame,Doors and frames,material_intensity_kg_per_m2,No Filter,Warehouse and Storage,median,
Aluminum framed glass entrances,Doors and frames,material_intensity_kg_per_m2,No Filter,Warehouse and Storage,median,
Aluminum framed window,Windows and frames,material_intensity_kg_per_m2,No Filter,Warehouse and Storage,median,0.0970066553033518
Aluminum sheet,Aluminum,material_intensity_kg_per_m2,No Filter,Warehouse and Storage,median,0.324763710953788
Aluminum storefront or curtain wall,Windows and frames,material_intensity_kg_per_m2,No Filter,Warehouse and Storage,median,0.3777239318667529
Applied fireproofing - other,Applied fireproofing,material_intensity_kg_per_m2,No Filter,Warehouse and Storage,median,0.5905263157894737
Architectural fiber cement panel,Cladding,material_intensity_kg_per_m2,No Filter,Warehouse and Storage,median,
Asphalt shingles,Roofing and waterproofing,material_intensity_kg_per_m2,No Filter,Warehouse and Storage,median,1.049552400497978
Brass,Other metals,material_intensity_kg_per_m2,No Filter,Warehouse and Storage,median,
Brick clay,Masonry,material_intensity_kg_per_m2,No Filter,Warehouse and Storage,median,0.718323450489824
Built up roofing,Roofing and waterproofing,material_intensity_kg_per_m2,No Filter,Warehouse and Storage,median,
CMU,Masonry,material_intensity_kg_per_m2,No Filter,Warehouse and Storage,median,0.997542136011383
Carpet,Flooring and tile,material_intensity_kg_per_m2,No Filter,Warehouse and Storage,median,0.0160030837959612
Cast bronze,Other metals,material_intensity_kg_per_m2,No Filter,Warehouse and Storage,median,
Ceramic tile,Flooring and tile,material_intensity_kg_per_m2,No Filter,Warehouse and Storage,median,
Cladding - other,Cladding,material_intensity_kg_per_m2,No Filter,Warehouse and Storage,median,0.0034013612838874
Closed cell spray polyurethane foam,Insulation,material_intensity_kg_per_m2,No Filter,Warehouse and Storage,median,0.0029194023463041
Coatings - other,Coatings,material_intensity_kg_per_m2,No Filter,Warehouse and Storage,median,0.3020509896554436
Cold formed steel framing,Steel,material_intensity_kg_per_m2,No Filter,Warehouse and Storage,median,0.2819727691876871
Concrete - other,Concrete,material_intensity_kg_per_m2,No Filter,Warehouse and Storage,median,
Copper sheet,Other metals,material_intensity_kg_per_m2,No Filter,Warehouse and Storage,median,
Cross laminated timber CLT,Wood and composites,material_intensity_kg_per_m2,No Filter,Warehouse and Storage,median,0.1476113204276208
Decking,Steel,material_intensity_kg_per_m2,No Filter,Warehouse and Storage,median,6.136768064210001
Doors and frames - other,Doors and frames,material_intensity_kg_per_m2,No Filter,Warehouse and Storage,median,
EPDM,Roofing and waterproofing,material_intensity_kg_per_m2,No Filter,Warehouse and Storage,median,0.1448611797027482
Expanded polystyrene EPS,Insulation,material_intensity_kg_per_m2,No Filter,Warehouse and Storage,median,0.4606204099696952
Extruded polystyrene XPS,Insulation,material_intensity_kg_per_m2,No Filter,Warehouse and Storage,median,0.0867494977577359
Extrusion,Aluminum,material_intensity_kg_per_m2,No Filter,Warehouse and Storage,median,0.1845868103489253
Fasteners,Other metals,material_intensity_kg_per_m2,No Filter,Warehouse and Storage,median,
Fiberglass blanket,Insulation,material_intensity_kg_per_m2,No Filter,Warehouse and Storage,median,0.9091091724307864
Fiberglass door,Doors and frames,material_intensity_kg_per_m2,No Filter,Warehouse and Storage,median,0.0060950641576666
Fiberglass framed window,Windows and frames,material_intensity_kg_per_m2,No Filter,Warehouse and Storage,median,
Flooring and tile - other,Flooring and tile,material_intensity_kg_per_m2,No Filter,Warehouse and Storage,median,0.061186918544519
GFRC general,Concrete,material_intensity_kg_per_m2,No Filter,Warehouse and Storage,median,
GFRC panel,Cladding,material_intensity_kg_per_m2,No Filter,Warehouse and Storage,median,
Glass mat gypsum board,Gypsum,material_intensity_kg_per_m2,No Filter,Warehouse and Storage,median,0.2563875397018834
Glazing - other,Glazing,material_intensity_kg_per_m2,No Filter,Warehouse and Storage,median,0.0577846808865354
Glue laminated timber GLT,Wood and composites,material_intensity_kg_per_m2,No Filter,Warehouse and Storage,median,
Gypsum board,Gypsum,material_intensity_kg_per_m2,No Filter,Warehouse and Storage,median,0.6900919039222776
HDPE,Roofing and waterproofing,material_intensity_kg_per_m2,No Filter,Warehouse and Storage,median,
Hardwood,Wood and composites,material_intensity_kg_per_m2,No Filter,Warehouse and Storage,median,
Heavy timber framing,Wood and composites,material_intensity_kg_per_m2,No Filter,Warehouse and Storage,median,
Hollow structural sections HSS,Steel,material_intensity_kg_per_m2,No Filter,Warehouse and Storage,median,2.582296055019288
Hot-rolled sections,Steel,material_intensity_kg_per_m2,No Filter,Warehouse and Storage,median,9.51606408889616
Insulated glass unit IGU,Glazing,material_intensity_kg_per_m2,No Filter,Warehouse and Storage,median,0.1858528852510307
Insulated metal panel IMP,Cladding,material_intensity_kg_per_m2,No Filter,Warehouse and Storage,median,0.7789182357011394
Insulation - other,Insulation,material_intensity_kg_per_m2,No Filter,Warehouse and Storage,median,
Intumescent,Applied fireproofing,material_intensity_kg_per_m2,No Filter,Warehouse and Storage,median,
Laminated strand lumber LSL,Wood and composites,material_intensity_kg_per_m2,No Filter,Warehouse and Storage,median,
Laminated veneer lumber LVL,Wood and composites,material_intensity_kg_per_m2,No Filter,Warehouse and Storage,median,
Loose-fill cellulose,Insulation,material_intensity_kg_per_m2,No Filter,Warehouse and Storage,median,
Masonry - other,Masonry,material_intensity_kg_per_m2,No Filter,Warehouse and Storage,median,1.3593458987405524
Medium density fiberboard MDF,Wood and composites,material_intensity_kg_per_m2,No Filter,Warehouse and Storage,median,
Mineral wool high density,Insulation,material_intensity_kg_per_m2,No Filter,Warehouse and Storage,median,0.0281679821117778
Mineral wool low density,Insulation,material_intensity_kg_per_m2,No Filter,Warehouse and Storage,median,0.0363400041510392
Modified bitumen,Roofing and waterproofing,material_intensity_kg_per_m2,No Filter,Warehouse and Storage,median,0.000831977241337
Mortar and grout,Masonry,material_intensity_kg_per_m2,No Filter,Warehouse and Storage,median,0.7561109207732782
Open web joists,Steel,material_intensity_kg_per_m2,No Filter,Warehouse and Storage,median,10.773272839326491
Oriented strand board OSB,Wood and composites,material_intensity_kg_per_m2,No Filter,Warehouse and Storage,median,4.527105490296028
Other,Other,material_intensity_kg_per_m2,No Filter,Warehouse and Storage,median,0.2600160360824742
PVC,Roofing and waterproofing,material_intensity_kg_per_m2,No Filter,Warehouse and Storage,median,0.1579629049097123
Paint,Coatings,material_intensity_kg_per_m2,No Filter,Warehouse and Storage,median,0.1997166945906687
Parallel strand lumber PSL,Wood and composites,material_intensity_kg_per_m2,No Filter,Warehouse and Storage,median,
Plate,Steel,material_intensity_kg_per_m2,No Filter,Warehouse and Storage,median,0.7721378840374443
Polyisocyanurate PIR,Insulation,material_intensity_kg_per_m2,No Filter,Warehouse and Storage,median,1.832359623306043
Precast,Concrete,material_intensity_kg_per_m2,No Filter,Warehouse and Storage,median,88.86203345050261
Raised access floor system,Flooring and tile,material_intensity_kg_per_m2,No Filter,Warehouse and Storage,median,
Ready mix LW 3000,Concrete,material_intensity_kg_per_m2,No Filter,Warehouse and Storage,median,
Ready mix LW 4000,Concrete,material_intensity_kg_per_m2,No Filter,Warehouse and Storage,median,167.1255221205644
Ready mix LW 5000,Concrete,material_intensity_kg_per_m2,No Filter,Warehouse and Storage,median,
Ready mix NW 2500,Concrete,material_intensity_kg_per_m2,No Filter,Warehouse and Storage,median,
Ready mix NW 3000,Concrete,material_intensity_kg_per_m2,No Filter,Warehouse and Storage,median,33.74215697788318
Ready mix NW 4000,Concrete,material_intensity_kg_per_m2,No Filter,Warehouse and Storage,median,292.1653129668506
Ready mix NW 5000,Concrete,material_intensity_kg_per_m2,No Filter,Warehouse and Storage,median,13.413929538064126
Ready mix NW 6000,Concrete,material_intensity_kg_per_m2,No Filter,Warehouse and Storage,median,
Ready mix NW 8000,Concrete,material_intensity_kg_per_m2,No Filter,Warehouse and Storage,median,
Ready mix unknown,Concrete,material_intensity_kg_per_m2,No Filter,Warehouse and Storage,median,298.4353275387277
Rebar and reinforcement,Steel,material_intensity_kg_per_m2,No Filter,Warehouse and Storage,median,9.176336100407797
Resilient flooring rubber,Flooring and tile,material_intensity_kg_per_m2,No Filter,Warehouse and Storage,median,
Resilient flooring vinyl,Flooring and tile,material_intensity_kg_per_m2,No Filter,Warehouse and Storage,median,0.0427313368556933
Roll formed metal panel aluminum,Cladding,material_intensity_kg_per_m2,No Filter,Warehouse and Storage,median,0.1446308088274956
Roll formed metal panel steel,Cladding,material_intensity_kg_per_m2,No Filter,Warehouse and Storage,median,0.050365345766479
Roofing and waterproofing - other,Roofing and waterproofing,material_intensity_kg_per_m2,No Filter,Warehouse and Storage,median,0.0041503959467496
Softwood framing,Wood and composites,material_intensity_kg_per_m2,No Filter,Warehouse and Storage,median,1.6685817324236496
Softwood plywood,Wood and composites,material_intensity_kg_per_m2,No Filter,Warehouse and Storage,median,7.457960099646691
Spray applied cementitious,Applied fireproofing,material_intensity_kg_per_m2,No Filter,Warehouse and Storage,median,
Steel - other,Steel,material_intensity_kg_per_m2,No Filter,Warehouse and Storage,median,0.1452432177491689
Steel door,Doors and frames,material_intensity_kg_per_m2,No Filter,Warehouse and Storage,median,0.6044986038554995
Steel door frame,Doors and frames,material_intensity_kg_per_m2,No Filter,Warehouse and Storage,median,
Steel framed window,Windows and frames,material_intensity_kg_per_m2,No Filter,Warehouse and Storage,median,
Steel sheet,Steel,material_intensity_kg_per_m2,No Filter,Warehouse and Storage,median,0.1142179223424277
Stone masonry,Masonry,material_intensity_kg_per_m2,No Filter,Warehouse and Storage,median,
Stone tile,Flooring and tile,material_intensity_kg_per_m2,No Filter,Warehouse and Storage,median,
Stucco finish,Cladding,material_intensity_kg_per_m2,No Filter,Warehouse and Storage,median,
Suspension assembly,Acoustic ceilings,material_intensity_kg_per_m2,No Filter,Warehouse and Storage,median,0.0330825086990056
Synthetic composites,Synthetic composites,material_intensity_kg_per_m2,No Filter,Warehouse and Storage,median,0.0491896296296296
TPO,Roofing and waterproofing,material_intensity_kg_per_m2,No Filter,Warehouse and Storage,median,0.1318712168894444
Terracotta units,Cladding,material_intensity_kg_per_m2,No Filter,Warehouse and Storage,median,
Terrazzo slabs and tiles,Flooring and tile,material_intensity_kg_per_m2,No Filter,Warehouse and Storage,median,
Vinyl framed window,Windows and frames,material_intensity_kg_per_m2,No Filter,Warehouse and Storage,median,
Wall coverings,Wall coverings,material_intensity_kg_per_m2,No Filter,Warehouse and Storage,median,
Windows and frames - other,Windows and frames,material_intensity_kg_per_m2,No Filter,Warehouse and Storage,median,0.0172718014938628
Wood I joists,Wood and composites,material_intensity_kg_per_m2,No Filter,Warehouse and Storage,median,
Wood and composites - other,Wood and composites,material_intensity_kg_per_m2,No Filter,Warehouse and Storage,median,
Wood door frame,Doors and frames,material_intensity_kg_per_m2,No Filter,Warehouse and Storage,median,
Wood framed window,Windows and frames,material_intensity_kg_per_m2,No Filter,Warehouse and Storage,median,
Wood or composite door,Doors and frames,material_intensity_kg_per_m2,No Filter,Warehouse and Storage,median,0.0384636399118187
Zinc sheet,Other metals,material_intensity_kg_per_m2,No Filter,Warehouse and Storage,median,
Acoustic ceiling tile aluminum,Acoustic ceilings,gwp_intensity_kg_per_m2_excluding_bio,No Filter,Residential: Single-family,mean,
Acoustic ceiling tile fiber,Acoustic ceilings,gwp_intensity_kg_per_m2_excluding_bio,No Filter,Residential: Single-family,mean,0.7566936951533951
Acoustic ceiling tile steel,Acoustic ceilings,gwp_intensity_kg_per_m2_excluding_bio,No Filter,Residential: Single-family,mean,
Acoustic ceilings - other,Acoustic ceilings,gwp_intensity_kg_per_m2_excluding_bio,No Filter,Residential: Single-family,mean,
Adhesives and sealants,Adhesives and sealants,gwp_intensity_kg_per_m2_excluding_bio,No Filter,Residential: Single-family,mean,0.2735273780206483
Air and vapor barriers,Air and vapor barriers,gwp_intensity_kg_per_m2_excluding_bio,No Filter,Residential: Single-family,mean,0.2613598884944591
Aluminum - other,Aluminum,gwp_intensity_kg_per_m2_excluding_bio,No Filter,Residential: Single-family,mean,4.9944989585818105
Aluminum composite panel ACM,Cladding,gwp_intensity_kg_per_m2_excluding_bio,No Filter,Residential: Single-family,mean,0.7795274956043333
Aluminum door,Doors and frames,gwp_intensity_kg_per_m2_excluding_bio,No Filter,Residential: Single-family,mean,0.2056906945819947
Aluminum door frame,Doors and frames,gwp_intensity_kg_per_m2_excluding_bio,No Filter,Residential: Single-family,mean,0.0178902813904856
Aluminum framed glass entrances,Doors and frames,gwp_intensity_kg_per_m2_excluding_bio,No Filter,Residential: Single-family,mean,
Aluminum framed window,Windows and frames,gwp_intensity_kg_per_m2_excluding_bio,No Filter,Residential: Single-family,mean,0.2064593443789664
Aluminum sheet,Aluminum,gwp_intensity_kg_per_m2_excluding_bio,No Filter,Residential: Single-family,mean,3.7573291421293726
Aluminum storefront or curtain wall,Windows and frames,gwp_intensity_kg_per_m2_excluding_bio,No Filter,Residential: Single-family,mean,0.4586017378407452
Applied fireproofing - other,Applied fireproofing,gwp_intensity_kg_per_m2_excluding_bio,No Filter,Residential: Single-family,mean,
Architectural fiber cement panel,Cladding,gwp_intensity_kg_per_m2_excluding_bio,No Filter,Residential: Single-family,mean,0.7921763715061486
Asphalt shingles,Roofing and waterproofing,gwp_intensity_kg_per_m2_excluding_bio,No Filter,Residential: Single-family,mean,0.2511714785335135
Brass,Other metals,gwp_intensity_kg_per_m2_excluding_bio,No Filter,Residential: Single-family,mean,
Brick clay,Masonry,gwp_intensity_kg_per_m2_excluding_bio,No Filter,Residential: Single-family,mean,2.8509780933373707
Built up roofing,Roofing and waterproofing,gwp_intensity_kg_per_m2_excluding_bio,No Filter,Residential: Single-family,mean,0.2584032823367669
CMU,Masonry,gwp_intensity_kg_per_m2_excluding_bio,No Filter,Residential: Single-family,mean,0.7030504437638068
Carpet,Flooring and tile,gwp_intensity_kg_per_m2_excluding_bio,No Filter,Residential: Single-family,mean,1.1787607919483178
Cast bronze,Other metals,gwp_intensity_kg_per_m2_excluding_bio,No Filter,Residential: Single-family,mean,
Ceramic tile,Flooring and tile,gwp_intensity_kg_per_m2_excluding_bio,No Filter,Residential: Single-family,mean,0.0704068646401927
Cladding - other,Cladding,gwp_intensity_kg_per_m2_excluding_bio,No Filter,Residential: Single-family,mean,
Closed cell spray polyurethane foam,Insulation,gwp_intensity_kg_per_m2_excluding_bio,No Filter,Residential: Single-family,mean,0.3143214591231204
Coatings - other,Coatings,gwp_intensity_kg_per_m2_excluding_bio,No Filter,Residential: Single-family,mean,0.2830308957764771
Cold formed steel framing,Steel,gwp_intensity_kg_per_m2_excluding_bio,No Filter,Residential: Single-family,mean,2.3839952008724703
Concrete - other,Concrete,gwp_intensity_kg_per_m2_excluding_bio,No Filter,Residential: Single-family,mean,3.0345051012625324
Copper sheet,Other metals,gwp_intensity_kg_per_m2_excluding_bio,No Filter,Residential: Single-family,mean,
Cross laminated timber CLT,Wood and composites,gwp_intensity_kg_per_m2_excluding_bio,No Filter,Residential: Single-family,mean,0.1580094125237505
Decking,Steel,gwp_intensity_kg_per_m2_excluding_bio,No Filter,Residential: Single-family,mean,1.141183481000602
Doors and frames - other,Doors and frames,gwp_intensity_kg_per_m2_excluding_bio,No Filter,Residential: Single-family,mean,0.833022946347742
EPDM,Roofing and waterproofing,gwp_intensity_kg_per_m2_excluding_bio,No Filter,Residential: Single-family,mean,0.0075192674622293
Expanded polystyrene EPS,Insulation,gwp_intensity_kg_per_m2_excluding_bio,No Filter,Residential: Single-family,mean,0.7527943222707272
Extruded polystyrene XPS,Insulation,gwp_intensity_kg_per_m2_excluding_bio,No Filter,Residential: Single-family,mean,12.316312730290896
Extrusion,Aluminum,gwp_intensity_kg_per_m2_excluding_bio,No Filter,Residential: Single-family,mean,6.279345501815435
Fasteners,Other metals,gwp_intensity_kg_per_m2_excluding_bio,No Filter,Residential: Single-family,mean,0.1767440767963627
Fiberglass blanket,Insulation,gwp_intensity_kg_per_m2_excluding_bio,No Filter,Residential: Single-family,mean,1.4129776630833355
Fiberglass door,Doors and frames,gwp_intensity_kg_per_m2_excluding_bio,No Filter,Residential: Single-family,mean,0.1413564428960317
Fiberglass framed window,Windows and frames,gwp_intensity_kg_per_m2_excluding_bio,No Filter,Residential: Single-family,mean,1.3726497295271238
Flooring and tile - other,Flooring and tile,gwp_intensity_kg_per_m2_excluding_bio,No Filter,Residential: Single-family,mean,0.0140443595233181
GFRC general,Concrete,gwp_intensity_kg_per_m2_excluding_bio,No Filter,Residential: Single-family,mean,3.078514983751003
GFRC panel,Cladding,gwp_intensity_kg_per_m2_excluding_bio,No Filter,Residential: Single-family,mean,
Glass mat gypsum board,Gypsum,gwp_intensity_kg_per_m2_excluding_bio,No Filter,Residential: Single-family,mean,1.3679622849039044
Glazing - other,Glazing,gwp_intensity_kg_per_m2_excluding_bio,No Filter,Residential: Single-family,mean,0.458794925943134
Glue laminated timber GLT,Wood and composites,gwp_intensity_kg_per_m2_excluding_bio,No Filter,Residential: Single-family,mean,0.0780232644162799
Gypsum board,Gypsum,gwp_intensity_kg_per_m2_excluding_bio,No Filter,Residential: Single-family,mean,13.873472051632511
HDPE,Roofing and waterproofing,gwp_intensity_kg_per_m2_excluding_bio,No Filter,Residential: Single-family,mean,
Hardwood,Wood and composites,gwp_intensity_kg_per_m2_excluding_bio,No Filter,Residential: Single-family,mean,0.1164421993138206
Heavy timber framing,Wood and composites,gwp_intensity_kg_per_m2_excluding_bio,No Filter,Residential: Single-family,mean,0.2169669735837156
Hollow structural sections HSS,Steel,gwp_intensity_kg_per_m2_excluding_bio,No Filter,Residential: Single-family,mean,3.0652184284714488
Hot-rolled sections,Steel,gwp_intensity_kg_per_m2_excluding_bio,No Filter,Residential: Single-family,mean,1.0595183243755368
Insulated glass unit IGU,Glazing,gwp_intensity_kg_per_m2_excluding_bio,No Filter,Residential: Single-family,mean,2.7380147856335584
Insulated metal panel IMP,Cladding,gwp_intensity_kg_per_m2_excluding_bio,No Filter,Residential: Single-family,mean,0.1027748702238252
Insulation - other,Insulation,gwp_intensity_kg_per_m2_excluding_bio,No Filter,Residential: Single-family,mean,
Intumescent,Applied fireproofing,gwp_intensity_kg_per_m2_excluding_bio,No Filter,Residential: Single-family,mean,0.0317729177704361
Laminated strand lumber LSL,Wood and composites,gwp_intensity_kg_per_m2_excluding_bio,No Filter,Residential: Single-family,mean,0.7970082238070975
Laminated veneer lumber LVL,Wood and composites,gwp_intensity_kg_per_m2_excluding_bio,No Filter,Residential: Single-family,mean,0.5301156601295969
Loose-fill cellulose,Insulation,gwp_intensity_kg_per_m2_excluding_bio,No Filter,Residential: Single-family,mean,0.3680927858378565
Masonry - other,Masonry,gwp_intensity_kg_per_m2_excluding_bio,No Filter,Residential: Single-family,mean,
Medium density fiberboard MDF,Wood and composites,gwp_intensity_kg_per_m2_excluding_bio,No Filter,Residential: Single-family,mean,0.4189663606389622
Mineral wool high density,Insulation,gwp_intensity_kg_per_m2_excluding_bio,No Filter,Residential: Single-family,mean,1.4955180936523644
Mineral wool low density,Insulation,gwp_intensity_kg_per_m2_excluding_bio,No Filter,Residential: Single-family,mean,0.1534743623860516
Modified bitumen,Roofing and waterproofing,gwp_intensity_kg_per_m2_excluding_bio,No Filter,Residential: Single-family,mean,0.5400088855237446
Mortar and grout,Masonry,gwp_intensity_kg_per_m2_excluding_bio,No Filter,Residential: Single-family,mean,1.0030085048480606
Open web joists,Steel,gwp_intensity_kg_per_m2_excluding_bio,No Filter,Residential: Single-family,mean,0.0202970670473015
Oriented strand board OSB,Wood and composites,gwp_intensity_kg_per_m2_excluding_bio,No Filter,Residential: Single-family,mean,1.3496556843715022
Other,Other,gwp_intensity_kg_per_m2_excluding_bio,No Filter,Residential: Single-family,mean,0.8107653675134342
PVC,Roofing and waterproofing,gwp_intensity_kg_per_m2_excluding_bio,No Filter,Residential: Single-family,mean,
Paint,Coatings,gwp_intensity_kg_per_m2_excluding_bio,No Filter,Residential: Single-family,mean,1.6606406414977308
Parallel strand lumber PSL,Wood and composites,gwp_intensity_kg_per_m2_excluding_bio,No Filter,Residential: Single-family,mean,
Plate,Steel,gwp_intensity_kg_per_m2_excluding_bio,No Filter,Residential: Single-family,mean,0.4166384389436463
Polyisocyanurate PIR,Insulation,gwp_intensity_kg_per_m2_excluding_bio,No Filter,Residential: Single-family,mean,1.363786915228829
Precast,Concrete,gwp_intensity_kg_per_m2_excluding_bio,No Filter,Residential: Single-family,mean,0.1323090543021816
Raised access floor system,Flooring and tile,gwp_intensity_kg_per_m2_excluding_bio,No Filter,Residential: Single-family,mean,
Ready mix LW 3000,Concrete,gwp_intensity_kg_per_m2_excluding_bio,No Filter,Residential: Single-family,mean,6.000389120695716
Ready mix LW 4000,Concrete,gwp_intensity_kg_per_m2_excluding_bio,No Filter,Residential: Single-family,mean,3.33377718825481
Ready mix LW 5000,Concrete,gwp_intensity_kg_per_m2_excluding_bio,No Filter,Residential: Single-family,mean,13.785426585537293
Ready mix NW 2500,Concrete,gwp_intensity_kg_per_m2_excluding_bio,No Filter,Residential: Single-family,mean,0.0004998792704691
Ready mix NW 3000,Concrete,gwp_intensity_kg_per_m2_excluding_bio,No Filter,Residential: Single-family,mean,1.4704635968671091
Ready mix NW 4000,Concrete,gwp_intensity_kg_per_m2_excluding_bio,No Filter,Residential: Single-family,mean,5.500396729139165
Ready mix NW 5000,Concrete,gwp_intensity_kg_per_m2_excluding_bio,No Filter,Residential: Single-family,mean,12.584756459605844
Ready mix NW 6000,Concrete,gwp_intensity_kg_per_m2_excluding_bio,No Filter,Residential: Single-family,mean,12.548697689537796
Ready mix NW 8000,Concrete,gwp_intensity_kg_per_m2_excluding_bio,No Filter,Residential: Single-family,mean,2.680992574424344
Ready mix unknown,Concrete,gwp_intensity_kg_per_m2_excluding_bio,No Filter,Residential: Single-family,mean,21.49677986653805
Rebar and reinforcement,Steel,gwp_intensity_kg_per_m2_excluding_bio,No Filter,Residential: Single-family,mean,23.286071981416864
Resilient flooring rubber,Flooring and tile,gwp_intensity_kg_per_m2_excluding_bio,No Filter,Residential: Single-family,mean,
Resilient flooring vinyl,Flooring and tile,gwp_intensity_kg_per_m2_excluding_bio,No Filter,Residential: Single-family,mean,1.759624568434672
Roll formed metal panel aluminum,Cladding,gwp_intensity_kg_per_m2_excluding_bio,No Filter,Residential: Single-family,mean,0.848220589490436
Roll formed metal panel steel,Cladding,gwp_intensity_kg_per_m2_excluding_bio,No Filter,Residential: Single-family,mean,1.3162670864379054
Roofing and waterproofing - other,Roofing and waterproofing,gwp_intensity_kg_per_m2_excluding_bio,No Filter,Residential: Single-family,mean,0.1242819165403982
Softwood framing,Wood and composites,gwp_intensity_kg_per_m2_excluding_bio,No Filter,Residential: Single-family,mean,1.25583794222556
Softwood plywood,Wood and composites,gwp_intensity_kg_per_m2_excluding_bio,No Filter,Residential: Single-family,mean,1.815280327623236
Spray applied cementitious,Applied fireproofing,gwp_intensity_kg_per_m2_excluding_bio,No Filter,Residential: Single-family,mean,0.7590251510804242
Steel - other,Steel,gwp_intensity_kg_per_m2_excluding_bio,No Filter,Residential: Single-family,mean,2.757663632224349
Steel door,Doors and frames,gwp_intensity_kg_per_m2_excluding_bio,No Filter,Residential: Single-family,mean,0.7120820612039039
Steel door frame,Doors and frames,gwp_intensity_kg_per_m2_excluding_bio,No Filter,Residential: Single-family,mean,0.0409051863121033
Steel framed window,Windows and frames,gwp_intensity_kg_per_m2_excluding_bio,No Filter,Residential: Single-family,mean,0.0207759621974944
Steel sheet,Steel,gwp_intensity_kg_per_m2_excluding_bio,No Filter,Residential: Single-family,mean,0.4695905971421149
Stone masonry,Masonry,gwp_intensity_kg_per_m2_excluding_bio,No Filter,Residential: Single-family,mean,
Stone tile,Flooring and tile,gwp_intensity_kg_per_m2_excluding_bio,No Filter,Residential: Single-family,mean,
Stucco finish,Cladding,gwp_intensity_kg_per_m2_excluding_bio,No Filter,Residential: Single-family,mean,1.8306838345773235
Suspension assembly,Acoustic ceilings,gwp_intensity_kg_per_m2_excluding_bio,No Filter,Residential: Single-family,mean,0.1547754929481192
Synthetic composites,Synthetic composites,gwp_intensity_kg_per_m2_excluding_bio,No Filter,Residential: Single-family,mean,0.4530405062929977
TPO,Roofing and waterproofing,gwp_intensity_kg_per_m2_excluding_bio,No Filter,Residential: Single-family,mean,0.318333560700841
Terracotta units,Cladding,gwp_intensity_kg_per_m2_excluding_bio,No Filter,Residential: Single-family,mean,
Terrazzo slabs and tiles,Flooring and tile,gwp_intensity_kg_per_m2_excluding_bio,No Filter,Residential: Single-family,mean,
Vinyl framed window,Windows and frames,gwp_intensity_kg_per_m2_excluding_bio,No Filter,Residential: Single-family,mean,0.3062936609451145
Wall coverings,Wall coverings,gwp_intensity_kg_per_m2_excluding_bio,No Filter,Residential: Single-family,mean,0.0182421122850531
Windows and frames - other,Windows and frames,gwp_intensity_kg_per_m2_excluding_bio,No Filter,Residential: Single-family,mean,0.000689246906109
Wood I joists,Wood and composites,gwp_intensity_kg_per_m2_excluding_bio,No Filter,Residential: Single-family,mean,1.401569790042317
Wood and composites - other,Wood and composites,gwp_intensity_kg_per_m2_excluding_bio,No Filter,Residential: Single-family,mean,0.0792213710284033
Wood door frame,Doors and frames,gwp_intensity_kg_per_m2_excluding_bio,No Filter,Residential: Single-family,mean,0.4312811224149113
Wood framed window,Windows and frames,gwp_intensity_kg_per_m2_excluding_bio,No Filter,Residential: Single-family,mean,
Wood or composite door,Doors and frames,gwp_intensity_kg_per_m2_excluding_bio,No Filter,Residential: Single-family,mean,1.5769744954598917
Zinc sheet,Other metals,gwp_intensity_kg_per_m2_excluding_bio,No Filter,Residential: Single-family,mean,
Acoustic ceiling tile aluminum,Acoustic ceilings,material_intensity_kg_per_m2,No Filter,Residential: Single-family,mean,
Acoustic ceiling tile fiber,Acoustic ceilings,material_intensity_kg_per_m2,No Filter,Residential: Single-family,mean,0.5645847730003779
Acoustic ceiling tile steel,Acoustic ceilings,material_intensity_kg_per_m2,No Filter,Residential: Single-family,mean,
Acoustic ceilings - other,Acoustic ceilings,material_intensity_kg_per_m2,No Filter,Residential: Single-family,mean,
Adhesives and sealants,Adhesives and sealants,material_intensity_kg_per_m2,No Filter,Residential: Single-family,mean,0.1614484311638269
Air and vapor barriers,Air and vapor barriers,material_intensity_kg_per_m2,No Filter,Residential: Single-family,mean,0.1616552918673005
Aluminum - other,Aluminum,material_intensity_kg_per_m2,No Filter,Residential: Single-family,mean,0.886963895434567
Aluminum composite panel ACM,Cladding,material_intensity_kg_per_m2,No Filter,Residential: Single-family,mean,0.1056775620364394
Aluminum door,Doors and frames,material_intensity_kg_per_m2,No Filter,Residential: Single-family,mean,0.0345274398113401
Aluminum door frame,Doors and frames,material_intensity_kg_per_m2,No Filter,Residential: Single-family,mean,0.0018877906266794
Aluminum framed glass entrances,Doors and frames,material_intensity_kg_per_m2,No Filter,Residential: Single-family,mean,
Aluminum framed window,Windows and frames,material_intensity_kg_per_m2,No Filter,Residential: Single-family,mean,0.0258498579193607
Aluminum sheet,Aluminum,material_intensity_kg_per_m2,No Filter,Residential: Single-family,mean,0.6491743477616079
Aluminum storefront or curtain wall,Windows and frames,material_intensity_kg_per_m2,No Filter,Residential: Single-family,mean,0.0647940794755349
Applied fireproofing - other,Applied fireproofing,material_intensity_kg_per_m2,No Filter,Residential: Single-family,mean,
Architectural fiber cement panel,Cladding,material_intensity_kg_per_m2,No Filter,Residential: Single-family,mean,1.2645382378760253
Asphalt shingles,Roofing and waterproofing,material_intensity_kg_per_m2,No Filter,Residential: Single-family,mean,0.5083502930339279
Brass,Other metals,material_intensity_kg_per_m2,No Filter,Residential: Single-family,mean,
Brick clay,Masonry,material_intensity_kg_per_m2,No Filter,Residential: Single-family,mean,10.723563519928016
Built up roofing,Roofing and waterproofing,material_intensity_kg_per_m2,No Filter,Residential: Single-family,mean,0.3777086172209971
CMU,Masonry,material_intensity_kg_per_m2,No Filter,Residential: Single-family,mean,6.509885127257963
Carpet,Flooring and tile,material_intensity_kg_per_m2,No Filter,Residential: Single-family,mean,0.2791540120529009
Cast bronze,Other metals,material_intensity_kg_per_m2,No Filter,Residential: Single-family,mean,
Ceramic tile,Flooring and tile,material_intensity_kg_per_m2,No Filter,Residential: Single-family,mean,0.2931994609370103
Cladding - other,Cladding,material_intensity_kg_per_m2,No Filter,Residential: Single-family,mean,
Closed cell spray polyurethane foam,Insulation,material_intensity_kg_per_m2,No Filter,Residential: Single-family,mean,0.1109360993535184
Coatings - other,Coatings,material_intensity_kg_per_m2,No Filter,Residential: Single-family,mean,0.0276699357366788
Cold formed steel framing,Steel,material_intensity_kg_per_m2,No Filter,Residential: Single-family,mean,1.0130232119710785
Concrete - other,Concrete,material_intensity_kg_per_m2,No Filter,Residential: Single-family,mean,19.173028318429832
Copper sheet,Other metals,material_intensity_kg_per_m2,No Filter,Residential: Single-family,mean,
Cross laminated timber CLT,Wood and composites,material_intensity_kg_per_m2,No Filter,Residential: Single-family,mean,0.4765241774380205
Decking,Steel,material_intensity_kg_per_m2,No Filter,Residential: Single-family,mean,0.4629048824376752
Doors and frames - other,Doors and frames,material_intensity_kg_per_m2,No Filter,Residential: Single-family,mean,0.1179225783024835
EPDM,Roofing and waterproofing,material_intensity_kg_per_m2,No Filter,Residential: Single-family,mean,0.0019351794386261
Expanded polystyrene EPS,Insulation,material_intensity_kg_per_m2,No Filter,Residential: Single-family,mean,0.2446734277480818
Extruded polystyrene XPS,Insulation,material_intensity_kg_per_m2,No Filter,Residential: Single-family,mean,0.2515382900100825
Extrusion,Aluminum,material_intensity_kg_per_m2,No Filter,Residential: Single-family,mean,0.7695757838235638
Fasteners,Other metals,material_intensity_kg_per_m2,No Filter,Residential: Single-family,mean,0.0336046720601434
Fiberglass blanket,Insulation,material_intensity_kg_per_m2,No Filter,Residential: Single-family,mean,0.7233967793942114
Fiberglass door,Doors and frames,material_intensity_kg_per_m2,No Filter,Residential: Single-family,mean,0.2135291880245799
Fiberglass framed window,Windows and frames,material_intensity_kg_per_m2,No Filter,Residential: Single-family,mean,0.7751666414882422
Flooring and tile - other,Flooring and tile,material_intensity_kg_per_m2,No Filter,Residential: Single-family,mean,0.0047687678714834
GFRC general,Concrete,material_intensity_kg_per_m2,No Filter,Residential: Single-family,mean,13.44390624393507
GFRC panel,Cladding,material_intensity_kg_per_m2,No Filter,Residential: Single-family,mean,
Glass mat gypsum board,Gypsum,material_intensity_kg_per_m2,No Filter,Residential: Single-family,mean,2.964002090641958
Glazing - other,Glazing,material_intensity_kg_per_m2,No Filter,Residential: Single-family,mean,0.1438938705224284
Glue laminated timber GLT,Wood and composites,material_intensity_kg_per_m2,No Filter,Residential: Single-family,mean,0.2353022601828129
Gypsum board,Gypsum,material_intensity_kg_per_m2,No Filter,Residential: Single-family,mean,66.24476317216192
HDPE,Roofing and waterproofing,material_intensity_kg_per_m2,No Filter,Residential: Single-family,mean,
Hardwood,Wood and composites,material_intensity_kg_per_m2,No Filter,Residential: Single-family,mean,0.216247474496259
Heavy timber framing,Wood and composites,material_intensity_kg_per_m2,No Filter,Residential: Single-family,mean,1.2776618338808554
Hollow structural sections HSS,Steel,material_intensity_kg_per_m2,No Filter,Residential: Single-family,mean,1.2761565731088285
Hot-rolled sections,Steel,material_intensity_kg_per_m2,No Filter,Residential: Single-family,mean,0.891045944506904
Insulated glass unit IGU,Glazing,material_intensity_kg_per_m2,No Filter,Residential: Single-family,mean,2.08534578788631
Insulated metal panel IMP,Cladding,material_intensity_kg_per_m2,No Filter,Residential: Single-family,mean,0.0521481056754211
Insulation - other,Insulation,material_intensity_kg_per_m2,No Filter,Residential: Single-family,mean,
Intumescent,Applied fireproofing,material_intensity_kg_per_m2,No Filter,Residential: Single-family,mean,0.0127448489175607
Laminated strand lumber LSL,Wood and composites,material_intensity_kg_per_m2,No Filter,Residential: Single-family,mean,2.2221724296760814
Laminated veneer lumber LVL,Wood and composites,material_intensity_kg_per_m2,No Filter,Residential: Single-family,mean,0.9944244251698856
Loose-fill cellulose,Insulation,material_intensity_kg_per_m2,No Filter,Residential: Single-family,mean,0.6120704491940158
Masonry - other,Masonry,material_intensity_kg_per_m2,No Filter,Residential: Single-family,mean,
Medium density fiberboard MDF,Wood and composites,material_intensity_kg_per_m2,No Filter,Residential: Single-family,mean,0.6658591725381717
Mineral wool high density,Insulation,material_intensity_kg_per_m2,No Filter,Residential: Single-family,mean,1.140585860914966
Mineral wool low density,Insulation,material_intensity_kg_per_m2,No Filter,Residential: Single-family,mean,0.1095387938966991
Modified bitumen,Roofing and waterproofing,material_intensity_kg_per_m2,No Filter,Residential: Single-family,mean,0.5865354041850671
Mortar and grout,Masonry,material_intensity_kg_per_m2,No Filter,Residential: Single-family,mean,5.349788828344736
Open web joists,Steel,material_intensity_kg_per_m2,No Filter,Residential: Single-family,mean,0.0149055242772023
Oriented strand board OSB,Wood and composites,material_intensity_kg_per_m2,No Filter,Residential: Single-family,mean,3.85526425131432
Other,Other,material_intensity_kg_per_m2,No Filter,Residential: Single-family,mean,0.3028852052455738
PVC,Roofing and waterproofing,material_intensity_kg_per_m2,No Filter,Residential: Single-family,mean,
Paint,Coatings,material_intensity_kg_per_m2,No Filter,Residential: Single-family,mean,0.710925607235445
Parallel strand lumber PSL,Wood and composites,material_intensity_kg_per_m2,No Filter,Residential: Single-family,mean,
Plate,Steel,material_intensity_kg_per_m2,No Filter,Residential: Single-family,mean,0.2621983831280169
Polyisocyanurate PIR,Insulation,material_intensity_kg_per_m2,No Filter,Residential: Single-family,mean,0.5030245293249578
Precast,Concrete,material_intensity_kg_per_m2,No Filter,Residential: Single-family,mean,0.8903812342033042
Raised access floor system,Flooring and tile,material_intensity_kg_per_m2,No Filter,Residential: Single-family,mean,
Ready mix LW 3000,Concrete,material_intensity_kg_per_m2,No Filter,Residential: Single-family,mean,22.5187610167392
Ready mix LW 4000,Concrete,material_intensity_kg_per_m2,No Filter,Residential: Single-family,mean,12.37374228163515
Ready mix LW 5000,Concrete,material_intensity_kg_per_m2,No Filter,Residential: Single-family,mean,42.63435902112711
Ready mix NW 2500,Concrete,material_intensity_kg_per_m2,No Filter,Residential: Single-family,mean,0.0037986940938258
Ready mix NW 3000,Concrete,material_intensity_kg_per_m2,No Filter,Residential: Single-family,mean,10.253463360596983
Ready mix NW 4000,Concrete,material_intensity_kg_per_m2,No Filter,Residential: Single-family,mean,34.442772984685
Ready mix NW 5000,Concrete,material_intensity_kg_per_m2,No Filter,Residential: Single-family,mean,69.62371061188988
Ready mix NW 6000,Concrete,material_intensity_kg_per_m2,No Filter,Residential: Single-family,mean,64.07286304981976
Ready mix NW 8000,Concrete,material_intensity_kg_per_m2,No Filter,Residential: Single-family,mean,10.670420320427674
Ready mix unknown,Concrete,material_intensity_kg_per_m2,No Filter,Residential: Single-family,mean,143.28205501645465
Rebar and reinforcement,Steel,material_intensity_kg_per_m2,No Filter,Residential: Single-family,mean,15.393088992159257
Resilient flooring rubber,Flooring and tile,material_intensity_kg_per_m2,No Filter,Residential: Single-family,mean,
Resilient flooring vinyl,Flooring and tile,material_intensity_kg_per_m2,No Filter,Residential: Single-family,mean,1.01363738979389
Roll formed metal panel aluminum,Cladding,material_intensity_kg_per_m2,No Filter,Residential: Single-family,mean,0.2388912717461363
Roll formed metal panel steel,Cladding,material_intensity_kg_per_m2,No Filter,Residential: Single-family,mean,0.6000000893126551
Roofing and waterproofing - other,Roofing and waterproofing,material_intensity_kg_per_m2,No Filter,Residential: Single-family,mean,0.073709068896117
Softwood framing,Wood and composites,material_intensity_kg_per_m2,No Filter,Residential: Single-family,mean,9.240163749881468
Softwood plywood,Wood and composites,material_intensity_kg_per_m2,No Filter,Residential: Single-family,mean,7.046220597963718
Spray applied cementitious,Applied fireproofing,material_intensity_kg_per_m2,No Filter,Residential: Single-family,mean,0.6756930151645917
Steel - other,Steel,material_intensity_kg_per_m2,No Filter,Residential: Single-family,mean,1.0935326397401082
Steel door,Doors and frames,material_intensity_kg_per_m2,No Filter,Residential: Single-family,mean,0.2465982486577199
Steel door frame,Doors and frames,material_intensity_kg_per_m2,No Filter,Residential: Single-family,mean,0.0137337895495453
Steel framed window,Windows and frames,material_intensity_kg_per_m2,No Filter,Residential: Single-family,mean,0.0044295950165171
Steel sheet,Steel,material_intensity_kg_per_m2,No Filter,Residential: Single-family,mean,0.1946254219322785
Stone masonry,Masonry,material_intensity_kg_per_m2,No Filter,Residential: Single-family,mean,
Stone tile,Flooring and tile,material_intensity_kg_per_m2,No Filter,Residential: Single-family,mean,
Stucco finish,Cladding,material_intensity_kg_per_m2,No Filter,Residential: Single-family,mean,4.003959705696956
Suspension assembly,Acoustic ceilings,material_intensity_kg_per_m2,No Filter,Residential: Single-family,mean,0.0649676516989084
Synthetic composites,Synthetic composites,material_intensity_kg_per_m2,No Filter,Residential: Single-family,mean,0.2002753451647526
TPO,Roofing and waterproofing,material_intensity_kg_per_m2,No Filter,Residential: Single-family,mean,0.081667277326239
Terracotta units,Cladding,material_intensity_kg_per_m2,No Filter,Residential: Single-family,mean,
Terrazzo slabs and tiles,Flooring and tile,material_intensity_kg_per_m2,No Filter,Residential: Single-family,mean,
Vinyl framed window,Windows and frames,material_intensity_kg_per_m2,No Filter,Residential: Single-family,mean,0.1069721218724562
Wall coverings,Wall coverings,material_intensity_kg_per_m2,No Filter,Residential: Single-family,mean,0.0323018955578244
Windows and frames - other,Windows and frames,material_intensity_kg_per_m2,No Filter,Residential: Single-family,mean,8.671001982375498e-05
Wood I joists,Wood and composites,material_intensity_kg_per_m2,No Filter,Residential: Single-family,mean,3.436236159323144
Wood and composites - other,Wood and composites,material_intensity_kg_per_m2,No Filter,Residential: Single-family,mean,0.3580574880921236
Wood door frame,Doors and frames,material_intensity_kg_per_m2,No Filter,Residential: Single-family,mean,0.0905008127628535
Wood framed window,Windows and frames,material_intensity_kg_per_m2,No Filter,Residential: Single-family,mean,
Wood or composite door,Doors and frames,material_intensity_kg_per_m2,No Filter,Residential: Single-family,mean,2.726897042526719
Zinc sheet,Other metals,material_intensity_kg_per_m2,No Filter,Residential: Single-family,mean,
