project_index,bldg_proj_type,mat_group,mui,eci
1,New Construction,Acoustic ceilings,4.49532824446899,8.7450928173031
1,New Construction,Adhesives and sealants,0.08725888517806185,0.22865552044948548
1,New Construction,Air and vapor barriers,0.08423280308536084,0.18095846460608453
1,New Construction,Aluminum,4.363677871539835,27.315811938265565
1,New Construction,Cladding,1.622682350686598,12.887487346500166
1,New Construction,Coatings,0.547523960314433,2.1359440892412924
1,New Construction,Concrete,1440.561578358901,262.06564897177185
1,New Construction,Doors and frames,2.32544135900334,4.792191619191808
1,New Construction,Flooring and tile,1.2183878504172372,3.1041414870408226
1,New Construction,Glazing,2.1574247498694845,3.6757398835683874
1,New Construction,Gypsum,33.01904050609588,7.134760486393564
1,New Construction,Insulation,2.0672497352271546,8.125065085885197
1,New Construction,Masonry,27.92362227030431,4.3724303712847465
1,New Construction,Other metals,0.004101929614701031,0.021657730713998145
1,New Construction,Roofing and waterproofing,0.7075475541920206,1.2512442965049757
1,New Construction,Steel,56.37784696007549,113.95594355126654
1,New Construction,Windows and frames,0.43529473020680415,4.756791332817954
1,New Construction,Wood and composites,0.11709849434845361,0.05348921224685774
100,New Construction,Acoustic ceilings,5.12283368933849,25.465078960804323
100,New Construction,Adhesives and sealants,0.04792621310595919,0.12322801138992776
100,New Construction,Air and vapor barriers,0.9643424315002449,1.732216080847302
100,New Construction,Aluminum,1.8499151595661634,15.398226547253511
100,New Construction,Applied fireproofing,45.88887519416082,52.313317721343324
100,New Construction,Cladding,1.709378730332245,4.215318189096588
100,New Construction,Coatings,0.8857266470945715,3.4207653507708753
100,New Construction,Concrete,679.3190642493129,116.79550136417907
100,New Construction,Doors and frames,0.9516211213659591,2.5911569807502466
100,New Construction,Flooring and tile,0.05141335179004082,0.2714554545265649
100,New Construction,Glazing,7.716137542501429,9.129959909541142
100,New Construction,Gypsum,49.43087245319061,11.535583091694217
100,New Construction,Insulation,12.281194822387183,171.28547382072048
100,New Construction,Masonry,0.011001367429795919,0.005901504527784082
100,New Construction,Other,0.0021527200991836733,0.006113725081681633
100,New Construction,Other metals,0.004369502553061224,0.022929325627109795
100,New Construction,Roofing and waterproofing,0.6362924365771429,1.5371513586692491
100,New Construction,Steel,122.98685454195821,238.31989307817207
100,New Construction,Wood and composites,3.0119352460285715,1.2434677609901388
102,New Construction,Acoustic ceilings,2.693538837728375,7.444593783544226
102,New Construction,Adhesives and sealants,0.16466477596950002,0.2038609547538675
102,New Construction,Air and vapor barriers,0.48836482310725,0.8679988169752699
102,New Construction,Aluminum,0.829233422848375,6.206823273384063
102,New Construction,Applied fireproofing,35.63211625380375,40.62061252933628
102,New Construction,Cladding,0.23507326606750004,1.4790308061146626
102,New Construction,Coatings,0.445451008356875,2.7114352752797215
102,New Construction,Concrete,871.6506310315588,144.97866228355065
102,New Construction,Doors and frames,0.831095049835,1.9345815535260924
102,New Construction,Flooring and tile,5.34318627421875,3.9770620467750675
102,New Construction,Glazing,2.00023159773625,2.6082805019444963
102,New Construction,Gypsum,36.8642938595625,11.6591517663228
102,New Construction,Insulation,10.158615138972126,87.35065176636755
102,New Construction,Masonry,104.115684890715,15.304042112412212
102,New Construction,Other metals,0.0457791050725,0.192484458046545
102,New Construction,Roofing and waterproofing,2.35508381365125,2.1321762547891274
102,New Construction,Steel,123.30514622971874,205.11386871259938
102,New Construction,Wood and composites,0.019581096125,0.005169409377
105,New Construction,Acoustic ceilings,46.10276875,2.71310625
105,New Construction,Aluminum,1.9038312499999999,14.770968749999998
105,New Construction,Cladding,0.276075,1.04581875
105,New Construction,Coatings,0.84485625,1.630575
105,New Construction,Concrete,790.0046249999999,103.89411874999999
105,New Construction,Doors and frames,2.9445062500000003,9.136475
105,New Construction,Flooring and tile,3.8065687500000003,3.7111937499999996
105,New Construction,Glazing,8.020468750000001,14.838012500000001
105,New Construction,Gypsum,55.407625,18.90578125
105,New Construction,Insulation,18.50735625,44.43435624999999
105,New Construction,Masonry,2.5635875,0.32433125
105,New Construction,Other,11.8417625,10.75583125
105,New Construction,Roofing and waterproofing,8.22479375,17.3517875
105,New Construction,Steel,137.97399375,259.71784375
105,New Construction,Synthetic composites,0.5390312500000001,0.34706875
105,New Construction,Windows and frames,0.02609375,0.21673749999999997
105,New Construction,Wood and composites,3.61754375,1.63465625
106,New Construction,Acoustic ceilings,1.5219606657216396,2.35529962929392
106,New Construction,Air and vapor barriers,0.3821509952188441,0.7757665202942533
106,New Construction,Applied fireproofing,14.699325565600788,16.757231144784896
106,New Construction,Coatings,0.9711798857240658,1.8101286734814876
106,New Construction,Concrete,1355.7601376547248,204.59815998493585
106,New Construction,Doors and frames,2.6116156004396243,6.396996752802997
106,New Construction,Glazing,8.380481633477824,11.470789810992404
106,New Construction,Gypsum,54.541099375330035,15.544415390734851
106,New Construction,Insulation,4.687383288977687,11.329089339710194
106,New Construction,Other metals,0.8250679336377449,4.668074932595861
106,New Construction,Roofing and waterproofing,8.661596857512656,5.515120589099774
106,New Construction,Steel,91.5067375322009,166.78945698030802
106,New Construction,Synthetic composites,2.521481305535552,3.519329600050962
106,New Construction,Wood and composites,144.83663139477034,58.24328272222231
109,New Construction,Acoustic ceilings,0.3022400952318033,0.6191146251708558
109,New Construction,Adhesives and sealants,0.02774723124262295,0.07074140386545165
109,New Construction,Air and vapor barriers,0.44679731729508193,0.3555888022682787
109,New Construction,Aluminum,1.21972844841459,7.378391504878549
109,New Construction,Cladding,5.19900927559082,22.05806992844177
109,New Construction,Coatings,1.565272101092131,12.83602055587764
109,New Construction,Concrete,1055.6697106023116,218.7212145395075
109,New Construction,Doors and frames,0.5416335646896722,2.3323461542782264
109,New Construction,Flooring and tile,0.19631514707377049,0.4607679891783442
109,New Construction,Glazing,2.911328825191803,3.5596201357263606
109,New Construction,Gypsum,14.5869301323,3.2720938664679573
109,New Construction,Insulation,4.841273863967213,295.4947829391786
109,New Construction,Masonry,93.17554103259688,13.125959173603038
109,New Construction,Other metals,0.5229679000081967,3.022754462047377
109,New Construction,Roofing and waterproofing,3.8037250146229504,3.4187446647816393
109,New Construction,Steel,204.37755200096933,358.3446241819777
109,New Construction,Windows and frames,0.0016460709540983606,0.016460709540983606
109,New Construction,Wood and composites,0.11014576276,0.04774780407731689
11,New Construction,Acoustic ceilings,0.6241141297017544,0.9658434750862281
11,New Construction,Aluminum,2.8810885213378947,25.355502498531678
11,New Construction,Cladding,0.22800247075429825,0.17183865225395967
11,New Construction,Coatings,0.3201075520530702,1.136326990850121
11,New Construction,Concrete,1316.688755491558,183.54459509759727
11,New Construction,Doors and frames,1.5881695734869299,2.6827032811260176
11,New Construction,Flooring and tile,0.5146745444736842,0.13484473065210525
11,New Construction,Glazing,7.1431081707964905,9.24817450498271
11,New Construction,Gypsum,23.45552037565342,4.761746410034844
11,New Construction,Insulation,1.2380542767933334,3.477486900100407
11,New Construction,Masonry,77.62468147059562,11.833839949297602
11,New Construction,Other,0.010542365907017544,0.029940319175929826
11,New Construction,Other metals,0.0021990367592982455,0.00923480659323421
11,New Construction,Steel,102.56181832375667,198.92138836748475
110,New Construction,Acoustic ceilings,1.0794782353580246,1.6705390256282222
110,New Construction,Adhesives and sealants,0.06477805470611112,0.03313157301816852
110,New Construction,Air and vapor barriers,0.4811040471529012,0.5303797159431722
110,New Construction,Aluminum,2.6054724409201233,17.29578342158851
110,New Construction,Applied fireproofing,1.8364560447111111,2.0935598909706665
110,New Construction,Cladding,5.743011539403765,8.490564513493108
110,New Construction,Coatings,0.9429998933214815,3.6858540035757748
110,New Construction,Concrete,941.2605698251816,161.65170330306012
110,New Construction,Doors and frames,4.204726055495865,14.227594032573096
110,New Construction,Flooring and tile,2.566144539738642,4.551006778010735
110,New Construction,Glazing,1.8161934871037038,2.437302582160074
110,New Construction,Gypsum,70.16638039375309,15.12935713485405
110,New Construction,Insulation,2.716646576725741,31.3223116927131
110,New Construction,Masonry,2.0619068609746294,0.5688666527531232
110,New Construction,Other metals,0.07058753465487655,0.3332870355290901
110,New Construction,Roofing and waterproofing,0.3087799021234568,1.0907752424980186
110,New Construction,Steel,99.28136591122599,141.76530645979946
110,New Construction,Synthetic composites,0.0037201778753086423,0.015289931067518518
110,New Construction,Wall coverings,0.003656221393395062,0.07208663649508272
110,New Construction,Windows and frames,0.8232771338985184,8.232771338985186
110,New Construction,Wood and composites,1.8687398507602468,1.0551851307814717
111,New Construction,Acoustic ceilings,0.25577383249845237,0.5476387158799536
111,New Construction,Adhesives and sealants,0.11569566026630952,0.2852952696569214
111,New Construction,Air and vapor barriers,0.7536049255670239,0.6751739366365893
111,New Construction,Aluminum,2.4621135106690475,18.83109635280323
111,New Construction,Applied fireproofing,0.1058704743725,0.26785230016242495
111,New Construction,Cladding,0.7365557508757142,2.9305514712029472
111,New Construction,Coatings,0.3091775321333333,3.0662210885136365
111,New Construction,Concrete,1478.8975307587975,270.81376468549996
111,New Construction,Doors and frames,2.280282459600238,8.589060812907682
111,New Construction,Flooring and tile,2.3022766287379763,0.7480069545480297
111,New Construction,Glazing,7.740649706810953,11.214128833744999
111,New Construction,Gypsum,9.357164029954761,4.276497262925031
111,New Construction,Insulation,4.357753656395714,98.48355214489082
111,New Construction,Masonry,237.77865899085523,32.91369341102373
111,New Construction,Other metals,0.06965742017285714,0.36079347521001665
111,New Construction,Roofing and waterproofing,0.9392268646080952,1.2484402677903739
111,New Construction,Steel,110.9977056336237,164.98012335195963
111,New Construction,Synthetic composites,0.2878105219047619,0.34825073150476193
111,New Construction,Wall coverings,0.005526456276904761,0.10997647991040475
111,New Construction,Windows and frames,0.1295703374095238,1.0348109172535238
111,New Construction,Wood and composites,0.9918257949523809,0.47859610432404764
113,New Construction,Acoustic ceilings,0.08975501357028572,0.28528457959036574
113,New Construction,Adhesives and sealants,0.10287197823662857,0.2797396920484837
113,New Construction,Air and vapor barriers,0.028218366410514287,0.06853539953712744
113,New Construction,Aluminum,3.7687442671751428,26.965991027239262
113,New Construction,Applied fireproofing,23.574501795928,26.87493204735792
113,New Construction,Cladding,0.0945596435576,0.237344705329576
113,New Construction,Coatings,2.4486666417687712,22.68142096638085
113,New Construction,Concrete,720.9681629190571,127.10674941754844
113,New Construction,Doors and frames,1.1930005644849142,4.84788578719788
113,New Construction,Flooring and tile,0.41501990239834285,0.11241954171727372
113,New Construction,Glazing,11.087464882454057,14.76766765239983
113,New Construction,Gypsum,23.84355830682557,5.165178911739989
113,New Construction,Insulation,7.287573988952143,17.531972121727282
113,New Construction,Masonry,50.05715407154286,7.373932743783315
113,New Construction,Other metals,2.6090166559695427,12.591559830835633
113,New Construction,Roofing and waterproofing,0.7230649932585714,1.1868161969457836
113,New Construction,Steel,333.5945776944411,363.60988574203964
113,New Construction,Wall coverings,2.35063424e-05,0.0004677762137599999
113,New Construction,Windows and frames,0.11928200679391429,1.1619852831606656
113,New Construction,Wood and composites,0.5326315168754857,0.36723921643620916
114,New Construction,Aluminum,13.86335616438356,84.19483561643835
114,New Construction,Cladding,3.5423917808219176,13.419241095890412
114,New Construction,Concrete,1173.1885643835615,108.06849863013699
114,New Construction,Doors and frames,0.29063013698630136,1.0159534246575341
114,New Construction,Glazing,4.221208219178082,6.036328767123288
114,New Construction,Gypsum,24.88198082191781,9.697723287671232
114,New Construction,Insulation,11.757484931506848,42.78530410958904
114,New Construction,Masonry,128.5905917808219,20.43017808219178
114,New Construction,Roofing and waterproofing,3.899419178082192,6.279991780821918
114,New Construction,Steel,254.6581698630137,489.39328493150686
116,New Construction,Acoustic ceilings,0.013779600000000001,0.0036899000000000003
116,New Construction,Air and vapor barriers,0.013706500000000002,0.042627399999999996
116,New Construction,Aluminum,0.9561431,9.3718598
116,New Construction,Cladding,0.0225246,0.0979573
116,New Construction,Concrete,687.9105393,89.0122001
116,New Construction,Doors and frames,0.44267219999999996,1.3088354
116,New Construction,Flooring and tile,0.0106338,0.014660999999999999
116,New Construction,Glazing,0.3011184,0.5540579
116,New Construction,Gypsum,0.8602158,0.27517210000000003
116,New Construction,Insulation,5.477218999999999,22.982941899999997
116,New Construction,Masonry,3.5471608,1.4144767
116,New Construction,Roofing and waterproofing,1.8772651999999999,5.2956336
116,New Construction,Steel,45.019767800000004,69.5464407
116,New Construction,Windows and frames,0.0181271,0.0706384
117,New Construction,Acoustic ceilings,2.2664632097347437,3.3595811964441453
117,New Construction,Aluminum,0.2363436200128763,1.5558032423516617
117,New Construction,Applied fireproofing,6.669583786593262,7.603325516716318
117,New Construction,Cladding,6.51321622170736,3.386604904871665
117,New Construction,Coatings,0.05896943330821209,0.16410987067010765
117,New Construction,Concrete,479.5703967743707,84.90648344475693
117,New Construction,Doors and frames,0.4020162467322535,3.8659034702232993
117,New Construction,Glazing,7.755913267073372,11.708759218834004
117,New Construction,Gypsum,8.181460482675464,2.0681158664201242
117,New Construction,Insulation,1.9626588706791208,52.3139008538267
117,New Construction,Masonry,12.439379150111424,3.107195510658952
117,New Construction,Other,0.3086689671601396,0.8766198667347965
117,New Construction,Other metals,0.0043237331389601175,0.017511119212788476
117,New Construction,Roofing and waterproofing,0.3276300164519088,1.1368761570881238
117,New Construction,Steel,48.260657589136294,82.44214302997295
117,New Construction,Wall coverings,0.02559042324847103,0.5068425587754127
117,New Construction,Windows and frames,3.2390601053479484,23.37546637780357
117,New Construction,Wood and composites,136.5261859250108,51.10818690596248
119,New Construction,Acoustic ceilings,0.036368470588235294,0.04146
119,New Construction,Coatings,0.49801352941176474,0.9611661176470587
119,New Construction,Concrete,881.8977405882353,125.08357752941177
119,New Construction,Doors and frames,0.7008795294117647,2.073886588235294
119,New Construction,Flooring and tile,0.060350352941176466,0.14446976470588235
119,New Construction,Gypsum,0.18639329411764707,0.05746988235294117
119,New Construction,Insulation,3.2016689411764703,7.979951764705882
119,New Construction,Roofing and waterproofing,1.4873876470588234,5.176108823529412
119,New Construction,Steel,39.49830894117647,65.209502
119,New Construction,Windows and frames,0.3310025882352941,1.4671467058823529
12,New Construction,Acoustic ceilings,4.44943914993534,16.207148937241087
12,New Construction,Adhesives and sealants,0.18513203461025243,0.14813198624386567
12,New Construction,Aluminum,0.30133717389902914,1.941257386871806
12,New Construction,Applied fireproofing,9.507487178979048,10.936818332781387
12,New Construction,Cladding,0.7692285303278835,4.684134137752805
12,New Construction,Coatings,0.30523980098483494,1.0104011918452167
12,New Construction,Concrete,1014.4757320353724,155.05426271107783
12,New Construction,Doors and frames,0.4811839242148349,0.879224754704346
12,New Construction,Flooring and tile,1.3878158395718834,4.065556529681253
12,New Construction,Glazing,7.051345744962136,31.585675776866726
12,New Construction,Gypsum,10.720441344195729,2.448484796146648
12,New Construction,Insulation,0.800202133570699,8.678541304695512
12,New Construction,Masonry,22.272565413696622,3.606104814288604
12,New Construction,Other,0.2848667017708738,0.7463507586396894
12,New Construction,Other metals,0.008025921645262135,0.034511751008649706
12,New Construction,Roofing and waterproofing,0.10272858761165049,0.5773346623774758
12,New Construction,Steel,130.99866576519133,223.8461698805876
12,New Construction,Wall coverings,0.013501469324524272,0.15820628105558
12,New Construction,Windows and frames,2.4969913756234954,24.969913756234952
12,New Construction,Wood and composites,0.012213170142912622,0.013142924381359226
120,New Construction,Coatings,0.34235639097744364,0.660747969924812
120,New Construction,Concrete,980.0684583458647,173.91760932330828
120,New Construction,Doors and frames,0.6293100751879699,1.8214526315789474
120,New Construction,Insulation,3.0065663157894735,7.493671278195489
120,New Construction,Masonry,3.8313224060150377,1.0566018045112782
120,New Construction,Roofing and waterproofing,1.4899612030075187,5.185064962406015
120,New Construction,Steel,38.81239187969925,65.8900547368421
120,New Construction,Windows and frames,0.25369654135338343,1.124492932330827
121,New Construction,Acoustic ceilings,2.104858088995606,3.365306777835979
121,New Construction,Adhesives and sealants,0.06302096778566897,0.19422752132928367
121,New Construction,Air and vapor barriers,0.8477632156430801,0.787812762717319
121,New Construction,Aluminum,4.3116017603691486,31.416553187963196
121,New Construction,Cladding,2.27860070403098,11.372945098244635
121,New Construction,Coatings,0.550867920533337,2.0503613497301427
121,New Construction,Concrete,1539.3971831902186,244.2540765621974
121,New Construction,Doors and frames,1.4265159064903024,2.3446433090865675
121,New Construction,Flooring and tile,0.6245800508043086,0.3979661060560194
121,New Construction,Glazing,5.972668340949033,9.553908881484169
121,New Construction,Gypsum,39.63876241065222,8.617242255076011
121,New Construction,Insulation,6.315004377686165,38.964441754360884
121,New Construction,Masonry,0.10210066487477643,0.0538330158611981
121,New Construction,Other metals,0.0029120583479367605,0.012309982446511143
121,New Construction,Roofing and waterproofing,3.0046046966699693,4.665143002444207
121,New Construction,Steel,76.39652483581938,149.91097182497657
121,New Construction,Synthetic composites,0.10684358743201151,0.3109148394271535
121,New Construction,Wall coverings,0.01023436125021543,0.20366378887928707
121,New Construction,Windows and frames,0.02220625032920671,0.19058633421617518
121,New Construction,Wood and composites,5.355470336476834,2.9533586492558803
123,New Construction,Acoustic ceilings,0.4211265865818877,0.6517115163366152
123,New Construction,Adhesives and sealants,0.978206914382072,2.128566096235981
123,New Construction,Aluminum,0.8741753789893882,6.816213385992769
123,New Construction,Coatings,0.023047011712760048,0.052382565551451155
123,New Construction,Concrete,1171.5740822979362,217.61422966258073
123,New Construction,Doors and frames,1.819106603486526,7.687532787000227
123,New Construction,Flooring and tile,1.0391670088514675,3.3002739606412153
123,New Construction,Glazing,5.978351181811563,7.200137138885536
123,New Construction,Gypsum,65.2601535522957,15.226149389154802
123,New Construction,Insulation,6.031189285397466,18.48688033507154
123,New Construction,Masonry,65.38634597342475,19.589906426062853
123,New Construction,Other metals,0.030232002392728472,0.17485875664843137
123,New Construction,Roofing and waterproofing,2.68429774192185,8.938711480599762
123,New Construction,Steel,62.82454025562413,71.57987405451942
123,New Construction,Wood and composites,0.016465648652764165,0.0043469312443297405
124,New Construction,Concrete,1372.960009708738,127.01034271844661
124,New Construction,Doors and frames,0.20757281553398058,0.5739805825242719
124,New Construction,Flooring and tile,4.823028155339806,4.435347572815534
124,New Construction,Glazing,2.2135679611650487,3.06237572815534
124,New Construction,Gypsum,4.168570873786408,1.1616184466019417
124,New Construction,Insulation,22.404079611650484,49.67498252427185
124,New Construction,Masonry,5.963098058252427,1.1563126213592234
124,New Construction,Roofing and waterproofing,5.950225242718446,9.492353398058253
124,New Construction,Steel,100.3648427184466,117.67683689320388
124,New Construction,Windows and frames,7.095377669902913,19.33856990291262
124,New Construction,Wood and composites,155.88851844660195,41.1622854368932
125,New Construction,Acoustic ceilings,3.2581688536145164,5.0421565195028535
125,New Construction,Air and vapor barriers,1.5245733545006297,1.2349044171455104
125,New Construction,Aluminum,0.9442360479579036,5.65350112475628
125,New Construction,Cladding,1.6720242465888893,9.345572740721046
125,New Construction,Coatings,0.052373785982953794,1.0343435726827954
125,New Construction,Concrete,1207.8308048648555,205.3668452768637
125,New Construction,Doors and frames,0.23380178824337197,1.039813360944949
125,New Construction,Glazing,5.287879880836911,13.731834357611337
125,New Construction,Gypsum,11.896021478903982,2.9026292408525713
125,New Construction,Insulation,6.140078596184756,15.310847291173408
125,New Construction,Masonry,52.33059517106828,14.586652906790983
125,New Construction,Other metals,0.0028711476142856906,0.016595233210571294
125,New Construction,Roofing and waterproofing,2.5140204662357486,2.204795948888752
125,New Construction,Steel,71.94890079466886,80.0906864559001
125,New Construction,Windows and frames,0.19125470232020406,1.6734786453017851
127,New Construction,Acoustic ceilings,0.13278413305460288,0.7532054260982148
127,New Construction,Adhesives and sealants,0.22105625349265962,0.6280814385136136
127,New Construction,Aluminum,2.910074774765148,22.3412757156737
127,New Construction,Cladding,6.008366671380916,7.653740235943652
127,New Construction,Coatings,1.4350853953381348,4.032633814645641
127,New Construction,Concrete,985.6497746764455,117.5197233235264
127,New Construction,Doors and frames,0.13227731101791293,1.261950464586942
127,New Construction,Glazing,4.948755702797818,6.631332641749077
127,New Construction,Gypsum,18.37897036595772,6.081424897193912
127,New Construction,Insulation,10.472652634762362,21.928208386310775
127,New Construction,Masonry,215.78269149266362,43.763241183896824
127,New Construction,Other metals,0.10673095254758518,0.6169049057250423
127,New Construction,Roofing and waterproofing,1.2952289241984407,4.274255449854855
127,New Construction,Steel,173.14847358359935,170.2470860732272
127,New Construction,Synthetic composites,0.866466223367481,1.0484241302746518
127,New Construction,Windows and frames,0.011185044296695361,0.1118504429669536
127,New Construction,Wood and composites,5.31265127012665,1.9068737166719778
128,New Construction,Adhesives and sealants,0.1714931665389296,0.07802939077521295
128,New Construction,Coatings,1.2075026161683433,5.3979283567496426
128,New Construction,Concrete,763.8134509287858,87.17796766398081
128,New Construction,Flooring and tile,0.499549388973934,2.282940707610878
128,New Construction,Glazing,3.810166953125182,5.749883786231257
128,New Construction,Gypsum,63.33821503025821,15.916653534998108
128,New Construction,Insulation,10.851552775739009,31.010355416365773
128,New Construction,Other metals,0.09116369756523762,0.5269261719270736
128,New Construction,Roofing and waterproofing,16.523420183699336,28.420282715962855
128,New Construction,Steel,38.030145485269756,71.76573321633539
128,New Construction,Windows and frames,1.4493249469714256,14.493249469714256
128,New Construction,Wood and composites,144.36276541496605,34.07112842013115
129,New Construction,Acoustic ceilings,1.237853320946246,6.693789991618718
129,New Construction,Adhesives and sealants,0.4021640136435021,0.9521143411307113
129,New Construction,Air and vapor barriers,0.770695906277416,0.6921391035829897
129,New Construction,Aluminum,7.004318246371816,46.19546491967784
129,New Construction,Applied fireproofing,0.604142072301445,1.5284794429226556
129,New Construction,Cladding,17.184504452519604,63.79369751861964
129,New Construction,Coatings,2.7269555781251764,29.722776676887488
129,New Construction,Concrete,815.3612800586858,145.36099095284803
129,New Construction,Doors and frames,2.048571478403985,8.411134495414982
129,New Construction,Flooring and tile,7.713326002757486,2.094550582756304
129,New Construction,Glazing,7.991760277618781,10.401184929962634
129,New Construction,Gypsum,34.12184980411461,8.632558359615
129,New Construction,Insulation,9.256216351195249,47.05376078229961
129,New Construction,Masonry,66.44438307458928,10.974392806712563
129,New Construction,Other metals,0.17810690114960503,0.9943383047244713
129,New Construction,Roofing and waterproofing,1.5445569509656267,0.9730708791083448
129,New Construction,Steel,190.77725831715043,301.31181616916024
129,New Construction,Synthetic composites,0.08224546249643098,0.443303042855763
129,New Construction,Windows and frames,0.46560287263923644,4.8414823462188705
129,New Construction,Wood and composites,133.56828287490043,46.23891808049139
13,New Construction,Acoustic ceilings,0.06447,0.055266666666666665
13,New Construction,Air and vapor barriers,1.3971437037037036,4.3451170370370376
13,New Construction,Coatings,0.2924588888888889,0.5644455555555555
13,New Construction,Concrete,893.7442825925926,113.86208148148148
13,New Construction,Doors and frames,0.42575851851851854,4.856814814814816
13,New Construction,Flooring and tile,0.01254962962962963,0.009412222222222223
13,New Construction,Gypsum,2.5012974074074075,0.697014074074074
13,New Construction,Insulation,3.2555762962962964,5.3262862962962965
13,New Construction,Roofing and waterproofing,1.548237037037037,4.12279962962963
13,New Construction,Steel,35.367840370370374,55.34872962962963
13,New Construction,Synthetic composites,0.049189629629629625,0.14750888888888888
13,New Construction,Windows and frames,0.368567037037037,1.6336485185185186
130,New Construction,Acoustic ceilings,2.039195065656677,3.170285125828565
130,New Construction,Adhesives and sealants,0.4374724251826349,0.840227564841212
130,New Construction,Air and vapor barriers,0.39017559151289427,0.8419008502224703
130,New Construction,Aluminum,0.7649071307411957,6.181551873126649
130,New Construction,Cladding,0.8601848118071557,2.004230611510673
130,New Construction,Coatings,0.8509654576023141,3.3554035788249346
130,New Construction,Concrete,460.7403212992497,48.24375008562615
130,New Construction,Doors and frames,1.192520789680426,3.6662583601703194
130,New Construction,Flooring and tile,5.476507769054906,5.984274434676337
130,New Construction,Glazing,2.408955981647721,3.1902672278379494
130,New Construction,Gypsum,60.955159881926036,15.024577569310717
130,New Construction,Insulation,4.39211171323692,9.450103509513013
130,New Construction,Masonry,37.259439351790164,10.500992322472614
130,New Construction,Other,0.002088816096249117,0.004866941504260442
130,New Construction,Other metals,0.07057434054824714,0.28719596046398804
130,New Construction,Roofing and waterproofing,3.691193726250493,2.1432794501674595
130,New Construction,Steel,43.49355603696552,69.64822203615995
130,New Construction,Synthetic composites,2.45699475339475,9.38838767711534
130,New Construction,Wall coverings,0.0025545302739760044,0.028912175293146478
130,New Construction,Windows and frames,0.1167317162407253,1.1382308938466137
130,New Construction,Wood and composites,73.4153627967119,27.42605461381593
131,New Construction,Adhesives and sealants,0.00371813696699566,0.023498625631412577
131,New Construction,Air and vapor barriers,0.030649522948699087,0.052808227316184
131,New Construction,Aluminum,1.561014863007801,12.982194438930733
131,New Construction,Applied fireproofing,4.0613443082377465,4.630269978968604
131,New Construction,Cladding,0.8487087163231842,4.069256985807863
131,New Construction,Coatings,0.22101264556763783,2.269412152683607
131,New Construction,Concrete,444.4165018461139,69.02468555635797
131,New Construction,Doors and frames,0.23045443445566471,0.8587743081298603
131,New Construction,Glazing,6.6869239070923605,10.58015139226226
131,New Construction,Gypsum,11.008550252737288,3.84451865527646
131,New Construction,Insulation,6.676859821409838,14.077885582806887
131,New Construction,Masonry,32.41774878807395,9.181702646521323
131,New Construction,Other metals,0.008244510896776257,0.037368618757928004
131,New Construction,Roofing and waterproofing,0.4654896082216733,0.28842831395081286
131,New Construction,Steel,26.229712825359414,41.72715896124079
131,New Construction,Windows and frames,0.16972858734177215,2.0706887655696202
131,New Construction,Wood and composites,107.66385149265953,39.94328890377668
132,New Construction,Air and vapor barriers,0.16374864197530864,0.10265925925925927
132,New Construction,Aluminum,0.05579259259259259,0.0673595061728395
132,New Construction,Cladding,1.4606597530864198,5.414439506172839
132,New Construction,Coatings,0.17459012345679012,2.0925274074074074
132,New Construction,Concrete,1436.554301234568,194.68111703703704
132,New Construction,Doors and frames,0.8954202469135802,2.4274074074074075
132,New Construction,Flooring and tile,23.90688,23.74477333333333
132,New Construction,Glazing,10.39191111111111,11.662427654320988
132,New Construction,Gypsum,13.08033135802469,3.9734824691358024
132,New Construction,Insulation,3.9503086419753086,10.732726419753085
132,New Construction,Masonry,68.18470518518518,10.896813827160495
132,New Construction,Other,0.006429629629629629,0.01475358024691358
132,New Construction,Roofing and waterproofing,3.212711111111111,3.780202962962963
132,New Construction,Steel,85.50497925925926,51.40529580246913
132,New Construction,Windows and frames,11.238864197530864,41.31041975308642
132,New Construction,Wood and composites,0.7513402469135801,0.05505481481481482
133,New Construction,Cladding,1.074023076923077,4.0686
133,New Construction,Concrete,957.8853146853147,113.10814615384615
133,New Construction,Doors and frames,0.03727272727272727,0.10363636363636364
133,New Construction,Glazing,0.13503146853146852,0.1868104895104895
133,New Construction,Gypsum,5.173833566433567,1.4417454545454547
133,New Construction,Insulation,5.659294405594405,10.775925874125875
133,New Construction,Masonry,43.99149580419581,8.752028671328672
133,New Construction,Other,0.04887412587412587,0.10826923076923077
133,New Construction,Roofing and waterproofing,1.5452748251748252,1.7147993006993008
133,New Construction,Steel,46.8017986013986,41.336556643356644
133,New Construction,Windows and frames,3.7379888111888113,5.688268531468531
133,New Construction,Wood and composites,35.39094685314685,12.701448251748252
138,New Construction,Acoustic ceilings,0.03177119179284971,0.049167286604246026
138,New Construction,Adhesives and sealants,0.011425258771660294,0.02959142021860016
138,New Construction,Air and vapor barriers,0.003927519913325195,0.01029010217291201
138,New Construction,Aluminum,0.06852918423167975,0.11238786213995478
138,New Construction,Cladding,0.3951914231087481,0.9207960158433831
138,New Construction,Coatings,0.8235009054774793,2.1891056274789316
138,New Construction,Concrete,653.872536146846,210.37584870717941
138,New Construction,Flooring and tile,0.7862169108569023,0.20598883064450837
138,New Construction,Glazing,3.1008418743659516,4.151033588531775
138,New Construction,Gypsum,125.37938596948212,31.449871904750033
138,New Construction,Insulation,2.7577465064408253,5.6832378961866405
138,New Construction,Masonry,42.76590025270158,10.791735151958887
138,New Construction,Other metals,0.014508040374562076,0.061167222437541885
138,New Construction,Roofing and waterproofing,0.14040463603346878,0.44227460350542663
138,New Construction,Steel,23.60419261381263,46.893962412472376
138,New Construction,Windows and frames,1.0676904239195806,5.790059391283682
138,New Construction,Wood and composites,24.602219817405008,6.554468634453966
139,New Construction,Acoustic ceilings,0.00922967420496488,0.029336341454431526
139,New Construction,Adhesives and sealants,0.00398953443344355,0.001815238167216815
139,New Construction,Aluminum,0.143571237871008,0.9188842768163388
139,New Construction,Cladding,0.4004667496240003,0.9330875266239207
139,New Construction,Coatings,0.3648800967313435,1.0342115044810969
139,New Construction,Concrete,596.7777621853346,219.28006284505105
139,New Construction,Doors and frames,2.5622689399218324,2.354504337226648
139,New Construction,Flooring and tile,0.7031657221979375,0.28270930560025465
139,New Construction,Glazing,2.13799515901407,2.8649135130788537
139,New Construction,Gypsum,29.715808875293654,7.242947938102233
139,New Construction,Insulation,1.4928114162511412,2.445498986988564
139,New Construction,Masonry,23.588306616803038,5.223226156834748
139,New Construction,Other metals,0.014868578699568017,0.060640702036363354
139,New Construction,Roofing and waterproofing,0.0721610432343313,0.2503988200231296
139,New Construction,Steel,10.239398034394323,16.960007869591752
139,New Construction,Wall coverings,0.0009823493021545967,0.0004823335073579069
139,New Construction,Windows and frames,0.5658284952937624,1.5963049999964471
139,New Construction,Wood and composites,0.3048712933330107,0.11488785211932794
14,New Construction,Acoustic ceilings,3.205648282409649,10.711236670972298
14,New Construction,Aluminum,1.1513476891072827,7.365769885405004
14,New Construction,Cladding,21.637032477428136,21.872314725466072
14,New Construction,Coatings,1.3738347609687593,8.16295129888619
14,New Construction,Concrete,2621.081139072598,439.27232434379545
14,New Construction,Doors and frames,3.126779687160249,8.40061071106789
14,New Construction,Glazing,2.836121243648942,3.8373592218879327
14,New Construction,Gypsum,74.48979378975253,25.05441087027096
14,New Construction,Insulation,12.346988014133807,27.926004427416558
14,New Construction,Masonry,33.18231701839557,3.653967894730246
14,New Construction,Other,0.4835334827819877,1.3732350911008449
14,New Construction,Other metals,0.8931347554782809,3.965103952898542
14,New Construction,Roofing and waterproofing,4.646617068935356,16.123761229205687
14,New Construction,Steel,77.95062514235742,114.83289026314424
14,New Construction,Windows and frames,3.1864670046331134,31.82617041966447
140,New Construction,Applied fireproofing,0.5905263157894737,0.09035789473684211
140,New Construction,Concrete,652.6740500000001,64.08493947368422
140,New Construction,Gypsum,3.3858355263157893,1.1230065789473684
140,New Construction,Insulation,0.4699710526315789,1.6461802631578948
140,New Construction,Roofing and waterproofing,1.0120513157894737,0.5823842105263157
140,New Construction,Steel,79.0624355263158,105.37082631578949
140,New Construction,Windows and frames,1.7030460526315792,6.686636842105264
141,New Construction,Concrete,1438.3210680628272,182.86468272251307
141,New Construction,Masonry,64.76409109947643,7.4548680628272255
141,New Construction,Steel,62.19746910994765,41.2350335078534
142,New Construction,Concrete,599.859905376344,87.83815698924731
142,New Construction,Doors and frames,0.2110720430107527,0.5495650537634409
142,New Construction,Gypsum,3.3390446236559144,0.9216145161290322
142,New Construction,Insulation,6.6941225806451605,12.922438709677419
142,New Construction,Masonry,25.269666666666666,2.908741935483871
142,New Construction,Roofing and waterproofing,3.007247849462366,3.283070967741936
142,New Construction,Steel,25.11409677419355,18.174789784946235
142,New Construction,Windows and frames,4.130147849462366,5.283231720430107
142,New Construction,Wood and composites,34.00673010752688,12.322599462365591
145,New Construction,Aluminum,1.076259294117647,9.761672470588236
145,New Construction,Concrete,533.8887392941176,96.29834164705882
145,New Construction,Doors and frames,0.056496,0.14709788235294116
145,New Construction,Gypsum,3.74339105882353,1.2320536470588235
145,New Construction,Insulation,22.342894588235293,25.355913411764707
145,New Construction,Masonry,12.08692894117647,1.391302588235294
145,New Construction,Roofing and waterproofing,0.7114964705882353,1.695220705882353
145,New Construction,Steel,32.13951905882353,23.348404235294115
145,New Construction,Windows and frames,5.178067294117647,19.732634823529413
147,New Construction,Acoustic ceilings,1.1255669598039004,1.741863310189173
147,New Construction,Adhesives and sealants,0.0004146156130732548,0.00107385443785973
147,New Construction,Air and vapor barriers,0.0005400930269131474,0.0014150437305124467
147,New Construction,Aluminum,0.00017196818698922336,0.0009664612108794351
147,New Construction,Applied fireproofing,0.09867904500201452,0.11249411130229654
147,New Construction,Cladding,0.10137582448013371,0.23620567103871148
147,New Construction,Coatings,0.5643902443297554,1.4702341186473962
147,New Construction,Concrete,574.1603084703171,188.8771842906611
147,New Construction,Flooring and tile,1.02755628981427,0.26921974793133874
147,New Construction,Glazing,0.7588510327968722,1.0168603839478088
147,New Construction,Gypsum,37.723000019046005,9.202530395692623
147,New Construction,Insulation,0.7181572989501508,12.762232354244397
147,New Construction,Masonry,6.270063431484815,1.0607067281242082
147,New Construction,Other metals,0.0033336481471866308,0.013501274996105853
147,New Construction,Roofing and waterproofing,0.005095197877858168,0.016049873315253226
147,New Construction,Steel,28.100489710235216,55.87444143008583
147,New Construction,Windows and frames,0.30032301744690154,2.99972135624365
147,New Construction,Wood and composites,0.7600272813005877,0.3218907839100277
148,New Construction,Acoustic ceilings,2.466250614371802,7.833564658813576
148,New Construction,Adhesives and sealants,0.21516033904455445,0.7248347420503315
148,New Construction,Air and vapor barriers,0.18586964461841585,0.3832073177056416
148,New Construction,Aluminum,2.1121896717854654,15.824129880747783
148,New Construction,Applied fireproofing,0.6501969895524752,0.9878610383017029
148,New Construction,Cladding,8.527487073057822,18.411429434610707
148,New Construction,Coatings,0.8574046315211089,5.204923923023985
148,New Construction,Concrete,893.0036051249742,172.30039997712598
148,New Construction,Doors and frames,1.388449238635406,7.2395873192318065
148,New Construction,Flooring and tile,1.329197602620198,0.4674202584639176
148,New Construction,Glazing,15.981025775699406,54.085382647469864
148,New Construction,Gypsum,50.41221433178772,13.57008814632479
148,New Construction,Insulation,7.583285388495367,63.32790674819379
148,New Construction,Masonry,18.40266509215683,2.976946594273978
148,New Construction,Other metals,0.029715703609425742,0.17023227746884673
148,New Construction,Roofing and waterproofing,1.7053352609584158,1.006134350415501
148,New Construction,Steel,130.57065054774614,216.11526090649042
148,New Construction,Wood and composites,2.1215739142815444,0.730155583093944
15,New Construction,Concrete,938.2132931034482,132.85843103448275
15,New Construction,Glazing,4.77548275862069,9.130971264367815
15,New Construction,Gypsum,10.278321839080458,3.1690689655172415
15,New Construction,Insulation,18.146908045977014,125.34007471264367
15,New Construction,Masonry,139.1176379310345,25.489741379310345
15,New Construction,Roofing and waterproofing,1.8634022988505747,6.287086206896552
15,New Construction,Steel,80.11375287356321,134.33566666666667
15,New Construction,Windows and frames,0.08870689655172413,1.1929885057471266
152,New Construction,Acoustic ceilings,3.3899252524689656,5.240432137510414
152,New Construction,Adhesives and sealants,0.0011290332404597701,0.0014533599746643679
152,New Construction,Air and vapor barriers,0.5625484300827586,1.141973313068
152,New Construction,Aluminum,2.9273233458650574,18.00990344885961
152,New Construction,Applied fireproofing,0.7316604264547126,1.8511008789304229
152,New Construction,Cladding,2.5172655611954022,3.1289613313049425
152,New Construction,Coatings,0.8225335542737932,5.839025227568956
152,New Construction,Concrete,1467.7621618001976,288.30274979537353
152,New Construction,Doors and frames,0.9306690846347127,2.3609655646166163
152,New Construction,Flooring and tile,2.0653988049425287,1.2450297477346668
152,New Construction,Glazing,13.42475660502069,59.71792966633301
152,New Construction,Gypsum,46.505815524429885,10.682378942924364
152,New Construction,Insulation,9.924235138,19.770340282450412
152,New Construction,Masonry,0.3936623926043678,0.16583917971109452
152,New Construction,Other metals,0.04278498426942529,0.24618287339664827
152,New Construction,Roofing and waterproofing,0.2606742185770115,0.8346518414415403
152,New Construction,Steel,229.79287994011747,461.51666081197396
152,New Construction,Windows and frames,1.6968490259075861,16.96849025907586
152,New Construction,Wood and composites,4.989942478336092,1.9431430090227586
153,New Construction,Acoustic ceilings,1.573377982210101,2.4348701393493335
153,New Construction,Adhesives and sealants,0.1788698771038384,0.2460839589530087
153,New Construction,Air and vapor barriers,1.719706790588081,3.0292676488641495
153,New Construction,Aluminum,0.8419791441939394,7.493614383326062
153,New Construction,Applied fireproofing,0.051888664224242424,0.05915307721563636
153,New Construction,Cladding,1.1512875576979797,1.4272976381524305
153,New Construction,Coatings,0.8673324936521212,2.270753436443879
153,New Construction,Concrete,301.2805281296768,50.87322401925454
153,New Construction,Doors and frames,2.5643176851270706,4.874520049250734
153,New Construction,Flooring and tile,5.1814552229939395,5.196167068035293
153,New Construction,Glazing,6.29303970310909,8.753354866384363
153,New Construction,Gypsum,69.65222043023878,18.78365670376428
153,New Construction,Insulation,15.996858299064241,32.67033031983274
153,New Construction,Masonry,0.7085501831688888,0.3736789765847802
153,New Construction,Other metals,0.2010968978630303,0.8375380633905313
153,New Construction,Roofing and waterproofing,0.5654032110260605,1.8036362431731332
153,New Construction,Steel,39.89843959598424,72.02522364523661
153,New Construction,Wall coverings,0.002634217214141414,0.05242092256141414
153,New Construction,Windows and frames,0.09002615703232324,0.9002615703232324
153,New Construction,Wood and composites,112.82005288337373,41.07880815093901
154,New Construction,Acoustic ceilings,1.5541860108570122,2.405169737740661
154,New Construction,Air and vapor barriers,2.9168802395826288,2.6756073554716835
154,New Construction,Aluminum,16.864713024382432,119.01451919485385
154,New Construction,Applied fireproofing,2.3989020161354015,3.33892676637251
154,New Construction,Coatings,1.1104187657732347,5.45808875517646
154,New Construction,Concrete,852.8727640846027,183.88593227413375
154,New Construction,Doors and frames,2.9909699368225167,6.540991937589382
154,New Construction,Glazing,6.746902244013939,9.18703830776193
154,New Construction,Gypsum,59.23223648979632,15.64070932946098
154,New Construction,Insulation,13.801252056895452,34.188289715368015
154,New Construction,Other metals,0.1602222803259929,0.7063129264688157
154,New Construction,Roofing and waterproofing,7.345383788855176,5.284238493910027
154,New Construction,Steel,153.05960765304116,220.50636502357216
154,New Construction,Windows and frames,0.8544138239687249,5.704972331394566
154,New Construction,Wood and composites,13.28890990592991,2.2834590453736547
156,New Construction,Adhesives and sealants,0.3487679691859108,0.9403752315461074
156,New Construction,Air and vapor barriers,2.6079545274427613,4.443027937619581
156,New Construction,Aluminum,12.954431489502092,76.7020703913288
156,New Construction,Cladding,2.6798713648069805,6.244100280000266
156,New Construction,Coatings,0.6794843974461515,7.794803820519916
156,New Construction,Concrete,792.2294740997947,178.1825231513066
156,New Construction,Doors and frames,0.5248141170086453,1.5560725109642992
156,New Construction,Glazing,2.773378469037667,3.216410599829322
156,New Construction,Gypsum,38.76900116934517,10.07189235235377
156,New Construction,Insulation,14.999494798587065,31.698333977822834
156,New Construction,Other metals,0.2165624301714643,0.8823133961728826
156,New Construction,Roofing and waterproofing,1.1721491649241935,3.7365625842792576
156,New Construction,Steel,165.58955824637513,291.69266299601725
156,New Construction,Synthetic composites,3.2953404050061192,15.157434237270758
156,New Construction,Windows and frames,0.14019648358130116,1.5912758369904743
156,New Construction,Wood and composites,79.75781825687439,24.18160551475225
157,New Construction,Acoustic ceilings,0.11174596246588293,0.1729316860144951
157,New Construction,Adhesives and sealants,0.0001639465411765044,2.541171388235809e-05
157,New Construction,Air and vapor barriers,0.024173950582211987,0.019580899971591712
157,New Construction,Aluminum,1.9361613267054878,17.367803129479597
157,New Construction,Cladding,2.5025697860422085,5.830987601478347
157,New Construction,Coatings,1.0260342856036715,6.170347773724218
157,New Construction,Concrete,1935.8606621461886,376.52736250950323
157,New Construction,Doors and frames,2.476040483877988,8.907293973594825
157,New Construction,Flooring and tile,1.6672596544159084,0.4387106936113214
157,New Construction,Glazing,5.585421523470693,7.146190189494957
157,New Construction,Gypsum,38.509744818726894,12.575755117076891
157,New Construction,Insulation,10.832183185670571,24.03895442924772
157,New Construction,Masonry,0.4486048741660209,0.2990325498320447
157,New Construction,Other,0.0024615953501651616,0.005735517165884827
157,New Construction,Other metals,0.09742164422028528,0.4066583058255381
157,New Construction,Roofing and waterproofing,0.5770088689401868,3.24278984344385
157,New Construction,Steel,210.57667362450016,322.5055073350047
157,New Construction,Synthetic composites,0.7140471697354784,3.0704277471687527
157,New Construction,Windows and frames,0.23687371323248396,2.4709779402472627
157,New Construction,Wood and composites,7.093573985695744,1.6822071680703494
158,New Construction,Acoustic ceilings,1.1749982270246515,1.8183603235369918
158,New Construction,Adhesives and sealants,0.30284158516789345,0.13733692610984696
158,New Construction,Air and vapor barriers,0.014352326372011356,0.022392100701183092
158,New Construction,Aluminum,4.491811744158815,31.233047326151368
158,New Construction,Applied fireproofing,0.2966303614913285,0.33815861210011444
158,New Construction,Cladding,0.15695594333651433,0.7930987608762227
158,New Construction,Coatings,0.5541222717037323,4.248859764010136
158,New Construction,Concrete,1088.4937062858573,163.73650417167798
158,New Construction,Doors and frames,1.7495236654518866,13.470655732274237
158,New Construction,Flooring and tile,1.6753968931705698,7.189141414833954
158,New Construction,Glazing,11.634688567149206,15.510464993516488
158,New Construction,Gypsum,35.65143561378752,7.374340196562343
158,New Construction,Insulation,5.087129380782038,11.639002928198854
158,New Construction,Masonry,8.37302064997849,2.3804283004518836
158,New Construction,Other metals,0.004763039168347115,0.019600676710321365
158,New Construction,Roofing and waterproofing,2.6721328560061455,1.5927493250978737
158,New Construction,Steel,90.11585433348732,176.00070600169676
158,New Construction,Synthetic composites,0.12153686140370451,0.3548876352988172
158,New Construction,Windows and frames,0.10583744578635927,1.0583744578635927
158,New Construction,Wood and composites,1.3716650854131154,1.1227917367999372
159,New Construction,Acoustic ceilings,2.1983620949740543,7.032798325177339
159,New Construction,Adhesives and sealants,0.054625524012674134,0.19275142996553113
159,New Construction,Air and vapor barriers,0.2755727363614416,0.37012263903867526
159,New Construction,Aluminum,2.7322957866116475,20.233393619676708
159,New Construction,Applied fireproofing,35.946591989858526,41.587666284298066
159,New Construction,Cladding,0.7288027232881399,5.6355168914485425
159,New Construction,Coatings,0.6876497228213448,4.678291300953332
159,New Construction,Concrete,585.8475669759116,98.04246907841126
159,New Construction,Doors and frames,0.7870023865350958,2.801685066020536
159,New Construction,Flooring and tile,4.81159969751378,1.2707991497833515
159,New Construction,Glazing,2.837960230636864,3.896227503789925
159,New Construction,Gypsum,43.48653040361362,14.252501901536434
159,New Construction,Insulation,2.5128898837267877,6.736394281503122
159,New Construction,Masonry,86.40105673681022,13.19741852259484
159,New Construction,Other metals,0.003970028471245916,0.021162348012205942
159,New Construction,Roofing and waterproofing,0.7306054833984242,2.264876998535115
159,New Construction,Steel,127.85835979039119,193.05872945346516
159,New Construction,Synthetic composites,0.0924342389602683,0.14836733938253577
159,New Construction,Windows and frames,0.0386405628,0.290190626628
159,New Construction,Wood and composites,1.6457594169444822,0.6060009640922193
16,New Construction,Acoustic ceilings,0.5623531182795699,0.2411505376344086
16,New Construction,Aluminum,1.1211243010752687,7.365786236559139
16,New Construction,Concrete,989.386966451613,101.59307612903227
16,New Construction,Doors and frames,0.1670886021505376,0.40941462365591397
16,New Construction,Flooring and tile,2.4771483870967743,4.772898064516129
16,New Construction,Glazing,3.8100365591397853,9.671630967741937
16,New Construction,Gypsum,32.110371182795696,9.886005161290324
16,New Construction,Insulation,1.364811182795699,2.0851096774193545
16,New Construction,Masonry,8.136289032258064,2.0218679569892473
16,New Construction,Roofing and waterproofing,0.6027651612903225,0.7263655913978494
16,New Construction,Steel,134.57585333333333,264.57346838709674
16,New Construction,Wood and composites,4.123457204301075,1.0130210752688174
161,New Construction,Acoustic ceilings,2.037394031972566,4.675896952062464
161,New Construction,Adhesives and sealants,0.11903478871132235,0.5691169120653697
161,New Construction,Aluminum,8.859676623605905,58.65071163837552
161,New Construction,Applied fireproofing,49.366282348068424,56.94799227617349
161,New Construction,Cladding,4.999531092442144,36.694037685945744
161,New Construction,Coatings,1.200969512849234,9.910500595922619
161,New Construction,Concrete,782.9396840845934,126.26988813607575
161,New Construction,Doors and frames,0.8233140755614452,5.12822750576825
161,New Construction,Glazing,7.536537865720862,10.124890083288735
161,New Construction,Gypsum,69.74244719190982,18.41913519709213
161,New Construction,Insulation,6.446408169180153,22.81826069464995
161,New Construction,Masonry,102.62848527879933,13.488268488731515
161,New Construction,Other metals,0.07781976743247494,0.4439932458325861
161,New Construction,Roofing and waterproofing,0.8755382325764144,2.7148743461546316
161,New Construction,Steel,183.76326404910037,300.85850954192273
161,New Construction,Synthetic composites,0.4370975751632494,0.44350338181295385
161,New Construction,Windows and frames,0.058609510801594475,0.4401574261199745
164,New Construction,Acoustic ceilings,1.9329218482731785,2.9912797454153073
164,New Construction,Adhesives and sealants,0.22006580025753214,0.10222522994156406
164,New Construction,Air and vapor barriers,2.9519920796703323,2.768274157167868
164,New Construction,Aluminum,3.1667251672611374,23.30789267391138
164,New Construction,Applied fireproofing,29.520315211966658,34.16084049962524
164,New Construction,Cladding,5.947913655273479,3.1702775990759022
164,New Construction,Coatings,0.6775312734402262,3.616832451282576
164,New Construction,Concrete,826.6636878911098,131.3440091337281
164,New Construction,Doors and frames,1.1630254940621156,1.607244525250533
164,New Construction,Flooring and tile,1.570902695208443,3.3240771310227433
164,New Construction,Glazing,6.662071850308035,8.538059220745032
164,New Construction,Gypsum,59.469416232706216,18.70393386754074
164,New Construction,Insulation,11.21056656515243,33.733805720346986
164,New Construction,Masonry,31.776866774055495,17.019493228389717
164,New Construction,Other metals,1.6245143136589961,6.4144002489603595
164,New Construction,Roofing and waterproofing,5.134042380263369,3.2362773812873553
164,New Construction,Steel,134.0875965629347,190.9894063309595
164,New Construction,Synthetic composites,0.006088235059401739,0.017777646373453082
164,New Construction,Wall coverings,0.05341334677212625,0.8092693551658455
164,New Construction,Windows and frames,0.03373615260066435,0.2951925994126543
164,New Construction,Wood and composites,2.3950142117701776,2.625662523752834
165,New Construction,Cladding,1.0356510638297873,5.270365106382979
165,New Construction,Coatings,0.33482340425531915,0.6462089361702128
165,New Construction,Concrete,862.8593817021276,135.4924085106383
165,New Construction,Doors and frames,0.3157902127659574,2.822460425531915
165,New Construction,Insulation,5.166136595744681,12.876259148936171
165,New Construction,Roofing and waterproofing,1.5538608510638299,4.137776170212766
165,New Construction,Steel,36.49389957446809,53.54507106382979
165,New Construction,Synthetic composites,0.04030212765957447,0.12085744680851064
165,New Construction,Windows and frames,2.328664255319149,10.321646382978724
166,New Construction,Adhesives and sealants,0.1159081361221118,0.3175882929745863
166,New Construction,Aluminum,0.1375206377250157,0.6625259788784474
166,New Construction,Cladding,2.8379334502131734,6.612384938996695
166,New Construction,Coatings,1.2956196178946542,5.374441400559915
166,New Construction,Concrete,1463.7388097309529,297.1828764944974
166,New Construction,Doors and frames,4.4391023970891705,6.527800103906658
166,New Construction,Flooring and tile,0.06469484341207843,0.08022160583097726
166,New Construction,Glazing,4.13319008345612,5.538474711831201
166,New Construction,Gypsum,102.55934887738728,24.56236428176217
166,New Construction,Insulation,12.897362002978367,148.52721378731886
166,New Construction,Masonry,6.230178948297848,0.7311871721892619
166,New Construction,Other metals,0.17923597857840348,0.7302084809026143
166,New Construction,Roofing and waterproofing,3.5531444021791887,5.1480095518959414
166,New Construction,Steel,130.02291286091307,236.61762567672702
166,New Construction,Synthetic composites,0.9938003432453885,2.8919589988440806
166,New Construction,Windows and frames,1.3807711872319564,10.377884318874075
166,New Construction,Wood and composites,57.055084555875155,34.82757403989677
167,New Construction,Air and vapor barriers,0.11271264680190161,0.15737596861124384
167,New Construction,Aluminum,6.032286452246816,47.62693559005197
167,New Construction,Applied fireproofing,0.08456089464785824,0.2139390634590813
167,New Construction,Cladding,2.243125282764832,5.226481908842058
167,New Construction,Coatings,0.5512710513136027,3.558797118560973
167,New Construction,Concrete,885.5995532014853,151.2036599807321
167,New Construction,Doors and frames,0.7199898190876145,2.0228618900755575
167,New Construction,Flooring and tile,2.187866079715213,4.7960039745397935
167,New Construction,Glazing,8.554027407642387,11.3209174824603
167,New Construction,Gypsum,27.16301358868981,7.733056462479971
167,New Construction,Insulation,6.432065087687724,13.347939169581174
167,New Construction,Masonry,1.217928796914713,0.21073121300712616
167,New Construction,Other,0.002884339329387051,0.00672051063747183
167,New Construction,Other metals,0.07580579762204533,0.3492239051575635
167,New Construction,Roofing and waterproofing,2.404171040974765,1.7218136948280034
167,New Construction,Steel,69.05469202511348,140.20523922555802
167,New Construction,Synthetic composites,2.228776387095665,6.508027050319341
167,New Construction,Wood and composites,57.2192498369938,14.248044185472763
168,New Construction,Acoustic ceilings,0.535895489593647,1.7033334782447829
168,New Construction,Air and vapor barriers,0.5074548566746585,0.5664601007232237
168,New Construction,Aluminum,1.159221324905188,6.941641375359399
168,New Construction,Cladding,0.4963132626434257,0.3328222370950146
168,New Construction,Coatings,0.23107015781738796,0.7703470019581463
168,New Construction,Concrete,840.5895477387722,170.2293922083845
168,New Construction,Doors and frames,0.8231130019251983,1.6317727935482063
168,New Construction,Glazing,2.642955422754977,3.7048080624242323
168,New Construction,Gypsum,16.94592367108926,4.454196493806317
168,New Construction,Insulation,2.016401324389485,51.54939762702104
168,New Construction,Masonry,6.1408457200362365,1.1649303397477604
168,New Construction,Other metals,0.014798561168308157,0.07767025871812137
168,New Construction,Roofing and waterproofing,0.8526400125576115,1.0802287695095074
168,New Construction,Steel,40.36066135721361,42.775246900279825
168,New Construction,Windows and frames,0.9058413809283428,8.984784176797088
168,New Construction,Wood and composites,0.14678166486366803,0.037700660423192076
169,New Construction,Acoustic ceilings,0.018035821047508564,0.12174179207068281
169,New Construction,Adhesives and sealants,0.0017239427660694277,0.004606827079029571
169,New Construction,Air and vapor barriers,0.2080466614147325,0.3352690989376204
169,New Construction,Aluminum,0.11594119555335708,0.6515895190098667
169,New Construction,Coatings,0.09136885339930564,0.25652292389730996
169,New Construction,Concrete,703.7373863337809,126.5282929333342
169,New Construction,Doors and frames,0.14190442711289894,0.571806159840948
169,New Construction,Glazing,3.5342285633577717,5.062391315707206
169,New Construction,Gypsum,9.88209432867903,2.301000289989789
169,New Construction,Insulation,2.4307231061180867,28.35302722646332
169,New Construction,Masonry,8.631882328263982,1.8154759422863145
169,New Construction,Other metals,0.012017763753481769,0.04877182948232388
169,New Construction,Roofing and waterproofing,0.018074204454804885,0.06538616400443441
169,New Construction,Steel,40.00239678081528,77.44564042362391
169,New Construction,Windows and frames,0.9287503498009574,9.287503498009574
169,New Construction,Wood and composites,0.06563093652619335,0.07941343319669394
17,New Construction,Acoustic ceilings,1.3137923809523808,1.7001714285714284
17,New Construction,Air and vapor barriers,0.35856,1.1151219047619048
17,New Construction,Concrete,866.5630666666666,114.52491904761905
17,New Construction,Doors and frames,0.6360399999999999,1.2014809523809524
17,New Construction,Flooring and tile,7.943275238095238,13.068290476190477
17,New Construction,Glazing,0.9833933333333332,1.8802990476190475
17,New Construction,Gypsum,45.31718095238095,14.017831428571428
17,New Construction,Insulation,30.765595238095237,44.248514285714286
17,New Construction,Masonry,87.39465714285714,16.20455714285714
17,New Construction,Roofing and waterproofing,1.5326019047619048,2.8315980952380952
17,New Construction,Steel,126.94612285714285,187.96325333333334
17,New Construction,Windows and frames,0.00019904761904761904,0.002302857142857143
170,New Construction,Acoustic ceilings,0.24469885142954526,0.6123409629106884
170,New Construction,Adhesives and sealants,0.09597908432133337,0.05967586415833092
170,New Construction,Air and vapor barriers,0.1717581084436162,0.31952446676366225
170,New Construction,Aluminum,1.1859001909543294,9.274746176316462
170,New Construction,Applied fireproofing,0.02279527887001869,0.057672055541147293
170,New Construction,Cladding,1.1974242597710534,0.7956001226920157
170,New Construction,Coatings,0.5726795823763957,1.324460502342828
170,New Construction,Concrete,857.8090037840543,172.70414427455094
170,New Construction,Doors and frames,2.5962476127635172,4.429597745711239
170,New Construction,Flooring and tile,3.171661289179471,3.942507940568163
170,New Construction,Glazing,1.4358836590412927,2.25477293004479
170,New Construction,Gypsum,40.175739255467775,9.101278696851763
170,New Construction,Insulation,2.9625444718716754,7.644082210626127
170,New Construction,Masonry,10.21261503086578,1.8991251004679752
170,New Construction,Other metals,0.06211908171650614,0.29728745566888004
170,New Construction,Roofing and waterproofing,0.1776000210559707,0.40333114593111064
170,New Construction,Steel,41.98607880007878,79.97684779230877
170,New Construction,Synthetic composites,0.19531515022335574,0.5699737494420485
170,New Construction,Windows and frames,0.43672519423997275,1.279155570713517
170,New Construction,Wood and composites,3.159111840473538,2.001430277175805
171,New Construction,Acoustic ceilings,2.944751159998529,9.44606316469028
171,New Construction,Air and vapor barriers,0.04714065664286765,0.06908967381455955
171,New Construction,Aluminum,2.7142654443260295,16.73772338793929
171,New Construction,Applied fireproofing,0.0090088240875,0.022792324941375
171,New Construction,Cladding,0.8570251804827206,6.8133501848376286
171,New Construction,Coatings,0.24096564794683822,0.6535893062561926
171,New Construction,Concrete,1148.5703376498625,223.17274154308842
171,New Construction,Doors and frames,1.8606800508927206,10.79458741371592
171,New Construction,Glazing,7.703172175587279,11.411053956081705
171,New Construction,Gypsum,16.258045941646323,4.053282101467351
171,New Construction,Insulation,3.817874682928897,29.228070991209066
171,New Construction,Masonry,69.61553396333309,10.603958086340528
171,New Construction,Other metals,0.006445466805073529,0.026598943904678676
171,New Construction,Roofing and waterproofing,1.2280457419889705,1.5168655274070073
171,New Construction,Steel,75.26630350873853,139.36648261113265
171,New Construction,Windows and frames,3.053599529638456,30.35715040912267
172,New Construction,Acoustic ceilings,1.1940584676613757,1.8478568662162962
172,New Construction,Adhesives and sealants,0.0073297110060317455,0.017610677596156348
172,New Construction,Air and vapor barriers,2.383441847672963,2.7996413275397374
172,New Construction,Aluminum,8.551857124274392,76.17744012411218
172,New Construction,Applied fireproofing,0.06004231003703704,0.1519070443937037
172,New Construction,Cladding,4.34400827612963,16.88568722977998
172,New Construction,Coatings,1.1922874587051853,5.551942178936761
172,New Construction,Concrete,603.8063932450883,116.77990409387661
172,New Construction,Doors and frames,0.18494531995126984,1.6149214129511111
172,New Construction,Flooring and tile,0.01951945783888889,0.0996749082000635
172,New Construction,Glazing,12.49833190128275,18.98301906004091
172,New Construction,Gypsum,87.32654105373227,23.50455760473129
172,New Construction,Insulation,7.654091754603227,17.21636886075982
172,New Construction,Masonry,5.57891651989418,1.248827516212508
172,New Construction,Other metals,0.258726379176455,1.4982866583338437
172,New Construction,Roofing and waterproofing,0.05503401898148148,0.12371906528956349
172,New Construction,Steel,49.86403061217196,105.3883242061553
172,New Construction,Windows and frames,0.17883751493560845,1.3655925748859947
172,New Construction,Wood and composites,60.28277621298677,22.352554626698442
174,New Construction,Adhesives and sealants,0.3455003664972384,0.7557235571361081
174,New Construction,Air and vapor barriers,0.21843085118756836,0.5722888301114291
174,New Construction,Aluminum,0.7841319141210595,5.147215797591384
174,New Construction,Applied fireproofing,17.521959141258296,19.97503342103446
174,New Construction,Cladding,4.284010861938893,12.358138045468017
174,New Construction,Coatings,0.22528241395439932,1.0115485030461009
174,New Construction,Concrete,1413.9907114464536,272.22555526008375
174,New Construction,Flooring and tile,0.03417965676717389,0.12095925683743686
174,New Construction,Glazing,5.125051653379864,14.7609515392316
174,New Construction,Gypsum,34.66126460050605,11.079882217050322
174,New Construction,Insulation,3.3210619293419072,9.007214220846166
174,New Construction,Other metals,0.16334733901284731,0.7127266368470996
174,New Construction,Roofing and waterproofing,4.233790365030513,5.393346156381337
174,New Construction,Steel,176.38080534130344,286.2604237662473
174,New Construction,Windows and frames,0.0027393010822459444,0.027393010822459443
174,New Construction,Wood and composites,12.980875851139839,4.16536548956285
175,New Construction,Acoustic ceilings,1.0957725641453757,1.6957552006761802
175,New Construction,Adhesives and sealants,0.3273558380639979,0.3443217133322939
175,New Construction,Air and vapor barriers,0.1555264276774114,0.12597640641870322
175,New Construction,Aluminum,1.3142071881747877,11.918340738384959
175,New Construction,Applied fireproofing,5.436104227657641,6.246480544046382
175,New Construction,Cladding,1.0432800391527757,4.33867791438767
175,New Construction,Coatings,0.8248334869722423,2.569445606432153
175,New Construction,Concrete,480.26202763491716,92.21633743236097
175,New Construction,Doors and frames,2.6233648432715637,5.226196994737006
175,New Construction,Flooring and tile,2.3557856826947807,9.043005272481976
175,New Construction,Glazing,3.1598985964020327,4.269534687281379
175,New Construction,Gypsum,102.46644571610592,22.41210216216304
175,New Construction,Insulation,6.371226394914349,11.729230840974878
175,New Construction,Masonry,29.50064129291274,8.292767147557775
175,New Construction,Other metals,0.012557256255397768,0.06995950893703698
175,New Construction,Roofing and waterproofing,0.42758463761796467,1.3639949940013076
175,New Construction,Steel,20.879386130808093,39.67305832023717
175,New Construction,Synthetic composites,0.04318842616227015,0.0592280458375022
175,New Construction,Wall coverings,0.002268177028275163,0.02941299531623774
175,New Construction,Windows and frames,0.39520347587219323,1.1163390243074238
175,New Construction,Wood and composites,31.92932712358398,7.9370359241789386
176,New Construction,Acoustic ceilings,0.596337835954873,0.9228584651315411
176,New Construction,Adhesives and sealants,0.3222001806681405,0.17314148833197168
176,New Construction,Aluminum,0.41912603153615335,3.158390798039567
176,New Construction,Applied fireproofing,0.6714037177043528,0.7669610246158732
176,New Construction,Cladding,0.2854405984222376,1.834174012285868
176,New Construction,Coatings,0.7769377989863239,2.0344550015817613
176,New Construction,Concrete,159.59190918086227,31.374752098148498
176,New Construction,Doors and frames,3.0076335405859633,4.259710386168767
176,New Construction,Flooring and tile,2.6662536345091796,9.749574310083291
176,New Construction,Glazing,2.451769073307122,3.29359425619944
176,New Construction,Gypsum,92.79172602882694,20.359645046335416
176,New Construction,Insulation,3.623111943890723,7.392476685141122
176,New Construction,Masonry,25.33528298557779,7.138602288086413
176,New Construction,Other metals,0.004157865219960789,0.024032460971373366
176,New Construction,Roofing and waterproofing,0.2784040846112914,0.8869203581897217
176,New Construction,Steel,6.151695087582656,11.908371854640341
176,New Construction,Wall coverings,0.07217135448219919,0.01919758029226499
176,New Construction,Windows and frames,0.6276051675675636,1.6819818490810703
176,New Construction,Wood and composites,33.7952886896164,8.36612396069372
177,New Construction,Acoustic ceilings,1.6833400041592441,2.6050411006463117
177,New Construction,Adhesives and sealants,0.5946870941703597,1.6214612962996082
177,New Construction,Air and vapor barriers,2.796621843469642,3.2201000360058925
177,New Construction,Aluminum,0.6242908498409799,5.156245348608075
177,New Construction,Applied fireproofing,32.1996474754076,36.70759812196466
177,New Construction,Coatings,0.5913048871943759,2.5435975811866345
177,New Construction,Concrete,585.9152547760988,87.29676161478902
177,New Construction,Doors and frames,0.9456256305999654,3.140439082941721
177,New Construction,Flooring and tile,0.026520337299300423,0.1274139666510742
177,New Construction,Glazing,6.097924295099215,15.947484189594771
177,New Construction,Gypsum,50.74845990018319,12.240467701078883
177,New Construction,Insulation,11.062091759504538,39.56848470334313
177,New Construction,Masonry,2.2185362973132507,0.6283576544938407
177,New Construction,Other metals,0.11009116851327384,0.447072319532538
177,New Construction,Roofing and waterproofing,1.5215426379950858,4.716782177784767
177,New Construction,Steel,77.51165814466037,139.1678665771918
177,New Construction,Synthetic composites,0.8511499842241446,1.0298914809112147
177,New Construction,Windows and frames,1.5539209039727786,15.539209039727783
177,New Construction,Wood and composites,4.22106195252949,1.07504846891067
178,New Construction,Aluminum,1.793371914010909,12.572206089972841
178,New Construction,Cladding,1.0696457750626698,2.4922746558960207
178,New Construction,Coatings,0.40558078864733216,2.5890306995046304
178,New Construction,Concrete,1522.693719126029,309.80887642407276
178,New Construction,Doors and frames,6.082449675517321,7.529230283223006
178,New Construction,Flooring and tile,0.007129293461573034,0.008840323892350562
178,New Construction,Glazing,4.393058859116443,5.886698871216035
178,New Construction,Gypsum,13.328377314148948,4.027446640207308
178,New Construction,Insulation,3.5994868729961293,129.5907452908321
178,New Construction,Masonry,1.093090523768621,0.12114951938228706
178,New Construction,Other metals,0.03497659348442639,0.1426035231912877
178,New Construction,Roofing and waterproofing,6.50028222214553,4.315039262375002
178,New Construction,Steel,110.87538563134622,176.78258116116837
178,New Construction,Windows and frames,0.2324021390183025,2.324021390183025
178,New Construction,Wood and composites,42.48528461839452,15.346964309499509
179,New Construction,Acoustic ceilings,0.09930157575380974,0.31562814337583067
179,New Construction,Adhesives and sealants,0.20544677173140402,0.10805340096872797
179,New Construction,Air and vapor barriers,1.1605842703570382,4.653354532113125
179,New Construction,Aluminum,1.8797022928156295,12.179117579087865
179,New Construction,Applied fireproofing,39.003389457808616,44.46386398190182
179,New Construction,Cladding,0.8353695808334543,1.7770341776394418
179,New Construction,Coatings,0.5098095220846358,3.876456998638189
179,New Construction,Concrete,683.3334875771504,144.64036526728262
179,New Construction,Doors and frames,0.5618291170990487,1.287007563704951
179,New Construction,Flooring and tile,1.9340661889414439,7.754741367612204
179,New Construction,Glazing,7.026601146899116,9.30452164850114
179,New Construction,Gypsum,45.468432308520704,9.287198099392084
179,New Construction,Insulation,5.609006447312433,28.904607574621494
179,New Construction,Masonry,54.66634421440314,14.760885475067347
179,New Construction,Other metals,0.03968766473209436,0.21795378492578274
179,New Construction,Roofing and waterproofing,1.0170330938568797,2.5442791385426538
179,New Construction,Steel,185.98471656423314,365.0467581185108
179,New Construction,Windows and frames,0.0815186602009496,0.815186602009496
179,New Construction,Wood and composites,0.1626197381753043,0.042931610878280346
18,New Construction,Acoustic ceilings,2.8941893449512563,4.588163418974316
18,New Construction,Adhesives and sealants,0.20696602528241206,0.16679357522953187
18,New Construction,Air and vapor barriers,0.6432954306877388,0.6322852732358976
18,New Construction,Aluminum,2.655772002960151,23.156197663057803
18,New Construction,Cladding,0.7173405957576884,2.999338746598573
18,New Construction,Coatings,0.7321354798035176,1.9685372243431594
18,New Construction,Concrete,628.806442652587,134.7540007810374
18,New Construction,Doors and frames,2.2374276668381907,5.079345880351993
18,New Construction,Flooring and tile,1.7962965955436683,2.2903771096658336
18,New Construction,Glazing,1.9048818286430653,3.327758244786785
18,New Construction,Gypsum,50.360134225705224,13.60071010839904
18,New Construction,Insulation,6.859588784656935,41.83006622695591
18,New Construction,Masonry,19.47354413311377,5.58968197063358
18,New Construction,Other,0.011957970125125627,0.03325448082903015
18,New Construction,Other metals,1.7418558310186936,2.058763257147188
18,New Construction,Roofing and waterproofing,0.7377540524924624,2.354805407113417
18,New Construction,Steel,94.04563825304683,134.17570284598173
18,New Construction,Synthetic composites,0.4034619604164824,1.5238301493714392
18,New Construction,Wall coverings,0.0016337396158291459,0.004720986478516834
18,New Construction,Windows and frames,0.006915203163819095,0.053838875453746736
18,New Construction,Wood and composites,3.2311185659862307,1.2302475868592717
180,New Construction,Acoustic ceilings,1.009147854087151,1.3724410815585257
180,New Construction,Adhesives and sealants,0.3319485970441334,0.147234690320803
180,New Construction,Air and vapor barriers,0.28729829687875447,0.7527215378223366
180,New Construction,Aluminum,2.762288092379292,26.09548447137215
180,New Construction,Cladding,2.0821711133733585,4.851458694159926
180,New Construction,Coatings,0.8004819131623523,4.539144532000475
180,New Construction,Concrete,512.2699222460411,80.59418411070554
180,New Construction,Doors and frames,1.7068037916781635,5.797589837463645
180,New Construction,Flooring and tile,2.381908049743279,11.390486433174216
180,New Construction,Glazing,5.802143152554192,7.774871824422618
180,New Construction,Gypsum,58.007391553707436,11.77550048540261
180,New Construction,Insulation,8.187709404965693,20.81348190672526
180,New Construction,Masonry,57.19832901372812,15.667275125396152
180,New Construction,Other,0.0018504722527861875,0.004311600348991817
180,New Construction,Other metals,0.23719709140647613,0.9606482201962282
180,New Construction,Roofing and waterproofing,0.9186566130570801,2.9305145956520864
180,New Construction,Steel,35.65334767884046,58.158012632597575
180,New Construction,Wall coverings,0.2734727400519773,4.294248063774679
180,New Construction,Windows and frames,0.7364337636145833,2.145010747580521
180,New Construction,Wood and composites,93.59480367076043,31.03822864277357
181,New Construction,Acoustic ceilings,0.5480385868094347,0.9529893547400351
181,New Construction,Adhesives and sealants,0.04107489359878457,0.018575878332496066
181,New Construction,Air and vapor barriers,1.7955218834256548,2.4373518937377936
181,New Construction,Aluminum,0.5009770067415901,4.748205059537574
181,New Construction,Cladding,3.12603528180576,7.2836622066074215
181,New Construction,Coatings,0.45269592239860823,4.133908517326426
181,New Construction,Concrete,572.5983584192833,106.05040809753929
181,New Construction,Doors and frames,1.1483748607818414,1.881176933688767
181,New Construction,Flooring and tile,2.095178393591688,2.3708799600944217
181,New Construction,Glazing,1.7513263717932979,2.346777338203019
181,New Construction,Gypsum,24.477484707026584,6.794063440502529
181,New Construction,Insulation,12.463107326463668,22.88023201428433
181,New Construction,Masonry,35.31129844480088,8.777438058804561
181,New Construction,Other metals,0.2978399548325125,1.4983300368088301
181,New Construction,Roofing and waterproofing,1.2078591715653446,3.853070757293448
181,New Construction,Steel,40.57179426036087,80.22351604835856
181,New Construction,Synthetic composites,0.007208846563748775,0.03763017906276861
181,New Construction,Windows and frames,0.09920839650470598,0.6231076916362808
181,New Construction,Wood and composites,22.6394412662631,7.968524371455135
182,New Construction,Acoustic ceilings,2.096574254956071,3.277540151829408
182,New Construction,Adhesives and sealants,0.3179611215021874,0.14338766218751017
182,New Construction,Air and vapor barriers,0.8938422897119211,1.2819795612419211
182,New Construction,Aluminum,1.7936226046926604,16.702393437286627
182,New Construction,Cladding,1.516587205905153,3.5336481897590053
182,New Construction,Coatings,0.5418253063555591,2.9381860021334076
182,New Construction,Concrete,366.939726791251,62.54606155724075
182,New Construction,Doors and frames,1.8734739013483401,2.6629802378583793
182,New Construction,Flooring and tile,5.542031380286335,18.534153562543292
182,New Construction,Glazing,5.439514782069984,7.288949807973781
182,New Construction,Gypsum,40.80096340517196,9.30418698906205
182,New Construction,Insulation,8.456651786517288,20.472434871997365
182,New Construction,Masonry,19.886537377799655,4.896254176312082
182,New Construction,Other metals,0.14078086925048555,0.6396967384839654
182,New Construction,Roofing and waterproofing,0.8798390208743917,2.8066864765893094
182,New Construction,Steel,23.72430124416125,46.199442307229525
182,New Construction,Synthetic composites,0.005111960235112931,0.026684432427289496
182,New Construction,Windows and frames,0.13246091888366354,1.0288203395632116
182,New Construction,Wood and composites,94.69745301556263,34.106132864988126
183,New Construction,Acoustic ceilings,3.5745957745809576,5.537540135996797
183,New Construction,Adhesives and sealants,0.2991772530641612,0.14182836473392255
183,New Construction,Air and vapor barriers,0.4550292300828403,0.9249679604131867
183,New Construction,Aluminum,2.001238483442017,18.033990541991415
183,New Construction,Cladding,0.4854226967529516,1.1310348834343773
183,New Construction,Coatings,0.6645267616298756,2.2855320547154423
183,New Construction,Concrete,465.279250973335,89.26101833157605
183,New Construction,Doors and frames,1.2583877151463025,3.6082027058187727
183,New Construction,Flooring and tile,2.208061561457179,10.576614879379887
183,New Construction,Glazing,3.078315056812266,4.1545690511292515
183,New Construction,Gypsum,41.67657463112146,8.724582982904874
183,New Construction,Insulation,9.087766280060093,21.863477402517358
183,New Construction,Masonry,59.17924180008893,6.993594452051452
183,New Construction,Other metals,0.04653296623890502,0.19563482200940469
183,New Construction,Roofing and waterproofing,1.0581731288099132,3.4014666644070566
183,New Construction,Steel,76.99883778049633,124.26871976042841
183,New Construction,Wood and composites,9.371599730830239,2.446216623699244
184,New Construction,Acoustic ceilings,0.09463795725404717,0.1575188551294593
184,New Construction,Adhesives and sealants,0.28260585291622503,0.10593227822880871
184,New Construction,Air and vapor barriers,1.129187446945115,1.5648767839595707
184,New Construction,Aluminum,0.259582389856702,1.6172630987492838
184,New Construction,Cladding,3.416547124918548,2.720888504981762
184,New Construction,Coatings,0.8223244945227679,2.1758280295751264
184,New Construction,Concrete,323.8858390890675,47.85082351227107
184,New Construction,Doors and frames,5.324061841453303,6.8211414169384605
184,New Construction,Flooring and tile,5.519408851272234,13.11694761528873
184,New Construction,Glazing,3.347898487434646,4.392234455439325
184,New Construction,Gypsum,88.10333694413275,19.302982191482037
184,New Construction,Insulation,3.6389995693768658,21.158354820580183
184,New Construction,Masonry,3.8907956603777714,1.0336071236415252
184,New Construction,Other metals,0.07950981064705603,0.3659329924965065
184,New Construction,Roofing and waterproofing,1.9972973433007242,1.4073077975823658
184,New Construction,Steel,12.13874913010063,21.89087865555462
184,New Construction,Synthetic composites,0.010260123738670404,0.029959561316917575
184,New Construction,Windows and frames,0.5525872680851064,1.4809338784680852
184,New Construction,Wood and composites,26.383577951691635,7.440702247648802
185,New Construction,Acoustic ceilings,0.5729505863376017,0.9507084541285782
185,New Construction,Adhesives and sealants,0.058975521929171416,0.152746601796554
185,New Construction,Air and vapor barriers,0.3418737230943116,0.7768279430851743
185,New Construction,Aluminum,1.17640465186017,11.334882744680538
185,New Construction,Cladding,1.7660886429852825,4.114986538155709
185,New Construction,Coatings,0.6371761139781127,3.637404648697829
185,New Construction,Concrete,460.88384739601923,89.02112136544064
185,New Construction,Doors and frames,1.3408984297774822,5.238295139959224
185,New Construction,Flooring and tile,0.1954823871950889,0.05121638544511329
185,New Construction,Glazing,4.227502409658258,5.686810840909855
185,New Construction,Gypsum,34.40240516874801,10.036569429076511
185,New Construction,Insulation,13.181744512739268,32.34293085494153
185,New Construction,Masonry,0.05839433187161264,0.030799165236780404
185,New Construction,Other metals,0.13662101405507424,0.5597844625226741
185,New Construction,Roofing and waterproofing,0.9361332004303554,2.9862649093728337
185,New Construction,Steel,21.81940495776008,42.57292667018879
185,New Construction,Synthetic composites,1.4807284681569601,3.7197289997306417
185,New Construction,Windows and frames,0.1017086080909111,1.0601540086302221
185,New Construction,Wood and composites,62.546996730374104,19.908179422398838
186,New Construction,Acoustic ceilings,2.0265337171852864,3.136148141236598
186,New Construction,Adhesives and sealants,0.08880524644746773,0.2433263752660616
186,New Construction,Air and vapor barriers,4.571120242603588,11.01407565086924
186,New Construction,Aluminum,2.5717822078290773,15.764275619226702
186,New Construction,Cladding,0.09445187921243829,0.2200728785649812
186,New Construction,Coatings,0.5905806996581812,5.191815443604802
186,New Construction,Concrete,493.2500029818308,68.42580314657064
186,New Construction,Doors and frames,0.04999867648036129,0.23417331403135483
186,New Construction,Glazing,2.1261972249831085,3.314767878573259
186,New Construction,Gypsum,12.611186993898706,3.3110000688164765
186,New Construction,Insulation,6.9812164572622,51.64337981464138
186,New Construction,Other,0.028103743320487536,0.06548172193673597
186,New Construction,Other metals,0.04116509747984167,0.19515916119066962
186,New Construction,Roofing and waterproofing,2.159663710496084,2.153083953461954
186,New Construction,Steel,85.72096089452216,121.540623223167
186,New Construction,Synthetic composites,0.13038952632586626,0.21589214083590325
186,New Construction,Windows and frames,0.3119214225804254,0.8359494125155401
186,New Construction,Wood and composites,31.821217983099928,11.813060887209355
187,New Construction,Acoustic ceilings,0.3681981918074534,0.9353135115815527
187,New Construction,Adhesives and sealants,0.1315003761242236,0.31616668425927946
187,New Construction,Air and vapor barriers,0.15581651379565217,0.4082392661446087
187,New Construction,Aluminum,5.420375680417392,32.856675001611116
187,New Construction,Cladding,2.771778827391304,8.379490673872672
187,New Construction,Coatings,0.9822826140720496,6.408091497086429
187,New Construction,Concrete,895.4268989697516,140.4864813373642
187,New Construction,Doors and frames,1.1502985010751552,3.910909644606
187,New Construction,Flooring and tile,1.2253098385093169,5.869234126459627
187,New Construction,Glazing,4.97987863289441,6.5030843384541
187,New Construction,Gypsum,56.43960795436646,11.457240414736392
187,New Construction,Insulation,10.187984340842236,20.150054552263434
187,New Construction,Masonry,31.268876289925462,8.306715670226584
187,New Construction,Other metals,0.13708007712857143,0.5803066350143353
187,New Construction,Roofing and waterproofing,1.1387551975689443,3.379474373677106
187,New Construction,Steel,53.45266078754907,108.80727202476916
187,New Construction,Synthetic composites,13.694879056521739,64.09203398452173
187,New Construction,Windows and frames,1.526673785590062,4.091485745381366
187,New Construction,Wood and composites,58.64917688754845,20.329778286890626
189,New Construction,Adhesives and sealants,0.027189391421422,0.07449893249469629
189,New Construction,Aluminum,0.0005488532391815817,0.003907835062972861
189,New Construction,Cladding,0.19833015412620333,0.4621092591140538
189,New Construction,Coatings,0.07767075524959124,0.36254223612707975
189,New Construction,Concrete,1206.7546996367698,245.88123623065135
189,New Construction,Doors and frames,0.7050431309563417,1.0411732730000112
189,New Construction,Flooring and tile,0.0026437796586666665,0.0032782867767466666
189,New Construction,Glazing,0.2508078773673917,0.33608255567230483
189,New Construction,Gypsum,5.202147111437413,1.2903731080631815
189,New Construction,Insulation,5.721263664717052,12.252723252743912
189,New Construction,Masonry,2.2216761536064373,0.2462330359470587
189,New Construction,Other metals,0.0071253283566593585,0.029033414099810213
189,New Construction,Roofing and waterproofing,0.820111531700664,0.7545308600192429
189,New Construction,Steel,59.48330801608639,80.65488613831539
189,New Construction,Windows and frames,0.030275259785756407,0.29633162687089737
189,New Construction,Wood and composites,34.89957296487585,9.353571892266178
19,New Construction,Acoustic ceilings,1.131994678277487,1.7518104811441364
19,New Construction,Coatings,2.273675777033508,4.997399046448884
19,New Construction,Concrete,571.1671555026178,105.84432417250676
19,New Construction,Doors and frames,0.010743003141361257,0.09400127748691099
19,New Construction,Flooring and tile,3.3665016376963353,0.8820234290764399
19,New Construction,Glazing,7.444450957774869,36.85950741973272
19,New Construction,Gypsum,116.69016873365446,29.14325383213825
19,New Construction,Insulation,24.626519361010473,46.211604021601936
19,New Construction,Masonry,308.38053208257537,66.22079520646543
19,New Construction,Other metals,0.00015673872408376963,0.001420052840198953
19,New Construction,Steel,27.42361819458168,60.8404590566222
19,New Construction,Windows and frames,0.43650042836649217,4.365004283664922
19,New Construction,Wood and composites,315.6651293365393,73.18764291077603
190,New Construction,Acoustic ceilings,1.6656463851752328,5.43572316039347
190,New Construction,Adhesives and sealants,0.11402675289846924,0.3124333029418057
190,New Construction,Air and vapor barriers,1.051152216143042,1.155282441051157
190,New Construction,Aluminum,6.114614014101223,33.0062117928797
190,New Construction,Applied fireproofing,16.320667128347868,18.60556052631657
190,New Construction,Cladding,2.8804140354555825,3.619425942134497
190,New Construction,Coatings,0.8890218374710512,3.137811132461083
190,New Construction,Concrete,1425.9480274069551,294.7225434045664
190,New Construction,Doors and frames,1.8054572174371148,7.47704525535893
190,New Construction,Flooring and tile,0.4641157308074127,0.12159832147154213
190,New Construction,Glazing,5.733815958953348,7.9038477879267806
190,New Construction,Gypsum,69.18654126824909,16.7071835076049
190,New Construction,Insulation,9.401429681167123,82.01481755380875
190,New Construction,Masonry,62.40010771421972,6.930919468620519
190,New Construction,Other metals,0.06471278428641962,0.3711978781527608
190,New Construction,Roofing and waterproofing,4.431509397333035,4.492989839719236
190,New Construction,Steel,76.77494588770922,119.96845882729365
190,New Construction,Windows and frames,2.440807995298218,24.39314475298218
190,New Construction,Wood and composites,9.472840013035608,2.2380806058361813
191,New Construction,Adhesives and sealants,0.1078308779156929,0.2954566054889986
191,New Construction,Air and vapor barriers,5.769095590289898e-06,1.5115030446559528e-05
191,New Construction,Aluminum,1.5037744672797333,11.085447324482523
191,New Construction,Applied fireproofing,0.025354002996778875,0.028903563416327917
191,New Construction,Cladding,2.905302595926746,1.8739201743727514
191,New Construction,Coatings,0.688403308331469,1.6174669452759802
191,New Construction,Concrete,309.52244994334933,63.85275085751306
191,New Construction,Doors and frames,0.06358537928347131,0.3801010280669892
191,New Construction,Flooring and tile,0.20941721108257896,0.05486730930363569
191,New Construction,Glazing,2.0079333987664336,3.981848616857035
191,New Construction,Gypsum,55.89335084284038,11.346353654781366
191,New Construction,Insulation,3.1699189813210165,65.80913836065619
191,New Construction,Masonry,0.0534013888260576,0.010597296195320044
191,New Construction,Other metals,0.056717348989778246,0.32800954243825525
191,New Construction,Roofing and waterproofing,1.21951677395405,0.7691973351322442
191,New Construction,Steel,11.198117689128935,21.996605454761728
191,New Construction,Windows and frames,0.6476249043478239,1.7356347436521682
191,New Construction,Wood and composites,32.08968018499046,8.718726574190534
192,New Construction,Adhesives and sealants,0.0322403411856603,0.08833853484870921
192,New Construction,Aluminum,0.720821197011426,5.574526595945063
192,New Construction,Applied fireproofing,0.009528754419698122,0.010862780038455859
192,New Construction,Cladding,0.7804136499615796,0.5033668042252188
192,New Construction,Coatings,0.5484012763709198,1.3500544795646208
192,New Construction,Concrete,333.82299877514237,67.27037864789604
192,New Construction,Flooring and tile,0.05426762362367722,0.014218117389403432
192,New Construction,Glazing,1.2026995933581959,2.427802179685449
192,New Construction,Gypsum,42.83354510268488,8.952247691596646
192,New Construction,Insulation,1.4821447161451475,3.2848376725004433
192,New Construction,Masonry,47.19598760872298,8.932901709046716
192,New Construction,Other metals,0.002666886058550915,0.01541460141842429
192,New Construction,Roofing and waterproofing,0.15033924849337324,0.479909108467299
192,New Construction,Steel,21.292193684767593,38.07607734443687
192,New Construction,Windows and frames,0.17376285773913025,0.4656844587408691
192,New Construction,Wood and composites,16.8215286783955,4.697726975572834
193,New Construction,Acoustic ceilings,0.7811133485143575,1.446155505574736
193,New Construction,Adhesives and sealants,0.5735966744703769,1.2054225154433424
193,New Construction,Aluminum,5.360939257900588,22.95328805981478
193,New Construction,Applied fireproofing,0.33468997379487037,0.5118042583729103
193,New Construction,Cladding,0.8469995701007449,0.5463147227149806
193,New Construction,Coatings,0.6580411602301753,3.472751713142082
193,New Construction,Concrete,229.3636499777929,40.021579714966634
193,New Construction,Doors and frames,0.0064749759375,0.056656039453125
193,New Construction,Flooring and tile,13.800057108485802,10.439707469206299
193,New Construction,Glazing,8.205959064750585,10.995985146765785
193,New Construction,Gypsum,37.56675014788263,7.650856675513297
193,New Construction,Insulation,10.394158595910564,31.335129503777235
193,New Construction,Masonry,41.21641662298031,6.552334887487673
193,New Construction,Other metals,0.008749541986646937,0.05088221060737205
193,New Construction,Roofing and waterproofing,3.499813881819965,2.204882745546578
193,New Construction,Steel,16.670983674725694,41.43809133736791
193,New Construction,Wood and composites,124.61345377691175,47.56712491382888
194,New Construction,Adhesives and sealants,0.2672193571156967,0.7321810384970091
194,New Construction,Air and vapor barriers,0.002387074533923213,0.006254135278878818
194,New Construction,Aluminum,7.851451130833761,47.15717628893942
194,New Construction,Applied fireproofing,0.12248708996121901,0.13963528255578966
194,New Construction,Cladding,9.677523925974477,6.2526248958036525
194,New Construction,Coatings,0.9217451378350886,2.398151405655963
194,New Construction,Concrete,341.2851154620721,73.71119911346744
194,New Construction,Doors and frames,0.001780085695849843,0.0052755260301288204
194,New Construction,Flooring and tile,0.02905123432032341,0.007611423391924733
194,New Construction,Glazing,2.803196353668965,3.706766950530398
194,New Construction,Gypsum,82.22518173741462,16.691711892695167
194,New Construction,Insulation,2.5181508748185055,5.750333012595228
194,New Construction,Masonry,29.42700634222616,6.943506237525721
194,New Construction,Other metals,0.014881276952472223,0.08403115853014467
194,New Construction,Roofing and waterproofing,2.4969845660430816,1.7493757082213048
194,New Construction,Steel,9.380537482873779,19.664541979109977
194,New Construction,Synthetic composites,0.5244871912542257,0.6346295014176132
194,New Construction,Windows and frames,0.5160276074255636,1.384667697704297
194,New Construction,Wood and composites,28.65797185773224,7.539352603024084
195,New Construction,Adhesives and sealants,0.010208310309591836,0.026648334519004082
195,New Construction,Air and vapor barriers,0.17432671427791838,1.220648362559591
195,New Construction,Aluminum,0.6916601251172245,4.885986488672844
195,New Construction,Applied fireproofing,42.36037436311343,48.290826773949306
195,New Construction,Cladding,5.628519723440367,13.46283070702224
195,New Construction,Coatings,0.47717531521053064,3.05352174121628
195,New Construction,Concrete,542.8100778471266,90.97886433395956
195,New Construction,Doors and frames,0.49939899148840816,1.7162188679153654
195,New Construction,Flooring and tile,0.7006228609795919,0.1835631895766531
195,New Construction,Glazing,16.18533893059702,25.879385835290314
195,New Construction,Gypsum,24.587028668999796,6.149035356529469
195,New Construction,Insulation,7.461453523675959,13.436461423921655
195,New Construction,Masonry,0.1786588295330612,0.035454144097682445
195,New Construction,Other metals,0.3128172127667755,1.7747336526409965
195,New Construction,Roofing and waterproofing,0.04663039046367347,0.09183234321120654
195,New Construction,Steel,146.91236809262665,220.34410222155813
195,New Construction,Synthetic composites,0.06706783359183673,0.1951673957522449
195,New Construction,Wall coverings,0.14881498632653062,0.039584786362857144
195,New Construction,Windows and frames,6.662350225047755,66.60356259370613
195,New Construction,Wood and composites,2.4030230070661225,4.620141387717804
196,New Construction,Acoustic ceilings,0.006106486149394366,0.009570680562612817
196,New Construction,Adhesives and sealants,0.010457594963507042,0.027940218378400848
196,New Construction,Air and vapor barriers,0.04157084925915493,0.4116784329911267
196,New Construction,Aluminum,1.655709516254352,11.270072412279177
196,New Construction,Applied fireproofing,1.8330597269566198,2.0896880887305462
196,New Construction,Cladding,2.2402325464152537,7.8940200025007154
196,New Construction,Coatings,0.5674657040667606,1.9176054387153358
196,New Construction,Concrete,1337.0961680513253,276.04906548124615
196,New Construction,Doors and frames,4.560870147339352,10.296508633335407
196,New Construction,Flooring and tile,0.11472671689584507,0.09017669810298254
196,New Construction,Glazing,5.955528161092324,9.23601082989241
196,New Construction,Gypsum,41.354366417918975,9.40609771520082
196,New Construction,Insulation,19.022165421077112,54.093763619413664
196,New Construction,Masonry,4.209994912369859,0.6448624731890001
196,New Construction,Other metals,0.02813611746647887,0.14953479038248507
196,New Construction,Roofing and waterproofing,0.2057313364693521,0.20013801456457778
196,New Construction,Steel,98.05019338353888,193.63355178434537
196,New Construction,Wall coverings,0.00021013602880281688,0.0033776280713334506
196,New Construction,Windows and frames,2.9637957156617323,29.637957156617325
196,New Construction,Wood and composites,0.08987047304422535,0.05511089869336057
197,New Construction,Acoustic ceilings,2.299315836137826,4.771876338260301
197,New Construction,Adhesives and sealants,0.049707176362927534,0.12255554704161419
197,New Construction,Air and vapor barriers,0.16658657089528986,0.39962543338918044
197,New Construction,Aluminum,2.085082353606681,12.179327503274942
197,New Construction,Applied fireproofing,22.233351164413623,25.34602032743153
197,New Construction,Cladding,0.29563927100434784,2.329354484702926
197,New Construction,Coatings,0.7530003474445652,2.3889502103556057
197,New Construction,Concrete,546.5628419576047,112.03823827571487
197,New Construction,Doors and frames,1.5358189978733334,4.383705134298231
197,New Construction,Flooring and tile,0.965392860603203,1.304581289490117
197,New Construction,Glazing,10.28371851170942,16.514628854584846
197,New Construction,Gypsum,58.09061513618074,13.45225526671927
197,New Construction,Insulation,7.397679883012261,13.4253645635212
197,New Construction,Masonry,46.251873576572955,7.097055243319146
197,New Construction,Other,6.804011028985508e-05,0.0001932339132231884
197,New Construction,Other metals,3.5325257841033766,4.184356939160414
197,New Construction,Roofing and waterproofing,0.17313719989994203,0.1442878451917756
197,New Construction,Steel,199.37560149747685,268.3915232508089
197,New Construction,Synthetic composites,0.5562752107083623,1.7914844571953579
197,New Construction,Wall coverings,0.018210102115304345,0.3140990194146435
197,New Construction,Windows and frames,2.4684526049885216,24.657473052464983
197,New Construction,Wood and composites,1.2160383595769857,0.817297397512075
198,New Construction,Acoustic ceilings,0.33901281837603015,0.9147683863430915
198,New Construction,Adhesives and sealants,0.39102572705573624,1.003385307731371
198,New Construction,Air and vapor barriers,0.4244822110601103,0.861698888452024
198,New Construction,Aluminum,2.5020869678903477,17.466943581236603
198,New Construction,Cladding,3.386398061502927,2.215513353033555
198,New Construction,Coatings,0.3894738989251144,1.274384492540808
198,New Construction,Concrete,157.30836180139391,26.587624064672422
198,New Construction,Flooring and tile,4.163903769496386,2.448326577294926
198,New Construction,Glazing,1.5810137063600556,7.3889785401885755
198,New Construction,Gypsum,87.60341835287528,17.783493925633685
198,New Construction,Insulation,5.624562667554668,327.1342549620215
198,New Construction,Masonry,0.871985902856242,0.17573753359037667
198,New Construction,Other metals,0.07102864726077918,0.41054558116730366
198,New Construction,Roofing and waterproofing,4.08285794659829,2.5722005063569227
198,New Construction,Steel,3.442177437749068,7.22065962788325
198,New Construction,Windows and frames,0.020998577684977777,0.21438952153669688
198,New Construction,Wood and composites,48.404305303633706,21.384220862781593
2,New Construction,Aluminum,10.205828349999999,92.56686300000001
2,New Construction,Concrete,1968.90919425,271.89909935000003
2,New Construction,Glazing,9.5864283,13.7085925
2,New Construction,Insulation,24.064807050000002,15.53122825
2,New Construction,Masonry,32.8192974,12.941821149999999
2,New Construction,Steel,118.09829485,98.948678
2,New Construction,Windows and frames,0.67305465,3.1421025
20,New Construction,Acoustic ceilings,0.6466688243390885,1.0007478357002155
20,New Construction,Adhesives and sealants,0.09854241345059354,0.04452767234509448
20,New Construction,Aluminum,6.328153313924889,51.50620813178194
20,New Construction,Cladding,15.071546248941383,31.152193928551334
20,New Construction,Coatings,1.5896492791390269,11.147172342163069
20,New Construction,Concrete,870.8988678865219,70.03584274344915
20,New Construction,Doors and frames,1.4505469611756991,4.11214016821281
20,New Construction,Flooring and tile,1.6669785446656435,3.8957587103159534
20,New Construction,Glazing,8.97685892086865,12.043503372414968
20,New Construction,Gypsum,62.682067519094154,14.99421058338087
20,New Construction,Insulation,11.898882088421093,25.190335410318003
20,New Construction,Masonry,0.25148957959056745,0.13264419454559667
20,New Construction,Other metals,0.23260552714958546,1.144478340660753
20,New Construction,Roofing and waterproofing,6.947978879439321,4.30513119555659
20,New Construction,Steel,162.77370073351088,247.53211634554222
20,New Construction,Wall coverings,0.0032458958509726478,0.0015937348628275699
20,New Construction,Wood and composites,4.837818092834564,1.2039534852039449
200,New Construction,Air and vapor barriers,0.35114480101997814,0.4437011780937278
200,New Construction,Aluminum,1.9346718500232567,16.40185975207334
200,New Construction,Cladding,1.5466666779941312,2.9841447065095497
200,New Construction,Concrete,1210.4394612028707,199.84365299293805
200,New Construction,Doors and frames,0.09594326399540984,0.6321176516801967
200,New Construction,Glazing,4.005151030519672,5.645280741346455
200,New Construction,Gypsum,4.022944213364612,0.8448182848065685
200,New Construction,Insulation,2.9301143328083605,21.835893012252907
200,New Construction,Masonry,0.43427755077040436,0.05310633780956922
200,New Construction,Other metals,0.050722885548327865,0.20559906924732918
200,New Construction,Roofing and waterproofing,1.236420532648634,0.7789449355686393
200,New Construction,Steel,102.08096053498305,106.36034418252514
200,New Construction,Wood and composites,0.05605590943825137,0.01358387202126339
201,New Construction,Acoustic ceilings,0.706942676448,1.58700998681224
201,New Construction,Adhesives and sealants,0.5299570691984,1.4138290710832362
201,New Construction,Air and vapor barriers,1.5172834197415999,3.8027039244859715
201,New Construction,Aluminum,0.994361471584,7.212649793286641
201,New Construction,Applied fireproofing,0.367730920388,0.46952730440564
201,New Construction,Cladding,2.9683412101399997,6.763615899294201
201,New Construction,Coatings,0.7871632781142,4.856079604668618
201,New Construction,Concrete,1174.3113808285998,201.65476075706545
201,New Construction,Doors and frames,3.621549306885,9.929398504332998
201,New Construction,Flooring and tile,5.347421075028399,3.089818074563936
201,New Construction,Glazing,6.3670860437024,8.45107623873942
201,New Construction,Gypsum,25.923470386872,6.008732625851928
201,New Construction,Insulation,18.036417825403,306.5634783677441
201,New Construction,Masonry,1.156868691562,0.244263045305554
201,New Construction,Other metals,0.0882524417082,0.480610476579518
201,New Construction,Roofing and waterproofing,20.453571820660002,20.305590938606603
201,New Construction,Steel,47.9517331412736,91.45275568037914
201,New Construction,Synthetic composites,0.005279629248,0.00533242554048
201,New Construction,Wall coverings,0.00033897997219999997,0.002501672194836
201,New Construction,Windows and frames,1.1548434206384002,11.5328153501912
201,New Construction,Wood and composites,127.161535217664,45.429254539555124
203,New Construction,Aluminum,1.8153982039922447,16.559675900861485
203,New Construction,Applied fireproofing,1.4939226166190478,1.7030717829457143
203,New Construction,Cladding,1.6528806279185608,1.3923301711095006
203,New Construction,Coatings,0.07425511073750002,0.3103695623313666
203,New Construction,Concrete,818.008261083559,128.77765874699787
203,New Construction,Glazing,7.374878349105668,8.252405149534416
203,New Construction,Gypsum,9.546575741665096,3.1944784120462955
203,New Construction,Insulation,2.10611839788939,32.63622111144824
203,New Construction,Other metals,0.02759089674196894,0.15947538316858045
203,New Construction,Roofing and waterproofing,0.9545145338076535,0.7465426612650916
203,New Construction,Steel,52.43892754451935,54.30077921321188
203,New Construction,Wood and composites,67.07841472114293,24.88199267231831
204,New Construction,Acoustic ceilings,0.247537160511536,0.4716043075427317
204,New Construction,Adhesives and sealants,0.008890688556888,0.02436048664587312
204,New Construction,Air and vapor barriers,0.101600463600896,0.09412473097095361
204,New Construction,Aluminum,1.022373372650256,8.783654196100246
204,New Construction,Applied fireproofing,15.0731954198912,17.183442778675968
204,New Construction,Cladding,0.007551309020800001,0.017594550018464
204,New Construction,Coatings,0.028907917538968,0.17577609888211312
204,New Construction,Concrete,781.8361457037686,158.66409011547978
204,New Construction,Doors and frames,0.242840840181904,0.7290405102872277
204,New Construction,Flooring and tile,0.08930345368,0.023397504864160007
204,New Construction,Glazing,3.648372484147008,4.811174214084929
204,New Construction,Gypsum,8.74588843073168,2.031824677092029
204,New Construction,Insulation,1.885904119137528,3.3000705276058344
204,New Construction,Masonry,24.7939897702352,3.6127192173544858
204,New Construction,Other,0.0011317822346400002,0.0026370526067112
204,New Construction,Other metals,0.00022869837031200003,0.00132491165766032
204,New Construction,Roofing and waterproofing,0.511113267034736,0.38616053551498813
204,New Construction,Steel,79.82467665131132,88.86518883669119
204,New Construction,Wood and composites,0.184759362570352,0.1506437087379237
206,New Construction,Acoustic ceilings,2.8619383961931035,9.648618981892689
206,New Construction,Adhesives and sealants,0.4689470440503448,1.8798211950766412
206,New Construction,Air and vapor barriers,1.0243333668731034,6.808097492121445
206,New Construction,Aluminum,1.3920411068765517,10.184161119228863
206,New Construction,Applied fireproofing,6.617904711313793,8.035967287543913
206,New Construction,Cladding,3.9573226483786206,8.644454530705811
206,New Construction,Coatings,0.67080688184,2.3687391384709757
206,New Construction,Concrete,1051.966650282462,197.3950450158249
206,New Construction,Doors and frames,3.646177107947586,10.123713634749512
206,New Construction,Flooring and tile,3.4875080879275866,6.9572083722086555
206,New Construction,Glazing,9.292974717866207,13.871992287885485
206,New Construction,Gypsum,53.10562078815638,15.342252016463956
206,New Construction,Insulation,9.195839686652587,23.359690478601138
206,New Construction,Masonry,184.535163258225,36.36060824870082
206,New Construction,Other metals,0.29148095331534485,1.4159232089856328
206,New Construction,Steel,75.07776821988448,140.42108066706177
206,New Construction,Synthetic composites,9.834006603036897,28.558678324034094
206,New Construction,Wall coverings,0.4824980457534483,3.5608355776604483
206,New Construction,Windows and frames,2.3177060331815516,23.177060331815518
206,New Construction,Wood and composites,0.1631576174672414,0.031151782741727585
207,New Construction,Acoustic ceilings,0.7256286014275253,2.2334240287918745
207,New Construction,Adhesives and sealants,0.39090728794912666,0.523034191975797
207,New Construction,Air and vapor barriers,0.0014914377009946367,0.0033618668698839737
207,New Construction,Aluminum,0.7244386045081197,4.9083761925434235
207,New Construction,Applied fireproofing,6.973624472496229,7.998472950628822
207,New Construction,Cladding,4.323689140826364,11.74444648872696
207,New Construction,Coatings,0.9538127991932128,5.445403322622199
207,New Construction,Concrete,488.5257387219523,71.01322722831051
207,New Construction,Doors and frames,1.6774173602809885,5.971427507772539
207,New Construction,Flooring and tile,1.503216325228163,3.727422076771583
207,New Construction,Glazing,9.349566537956154,12.949639465300853
207,New Construction,Gypsum,57.66251644955181,17.31647088932467
207,New Construction,Insulation,3.0599959350169423,163.93668687721777
207,New Construction,Other,0.0018287382780000667,0.004260960187740157
207,New Construction,Other metals,0.24909602166704722,1.2272261288843
207,New Construction,Roofing and waterproofing,0.8121018797128958,2.8179935226037487
207,New Construction,Steel,86.39733552029789,136.63899826108909
207,New Construction,Synthetic composites,0.206313600600029,0.2496394567260351
207,New Construction,Wall coverings,0.13513632887864846,1.9525129406691633
207,New Construction,Windows and frames,2.7431506473468965,27.390706040295633
207,New Construction,Wood and composites,3.833280733650223,1.1093436396116492
209,New Construction,Adhesives and sealants,0.1883515357957607,0.5117656428244108
209,New Construction,Air and vapor barriers,0.2440052864378668,0.49533073146886963
209,New Construction,Aluminum,1.5942084581955391,12.235850030756783
209,New Construction,Applied fireproofing,0.09035275157346595,0.10300213679375116
209,New Construction,Cladding,17.172146955585962,31.746003126549475
209,New Construction,Coatings,1.2079513763410985,2.942993488890052
209,New Construction,Concrete,550.2471697358679,106.59598856588595
209,New Construction,Flooring and tile,0.005779278422603676,0.024531660885280547
209,New Construction,Glazing,3.061068247094406,4.24476831109736
209,New Construction,Gypsum,94.02176139878385,19.086417563953123
209,New Construction,Insulation,3.1205530748463466,8.344128740494101
209,New Construction,Masonry,4.1371874544713805,0.6337810714202348
209,New Construction,Other metals,0.06577553461152684,0.37890448256758946
209,New Construction,Roofing and waterproofing,0.7236163069940249,0.5491268503483943
209,New Construction,Steel,32.189369980280034,59.26757469371611
209,New Construction,Windows and frames,0.04502631724137931,0.12067053020689657
209,New Construction,Wood and composites,28.521575226623035,8.575205232801796
21,New Construction,Acoustic ceilings,0.16022604166666668,0.18265729166666667
21,New Construction,Coatings,0.5230312500000001,1.00945
21,New Construction,Concrete,1219.63095,89.57958125
21,New Construction,Doors and frames,1.6052583333333335,4.604577083333334
21,New Construction,Flooring and tile,0.22481041666666668,0.6041135416666666
21,New Construction,Gypsum,1.2390864583333332,0.38204270833333337
21,New Construction,Insulation,1.296634375,3.2317760416666665
21,New Construction,Roofing and waterproofing,1.495003125,5.2026104166666665
21,New Construction,Steel,45.88266458333334,75.26903645833333
21,New Construction,Synthetic composites,0.04630416666666667,0.14551770833333333
21,New Construction,Windows and frames,1.6829,7.459339583333334
210,New Construction,Adhesives and sealants,0.005778397267302026,0.0027072125733078834
210,New Construction,Air and vapor barriers,1.606064041871894e-05,3.2603100049999446e-05
210,New Construction,Aluminum,16.542189480460003,97.77219206639481
210,New Construction,Applied fireproofing,0.013013434574841469,0.014835315415319274
210,New Construction,Cladding,6.260509072690957,5.494461963975829
210,New Construction,Coatings,1.4004206019868888,3.812326212427705
210,New Construction,Concrete,593.3104240786961,111.09568426358953
210,New Construction,Flooring and tile,0.4004958288197109,0.17484430365309966
210,New Construction,Glazing,4.887490886060202,6.549237787320671
210,New Construction,Gypsum,105.84786899852729,21.560619908555264
210,New Construction,Insulation,4.218302056755037,51.692182911426315
210,New Construction,Masonry,0.09765010270558662,0.018754905755285513
210,New Construction,Other metals,0.09219192787581063,0.5328693431221855
210,New Construction,Roofing and waterproofing,1.4690586609064895,1.2074945699139958
210,New Construction,Steel,13.518661968927235,27.91747631450468
210,New Construction,Windows and frames,0.5255463840204408,2.9088347532220946
210,New Construction,Wood and composites,26.761550331861095,8.26874648171415
212,New Construction,Acoustic ceilings,1.50185775034253,4.743652081202749
212,New Construction,Adhesives and sealants,0.018696651165783132,0.09164034417480511
212,New Construction,Air and vapor barriers,0.322682238661747,0.5462866022621283
212,New Construction,Aluminum,5.207018738248735,31.17302122444136
212,New Construction,Applied fireproofing,0.8391708346537953,2.1231022116741016
212,New Construction,Cladding,1.4371847349214457,5.590059304780675
212,New Construction,Coatings,0.7664444166461446,4.228484327667063
212,New Construction,Concrete,1206.137145091121,209.96125888727485
212,New Construction,Doors and frames,1.9152758325748191,6.021349012025438
212,New Construction,Flooring and tile,1.7977093235011445,0.472334664705797
212,New Construction,Glazing,13.337568550636506,19.319929493337003
212,New Construction,Gypsum,48.019879980934036,11.451312950323445
212,New Construction,Insulation,5.3148153443527715,28.69287529641036
212,New Construction,Masonry,2.3877967609409034,0.33941137796878584
212,New Construction,Other metals,0.039936786667650596,0.18229573127727952
212,New Construction,Roofing and waterproofing,1.7911913957043373,1.0739265842430268
212,New Construction,Steel,68.34057286421078,124.7324787973739
212,New Construction,Synthetic composites,1.648408088307229,2.4766692065874096
212,New Construction,Wall coverings,0.0031311956690361444,0.06231079381381928
212,New Construction,Windows and frames,0.0034737329327108437,0.025788657259043373
212,New Construction,Wood and composites,2.074372084920723,0.504856804116001
213,New Construction,Concrete,304.54322372881353,42.878972881355935
213,New Construction,Doors and frames,0.7460440677966103,2.059077966101695
213,New Construction,Gypsum,8.38724406779661,2.6253593220338987
213,New Construction,Insulation,18.11431186440678,34.236861016949156
213,New Construction,Masonry,72.96632881355933,17.312522033898304
213,New Construction,Roofing and waterproofing,5.652457627118643,7.28866779661017
213,New Construction,Steel,25.010264406779662,38.02503728813559
213,New Construction,Windows and frames,19.806406779661017,34.03006440677966
213,New Construction,Wood and composites,94.87297288135593,36.60015254237288
214,New Construction,Aluminum,4.50239664516129,38.13853187096774
214,New Construction,Concrete,1243.7961228387096,161.04392670967744
214,New Construction,Doors and frames,0.04911458064516129,0.13555561290322582
214,New Construction,Glazing,0.001177032258064516,0.002674064516129032
214,New Construction,Gypsum,2.4809447741935484,0.7233127741935483
214,New Construction,Insulation,2.3349569032258066,3.7947747096774194
214,New Construction,Masonry,64.69680025806451,6.388154580645161
214,New Construction,Roofing and waterproofing,0.7362201290322581,1.968299870967742
214,New Construction,Steel,163.67897006451614,198.43186761290323
214,New Construction,Wood and composites,0.08790141935483871,0.05212670967741936
215,New Construction,Acoustic ceilings,2.1673213321481914,6.1172402339936705
215,New Construction,Adhesives and sealants,0.10443865063579788,0.17008441820300052
215,New Construction,Air and vapor barriers,0.3026036188829787,0.24510893129521275
215,New Construction,Aluminum,2.381175177275585,15.856570107875802
215,New Construction,Applied fireproofing,6.733411899475266,7.803514098447903
215,New Construction,Cladding,0.15750273337755322,0.3712807200431959
215,New Construction,Coatings,0.7478956679780319,2.0429995562046788
215,New Construction,Concrete,788.2575288302324,135.31889222050756
215,New Construction,Doors and frames,1.9995281776339362,6.6170766858316865
215,New Construction,Flooring and tile,0.5053211838437234,1.080409708567014
215,New Construction,Glazing,2.3810311970585105,3.1173805423809573
215,New Construction,Gypsum,54.71544875837841,14.960378354940712
215,New Construction,Insulation,5.63892428749234,27.27816252345223
215,New Construction,Masonry,29.631195001821755,3.7570415738709007
215,New Construction,Other metals,0.005805689370851064,0.03335328832359202
215,New Construction,Roofing and waterproofing,0.7522346145374468,2.3996284203744556
215,New Construction,Steel,110.18616274005936,176.8293737636421
215,New Construction,Windows and frames,0.1541641859680851,1.5675588023744682
215,New Construction,Wood and composites,1.697823441932447,0.5983078034641123
216,New Construction,Acoustic ceilings,2.2103367367109525,4.162632280019043
216,New Construction,Adhesives and sealants,0.010411900931428571,0.028528608552114292
216,New Construction,Air and vapor barriers,0.25945995855238096,0.6797850914072382
216,New Construction,Aluminum,1.559818129209524,14.131952250638287
216,New Construction,Applied fireproofing,4.589376378252381,11.611122236978524
216,New Construction,Cladding,47.74772743018095,22.871161439056674
216,New Construction,Coatings,1.314185311852381,3.8536595567928047
216,New Construction,Concrete,608.3237835052857,136.53221211961807
216,New Construction,Doors and frames,1.5171134481561905,3.809033721634695
216,New Construction,Glazing,10.113848307149048,13.793326004730048
216,New Construction,Gypsum,57.82525520204286,17.73223737469475
216,New Construction,Insulation,10.052845068378572,77.5931207519689
216,New Construction,Masonry,0.2682122468285714,0.03875920115816762
216,New Construction,Other,1.4681729394457144,4.169611148025828
216,New Construction,Other metals,0.008346441709047619,0.03558948281742381
216,New Construction,Roofing and waterproofing,5.41646290897619,7.853081063370172
216,New Construction,Steel,152.74861787597715,203.81791404743964
216,New Construction,Wall coverings,0.025376597835714283,0.012459909537335714
216,New Construction,Windows and frames,1.8898177152380953,18.898177152380953
216,New Construction,Wood and composites,7.381250537980953,3.1832819117277618
217,New Construction,Acoustic ceilings,2.1350197147949683,6.786118986885108
217,New Construction,Adhesives and sealants,0.0010419900366037736,0.0026987541948037736
217,New Construction,Air and vapor barriers,0.7611082208695598,0.6164976589043434
217,New Construction,Aluminum,1.3049656548330817,9.536558967072546
217,New Construction,Applied fireproofing,50.10928870708101,57.26162562252865
217,New Construction,Cladding,11.999663293913207,3.467902691940917
217,New Construction,Coatings,0.8350557171274214,2.8711587019597586
217,New Construction,Concrete,693.3818544083522,204.10031133680997
217,New Construction,Gypsum,55.29816798428428,14.523348262797013
217,New Construction,Insulation,6.889007042134591,12.043051579217448
217,New Construction,Masonry,55.88392946210063,14.521623196864981
217,New Construction,Other metals,0.033170319525031446,0.19172444685468176
217,New Construction,Roofing and waterproofing,0.016539768295597487,0.05276186086295598
217,New Construction,Steel,114.9150507683639,164.03987520549947
217,New Construction,Wood and composites,101.2089006781258,17.46033840614756
218,New Construction,Acoustic ceilings,0.8642165607027272,1.3374123201042636
218,New Construction,Adhesives and sealants,0.005718351465727273,0.013425385123588181
218,New Construction,Air and vapor barriers,0.9841861295818182,2.114726183602182
218,New Construction,Aluminum,0.9971834970012727,7.534333184283976
218,New Construction,Cladding,3.1068707792154546,10.009179605025986
218,New Construction,Coatings,0.2544488886818182,2.4790525709138262
218,New Construction,Concrete,507.4186917910637,72.33738086473355
218,New Construction,Doors and frames,0.8349980470472728,3.9844701004863454
218,New Construction,Flooring and tile,3.588646735060909,3.4430104514394855
218,New Construction,Glazing,2.2240266106560003,3.427842888781291
218,New Construction,Gypsum,27.078808008777635,11.449870287255544
218,New Construction,Insulation,7.894501261715727,139.91249070803033
218,New Construction,Masonry,140.15135332297618,17.494141483542744
218,New Construction,Other metals,0.19945959207263636,1.1505988624562864
218,New Construction,Roofing and waterproofing,1.9662757418036363,4.780508507113237
218,New Construction,Steel,79.574373074459,129.12591568747843
218,New Construction,Wood and composites,0.06126536717445455,0.017433710718081818
219,New Construction,Acoustic ceilings,0.9540361546824324,1.3346477289952028
219,New Construction,Adhesives and sealants,0.049018108010135134,0.28411122974861486
219,New Construction,Air and vapor barriers,1.0303423249114865,2.099141156561939
219,New Construction,Aluminum,2.7636463517529055,18.960116730630784
219,New Construction,Cladding,2.5562647575839863,8.05897162839926
219,New Construction,Coatings,0.23665352294141892,2.7213255618035204
219,New Construction,Concrete,997.0226475088581,161.52559490674787
219,New Construction,Doors and frames,0.43152205216675676,2.3133265756152026
219,New Construction,Flooring and tile,5.118140462353378,4.4385521909985135
219,New Construction,Glazing,7.245678947612433,11.407366581195584
219,New Construction,Gypsum,32.06858077433311,12.296581965031207
219,New Construction,Insulation,8.707871072066014,42.134618654158444
219,New Construction,Masonry,90.81202557543371,13.802122633049073
219,New Construction,Other metals,0.025494635818243242,0.11845420709516014
219,New Construction,Roofing and waterproofing,7.8354594375547295,5.11716429890623
219,New Construction,Steel,145.52315343196148,297.0516583309294
219,New Construction,Synthetic composites,0.07956218577324324,0.23232158245787027
219,New Construction,Wood and composites,5.211380224449324,2.631227210809027
22,New Construction,Aluminum,0.008880675448930751,0.014564307736246429
22,New Construction,Applied fireproofing,0.512294169883885,0.584015353667629
22,New Construction,Coatings,0.0546209731433655,0.2854643346106624
22,New Construction,Concrete,2026.0113555023984,347.3902668954966
22,New Construction,Doors and frames,1.3619323987104,4.556634801034752
22,New Construction,Flooring and tile,6.89108558769055,1.805464423974924
22,New Construction,Glazing,7.646369935721247,10.802683348590634
22,New Construction,Gypsum,14.58966690239306,2.961702381185791
22,New Construction,Insulation,0.58814589777839,2.052629183246581
22,New Construction,Masonry,1.5809419260737891,0.8480705689083727
22,New Construction,Steel,84.28511060882623,163.2913754736325
22,New Construction,Synthetic composites,1.16413702656,5.4481612843008
22,New Construction,Windows and frames,1.6622741550065299,16.315787630065298
22,New Construction,Wood and composites,10.325486025959997,2.0249495034007094
220,New Construction,Aluminum,4.672118644067797,47.669525423728814
220,New Construction,Cladding,1.844220338983051,8.068661016949152
220,New Construction,Concrete,1552.0935084745763,231.52154237288136
220,New Construction,Doors and frames,2.437033898305085,6.317084745762712
220,New Construction,Flooring and tile,2.8620677966101695,2.065779661016949
220,New Construction,Glazing,1.9965084745762711,3.206610169491525
220,New Construction,Gypsum,44.29828813559322,14.236559322033898
220,New Construction,Insulation,13.938898305084747,108.28177966101696
220,New Construction,Masonry,93.11471186440677,11.20877966101695
220,New Construction,Roofing and waterproofing,3.0591186440677967,10.144440677966102
220,New Construction,Steel,232.56845762711865,313.50903389830506
220,New Construction,Windows and frames,0.12506779661016948,1.2954576271186442
220,New Construction,Wood and composites,8.516186440677966,3.6706610169491523
222,New Construction,Aluminum,6.382335497382199,64.06284209424084
222,New Construction,Concrete,603.9454860732984,90.02065654450261
222,New Construction,Doors and frames,0.06557172774869109,0.7201415706806282
222,New Construction,Glazing,2.243882931937173,5.098026806282722
222,New Construction,Gypsum,0.8702739267015707,0.3106498429319372
222,New Construction,Insulation,2.732782408376963,8.712399371727749
222,New Construction,Masonry,0.11136314136125655,0.013215706806282722
222,New Construction,Roofing and waterproofing,0.2528,0.6978689005235602
222,New Construction,Steel,142.4814385340314,141.5625780104712
222,New Construction,Windows and frames,0.11788837696335079,0.45329068062827227
223,New Construction,Aluminum,0.06598969696969696,0.7365975757575758
223,New Construction,Cladding,3.8144848484848484,24.609027878787877
223,New Construction,Concrete,1564.520469090909,224.45725303030304
223,New Construction,Doors and frames,0.22145363636363635,0.6112118181818181
223,New Construction,Glazing,6.251682121212122,12.331686666666666
223,New Construction,Gypsum,25.643817575757573,9.205766363636364
223,New Construction,Insulation,8.734791212121213,38.10323727272727
223,New Construction,Masonry,63.82300424242424,11.43859393939394
223,New Construction,Roofing and waterproofing,3.1973018181818182,8.898368484848485
223,New Construction,Steel,194.11018333333334,223.14491393939394
223,New Construction,Windows and frames,11.182468181818182,56.984636666666674
223,New Construction,Wood and composites,0.1471318181818182,0.06667151515151515
224,New Construction,Acoustic ceilings,1.1267767624333334,1.813417324477118
224,New Construction,Adhesives and sealants,0.17919297086784314,0.09612837163466413
224,New Construction,Air and vapor barriers,0.43649956956862745,0.8860941262243136
224,New Construction,Aluminum,5.636824064909607,40.15770663132019
224,New Construction,Coatings,0.8098069808452941,2.533844860466276
224,New Construction,Concrete,848.3513789615882,152.77217505745838
224,New Construction,Doors and frames,1.3626372978368628,3.1931775507695157
224,New Construction,Flooring and tile,3.3418161038262744,3.093657681425757
224,New Construction,Glazing,5.186723874907843,6.953154876232863
224,New Construction,Gypsum,51.352056222147056,11.848609104788991
224,New Construction,Insulation,13.926962907201961,33.5324601781701
224,New Construction,Masonry,1.0588429893333333,0.6270974820058235
224,New Construction,Other metals,0.02561677361098039,0.13014878384336276
224,New Construction,Roofing and waterproofing,0.864440324,2.8526530692
224,New Construction,Steel,59.409698501374905,124.49620774723361
224,New Construction,Synthetic composites,2.004687247627451,2.4211859025939217
224,New Construction,Windows and frames,0.02332721431372549,0.22631075019607844
224,New Construction,Wood and composites,197.4412400549118,84.57643734560358
225,New Construction,Acoustic ceilings,1.8546111045848002,5.978239576899034
225,New Construction,Adhesives and sealants,0.02199862683996,0.043662688824668366
225,New Construction,Aluminum,6.392057177694161,45.57894971091779
225,New Construction,Applied fireproofing,30.33778824864472,37.04007571038583
225,New Construction,Cladding,3.726942040131,22.437705242192067
225,New Construction,Coatings,1.08666438570264,4.000224703050926
225,New Construction,Concrete,1144.960055813401,140.13930997331562
225,New Construction,Doors and frames,1.35908061610464,3.2391500570330063
225,New Construction,Flooring and tile,1.19591764168432,0.7207471619982507
225,New Construction,Glazing,6.67849924178892,26.498239698821628
225,New Construction,Gypsum,75.15924522223,15.818886069656115
225,New Construction,Insulation,5.11790831628708,9.942714228494772
225,New Construction,Masonry,3.3081620641322003,0.6034995932082234
225,New Construction,Other metals,0.10954118160248,0.5872678383512636
225,New Construction,Roofing and waterproofing,0.049665029278320005,0.1647786188674096
225,New Construction,Steel,193.53500935174048,247.3245347730544
225,New Construction,Synthetic composites,0.10282705943508,0.23366856120091997
225,New Construction,Wall coverings,0.017931191733440002,0.35683071549545603
225,New Construction,Windows and frames,1.84270414174272,18.42584207040022
225,New Construction,Wood and composites,2.6984320401512,1.3254050995792632
226,New Construction,Acoustic ceilings,1.1692435030068966,2.7928397041033106
226,New Construction,Adhesives and sealants,0.17204791000617242,0.4715604507087876
226,New Construction,Air and vapor barriers,0.016735920324827586,0.04384811125104828
226,New Construction,Aluminum,1.667944421416207,16.157871938713217
226,New Construction,Cladding,0.14515337750689655,0.6415975239184138
226,New Construction,Coatings,0.210654733495,0.6707785737891179
226,New Construction,Concrete,1089.1750617941277,212.40678369765442
226,New Construction,Doors and frames,1.029456706257069,2.648780581866659
226,New Construction,Flooring and tile,1.3836571211353104,0.3767813242418138
226,New Construction,Glazing,4.805917086927587,6.77881495467231
226,New Construction,Gypsum,12.41474280582862,2.977758862748291
226,New Construction,Insulation,2.0974591173295174,5.09594514755455
226,New Construction,Masonry,24.870218989159138,3.831376077649724
226,New Construction,Other,0.0007493549331034483,0.0017459969941310345
226,New Construction,Other metals,0.028718301570241377,0.16342894261540103
226,New Construction,Roofing and waterproofing,0.7730981978927587,2.4326308759458275
226,New Construction,Steel,68.3656591950572,66.2481659915136
226,New Construction,Wall coverings,0.017452292353793104,0.3473006178404828
226,New Construction,Windows and frames,0.001937909285413793,0.015537489191113103
226,New Construction,Wood and composites,0.9448594267862069,0.245330194756
227,New Construction,Adhesives and sealants,0.1823969166895796,0.5361912958207301
227,New Construction,Air and vapor barriers,0.4913685132,0.39800849569200003
227,New Construction,Aluminum,1.6538222037500765,12.196471803043249
227,New Construction,Cladding,0.044953647043312096,0.039879952344872606
227,New Construction,Coatings,0.016310325578687897,0.14270584270307057
227,New Construction,Concrete,587.600002250628,83.82580914015037
227,New Construction,Doors and frames,0.009275430808191083,0.05073314011286942
227,New Construction,Glazing,0.8632151884305732,1.2883358846498343
227,New Construction,Gypsum,7.624585505707057,3.5644307228769536
227,New Construction,Insulation,0.11813692349436943,1.8711136945246314
227,New Construction,Masonry,10.34159044551219,2.9371497294518627
227,New Construction,Other metals,0.02189271905775796,0.12664982825179566
227,New Construction,Roofing and waterproofing,1.188931235738089,3.792832326591297
227,New Construction,Steel,176.7284387913675,247.944774507542
227,New Construction,Wood and composites,0.07712030821528662,0.02070865940036688
229,New Construction,Acoustic ceilings,0.25642268041237115,0.2923220618556701
229,New Construction,Air and vapor barriers,0.05734845360824742,0.17835340206185568
229,New Construction,Aluminum,0.022071340206185567,0.27098969072164947
229,New Construction,Cladding,9.576425979381442,43.99824701030928
229,New Construction,Coatings,2.5629686597938144,10.812570721649484
229,New Construction,Concrete,1489.3897575257731,185.84979876288656
229,New Construction,Doors and frames,0.26992742268041237,1.7548383505154639
229,New Construction,Flooring and tile,0.3103373195876289,0.5287979381443298
229,New Construction,Gypsum,0.49503958762886596,0.14387917525773197
229,New Construction,Insulation,15.269631752577322,173.3553381443299
229,New Construction,Masonry,125.97709773195876,14.6228
229,New Construction,Other,0.36952907216494846,1.0926362886597938
229,New Construction,Roofing and waterproofing,3.055345154639175,10.101298556701032
229,New Construction,Steel,72.08775835051547,120.2643006185567
229,New Construction,Synthetic composites,0.2837896907216495,0.7236643298969072
229,New Construction,Windows and frames,0.29582268041237114,1.1010449484536082
23,New Construction,Acoustic ceilings,0.15561627740142858,0.24987135316367143
23,New Construction,Adhesives and sealants,0.3368512989138572,0.7158335045556624
23,New Construction,Air and vapor barriers,0.007956319544571428,0.01615132867548
23,New Construction,Aluminum,1.2205830827655,9.482560516371429
23,New Construction,Applied fireproofing,0.484822551643,0.5551420431880628
23,New Construction,Cladding,4.1964874051091146,33.233252928041004
23,New Construction,Coatings,0.8188848640361858,5.100173015715224
23,New Construction,Concrete,866.6020811427143,179.08811173174092
23,New Construction,Doors and frames,6.528720686270371,11.224426718819185
23,New Construction,Flooring and tile,7.558421024112757,5.799494828587978
23,New Construction,Glazing,6.302693552340429,8.38905837417463
23,New Construction,Gypsum,48.136258836007,10.602092137161474
23,New Construction,Insulation,2.9442687142296,6.193043291839617
23,New Construction,Masonry,9.785089659626571,1.6536593876963144
23,New Construction,Other,0.0006422021625714286,0.001823854141702857
23,New Construction,Other metals,0.006291156643942857,0.05310754591490243
23,New Construction,Roofing and waterproofing,0.2967634129411714,0.2117058510366745
23,New Construction,Steel,34.90199436538243,65.2814691444084
23,New Construction,Synthetic composites,0.050577873657142856,0.272614739012
23,New Construction,Wood and composites,0.27784580522665714,0.16805470883641113
230,New Construction,Adhesives and sealants,0.15343378081509002,0.3680414686420167
230,New Construction,Air and vapor barriers,1.9647177013265,1.7542131857453176
230,New Construction,Aluminum,2.1295335821029,12.313701138536425
230,New Construction,Applied fireproofing,20.05124405121435,24.517733068070932
230,New Construction,Cladding,1.4925560191711458,11.86582035241061
230,New Construction,Coatings,0.8886412583045368,3.505188901642331
230,New Construction,Concrete,454.2767809122243,71.70494354599654
230,New Construction,Doors and frames,2.1985190939254697,3.735639686096621
230,New Construction,Flooring and tile,3.515442594628505,4.213277445755694
230,New Construction,Glazing,6.713614007143348,8.850779608050193
230,New Construction,Gypsum,44.771057347433135,12.475477493924076
230,New Construction,Insulation,12.115615553610494,20.644933271497614
230,New Construction,Masonry,85.18031549220007,23.50098184949408
230,New Construction,Other metals,0.00182464864599822,0.016531316732743873
230,New Construction,Roofing and waterproofing,0.067214094591146,0.23323290823127663
230,New Construction,Steel,81.8549266389825,124.14861027610361
230,New Construction,Windows and frames,1.8499895290127544,18.470152838889568
230,New Construction,Wood and composites,0.18405593078688476,0.0485907657277376
231,New Construction,Adhesives and sealants,0.06365487771877901,0.1742683950462133
231,New Construction,Air and vapor barriers,0.2879196011158677,0.45857489275196406
231,New Construction,Aluminum,5.437234255372287,51.360256981338445
231,New Construction,Applied fireproofing,23.285337588247447,26.54528485060209
231,New Construction,Cladding,4.888620431057138,20.662793109238514
231,New Construction,Coatings,0.08435720753962461,0.924840121569125
231,New Construction,Concrete,691.4683178992843,112.56667983342057
231,New Construction,Doors and frames,0.06736519009964771,0.3648928287387218
231,New Construction,Glazing,15.312410720221203,22.088079046929646
231,New Construction,Gypsum,1.963950366209618,0.6520388422013111
231,New Construction,Insulation,3.746609717775919,62.40542077853659
231,New Construction,Masonry,2.0938959246517648,0.30104337668226594
231,New Construction,Other metals,0.15617258312819857,0.9024482032862592
231,New Construction,Roofing and waterproofing,0.25617066627894175,0.72555035952781
231,New Construction,Steel,213.45912698445034,273.38571979407567
231,New Construction,Synthetic composites,0.9177071658576494,2.6705278526457596
232,New Construction,Air and vapor barriers,3.5351568514662306,6.009815579701862
232,New Construction,Coatings,1.0420432135475846,2.3650514294810954
232,New Construction,Concrete,889.0947360438155,255.4362228669558
232,New Construction,Doors and frames,0.7883413885885714,3.0835278093724114
232,New Construction,Glazing,8.868286858409155,12.038447146270464
232,New Construction,Gypsum,63.73254620301162,18.374611242264212
232,New Construction,Insulation,7.309441576130976,133.8632127578853
232,New Construction,Masonry,599.7691728442202,115.90483865718508
232,New Construction,Other metals,0.07279297199892718,0.3813710223475286
232,New Construction,Roofing and waterproofing,8.247855623936655,13.43462321986155
232,New Construction,Steel,65.28562212192438,109.78062873187434
232,New Construction,Windows and frames,3.6804717715279,35.873609711393286
233,New Construction,Acoustic ceilings,0.16415788493243005,0.5217726712633594
233,New Construction,Adhesives and sealants,0.1127537484377331,0.32011218485330645
233,New Construction,Air and vapor barriers,0.6851710602826666,0.8030896989333239
233,New Construction,Aluminum,0.5725221544088486,5.028060182009488
233,New Construction,Cladding,1.9130945488647173,6.370604847719507
233,New Construction,Coatings,0.3144422994979949,0.7010785835548138
233,New Construction,Concrete,804.369409595896,149.41623301065147
233,New Construction,Doors and frames,0.0075710358415841585,0.06624656361386139
233,New Construction,Glazing,0.6744643728016096,0.7796970879506396
233,New Construction,Gypsum,18.421295669120045,5.393315856332339
233,New Construction,Insulation,4.25795275694988,76.9546345214663
233,New Construction,Other metals,0.0582075493104842,0.2487226892835633
233,New Construction,Roofing and waterproofing,0.3154684242877826,1.0158083262066602
233,New Construction,Steel,38.162057584260175,74.70580299773167
233,New Construction,Windows and frames,0.00399207122490297,0.039920712249029704
233,New Construction,Wood and composites,42.53955138055494,15.246881163397777
234,New Construction,Aluminum,1.5908086821705427,15.7766096124031
234,New Construction,Concrete,1137.115673488372,139.5220719379845
234,New Construction,Glazing,4.52101503875969,5.610771162790697
234,New Construction,Insulation,1.766620465116279,4.162169457364341
234,New Construction,Masonry,1.7917086821705428,0.24942930232558141
234,New Construction,Steel,189.8494226356589,156.90705798449613
235,New Construction,Aluminum,2.321872794117647,21.02113529411765
235,New Construction,Cladding,2.2000588235294116,13.40261544117647
235,New Construction,Concrete,1244.7808080882353,186.50084264705882
235,New Construction,Doors and frames,0.04460808823529412,0.1636029411764706
235,New Construction,Glazing,3.75182205882353,6.23445
235,New Construction,Gypsum,2.634502205882353,0.8983801470588236
235,New Construction,Insulation,5.809869852941176,15.294138235294117
235,New Construction,Masonry,28.140164705882352,8.672233088235293
235,New Construction,Roofing and waterproofing,4.761383088235294,8.38282794117647
235,New Construction,Steel,107.53036838235293,255.73761029411764
236,New Construction,Aluminum,2.7177104347826084,24.60984347826087
236,New Construction,Cladding,2.6856408695652174,14.470302608695652
236,New Construction,Concrete,830.7384104347826,136.1814408695652
236,New Construction,Doors and frames,0.06910173913043478,0.27617391304347827
236,New Construction,Glazing,4.561804347826087,7.578681739130434
236,New Construction,Gypsum,4.039271304347826,1.3732695652173912
236,New Construction,Insulation,6.414267826086957,18.772727826086957
236,New Construction,Masonry,15.456237391304347,4.581773043478261
236,New Construction,Roofing and waterproofing,4.772644347826087,8.298452173913045
236,New Construction,Steel,116.08069217391305,274.3944756521739
237,New Construction,Adhesives and sealants,0.1564649527676503,0.36335497610544515
237,New Construction,Air and vapor barriers,2.125096545041297,1.65984562466133
237,New Construction,Aluminum,3.3589177659552543,21.28215410216411
237,New Construction,Applied fireproofing,3.6499290186892015,4.16091908130569
237,New Construction,Cladding,0.3355431112863448,0.2164253067796924
237,New Construction,Coatings,0.100354775459251,0.8628060056491065
237,New Construction,Concrete,278.7967729467034,41.46592775276432
237,New Construction,Doors and frames,0.6509659097912954,1.872948081592725
237,New Construction,Glazing,8.161717023516253,12.64007492978822
237,New Construction,Gypsum,23.665138738147387,7.495820750803424
237,New Construction,Insulation,2.951465267143089,7.586984177075641
237,New Construction,Masonry,103.16607137496608,23.417847511117508
237,New Construction,Other metals,0.013622683700475582,0.07968805880584885
237,New Construction,Roofing and waterproofing,0.7997334017570983,2.5482079764078773
237,New Construction,Steel,54.08979880900148,57.6872660343871
237,New Construction,Synthetic composites,2.4828567839169313,5.960832592541101
237,New Construction,Windows and frames,0.007896495551723602,0.06672901144278254
237,New Construction,Wood and composites,77.51866652490025,28.488793398550246
239,New Construction,Aluminum,2.2722714285714285,20.602608730158728
239,New Construction,Cladding,2.9791396825396825,18.35821904761905
239,New Construction,Concrete,786.5216166666667,128.29289444444444
239,New Construction,Doors and frames,0.0499468253968254,0.2091269841269841
239,New Construction,Glazing,3.5439896825396824,5.886427777777778
239,New Construction,Gypsum,3.6882420634920634,1.2539142857142855
239,New Construction,Insulation,5.808647619047619,18.000380952380954
239,New Construction,Masonry,6.846857936507936,1.874653968253968
239,New Construction,Roofing and waterproofing,4.576953174603174,7.951046031746032
239,New Construction,Steel,107.48372936507937,253.72722142857143
24,New Construction,Acoustic ceilings,2.78131221411875,4.245134370450812
24,New Construction,Adhesives and sealants,0.2585461874515625,0.9685099781694132
24,New Construction,Aluminum,2.546105063766625,20.1847315621916
24,New Construction,Applied fireproofing,0.175118436775,0.44304964504075
24,New Construction,Cladding,4.31211440475,31.433622094344873
24,New Construction,Coatings,0.9441020696674375,4.450518673099829
24,New Construction,Concrete,1047.0318376621437,144.40490492214167
24,New Construction,Doors and frames,2.257320764440937,4.49569772292693
24,New Construction,Flooring and tile,1.7009742848490625,1.4569048230031745
24,New Construction,Glazing,4.582943971325625,6.282804758754012
24,New Construction,Gypsum,39.446918759370625,10.358818121740631
24,New Construction,Insulation,6.680356498417375,17.75435602516679
24,New Construction,Masonry,73.52475411396219,15.374367185594688
24,New Construction,Other,1.4402579707125,1.7870404062735
24,New Construction,Other metals,0.207589225317625,0.8434196462795287
24,New Construction,Roofing and waterproofing,1.918636744175,6.3394736509615
24,New Construction,Steel,113.10787777378663,164.57718366241454
24,New Construction,Wall coverings,0.0860686387505,0.46967980600539
24,New Construction,Wood and composites,0.01171659396275,0.0053742701287975
240,New Construction,Coatings,0.37781532846715327,0.7291839416058394
240,New Construction,Concrete,1313.7082175182481,200.9576408759124
240,New Construction,Doors and frames,0.403607299270073,0.9766043795620438
240,New Construction,Insulation,4.283024817518248,10.675160583941606
240,New Construction,Roofing and waterproofing,1.4857744525547445,5.170494160583942
240,New Construction,Steel,38.05282408759124,61.53210291970803
240,New Construction,Windows and frames,2.889182481751825,12.806107299270074
241,New Construction,Acoustic ceilings,0.10307017543859649,0.1175
241,New Construction,Coatings,0.5401105263157895,1.0424129824561403
241,New Construction,Concrete,1283.9997680701754,187.38113333333334
241,New Construction,Doors and frames,0.6475077192982456,1.7892098245614037
241,New Construction,Flooring and tile,0.014930175438596491,0.09331368421052631
241,New Construction,Gypsum,2.5273477192982456,0.7792466666666666
241,New Construction,Insulation,4.428084210526316,11.036711578947369
241,New Construction,Roofing and waterproofing,1.4884989473684211,5.179975789473684
241,New Construction,Steel,42.20530561403509,74.4542701754386
241,New Construction,Synthetic composites,0.33713859649122807,1.0595028070175438
241,New Construction,Windows and frames,0.5421463157894737,2.4030266666666664
242,New Construction,Acoustic ceilings,0.007540169247294767,0.02142907105843502
242,New Construction,Adhesives and sealants,0.05100001795595081,0.13209004650591258
242,New Construction,Air and vapor barriers,0.047900664556098496,0.038799538290439785
242,New Construction,Aluminum,2.240606479764238,16.79649367295544
242,New Construction,Applied fireproofing,16.97524293839995,19.476877561829614
242,New Construction,Cladding,22.68297203894442,10.662474413808296
242,New Construction,Coatings,1.0883923071818575,12.312249207027909
242,New Construction,Concrete,622.5944368817321,153.42914869780262
242,New Construction,Doors and frames,0.22588615330361256,0.8160005308152822
242,New Construction,Glazing,5.313266760675159,10.424846616446615
242,New Construction,Gypsum,17.328762502934616,6.739349531688437
242,New Construction,Insulation,8.700679616070081,17.58096462394259
242,New Construction,Masonry,42.417917450104454,8.890144604133365
242,New Construction,Other,0.042253197649510486,0.09844995052335942
242,New Construction,Other metals,0.06509079862327817,0.37460884417961954
242,New Construction,Roofing and waterproofing,1.0496659895732907,3.01566412399719
242,New Construction,Steel,109.41529604817872,181.1584441567766
242,New Construction,Synthetic composites,0.11036941039799136,0.13354698658156952
242,New Construction,Windows and frames,1.2150533169405189,12.16030231612525
242,New Construction,Wood and composites,0.35525064891380853,0.11864369809244814
243,New Construction,Adhesives and sealants,0.16646763706279896,0.48464022388357275
243,New Construction,Air and vapor barriers,0.8846143105679706,1.7957670504529804
243,New Construction,Aluminum,0.07900037606518365,0.5780102741695291
243,New Construction,Applied fireproofing,22.985427341405813,26.253737440692557
243,New Construction,Cladding,0.7214108187403288,3.8922020385660923
243,New Construction,Coatings,0.4524284294490076,3.0530493488465087
243,New Construction,Concrete,413.024484730659,69.45015562865362
243,New Construction,Doors and frames,0.0911958001560667,0.4763110522441435
243,New Construction,Glazing,2.060943081813829,2.767565342463375
243,New Construction,Gypsum,13.75573286273601,4.9752904632784185
243,New Construction,Insulation,4.377207212761104,8.840072274169039
243,New Construction,Masonry,93.90545166044711,14.052522930701997
243,New Construction,Other,0.08360709834470902,0.19480453914317206
243,New Construction,Other metals,0.014386162001774653,0.0643213718222653
243,New Construction,Roofing and waterproofing,0.7333649842805309,2.3394342998548936
243,New Construction,Steel,73.0685776491276,115.98124367311428
243,New Construction,Synthetic composites,0.09687891317231263,0.5205663174566916
243,New Construction,Windows and frames,0.43944839460217966,4.236186494293944
243,New Construction,Wood and composites,4.075751751477244,1.563506528064886
244,New Construction,Adhesives and sealants,0.07989130580456831,0.2187685785287852
244,New Construction,Air and vapor barriers,0.03303437314972914,0.08105713237708596
244,New Construction,Aluminum,7.90055871055149,73.4233057643056
244,New Construction,Applied fireproofing,22.417736020812118,25.556219063725813
244,New Construction,Cladding,6.423268365157511,26.060275464291166
244,New Construction,Coatings,0.2539535320692262,5.029920823314136
244,New Construction,Concrete,677.0340932125001,86.2094631625744
244,New Construction,Doors and frames,0.1945653947616558,0.7073667262780982
244,New Construction,Glazing,9.782557484448954,15.042328057883394
244,New Construction,Gypsum,2.2065118756509148,0.765016563315586
244,New Construction,Insulation,1.889311279001532,29.086271132795538
244,New Construction,Masonry,7.907963297231007,1.1458672368465956
244,New Construction,Other,0.00011365920250570229,0.00026482594183828634
244,New Construction,Other metals,0.13089849934384168,0.7461327928706204
244,New Construction,Roofing and waterproofing,0.40090112991431376,0.7809237380848318
244,New Construction,Steel,119.73321904040495,161.22249746873166
244,New Construction,Windows and frames,0.6632734003698748,6.632734003698749
245,New Construction,Air and vapor barriers,2.768815,6.534403333333333
245,New Construction,Concrete,1546.5449999999998,238.105075
245,New Construction,Glazing,0.94695,0.95882
245,New Construction,Gypsum,32.652341666666665,9.235449583333333
245,New Construction,Insulation,6.204149166666667,1.3557804166666667
245,New Construction,Masonry,8.472122083333334,1.3682470833333333
245,New Construction,Roofing and waterproofing,0.5266320833333333,0.44581666666666664
245,New Construction,Steel,89.20408041666667,61.91010958333333
246,New Construction,Cladding,0.43011984126984126,1.942361111111111
246,New Construction,Concrete,705.0035047619048,70.81610634920635
246,New Construction,Flooring and tile,1.2623587301587302,0.9965150793650793
246,New Construction,Gypsum,4.676498412698413,1.765288888888889
246,New Construction,Insulation,4.935752380952382,13.679510317460318
246,New Construction,Masonry,7.755917460317461,0.7286936507936509
246,New Construction,Roofing and waterproofing,7.202806349206349,7.90647380952381
246,New Construction,Steel,93.80409047619047,156.95997936507936
246,New Construction,Windows and frames,8.850222222222222,32.16665634920635
246,New Construction,Wood and composites,0.4675873015873016,0.6705492063492063
247,New Construction,Air and vapor barriers,2.2249063829787237,1.2471222695035462
247,New Construction,Aluminum,0.3424207092198582,0.41341049645390077
247,New Construction,Cladding,3.4037690780141845,15.841606241134752
247,New Construction,Coatings,0.39575971631205675,0.7046187234042552
247,New Construction,Concrete,1268.4737021276596,160.4510025531915
247,New Construction,Doors and frames,2.569858156028369,3.2844
247,New Construction,Flooring and tile,6.037736170212766,7.40448170212766
247,New Construction,Glazing,1.543671489361702,1.721495035460993
247,New Construction,Gypsum,34.282390921985815,9.232120283687944
247,New Construction,Insulation,7.902952056737589,14.333237730496455
247,New Construction,Masonry,55.41796226950354,8.258832907801418
247,New Construction,Roofing and waterproofing,2.5028297872340426,5.053342127659574
247,New Construction,Steel,79.91777106382979,45.60152312056738
247,New Construction,Synthetic composites,0.20806808510638297,0.08253191489361703
247,New Construction,Windows and frames,5.421333617021277,10.825427517730496
247,New Construction,Wood and composites,0.023014751773049645,0.010428936170212766
248,New Construction,Acoustic ceilings,2.688465808569092,4.160516539558378
248,New Construction,Adhesives and sealants,0.02091888555221815,0.04403760577205212
248,New Construction,Air and vapor barriers,0.9885239988030764,0.8421472071620337
248,New Construction,Aluminum,2.49934547450127,15.712054931308339
248,New Construction,Applied fireproofing,0.16094361052112657,0.18347571599408433
248,New Construction,Cladding,4.514389469479781,13.31735200264957
248,New Construction,Coatings,0.8100964582769126,3.4164183972357676
248,New Construction,Concrete,853.2755116271838,122.65465279387897
248,New Construction,Doors and frames,1.876557211002595,3.596557131830143
248,New Construction,Flooring and tile,3.251783783692176,5.667864628098668
248,New Construction,Glazing,4.705294639606468,6.037682612012235
248,New Construction,Gypsum,67.03492198871368,17.246679428937306
248,New Construction,Insulation,3.997605645516389,63.528161104555586
248,New Construction,Masonry,28.857785350156966,7.200837903648262
248,New Construction,Other,0.027987629091456606,0.07948486661973678
248,New Construction,Other metals,0.007862764879384405,0.04565488229168802
248,New Construction,Roofing and waterproofing,1.3578030397558052,0.8413267117395148
248,New Construction,Steel,119.42075555336666,186.7535803623719
248,New Construction,Wall coverings,0.002519865857238652,0.04547507827442095
248,New Construction,Windows and frames,0.2634712832368854,2.8787679189735917
248,New Construction,Wood and composites,0.8208499535993717,0.5506051664001145
249,New Construction,Concrete,845.4067007751938,126.3579426356589
249,New Construction,Doors and frames,0.1322077519379845,0.30387596899224806
249,New Construction,Gypsum,8.413272868217055,2.7396232558139535
249,New Construction,Insulation,14.949686821705427,47.1503503875969
249,New Construction,Masonry,69.43293023255814,16.478764341085274
249,New Construction,Roofing and waterproofing,1.5819658914728683,4.544702325581396
249,New Construction,Steel,62.348417054263564,92.27758914728682
249,New Construction,Windows and frames,5.355917829457365,23.53621395348837
249,New Construction,Wood and composites,71.31023875968992,15.758792248062017
250,New Construction,Acoustic ceilings,0.26667930040757,0.881351317287279
250,New Construction,Adhesives and sealants,0.30492620914013013,0.09726344428072004
250,New Construction,Aluminum,0.7560556028762931,6.145759774902561
250,New Construction,Cladding,2.3949903491105897,18.237706722727836
250,New Construction,Coatings,1.1517170829838193,5.596147162538518
250,New Construction,Concrete,334.6169473927243,106.25413325109176
250,New Construction,Doors and frames,3.6543245638392463,5.947699849488061
250,New Construction,Flooring and tile,3.4455533468904593,5.741598810839465
250,New Construction,Glazing,3.1165811487275423,4.178406871104581
250,New Construction,Gypsum,69.77264856098923,14.854291058811032
250,New Construction,Insulation,7.620021111502842,13.073793840371431
250,New Construction,Masonry,32.38725886365088,8.511182313983483
250,New Construction,Other metals,0.0006235235588263493,0.005402369194278596
250,New Construction,Steel,182.739131004996,246.62424819763322
250,New Construction,Windows and frames,0.3516163893840815,3.4606753568419824
250,New Construction,Wood and composites,1.210070603799616,0.33679007924322574
251,New Construction,Cladding,0.07182367346938776,0.3264
251,New Construction,Concrete,1649.681142857143,203.97984346938776
251,New Construction,Gypsum,6.4436981632653065,2.2868979591836736
251,New Construction,Insulation,4.9276,13.52048306122449
251,New Construction,Masonry,0.6627077551020408,0.19145102040816325
251,New Construction,Roofing and waterproofing,2.7777844897959185,2.938329795918367
251,New Construction,Steel,93.34150653061225,135.76690081632654
251,New Construction,Windows and frames,11.351777551020408,42.7304081632653
252,New Construction,Aluminum,13.209744696969697,59.257674242424244
252,New Construction,Cladding,0.1428939393939394,0.5413083333333334
252,New Construction,Concrete,562.3659,74.679625
252,New Construction,Doors and frames,0.050272727272727274,0.07481818181818183
252,New Construction,Gypsum,7.74874393939394,2.8060719696969696
252,New Construction,Insulation,1.4093090909090908,4.70965
252,New Construction,Masonry,59.82696818181818,12.204145454545454
252,New Construction,Roofing and waterproofing,0.09644545454545454,0.290819696969697
252,New Construction,Steel,61.789112878787876,59.90212878787879
252,New Construction,Windows and frames,0.08516136363636365,0.8821166666666667
252,New Construction,Wood and composites,61.90784772727273,47.09761515151515
253,New Construction,Aluminum,0.7843155675675676,8.279798486486486
253,New Construction,Cladding,0.07590432432432433,0.2078201081081081
253,New Construction,Concrete,1378.5213783783784,260.76969794594595
253,New Construction,Doors and frames,0.2043823783783784,2.0651135135135137
253,New Construction,Flooring and tile,0.33259610810810813,0.22509189189189188
253,New Construction,Glazing,0.03227210810810811,0.04614908108108108
253,New Construction,Gypsum,0.06900043243243244,0.02278054054054054
253,New Construction,Insulation,0.15535610810810813,0.49226
253,New Construction,Roofing and waterproofing,0.017464432432432432,0.032626486486486486
253,New Construction,Steel,65.81048551351351,63.21790983783784
253,New Construction,Windows and frames,9.976617405405404,51.983719351351354
253,New Construction,Wood and composites,0.05945589189189189,0.03525827027027027
255,New Construction,Concrete,697.9398269230769,109.48346153846154
255,New Construction,Doors and frames,0.11713461538461538,0.2692307692307692
255,New Construction,Gypsum,8.556615384615386,2.7688365384615388
255,New Construction,Insulation,11.162634615384615,55.992576923076925
255,New Construction,Roofing and waterproofing,10.70842307692308,4.269182692307693
255,New Construction,Steel,28.79151923076923,30.771653846153843
255,New Construction,Windows and frames,11.389317307692309,29.425855769230772
255,New Construction,Wood and composites,203.48757692307692,88.82516346153847
256,New Construction,Aluminum,6.566344313725491,48.87452254901961
256,New Construction,Cladding,0.02492078431372549,0.06823784313725491
256,New Construction,Concrete,1031.5752350980392,205.88374529411766
256,New Construction,Doors and frames,0.28927176470588234,1.274670392156863
256,New Construction,Gypsum,0.21211254901960785,0.06500117647058823
256,New Construction,Insulation,0.5557707843137255,2.241740588235294
256,New Construction,Masonry,20.0384531372549,4.3683829411764705
256,New Construction,Steel,71.3312931372549,90.93723352941177
256,New Construction,Windows and frames,6.195597843137255,25.04357470588235
257,New Construction,Aluminum,0.6428851724137931,10.67189396551724
257,New Construction,Concrete,598.9481746551724,103.89199672413794
257,New Construction,Doors and frames,0.6506068965517241,3.7767981034482756
257,New Construction,Glazing,0.18172758620689655,0.2598706896551724
257,New Construction,Gypsum,0.03844827586206897,0.011782413793103448
257,New Construction,Insulation,5.7112387931034485,23.513863275862068
257,New Construction,Roofing and waterproofing,2.662696724137931,4.9743731034482765
257,New Construction,Steel,46.982798103448275,75.8530222413793
258,New Construction,Aluminum,17.112732173913045,24.340892173913044
258,New Construction,Cladding,1.219026086956522,3.337601739130435
258,New Construction,Concrete,414.49872347826084,53.692827826086955
258,New Construction,Doors and frames,0.06121739130434783,0.13356521739130434
258,New Construction,Glazing,15.005641739130436,28.69156695652174
258,New Construction,Gypsum,15.237582608695652,4.778582608695652
258,New Construction,Insulation,3.763801739130435,32.05798782608696
258,New Construction,Masonry,57.863744347826085,9.528513043478261
258,New Construction,Roofing and waterproofing,0.8380017391304347,2.3432608695652175
258,New Construction,Steel,50.80328695652174,70.85927826086956
258,New Construction,Windows and frames,0.03616869565217391,0.09339130434782608
259,New Construction,Air and vapor barriers,0.11203874999999999,0.34844041666666664
259,New Construction,Cladding,10.211547916666666,27.961206249999996
259,New Construction,Concrete,1200.3176600000002,264.43560916666667
259,New Construction,Glazing,0.32519625,0.8780300000000001
259,New Construction,Gypsum,8.041992916666667,2.5813725
259,New Construction,Insulation,1.8252516666666665,19.66446375
259,New Construction,Masonry,48.22928375000001,13.242949583333333
259,New Construction,Roofing and waterproofing,0.18895125,1.2813425
259,New Construction,Steel,55.706770416666664,48.42184041666667
259,New Construction,Windows and frames,0.2714266666666667,5.17766375
259,New Construction,Wood and composites,1.7014683333333331,0.92838375
260,New Construction,Adhesives and sealants,0.36745413361239476,1.0066844279237381
260,New Construction,Air and vapor barriers,1.5995167615465447,2.4792509803971443
260,New Construction,Aluminum,1.3433829965584834,12.171049948819862
260,New Construction,Cladding,0.17225691104336036,0.40135860273102963
260,New Construction,Coatings,0.41246830779922483,0.9367229839418888
260,New Construction,Concrete,394.79086728758335,82.1948620977216
260,New Construction,Doors and frames,0.2322172576830854,0.6991479148080505
260,New Construction,Glazing,5.085540843375947,6.81462473012377
260,New Construction,Gypsum,14.53470665482303,4.363224495782862
260,New Construction,Insulation,5.545662962009567,14.751943956752053
260,New Construction,Masonry,77.36239880060212,21.281793448715163
260,New Construction,Other metals,25.202044467851312,29.810779970704232
260,New Construction,Roofing and waterproofing,6.272871686137117,7.739738329059509
260,New Construction,Steel,27.64232174495325,50.84608002854048
260,New Construction,Windows and frames,0.20111232430010373,2.453570356461265
260,New Construction,Wood and composites,107.4260082816761,39.975205197724335
261,New Construction,Acoustic ceilings,0.033495447783239485,0.051835646954444196
261,New Construction,Adhesives and sealants,0.24512163039981086,0.11215453734317818
261,New Construction,Air and vapor barriers,3.5188551724568633,2.7479225696011125
261,New Construction,Aluminum,1.3350902555000153,11.650634859668973
261,New Construction,Applied fireproofing,0.12272707797909946,0.13990886889617338
261,New Construction,Cladding,1.918626092045898,4.470398794466942
261,New Construction,Coatings,0.39746530248739453,3.0779677780800005
261,New Construction,Concrete,563.3300431144409,93.12471001175648
261,New Construction,Doors and frames,1.4605596374920067,5.380612521736473
261,New Construction,Flooring and tile,4.354217588836982,9.706312059533628
261,New Construction,Glazing,8.26315012800165,12.523779142130822
261,New Construction,Gypsum,32.77759059186154,8.38353393044018
261,New Construction,Insulation,11.388885558019423,58.13245519178615
261,New Construction,Masonry,35.244291417119626,9.272547025725364
261,New Construction,Other metals,0.04384745707444684,0.17779430257428136
261,New Construction,Roofing and waterproofing,1.107584194307359,3.533193579840475
261,New Construction,Steel,52.15878943970734,115.15270583950165
261,New Construction,Windows and frames,0.18277979178082193,0.5026444273972603
261,New Construction,Wood and composites,115.0940515221009,41.94822831998445
262,New Construction,Acoustic ceilings,0.01915445822945528,0.06088207606414468
262,New Construction,Adhesives and sealants,0.16658565741387815,0.4150503701855678
262,New Construction,Air and vapor barriers,0.42636628624430983,0.8655235610759489
262,New Construction,Aluminum,2.1709538297198896,15.50703269935987
262,New Construction,Applied fireproofing,0.13044504890852845,0.14870735575572244
262,New Construction,Cladding,5.058515242896736,2.9605495881297244
262,New Construction,Coatings,0.840145788275765,1.948405251493956
262,New Construction,Concrete,230.58418247095614,49.92115147957963
262,New Construction,Doors and frames,0.007706870396226416,0.03690209047169812
262,New Construction,Flooring and tile,3.0684205298547105,2.2272230206461
262,New Construction,Glazing,1.3545585922556194,3.3572753189704168
262,New Construction,Gypsum,66.3345454131968,13.469078375437268
262,New Construction,Insulation,2.9973766960048627,3.9623796742284867
262,New Construction,Masonry,59.07904619899246,9.884321380082941
262,New Construction,Other,0.05273308648778469,0.1497619656253085
262,New Construction,Other metals,0.04666698520794715,0.26955957892010596
262,New Construction,Roofing and waterproofing,1.8273496168449597,1.1794016533566944
262,New Construction,Steel,10.379931658258025,18.93455323923674
262,New Construction,Wall coverings,0.00598367649936327,0.002786627355134182
262,New Construction,Windows and frames,0.41830905358490567,1.1210682636075473
262,New Construction,Wood and composites,32.03135414865287,9.231857229825192
263,New Construction,Acoustic ceilings,2.5674629297592495,3.4917495844725797
263,New Construction,Air and vapor barriers,0.060393604175102825,0.15823124293876942
263,New Construction,Aluminum,0.19587955066228013,1.379104762824768
263,New Construction,Cladding,6.277657304737389,3.023199112636602
263,New Construction,Coatings,0.1534033404554414,0.4173126380223354
263,New Construction,Concrete,389.0169678947676,81.58374651016608
263,New Construction,Flooring and tile,0.06131602462672805,0.01606479845220275
263,New Construction,Glazing,1.4310924936641507,1.917663941509962
263,New Construction,Gypsum,74.3441490032041,15.093014411195858
263,New Construction,Insulation,1.597340551044255,31.93870437609596
263,New Construction,Masonry,0.010871193095770547,0.005733838572102097
263,New Construction,Other,0.29950777841000364,0.8506020906844101
263,New Construction,Other metals,0.03473816934053567,0.14422701501700153
263,New Construction,Roofing and waterproofing,2.232439686144561,1.9578496047487794
263,New Construction,Steel,11.400089441731227,14.222386153257068
263,New Construction,Synthetic composites,0.008700533583753478,0.01052764563634171
263,New Construction,Windows and frames,0.5821841971014492,1.560253648231884
263,New Construction,Wood and composites,28.08230246094872,8.23710867758285
264,New Construction,Adhesives and sealants,0.02187924700629687,0.05981062771689292
264,New Construction,Air and vapor barriers,1.7771749628011428,3.2141073702075005
264,New Construction,Aluminum,21.08519575838106,118.49880016210157
264,New Construction,Applied fireproofing,1.9944468763518892,2.2736694390411536
264,New Construction,Coatings,0.4139894649374183,1.1444843447571005
264,New Construction,Concrete,137.72077607239945,99.51207760249684
264,New Construction,Flooring and tile,1.3508325165545918,0.3541929826503739
264,New Construction,Gypsum,37.20876282308258,9.795991501153203
264,New Construction,Insulation,7.583143942522639,19.246132316877652
264,New Construction,Masonry,17.526668208746514,5.476047034616598
264,New Construction,Other metals,0.03965746018420025,0.16061271374601102
264,New Construction,Roofing and waterproofing,0.63429992185199,1.8784790150081845
264,New Construction,Steel,36.57989112337098,65.62812070285703
264,New Construction,Wall coverings,0.0006447682528709594,0.012830888232132093
264,New Construction,Wood and composites,4.875533393349821,1.4411928630894777
265,New Construction,Adhesives and sealants,0.26181185873672425,0.7173644929386245
265,New Construction,Air and vapor barriers,0.04321441873607635,0.11322177708852006
265,New Construction,Aluminum,0.9655618828032412,7.051482313255163
265,New Construction,Cladding,5.685443025636084,2.9419837818169285
265,New Construction,Coatings,0.2571929158344414,0.6060265096061408
265,New Construction,Concrete,420.48631075731464,77.385590330915
265,New Construction,Flooring and tile,0.09847929187150778,0.025801574470335036
265,New Construction,Glazing,1.655599840830752,2.2185037867132076
265,New Construction,Gypsum,73.46522323050493,14.9134403157925
265,New Construction,Insulation,2.092321047019461,36.69483419886556
265,New Construction,Masonry,5.0003283229582305,0.7177542602928773
265,New Construction,Other,0.21288212364258086,0.6045852311449298
265,New Construction,Other metals,0.03228515359894079,0.14601248704467934
265,New Construction,Roofing and waterproofing,2.6936002916934463,1.9832042095298212
265,New Construction,Steel,14.010483921401331,18.04951054124249
265,New Construction,Windows and frames,0.5696301084444441,1.5266086906311103
265,New Construction,Wood and composites,30.314208727126548,9.604521426204874
266,New Construction,Adhesives and sealants,0.23592735642986834,0.644666171813124
266,New Construction,Air and vapor barriers,0.18132108581531017,0.14052384150686537
266,New Construction,Aluminum,1.9423847742151779,16.999059947850547
266,New Construction,Cladding,5.541860863106637,18.76419278758912
266,New Construction,Coatings,0.9626048229365852,7.965211821623297
266,New Construction,Concrete,1827.4563784154936,585.2502175898112
266,New Construction,Flooring and tile,0.8709425759301335,0.34076621229350496
266,New Construction,Glazing,7.141998007159627,19.891183516240215
266,New Construction,Gypsum,51.30536673050063,10.87658638756258
266,New Construction,Insulation,4.041908610342159,12.39070016766968
266,New Construction,Masonry,0.3509856249724549,0.23033157621587586
266,New Construction,Other metals,0.13639240717989784,0.5558483641009457
266,New Construction,Roofing and waterproofing,0.6054337250994767,1.8768445478083788
266,New Construction,Steel,17.545492860990713,38.10250775555057
266,New Construction,Wood and composites,49.74307053765012,14.674981686705122
268,New Construction,Concrete,635.9499081481481,136.5211086419753
268,New Construction,Gypsum,17.719563950617285,6.458438271604939
268,New Construction,Insulation,3.9298628395061734,12.116117037037037
268,New Construction,Masonry,46.41360913580247,9.596633209876543
268,New Construction,Roofing and waterproofing,0.05436481481481482,0.1819356790123457
268,New Construction,Steel,38.88956012345679,35.87352913580247
268,New Construction,Windows and frames,3.4087023456790124,67.93300925925925
269,New Construction,Acoustic ceilings,1.9385095604864384,5.522513873880008
269,New Construction,Adhesives and sealants,0.03791126077095633,0.10387685451242035
269,New Construction,Air and vapor barriers,3.0220824222333733,2.510055030941354
269,New Construction,Cladding,13.339688802327046,35.28405395073178
269,New Construction,Coatings,1.6319854241444869,18.073403384917054
269,New Construction,Concrete,232.49083493626327,53.20887045634618
269,New Construction,Doors and frames,4.165628154495529,12.894120479639154
269,New Construction,Flooring and tile,0.590476389368032,1.173857316776093
269,New Construction,Glazing,1.3437203675823528,1.8005852925603532
269,New Construction,Gypsum,29.044878611680094,7.086950381249943
269,New Construction,Insulation,9.215584099164055,22.308284668511085
269,New Construction,Other metals,0.7853054429046764,4.161367157043366
269,New Construction,Steel,73.54996117462268,99.07575211544061
269,New Construction,Synthetic composites,0.2273593638382397,0.22963295747662207
269,New Construction,Windows and frames,0.22059638678823532,2.3755525882150588
269,New Construction,Wood and composites,2.4061967455857793,0.6352359408346459
27,New Construction,Adhesives and sealants,0.010392904273124946,0.02847655770836235
27,New Construction,Aluminum,0.25802395436798053,1.4540397804711278
27,New Construction,Coatings,0.253700785630085,3.5176720256878027
27,New Construction,Concrete,832.6915444489003,186.58671987008182
27,New Construction,Doors and frames,0.20044374005464616,0.6601839524830523
27,New Construction,Gypsum,0.3141936986607756,0.06568176750392396
27,New Construction,Insulation,0.022715855618773956,0.057016797603122636
27,New Construction,Masonry,25.691586744096302,3.8651143769181107
27,New Construction,Roofing and waterproofing,0.47632080745262767,0.4524675916310488
27,New Construction,Steel,153.15113961709395,154.62342813841644
27,New Construction,Synthetic composites,0.001723878461538456,0.00973991330769228
27,New Construction,Wood and composites,0.29630426325746395,0.07822432549997048
270,New Construction,Air and vapor barriers,0.05613090909090909,0.05383272727272727
270,New Construction,Aluminum,1.5634654545454545,11.830265454545454
270,New Construction,Cladding,1.2666472727272728,3.4683272727272727
270,New Construction,Concrete,350.43094181818185,63.58171272727273
270,New Construction,Doors and frames,26.04941818181818,19.43605090909091
270,New Construction,Flooring and tile,5.068407272727272,10.049545454545454
270,New Construction,Glazing,0.35444363636363635,0.5068581818181818
270,New Construction,Gypsum,54.78424,17.91869818181818
270,New Construction,Insulation,10.618854545454546,18.769363636363636
270,New Construction,Other,0.43202545454545455,0.9172399999999999
270,New Construction,Roofing and waterproofing,4.3955672727272725,3.450381818181818
270,New Construction,Steel,6.7915018181818185,10.35829090909091
270,New Construction,Windows and frames,2.2275636363636364,6.709094545454545
270,New Construction,Wood and composites,58.09472727272727,10.121858181818183
271,New Construction,Aluminum,8.138811827956989,80.9811559139785
271,New Construction,Concrete,493.26119892473116,61.76246774193549
271,New Construction,Doors and frames,0.12921505376344086,0.5918279569892473
271,New Construction,Glazing,3.7752311827956992,7.218435483870969
271,New Construction,Gypsum,11.720478494623656,3.866236559139785
271,New Construction,Insulation,11.099532258064517,43.26409139784946
271,New Construction,Masonry,31.50051075268817,7.4739408602150545
271,New Construction,Roofing and waterproofing,1.4486075268817205,3.5438279569892472
271,New Construction,Steel,50.647279569892476,84.40331720430108
271,New Construction,Windows and frames,0.0908010752688172,0.9578064516129032
271,New Construction,Wood and composites,53.65709677419355,3.428543010752688
272,New Construction,Cladding,2.9787374301675977,25.597837988826814
272,New Construction,Concrete,744.9272011173184,93.27420670391062
272,New Construction,Doors and frames,0.2030949720670391,0.4692737430167598
272,New Construction,Gypsum,22.00473184357542,7.908424581005587
272,New Construction,Insulation,14.320782122905028,36.039435754189945
272,New Construction,Masonry,39.058905027932965,7.6280167597765365
272,New Construction,Roofing and waterproofing,3.5449608938547486,11.321
272,New Construction,Steel,103.67255865921788,191.72745810055866
272,New Construction,Windows and frames,13.54758659217877,126.35330726256983
272,New Construction,Wood and composites,11.966748603351954,6.52949720670391
273,New Construction,Coatings,0.6101346153846154,1.4316807692307691
273,New Construction,Concrete,934.0507884615384,130.52252884615385
273,New Construction,Doors and frames,0.425,0.49365384615384617
273,New Construction,Gypsum,3.4885923076923078,1.0738365384615385
273,New Construction,Insulation,5.3013615384615385,12.592259615384616
273,New Construction,Masonry,290.6649961538461,75.01450961538461
273,New Construction,Roofing and waterproofing,0.8331711538461538,2.3265480769230766
273,New Construction,Steel,129.0501673076923,133.05936346153848
273,New Construction,Windows and frames,0.6250115384615385,4.076098076923077
274,New Construction,Acoustic ceilings,3.166436611299334,5.034633445826314
274,New Construction,Adhesives and sealants,0.29616779238273333,0.5851839867871623
274,New Construction,Air and vapor barriers,0.098061871504,0.07943011591824001
274,New Construction,Aluminum,0.5594409718588,4.431793005414983
274,New Construction,Applied fireproofing,1.3672372853427333,1.8187432407584485
274,New Construction,Cladding,0.4889106169049333,1.3141963287024092
274,New Construction,Coatings,0.6985876150081334,2.251865503985971
274,New Construction,Concrete,1196.8623054311468,195.52174699596463
274,New Construction,Doors and frames,3.2686646840844666,6.495577940526844
274,New Construction,Flooring and tile,0.2780136738998,0.32619818584259197
274,New Construction,Glazing,2.8314559108433333,4.410839572700226
274,New Construction,Gypsum,51.231101713904195,11.650397448188384
274,New Construction,Insulation,2.7499004792806665,46.50085861847337
274,New Construction,Masonry,24.310073405201997,3.7891966446853633
274,New Construction,Other,0.10216888925666665,0.23805351196803332
274,New Construction,Other metals,0.0112022770158,0.05311792240085733
274,New Construction,Roofing and waterproofing,1.0021202372739333,3.2096803481226948
274,New Construction,Steel,90.95303753722986,98.08085009150838
274,New Construction,Synthetic composites,0.45411691923933334,1.6248242431277766
274,New Construction,Wall coverings,0.22449973986666666,0.1677013056804
274,New Construction,Windows and frames,0.780272988048,7.78175419488256
274,New Construction,Wood and composites,4.427898818778734,1.7021068423241434
275,New Construction,Acoustic ceilings,1.8736849565677964,2.857523367323305
275,New Construction,Adhesives and sealants,0.14585911389347458,0.1036514464432195
275,New Construction,Aluminum,0.050825951661016944,0.33549727209118646
275,New Construction,Applied fireproofing,0.2789549633898305,0.7057560573762711
275,New Construction,Cladding,0.2642699807814407,1.3942666289081678
275,New Construction,Coatings,0.3335550559255932,1.4342021825702
275,New Construction,Concrete,841.7282246304796,130.18518617662943
275,New Construction,Doors and frames,2.2407387990051695,3.4996981191392753
275,New Construction,Flooring and tile,1.377334046422034,2.4000466127752627
275,New Construction,Glazing,3.859949990513898,5.033603082773967
275,New Construction,Gypsum,38.63146686592229,14.081530388257775
275,New Construction,Insulation,7.22285347890483,38.30446331264948
275,New Construction,Masonry,70.84139753546017,10.459497427284372
275,New Construction,Other,0.08396694594915255,0.19564298406152542
275,New Construction,Other metals,0.05789340183746431,0.32067480137224114
275,New Construction,Roofing and waterproofing,0.0640862554820339,0.20443515498768813
275,New Construction,Steel,100.96292464800128,109.8424049839958
275,New Construction,Synthetic composites,0.08132520272881356,0.23746959196813558
275,New Construction,Windows and frames,1.0401774553461016,10.401774553461017
275,New Construction,Wood and composites,0.013056546689322034,0.0037813632797898305
276,New Construction,Acoustic ceilings,0.26272646373975905,0.40658050932848194
276,New Construction,Adhesives and sealants,0.13241581428684338,0.7686923656597677
276,New Construction,Air and vapor barriers,0.3731601951027952,0.45030478211599373
276,New Construction,Aluminum,0.3729072509286747,3.5196870814489496
276,New Construction,Cladding,7.92542570729012,4.008990628661325
276,New Construction,Coatings,0.13752170668838554,0.5223774714067484
276,New Construction,Concrete,308.1377883343123,51.82385596016504
276,New Construction,Doors and frames,0.9112422839803855,3.769631762627848
276,New Construction,Flooring and tile,7.670870577821687,2.916750000979644
276,New Construction,Glazing,0.3869562897168193,0.8139452483020819
276,New Construction,Gypsum,14.106691027672289,3.5331274310243828
276,New Construction,Insulation,1.0988131673023134,71.2242990767077
276,New Construction,Masonry,20.093818161819858,3.503095503914141
276,New Construction,Other,0.01928391840626506,0.05476632827379277
276,New Construction,Other metals,0.014611997911036144,0.05999231626195566
276,New Construction,Roofing and waterproofing,6.033728927433253,19.896116777448327
276,New Construction,Steel,74.5208875289778,175.12449195521918
276,New Construction,Synthetic composites,17.684229095869878,51.57112422337026
276,New Construction,Wall coverings,0.02194611523879518,0.010775542582248434
276,New Construction,Windows and frames,0.005111122307951807,0.05111122307951807
276,New Construction,Wood and composites,0.014049888874698796,0.006720750583312771
277,New Construction,Aluminum,1.3057301587301586,21.67512222222222
277,New Construction,Cladding,0.02879047619047619,0.07882592592592592
277,New Construction,Concrete,659.9029851851852,113.98074232804233
277,New Construction,Doors and frames,0.7184984126984127,4.128151851851852
277,New Construction,Glazing,0.24363756613756613,0.3484015873015873
277,New Construction,Gypsum,0.1104031746031746,0.033938624338624344
277,New Construction,Insulation,2.755042328042328,8.545329629629629
277,New Construction,Roofing and waterproofing,1.3475169312169313,2.5173920634920632
277,New Construction,Steel,38.920713227513225,57.14140476190477
278,New Construction,Aluminum,0.18327108571428574,2.1911378285714287
278,New Construction,Cladding,0.030344000000000003,0.11344822857142856
278,New Construction,Concrete,565.0389202285714,83.36465508571429
278,New Construction,Doors and frames,2.2535245714285717,3.6697501714285714
278,New Construction,Glazing,1.3266651428571428,1.8865177142857141
278,New Construction,Gypsum,61.74855428571428,20.755694857142856
278,New Construction,Insulation,4.3379376,10.740843885714286
278,New Construction,Masonry,75.632704,13.761152
278,New Construction,Roofing and waterproofing,0.24357645714285714,0.8476459428571429
278,New Construction,Steel,26.899883428571428,26.320789714285713
278,New Construction,Synthetic composites,0.09827451428571428,0.21330537142857142
278,New Construction,Wood and composites,34.17953394285714,7.356753828571429
279,New Construction,Acoustic ceilings,1.9372505270253164,6.157513437924685
279,New Construction,Adhesives and sealants,0.39180058458227845,0.5826446691648292
279,New Construction,Air and vapor barriers,0.9587133449120253,1.0838383722363356
279,New Construction,Aluminum,1.0254098396829114,8.656490543169202
279,New Construction,Cladding,10.937531287341772,5.239077486636709
279,New Construction,Coatings,1.380931526628481,3.69368339162981
279,New Construction,Concrete,529.2567704861392,114.59764363220638
279,New Construction,Doors and frames,0.9046250883898734,2.500534094755677
279,New Construction,Flooring and tile,1.512340161343038,5.3572737647600635
279,New Construction,Glazing,6.526420826038607,8.444482699027532
279,New Construction,Gypsum,48.95876172701266,14.467650357850419
279,New Construction,Insulation,4.06728848827405,43.04879080948942
279,New Construction,Masonry,36.23248142396329,9.332768107468764
279,New Construction,Other,0.3533812564556962,1.003602768334177
279,New Construction,Roofing and waterproofing,1.3488051364911393,4.5912439396881775
279,New Construction,Steel,72.26503000698735,133.26965619526572
279,New Construction,Windows and frames,0.5354206262658228,2.2273498052658227
279,New Construction,Wood and composites,1.2242002851392406,0.5705796037250127
28,New Construction,Acoustic ceilings,1.7992364627095452,2.9682880242067413
28,New Construction,Adhesives and sealants,0.37287799324024784,0.3916506946248465
28,New Construction,Air and vapor barriers,0.6761410437097313,0.8672333876837806
28,New Construction,Aluminum,3.709825240506162,24.078218780588447
28,New Construction,Cladding,4.986941355901495,7.022129427622242
28,New Construction,Coatings,0.7376784796122209,2.7265515296903144
28,New Construction,Concrete,1501.7909896163455,274.6363697532782
28,New Construction,Doors and frames,2.630828808050884,4.930817414137104
28,New Construction,Flooring and tile,3.381414080335069,4.239949690017843
28,New Construction,Glazing,4.862957545833102,6.71334776849789
28,New Construction,Gypsum,45.52082274733771,12.211511159126688
28,New Construction,Insulation,5.11288992180977,53.1477765961425
28,New Construction,Masonry,0.48088624021136955,0.2767839701022187
28,New Construction,Other,0.2077889850405748,0.5370999255688038
28,New Construction,Other metals,0.025325399383229173,0.11490112215032626
28,New Construction,Roofing and waterproofing,0.3700610372204341,1.1718200613769962
28,New Construction,Steel,79.96042803618757,162.57273258740722
28,New Construction,Wall coverings,0.010456826680421982,0.005134301900087192
28,New Construction,Windows and frames,1.521710898017507,15.21710898017507
28,New Construction,Wood and composites,1.601171263135768,1.814829982665316
280,New Construction,Air and vapor barriers,0.055437037037037035,0.1724089947089947
280,New Construction,Aluminum,2.569163492063492,21.32891216931217
280,New Construction,Cladding,3.4031756613756614,9.587839682539684
280,New Construction,Concrete,1073.6417788359788,116.80172010582011
280,New Construction,Doors and frames,1.4531190476190476,4.158165079365079
280,New Construction,Gypsum,0.6816560846560846,0.26503386243386245
280,New Construction,Insulation,4.188989947089947,10.44322380952381
280,New Construction,Masonry,381.57629894179894,83.32195978835979
280,New Construction,Other,0.028207407407407407,0.4201708994708995
280,New Construction,Roofing and waterproofing,1.1039566137566137,3.7449132275132277
280,New Construction,Steel,109.28923015873016,144.492091005291
280,New Construction,Windows and frames,1.7714582010582012,6.321839153439154
280,New Construction,Wood and composites,0.6221026455026455,0.3356015873015873
281,New Construction,Aluminum,9.20725503875969,69.14648992248063
281,New Construction,Cladding,1.6476124031007753,14.219810852713177
281,New Construction,Concrete,683.0024759689923,55.35787519379845
281,New Construction,Glazing,12.247673643410854,17.53244496124031
281,New Construction,Gypsum,8.725081395348838,3.031756589147287
281,New Construction,Insulation,0.9439612403100774,3.907363565891473
281,New Construction,Masonry,105.01311705426357,15.53132015503876
281,New Construction,Other,13.549543410852714,0.2578868217054263
281,New Construction,Roofing and waterproofing,0.6247906976744186,2.236850387596899
281,New Construction,Steel,83.26252558139535,111.26473565891473
283,New Construction,Air and vapor barriers,0.013975651168810579,0.03661620606228372
283,New Construction,Aluminum,2.6402526489384672,18.113522487190682
283,New Construction,Applied fireproofing,22.04369950166249,25.12981743189524
283,New Construction,Concrete,636.0319291107695,109.84545137444732
283,New Construction,Glazing,6.801014891912262,7.780514024241204
283,New Construction,Gypsum,0.04462946737640074,0.010889590039841782
283,New Construction,Insulation,0.2925744225702138,0.44178737808102303
283,New Construction,Masonry,14.114660280393561,2.3619428776274227
283,New Construction,Other metals,0.6285913713792425,3.543328506619979
283,New Construction,Steel,115.17592203863038,258.4852784926958
283,New Construction,Wall coverings,0.016513749788231776,0.1218714734371505
283,New Construction,Wood and composites,0.3022841898735828,0.07980302612662588
284,New Construction,Acoustic ceilings,46.27827976331361,52.75723893491125
284,New Construction,Air and vapor barriers,0.03253431952662722,0.10118189349112428
284,New Construction,Aluminum,0.8545798816568048,5.6145898224852075
284,New Construction,Cladding,0.07003810650887574,0.24124544378698226
284,New Construction,Concrete,2016.1053727810652,332.51482544378695
284,New Construction,Glazing,7.78015100591716,11.12561597633136
284,New Construction,Gypsum,0.5964010650887573,0.20086828402366863
284,New Construction,Insulation,0.7295360946745562,3.4702297041420116
284,New Construction,Other,0.2808544378698225,0.0954905325443787
284,New Construction,Roofing and waterproofing,1.0496378698224853,0.5560610650887574
284,New Construction,Steel,130.82059088757396,185.19719360946746
286,New Construction,Acoustic ceilings,0.1439836343953757,0.24693873367590752
286,New Construction,Adhesives and sealants,0.012461458457803469,0.03245313581978613
286,New Construction,Air and vapor barriers,0.2904457063618497,0.23526102215309827
286,New Construction,Aluminum,1.4665018896127169,13.286507119891215
286,New Construction,Applied fireproofing,19.901004939803467,22.68714563137595
286,New Construction,Cladding,0.1255900166398844,0.29262473877093065
286,New Construction,Coatings,0.39922307671,3.3073245783390868
286,New Construction,Concrete,379.40746845127165,60.695054723015886
286,New Construction,Doors and frames,0.4490547378996532,1.4459983644988348
286,New Construction,Flooring and tile,4.893598990570521,4.389558294541756
286,New Construction,Glazing,5.335551666393064,7.1449995036265905
286,New Construction,Gypsum,27.73390057028497,6.255618514972531
286,New Construction,Insulation,1.634384635659942,32.915210929465694
286,New Construction,Other metals,0.004311994954219653,0.017463579564589594
286,New Construction,Roofing and waterproofing,0.2511053191057804,0.6528095657612197
286,New Construction,Steel,91.96775512218485,122.69740062725057
286,New Construction,Synthetic composites,4.202605919075144e-05,0.00012229583224508672
286,New Construction,Windows and frames,0.9083932425433526,9.083932425433526
286,New Construction,Wood and composites,0.5360782395722543,0.10547856158547976
287,New Construction,Acoustic ceilings,0.7082117238719999,1.3729599867513602
287,New Construction,Adhesives and sealants,0.08713001284920001,0.10712206189244801
287,New Construction,Air and vapor barriers,1.9549535247810002,2.399508149496888
287,New Construction,Aluminum,0.7025187577412,4.478818117754608
287,New Construction,Cladding,0.057641759674,0.13430530004042002
287,New Construction,Coatings,0.2431221310832,0.606726128615648
287,New Construction,Concrete,84.91466882614,23.796165020005244
287,New Construction,Doors and frames,0.782841326965,3.0592410791405618
287,New Construction,Flooring and tile,0.9332550781902,1.132560737605188
287,New Construction,Glazing,2.803166785564,10.408791310792639
287,New Construction,Gypsum,21.576718884372,6.215836277844562
287,New Construction,Insulation,4.5070691773850005,220.7600056093401
287,New Construction,Masonry,16.2401630101352,2.5533001495366823
287,New Construction,Other metals,0.0032720239056,0.015463465769508
287,New Construction,Roofing and waterproofing,1.0142153692200002,3.03890449825994
287,New Construction,Steel,158.8526010133242,409.91473251734055
287,New Construction,Synthetic composites,0.007847241832,0.02291394614944
287,New Construction,Wall coverings,0.0123823935,0.03838541985
287,New Construction,Windows and frames,0.6835669389,6.833279757
287,New Construction,Wood and composites,5.662978273974,2.012205995544312
288,New Construction,Aluminum,6.374738738738738,105.8205945945946
288,New Construction,Coatings,0.09403603603603604,0.18148648648648646
288,New Construction,Concrete,577.7271801801802,75.18397297297298
288,New Construction,Doors and frames,0.4816396396396396,2.268108108108108
288,New Construction,Glazing,5.758207207207207,10.447297297297297
288,New Construction,Gypsum,24.498171171171172,8.223918918918919
288,New Construction,Insulation,13.643900900900901,24.723963963963964
288,New Construction,Masonry,77.43114414414414,21.841450450450452
288,New Construction,Roofing and waterproofing,6.221522522522522,17.06471171171171
288,New Construction,Steel,43.75548648648649,62.30364864864865
288,New Construction,Wood and composites,21.326513513513515,5.241738738738739
289,New Construction,Aluminum,9.13263311258278,90.86969933774833
289,New Construction,Coatings,0.19337483443708608,0.5472887417218543
289,New Construction,Concrete,549.8043403973511,94.47276953642384
289,New Construction,Doors and frames,0.32953907284768214,1.6351801324503312
289,New Construction,Glazing,4.506467549668875,8.616602649006623
289,New Construction,Gypsum,6.007422516556291,1.95623178807947
289,New Construction,Insulation,12.311255629139072,32.787896688741725
289,New Construction,Roofing and waterproofing,2.284851655629139,6.174014569536423
289,New Construction,Steel,38.507466225165565,63.36999205298013
289,New Construction,Windows and frames,0.48718543046357615,4.951976158940397
289,New Construction,Wood and composites,61.67381854304635,11.952402649006622
29,New Construction,Acoustic ceilings,1.8260800484765292,5.642322251271088
29,New Construction,Adhesives and sealants,0.5982867913296767,1.293898411269123
29,New Construction,Air and vapor barriers,0.11679542243359106,0.13615214020333613
29,New Construction,Aluminum,8.013415972270677,49.64587451047149
29,New Construction,Applied fireproofing,8.343694409958621,9.511811627352827
29,New Construction,Cladding,6.115349851827797,19.005786215336915
29,New Construction,Coatings,2.3893785514009958,25.74904882785851
29,New Construction,Concrete,665.7694308429798,149.75709114025932
29,New Construction,Doors and frames,1.9695420214595618,6.713982389892914
29,New Construction,Flooring and tile,4.522497890387186,3.3335748290923877
29,New Construction,Glazing,5.081552099966617,7.675615680569252
29,New Construction,Gypsum,42.607847305529454,10.593805676384601
29,New Construction,Insulation,6.958206067307969,15.476048217605376
29,New Construction,Masonry,375.3239066024639,56.722073770803455
29,New Construction,Other metals,0.10414668017209525,0.6019678113947106
29,New Construction,Roofing and waterproofing,1.1128990849111617,3.449987163224602
29,New Construction,Steel,173.37269240644665,264.348963851708
29,New Construction,Synthetic composites,0.22450947672057356,0.8479468773047656
29,New Construction,Wall coverings,0.23055428653527266,1.921293429086772
29,New Construction,Windows and frames,0.03910724137931035,0.10754491379310345
29,New Construction,Wood and composites,0.6396736390071276,0.16887384069788172
291,New Construction,Acoustic ceilings,1.0928835453493975,1.6912843197363854
291,New Construction,Adhesives and sealants,0.10022690795831324,0.15274892219213976
291,New Construction,Air and vapor barriers,0.5349346456361446,1.0859173306413734
291,New Construction,Aluminum,1.305123206653012,9.340369175343929
291,New Construction,Cladding,5.355110660939759,9.639199189691567
291,New Construction,Coatings,0.525289406300241,1.7809781125220192
291,New Construction,Concrete,371.01890357783134,52.3995500534605
291,New Construction,Doors and frames,0.9595633827392771,2.3185973150539327
291,New Construction,Flooring and tile,4.1519467722086745,6.099516288943422
291,New Construction,Glazing,1.9075890061209637,2.7948270382658795
291,New Construction,Gypsum,29.296185258438555,8.651390437884759
291,New Construction,Insulation,8.310497702664579,15.914885470630997
291,New Construction,Masonry,372.43939106225156,53.69669063464812
291,New Construction,Other metals,0.01589811658072289,0.0643873721519277
291,New Construction,Roofing and waterproofing,0.9678404064843374,3.0311891830429354
291,New Construction,Steel,74.50867081391156,130.3514909395685
291,New Construction,Windows and frames,0.004111799004819277,0.041117990048192776
291,New Construction,Wood and composites,0.11251822410120482,0.021044837881561446
3,New Construction,Acoustic ceilings,5.253913107523539,15.73944392131514
3,New Construction,Aluminum,0.12505749045725495,0.712416728901548
3,New Construction,Cladding,0.20480894707831038,0.09810348565051065
3,New Construction,Coatings,0.6847955425520355,1.8187567735427008
3,New Construction,Concrete,1681.4705396535664,295.7138331408208
3,New Construction,Doors and frames,2.250805444403166,7.2826719210761865
3,New Construction,Glazing,4.475692974200089,6.619023576105861
3,New Construction,Gypsum,63.31502283083506,20.110845530468364
3,New Construction,Insulation,6.688960479977437,15.247051646446547
3,New Construction,Masonry,10.118867286389639,1.114268668309277
3,New Construction,Other,0.009925774083079,0.02818919839594436
3,New Construction,Other metals,0.3939966627044442,1.602158277249135
3,New Construction,Roofing and waterproofing,2.633475309080227,9.138159322508384
3,New Construction,Steel,49.47974219075776,81.39485535944131
3,New Construction,Windows and frames,1.473060730227694,14.706385471507708
3,New Construction,Wood and composites,0.5425813274277038,0.3244636338017669
31,New Construction,Acoustic ceilings,0.8435130398066054,2.681089928799522
31,New Construction,Adhesives and sealants,0.5240523598338028,1.3915595237986855
31,New Construction,Air and vapor barriers,0.05884701285203137,0.04766608041014542
31,New Construction,Aluminum,0.15115006832652833,0.8494633839950892
31,New Construction,Cladding,0.8863440227943742,2.6838498446893198
31,New Construction,Coatings,1.4201646153554017,15.616988353570434
31,New Construction,Concrete,706.0790446154241,158.17697005862422
31,New Construction,Doors and frames,1.2313590600424935,4.6490530078723555
31,New Construction,Glazing,3.1038412340030535,4.04018157915008
31,New Construction,Gypsum,24.75486325946441,5.44284034265992
31,New Construction,Insulation,7.65919774587822,17.520685292110215
31,New Construction,Masonry,714.3188659614689,107.48450021069814
31,New Construction,Other metals,0.003381916214982978,0.019257029336248288
31,New Construction,Roofing and waterproofing,1.4071058512564643,4.471888160346202
31,New Construction,Steel,141.9868081700586,196.66244774913812
31,New Construction,Wall coverings,0.11126945506393124,0.8211685783718126
31,New Construction,Windows and frames,0.2810043018164983,1.97655280063462
31,New Construction,Wood and composites,0.37522037506170913,0.09905817901629121
33,New Construction,Adhesives and sealants,0.03310658262817204,0.09064377819486882
33,New Construction,Aluminum,0.44997754967795695,4.326907582866628
33,New Construction,Applied fireproofing,4.061855295545538,6.740472586163205
33,New Construction,Cladding,4.220433768237634,16.21330300193404
33,New Construction,Coatings,0.5982513161508602,10.664945402843125
33,New Construction,Concrete,1178.8735261214495,312.6156837255304
33,New Construction,Doors and frames,0.1936746518388172,1.1468315268138107
33,New Construction,Glazing,1.301620165268817,1.765540379004301
33,New Construction,Gypsum,5.503944482251075,1.3534207110931389
33,New Construction,Insulation,0.37218150198333333,24.189402637229588
33,New Construction,Masonry,8.323034985215054,1.4147626148836525
33,New Construction,Other metals,0.3577578542807527,2.0681015218134045
33,New Construction,Roofing and waterproofing,0.1582974307903226,0.504968804221129
33,New Construction,Steel,129.01358951933867,189.73339472840775
33,New Construction,Windows and frames,0.0328663897583871,0.24764454187534088
34,New Construction,Aluminum,4.589831627906976,49.09205860465116
34,New Construction,Cladding,0.12061147286821705,0.5017683720930233
34,New Construction,Concrete,1019.4978713178294,116.19359131782946
34,New Construction,Flooring and tile,2.6159032558139534,1.8504040310077519
34,New Construction,Glazing,5.845519069767442,7.608050852713179
34,New Construction,Insulation,3.365521550387597,5.72161519379845
34,New Construction,Masonry,33.280715968992254,7.067693023255813
34,New Construction,Roofing and waterproofing,0.9106998449612402,2.758483410852713
34,New Construction,Steel,25.00005364341085,35.787581705426355
34,New Construction,Wood and composites,1.8680192248062015,0.4524920930232558
35,New Construction,Concrete,1089.450795,186.2139643548387
35,New Construction,Insulation,0.0038430645161290325,0.012016774193548387
35,New Construction,Masonry,27.647158387096777,6.027080483870968
35,New Construction,Roofing and waterproofing,0.037920967741935485,0.038544516129032265
35,New Construction,Steel,39.44161338709677,52.21631322580645
36,New Construction,Acoustic ceilings,2.6031945818596247,8.317280450682263
36,New Construction,Adhesives and sealants,0.8617426026539375,2.3803829612106284
36,New Construction,Air and vapor barriers,0.7567293475131875,0.848893012741932
36,New Construction,Aluminum,0.14556246340315623,1.057448460011891
36,New Construction,Applied fireproofing,41.9573498099115,49.1963636412783
36,New Construction,Cladding,0.5091048081940625,1.2659746251533468
36,New Construction,Coatings,0.5820647500622187,1.5969745910705957
36,New Construction,Concrete,501.7180254667906,116.32628660810799
36,New Construction,Doors and frames,0.9700231960572188,2.8585761996740766
36,New Construction,Flooring and tile,1.8290821359293747,2.5685284210153627
36,New Construction,Glazing,5.77004881891225,19.01142955262344
36,New Construction,Gypsum,24.487904486723814,9.514931444059622
36,New Construction,Insulation,5.489962825858125,177.90114024054466
36,New Construction,Masonry,498.03893922823033,88.30377952123958
36,New Construction,Other metals,0.0121993784355,0.0515471496223575
36,New Construction,Roofing and waterproofing,5.55958605326875,3.51176743133925
36,New Construction,Steel,95.90846719492694,156.52967997527722
36,New Construction,Synthetic composites,0.20361492353125002,1.0974844378334376
36,New Construction,Wall coverings,0.19932229705718751,1.4794625513925688
36,New Construction,Windows and frames,1.3233216018600624,12.58014347742436
36,New Construction,Wood and composites,4.203329446715,4.422719018765387
37,New Construction,Aluminum,0.3181839252336449,2.885927850467289
37,New Construction,Cladding,9.695645607476635,41.62499214953271
37,New Construction,Concrete,595.25696,76.95731626168224
37,New Construction,Glazing,0.0009786915887850468,0.0022314018691588786
37,New Construction,Gypsum,0.7893734579439252,0.2668818691588785
37,New Construction,Insulation,3.456955887850467,9.399953644859814
37,New Construction,Masonry,4.490958130841122,0.5189551401869159
37,New Construction,Roofing and waterproofing,0.006277757009345794,0.0026721495327102804
37,New Construction,Steel,68.00521196261683,99.23998990654205
38,New Construction,Adhesives and sealants,0.014227678125256093,0.009572446435818099
38,New Construction,Air and vapor barriers,0.22287721671591038,0.4360769311508765
38,New Construction,Aluminum,0.5656056723053311,3.2490787231858795
38,New Construction,Cladding,0.5842867302582048,1.6669627278051808
38,New Construction,Coatings,0.7081778795144085,2.189366896044506
38,New Construction,Concrete,754.5717051526398,128.44163124960681
38,New Construction,Doors and frames,1.0690076631275294,2.6224012680155564
38,New Construction,Flooring and tile,0.9379293084066695,0.39263870264331635
38,New Construction,Glazing,8.359651368536026,10.848715533346137
38,New Construction,Gypsum,40.550007246538925,12.253666419374541
38,New Construction,Insulation,9.183491817297067,19.46008681539202
38,New Construction,Masonry,79.76304199079013,16.87295114674402
38,New Construction,Other metals,0.10235257777191265,0.45086118766049876
38,New Construction,Roofing and waterproofing,1.678249223921061,2.175655489622331
38,New Construction,Steel,64.23875787223518,130.19027670850392
38,New Construction,Windows and frames,2.1452402586805204,21.489050330651263
38,New Construction,Wood and composites,32.33204363372424,10.087721078819566
39,New Construction,Aluminum,0.03471457286432161,0.4262221105527638
39,New Construction,Cladding,0.005816582914572864,0.015926633165829145
39,New Construction,Concrete,1185.0523457286433,114.43526733668341
39,New Construction,Doors and frames,0.18999095477386935,0.7256527638190955
39,New Construction,Gypsum,0.7238889447236182,0.23194120603015075
39,New Construction,Insulation,4.3892542713567835,13.54231959798995
39,New Construction,Masonry,1.4965306532663316,0.582678391959799
39,New Construction,Roofing and waterproofing,1.7825804020100502,6.249446733668342
39,New Construction,Steel,72.48842361809045,75.18923618090453
39,New Construction,Windows and frames,0.3829989949748744,1.8867572864321607
4,New Construction,Acoustic ceilings,0.1435616598161111,0.22333198743912777
4,New Construction,Adhesives and sealants,0.08318595771277779,0.2254008658251139
4,New Construction,Aluminum,1.6203292715072777,14.336163666048002
4,New Construction,Cladding,7.645906399110444,4.171374907174382
4,New Construction,Coatings,0.14345606826733334,0.5082134819877483
4,New Construction,Concrete,1008.6482905924555,116.90174742207894
4,New Construction,Doors and frames,0.6771435486774444,1.6313363321311882
4,New Construction,Flooring and tile,1.715373894107222,0.4707173076677278
4,New Construction,Glazing,7.672013575754833,12.470575457779587
4,New Construction,Gypsum,10.969638654774444,2.2823894657592123
4,New Construction,Insulation,1.0319680321141111,3.004467907060347
4,New Construction,Masonry,126.87621713627222,19.347035197709673
4,New Construction,Other,0.021822094938888887,0.06197474962644444
4,New Construction,Other metals,0.0012326877932222224,0.006267634527738333
4,New Construction,Roofing and waterproofing,0.31683978134388885,0.24673368881276667
4,New Construction,Steel,65.07671148067405,125.05033930698828
40,New Construction,Acoustic ceilings,2.5453672448252633,8.459174032143242
40,New Construction,Adhesives and sealants,1.0926637640332633,2.358026373254922
40,New Construction,Air and vapor barriers,1.200746590785263,2.1540864642582105
40,New Construction,Aluminum,1.877039747208421,14.03256953069638
40,New Construction,Cladding,2.8673407437957894,21.881821890312008
40,New Construction,Coatings,0.2647502226568421,3.0913608422393914
40,New Construction,Concrete,728.9358479995452,107.93538314017617
40,New Construction,Doors and frames,3.2257583629802107,5.668623588599133
40,New Construction,Flooring and tile,7.4706549447433686,5.608501458186488
40,New Construction,Glazing,4.624646353947369,5.767011318082561
40,New Construction,Gypsum,52.4928904720821,12.808265275188033
40,New Construction,Insulation,30.367396309159787,66.33418289242802
40,New Construction,Masonry,74.54842082156905,20.400963623526856
40,New Construction,Other metals,0.20871985452042105,1.143970778420659
40,New Construction,Roofing and waterproofing,2.056499156989474,6.3751473866673685
40,New Construction,Steel,64.9016605319842,101.32538922690114
40,New Construction,Synthetic composites,0.5128535853452632,2.124697620008463
40,New Construction,Windows and frames,0.0009522248715789474,0.007374114204126316
40,New Construction,Wood and composites,0.11636881564757895,0.12150467930191156
41,New Construction,Acoustic ceilings,0.13246389261744965,0.15100885906040268
41,New Construction,Aluminum,0.01923973154362416,0.29051838926174495
41,New Construction,Coatings,0.51359677852349,0.9912418791946309
41,New Construction,Concrete,1344.379114362416,179.76984483221474
41,New Construction,Doors and frames,0.8567825503355705,2.431877046979866
41,New Construction,Flooring and tile,0.11247624161073826,0.36608026845637587
41,New Construction,Gypsum,1.032743087248322,0.3184212080536913
41,New Construction,Insulation,2.987984697986577,7.447357583892618
41,New Construction,Roofing and waterproofing,1.480744697986577,5.152991409395973
41,New Construction,Steel,34.75250604026846,58.25553154362416
41,New Construction,Synthetic composites,0.01316026845637584,0.13647677852348994
41,New Construction,Windows and frames,1.0052010738255033,4.455485100671141
41,New Construction,Wood and composites,0.01421234899328859,0.0013932885906040267
46,New Construction,Adhesives and sealants,0.03530361162422008,0.09580260780238223
46,New Construction,Air and vapor barriers,0.02762260231714797,0.2955618447934833
46,New Construction,Aluminum,2.5159218532668866,15.481200629392745
46,New Construction,Cladding,0.5058305151377426,0.24229281675097872
46,New Construction,Coatings,0.018368611771696085,0.04299462845010196
46,New Construction,Concrete,1404.788282103429,169.34366679853778
46,New Construction,Glazing,5.2830085961067175,7.0792315187830015
46,New Construction,Gypsum,0.19064846648069417,0.04651822582128937
46,New Construction,Insulation,5.568106463953212,9.987215810197503
46,New Construction,Roofing and waterproofing,0.1555274487667706,0.4961325615659982
46,New Construction,Steel,57.3416975121812,107.66516817952831
46,New Construction,Wood and composites,0.007601322866687988,0.0031192837525397654
47,New Construction,Acoustic ceilings,0.399898,0.143966
47,New Construction,Air and vapor barriers,1.44654,4.4987379999999995
47,New Construction,Cladding,1.036784,8.861641
47,New Construction,Coatings,0.43576099999999995,0.8410200000000001
47,New Construction,Concrete,1485.866493,153.51708299999999
47,New Construction,Doors and frames,0.38486,3.19239
47,New Construction,Flooring and tile,0.315035,1.008252
47,New Construction,Gypsum,1.883246,0.546442
47,New Construction,Insulation,0.889914,0.930264
47,New Construction,Other,0.150503,0.68019
47,New Construction,Roofing and waterproofing,11.843993,4.7562489999999995
47,New Construction,Steel,32.865942000000004,36.512404000000004
47,New Construction,Windows and frames,1.018493,4.025866
47,New Construction,Wood and composites,27.064981,6.368761
48,New Construction,Acoustic ceilings,0.04615448275862069,0.05261609195402299
48,New Construction,Aluminum,0.04588045977011494,0.6927972413793103
48,New Construction,Coatings,0.5055218390804598,0.9756574712643677
48,New Construction,Concrete,959.5332639080459,113.38677747126437
48,New Construction,Doors and frames,0.8208413793103448,2.257365977011494
48,New Construction,Flooring and tile,0.1273664367816092,0.22883632183908048
48,New Construction,Gypsum,8.05048367816092,0.16593425287356323
48,New Construction,Roofing and waterproofing,1.4744924137931035,5.131233563218391
48,New Construction,Steel,28.033239080459772,32.901745747126434
48,New Construction,Synthetic composites,0.07643494252873563,0.7926597701149425
48,New Construction,Windows and frames,1.1902137931034484,5.275542988505747
48,New Construction,Wood and composites,9.916785747126436,2.4341797701149424
49,New Construction,Acoustic ceilings,1.9229501164313978,6.567154678675807
49,New Construction,Adhesives and sealants,0.09285541681376343,0.4922125437893957
49,New Construction,Aluminum,2.186666771435183,7.453546822827417
49,New Construction,Applied fireproofing,35.29310558516538,40.23414036708853
49,New Construction,Cladding,2.1539453002808604,17.123865137232837
49,New Construction,Coatings,0.7381872466452903,3.662485748186897
49,New Construction,Concrete,533.5226826370968,97.95018865178439
49,New Construction,Doors and frames,4.053248749181419,10.862753604206368
49,New Construction,Flooring and tile,3.841048627867441,6.0197804923238145
49,New Construction,Glazing,6.12029885940585,11.966603194646233
49,New Construction,Gypsum,77.03257719379312,16.01084859204738
49,New Construction,Insulation,2.3122510924812043,4.250845933624761
49,New Construction,Masonry,0.17505490698107526,0.04671777164878924
49,New Construction,Other metals,0.030246911411225805,0.13568476069380087
49,New Construction,Roofing and waterproofing,0.2728040208713979,0.8456924647013333
49,New Construction,Steel,113.7713986701646,177.85858500435887
49,New Construction,Wall coverings,0.003135582948774194,0.06239810068060645
49,New Construction,Windows and frames,1.1472590909184945,11.030706001327493
49,New Construction,Wood and composites,0.10770447671492474,0.04828213069328861
5,New Construction,Acoustic ceilings,3.8696129846328193,8.091453189006954
5,New Construction,Air and vapor barriers,0.7801470671258998,0.9137045576007952
5,New Construction,Aluminum,15.66308783175269,117.55861892335528
5,New Construction,Cladding,4.3858827571916095,7.563788560284376
5,New Construction,Coatings,0.630293344394735,5.299362191450623
5,New Construction,Concrete,1192.7548011658853,223.60826506823307
5,New Construction,Doors and frames,0.7519906358017544,2.0617163003976477
5,New Construction,Glazing,2.0794854813603916,2.873662414679928
5,New Construction,Gypsum,28.65210722707889,8.556877407516312
5,New Construction,Insulation,2.246670226002401,5.095062774926213
5,New Construction,Masonry,30.380548453128746,3.3855005289548505
5,New Construction,Other,0.16521913748175673,0.469222350448189
5,New Construction,Other metals,0.008496030581686125,0.045477973690873065
5,New Construction,Roofing and waterproofing,3.276566435151629,2.0302376589007762
5,New Construction,Steel,57.96718997442297,86.70541750373656
5,New Construction,Synthetic composites,2.598160366385899,7.5686136358036995
5,New Construction,Wall coverings,0.016639927417805518,0.008170204362142509
51,New Construction,Acoustic ceilings,0.001730035759154848,0.0023528486324505935
51,New Construction,Adhesives and sealants,0.04904722358569646,0.13438939262480828
51,New Construction,Air and vapor barriers,0.00029725967098821743,0.0007788203379891295
51,New Construction,Aluminum,0.8778426327304227,6.760930892969998
51,New Construction,Applied fireproofing,0.37928203962752877,0.43238152517538275
51,New Construction,Cladding,19.031255684172194,9.64775544009579
51,New Construction,Coatings,0.7471641534211169,1.777856625543045
51,New Construction,Concrete,221.48499985470738,35.20864870485168
51,New Construction,Doors and frames,0.0008534502037661539,0.007689586335933046
51,New Construction,Flooring and tile,1.5027687646699586,0.3937254163435292
51,New Construction,Glazing,1.4656906572481083,1.9640254807124653
51,New Construction,Gypsum,53.73817446519217,11.443609804967117
51,New Construction,Insulation,1.9893251026584378,16.799946690103482
51,New Construction,Masonry,18.41590623085541,4.1463996062729915
51,New Construction,Other,0.4637445363504771,1.317034483235355
51,New Construction,Other metals,0.007309802855339359,0.040920729694253796
51,New Construction,Roofing and waterproofing,1.7371986583047638,1.5463960705884576
51,New Construction,Steel,18.22252512988304,38.785398277792865
51,New Construction,Synthetic composites,0.032237640735507694,0.150872158642176
51,New Construction,Windows and frames,0.3723332594871795,0.997853135425641
51,New Construction,Wood and composites,22.48809561469767,5.353771278823199
52,New Construction,Aluminum,8.411013571428573,76.2525057142857
52,New Construction,Cladding,1.4589765476190475,5.526876904761905
52,New Construction,Concrete,172.27484047619046,31.532410238095235
52,New Construction,Doors and frames,0.34819047619047616,0.9657142857142857
52,New Construction,Flooring and tile,1.5234329761904761,1.478377738095238
52,New Construction,Glazing,3.6367346428571428,5.200530476190476
52,New Construction,Gypsum,15.104522857142857,4.684654523809524
52,New Construction,Insulation,4.558160714285714,4.44594130952381
52,New Construction,Masonry,17.703230357142857,4.861953333333333
52,New Construction,Other,0.4834208333333333,0.4390894047619048
52,New Construction,Roofing and waterproofing,0.2735745238095238,0.2514592857142857
52,New Construction,Steel,88.6532144047619,133.30970761904763
53,New Construction,Acoustic ceilings,1.1975897583037975,1.8533216904858543
53,New Construction,Adhesives and sealants,0.05719342876898734,0.15666211678479428
53,New Construction,Air and vapor barriers,0.28077028470063287,0.2678730984591456
53,New Construction,Aluminum,0.10629018034556963,0.5973508135421013
53,New Construction,Applied fireproofing,0.0011905585664556961,0.0030121131731329106
53,New Construction,Coatings,0.07927157283468354,0.44267564749544047
53,New Construction,Concrete,1105.952698943336,190.13860430421914
53,New Construction,Doors and frames,1.7889530771360127,3.3742683817912353
53,New Construction,Flooring and tile,0.24300074860759494,0.06366619613518987
53,New Construction,Glazing,3.510353233851139,16.275023298954338
53,New Construction,Gypsum,20.813464539951266,6.084180352671938
53,New Construction,Insulation,2.9074410025742403,5.765194687180018
53,New Construction,Masonry,18.172393226286076,2.1624061807036496
53,New Construction,Other metals,0.0035582238213924047,0.020664934523425316
53,New Construction,Roofing and waterproofing,0.21718976149936708,0.6841477487230062
53,New Construction,Steel,66.95504610034804,120.10485119597993
53,New Construction,Synthetic composites,0.032202248505696196,0.11590483004463291
53,New Construction,Wall coverings,0.000640770991772152,0.0020568748835886074
53,New Construction,Windows and frames,0.3382431047507595,3.344202922191139
55,New Construction,Acoustic ceilings,0.011774727926549496,0.06330216447599092
55,New Construction,Adhesives and sealants,0.35578682929943306,0.9748559122804465
55,New Construction,Aluminum,16.59954858460814,97.58377179873584
55,New Construction,Cladding,0.2117915035144042,0.49347420318856183
55,New Construction,Coatings,0.008885067588104138,0.032408498881640706
55,New Construction,Concrete,1366.4947653024235,254.48840712486174
55,New Construction,Doors and frames,0.060071415194504485,0.42713769762898535
55,New Construction,Glazing,2.388634990082374,3.2814548142173776
55,New Construction,Gypsum,2.0929670326629366,0.5106839559697566
55,New Construction,Insulation,13.540622500199234,24.338828717991966
55,New Construction,Masonry,169.0456919271498,26.03058884587295
55,New Construction,Other metals,0.004760334388908355,0.020312254041639388
55,New Construction,Roofing and waterproofing,1.2210766859647237,3.785337726490645
55,New Construction,Steel,71.20726917551889,120.39552645518127
55,New Construction,Windows and frames,0.010130626415872,0.07780048584843008
56,New Construction,Acoustic ceilings,0.016452292846978148,0.02546063122147066
56,New Construction,Adhesives and sealants,0.00596633010029083,0.03770720623383804
56,New Construction,Aluminum,0.8061282902618219,5.108476584357265
56,New Construction,Applied fireproofing,0.13225483475491467,0.33460473192993406
56,New Construction,Cladding,0.4384823263191492,2.535632967153619
56,New Construction,Coatings,0.006983066073876876,0.016140783200952795
56,New Construction,Concrete,618.0449799518107,107.37118532330477
56,New Construction,Doors and frames,0.033659033749468124,0.05457969213742139
56,New Construction,Flooring and tile,0.013081152978789718,0.0034272620804429053
56,New Construction,Glazing,1.405000198979364,1.5455002188773006
56,New Construction,Gypsum,0.3878169926464976,0.09462734620574544
56,New Construction,Insulation,0.27940778021278223,1.4280302815905574
56,New Construction,Masonry,0.10725102613580674,0.013799379403459884
56,New Construction,Other metals,0.010395486629110683,0.06008591271625974
56,New Construction,Steel,40.32024488446172,83.465996448898
56,New Construction,Wood and composites,0.20311925618469534,0.0568851619759792
57,New Construction,Acoustic ceilings,3.1768907692307695,0.010038461538461538
57,New Construction,Air and vapor barriers,2.011511153846154,6.255798846153846
57,New Construction,Aluminum,0.39212038461538457,2.9037265384615387
57,New Construction,Concrete,820.1270769230769,108.23714076923076
57,New Construction,Doors and frames,1.0514923076923077,3.132877692307692
57,New Construction,Flooring and tile,0.33628307692307696,0.6201788461538461
57,New Construction,Glazing,0.034045769230769234,0.04868538461538461
57,New Construction,Gypsum,2.34438,0.7638780769230769
57,New Construction,Insulation,7.792859230769231,29.481396923076918
57,New Construction,Roofing and waterproofing,1.4877826923076922,5.177483846153846
57,New Construction,Steel,35.736032692307695,49.71061538461538
57,New Construction,Windows and frames,0.44185846153846153,2.302328076923077
57,New Construction,Wood and composites,17.68573153846154,8.014121153846153
58,New Construction,Acoustic ceilings,1.576162643878171,2.4391795231271454
58,New Construction,Adhesives and sealants,0.21061737745822162,0.1673567800612066
58,New Construction,Air and vapor barriers,0.0012061857004827536,0.0031602065352648143
58,New Construction,Aluminum,3.8377146756632454,34.57070339995627
58,New Construction,Cladding,1.5165106575176919,4.983819968290773
58,New Construction,Coatings,0.40173453317870056,1.1741161164809546
58,New Construction,Concrete,1348.5101338138861,228.1553161044178
58,New Construction,Doors and frames,2.2206956117842807,3.2813478262001516
58,New Construction,Flooring and tile,5.882093420966304,8.155570194406737
58,New Construction,Glazing,4.074362664672093,5.555978557788879
58,New Construction,Gypsum,39.33754010961125,8.68837582551209
58,New Construction,Insulation,1.4477386985811722,3.1773212817471688
58,New Construction,Masonry,8.267577585792738,1.57122450088894
58,New Construction,Other,0.04371703843811245,0.12415638916423935
58,New Construction,Other metals,0.0424568473787842,0.1731113183694364
58,New Construction,Roofing and waterproofing,0.21661760876800754,0.6715145871808234
58,New Construction,Steel,38.13830143483854,75.87403817450873
58,New Construction,Windows and frames,0.15443891419734493,1.4220439539051601
58,New Construction,Wood and composites,1.29817359381541,0.7420298196063241
59,New Construction,Acoustic ceilings,2.6818217171487855,4.150234522150379
59,New Construction,Adhesives and sealants,0.2668200455193618,0.7310869247230514
59,New Construction,Air and vapor barriers,0.2033047091724384,0.4127085596200501
59,New Construction,Aluminum,1.1280376324372745,10.22002094988171
59,New Construction,Cladding,1.977229663451258,3.355472019936027
59,New Construction,Coatings,0.17210595015021335,1.4608567865407873
59,New Construction,Concrete,532.0345817509868,96.57643067431192
59,New Construction,Doors and frames,0.9173335835362161,2.8737149785084104
59,New Construction,Glazing,2.3189628347587177,3.1367921334578854
59,New Construction,Gypsum,36.92743652389099,9.405951843593195
59,New Construction,Insulation,5.532755339721079,13.809941904599567
59,New Construction,Other,0.03276653818089,0.0930569684337276
59,New Construction,Other metals,0.18138311626441161,0.7386265029244472
59,New Construction,Roofing and waterproofing,1.7909900458094172,4.475714476533522
59,New Construction,Steel,60.84333350581705,93.93479583632637
59,New Construction,Wall coverings,0.0033000584882182074,0.0016203287177151398
59,New Construction,Windows and frames,0.007892435781818181,0.06022120026763637
59,New Construction,Wood and composites,3.472009508770163,1.7480647309532713
6,New Construction,Air and vapor barriers,0.894475,2.78180625
6,New Construction,Concrete,548.3991125,111.9620625
6,New Construction,Doors and frames,0.5564125,1.65913125
6,New Construction,Flooring and tile,1.41670625,4.9608625
6,New Construction,Glazing,5.063275,6.30735625
6,New Construction,Gypsum,68.12424999999999,23.285568750000003
6,New Construction,Insulation,28.542156249999998,48.910337500000004
6,New Construction,Masonry,8.457543750000001,1.4882187499999997
6,New Construction,Roofing and waterproofing,7.0403062499999995,24.50026875
6,New Construction,Steel,107.62768750000001,262.05988125
6,New Construction,Windows and frames,0.6172624999999999,7.1911
6,New Construction,Wood and composites,179.99357500000002,37.77018125
60,New Construction,Acoustic ceilings,0.794551753910689,1.229603033501099
60,New Construction,Adhesives and sealants,0.1636779821086627,0.22492911409955535
60,New Construction,Aluminum,0.7653490439206206,5.673847793650848
60,New Construction,Applied fireproofing,0.17456453818478634,0.19900357353065642
60,New Construction,Cladding,13.010767543258204,6.680091816381427
60,New Construction,Coatings,0.824247056621645,2.1739989862000613
60,New Construction,Concrete,863.7977965493404,173.78052504860256
60,New Construction,Doors and frames,3.023917922892136,9.656612043209915
60,New Construction,Flooring and tile,4.355249059979611,6.905330120838688
60,New Construction,Glazing,3.0596589353770405,4.108200148583163
60,New Construction,Gypsum,66.25669592423446,14.917599461963135
60,New Construction,Insulation,2.410896406665203,3.2457027966595993
60,New Construction,Masonry,0.2057486351096568,0.13714861902845504
60,New Construction,Other,0.6158029649945441,1.7420134201378472
60,New Construction,Other metals,0.00932065657290008,0.03842693368349032
60,New Construction,Steel,29.848551876928205,61.21092307594689
60,New Construction,Wall coverings,0.06647281473644964,0.03263815203559678
60,New Construction,Windows and frames,0.9431748857772403,2.630904828817341
60,New Construction,Wood and composites,0.00498273605316322,0.000837099656931421
61,New Construction,Acoustic ceilings,3.378196462667341,13.20104220595815
61,New Construction,Aluminum,0.8955665102234436,8.037785216045336
61,New Construction,Applied fireproofing,57.14444281494243,65.14466480903437
61,New Construction,Cladding,14.483983402961986,33.76827995028002
61,New Construction,Coatings,1.396747634823518,14.659961661331042
61,New Construction,Concrete,401.00737514512855,64.76964009940495
61,New Construction,Doors and frames,1.5380729375742508,5.686132084778066
61,New Construction,Flooring and tile,1.1902670715909551,0.3118499727568302
61,New Construction,Glazing,2.4637234284391343,3.30138939410844
61,New Construction,Gypsum,58.517183276283454,13.57680352086319
61,New Construction,Insulation,7.284946798471612,18.873857411800188
61,New Construction,Masonry,0.22753230359609194,0.15166925022824876
61,New Construction,Other,0.006413060999355705,0.014942432128498793
61,New Construction,Other metals,0.3070487106926282,1.253957809188661
61,New Construction,Roofing and waterproofing,0.3078222180849871,0.9542488760634602
61,New Construction,Steel,92.49336015137325,156.29822415424275
61,New Construction,Wood and composites,4.6659598281016725,1.2318133946188414
62,New Construction,Acoustic ceilings,0.14783240899079042,0.4698824608405018
62,New Construction,Adhesives and sealants,0.09143228627919839,0.12675976301811023
62,New Construction,Air and vapor barriers,0.13289254188062866,0.11429731044423291
62,New Construction,Aluminum,0.5031915669088312,4.097133333917826
62,New Construction,Cladding,1.1738158450176719,1.4179934589415697
62,New Construction,Coatings,0.13666792864496344,0.5583843018391376
62,New Construction,Concrete,724.9887315414821,134.3046832272383
62,New Construction,Doors and frames,0.5030319045835578,1.1405372908047575
62,New Construction,Flooring and tile,1.530831699231698,1.021191793881063
62,New Construction,Glazing,0.8617775343720737,1.151373485611719
62,New Construction,Gypsum,6.832973826303998,1.9715037709625347
62,New Construction,Insulation,1.7581206376247858,52.877733081013986
62,New Construction,Masonry,9.646008143094551,1.4042483649609814
62,New Construction,Other,0.0358980489562565,0.1012283361180791
62,New Construction,Other metals,0.02085467784803281,0.08446144528453287
62,New Construction,Roofing and waterproofing,3.3707307642297786,1.8452770696530731
62,New Construction,Steel,46.01799955519014,89.05119342015082
62,New Construction,Synthetic composites,0.4075023341057767,1.189906815588868
62,New Construction,Wall coverings,0.0034728422535717273,0.001705165546503718
62,New Construction,Windows and frames,0.004690425477707007,0.057223190828025475
62,New Construction,Wood and composites,9.054087423674076,2.770918080042391
63,New Construction,Air and vapor barriers,1.1905496183206106,3.7026106870229007
63,New Construction,Aluminum,1.2328167938931298,6.93136641221374
63,New Construction,Concrete,819.208534351145,82.0334961832061
63,New Construction,Doors and frames,2.9540229007633587,9.04002290076336
63,New Construction,Flooring and tile,9.933114503816794,21.788129770992366
63,New Construction,Gypsum,9.717824427480917,3.1620305343511452
63,New Construction,Insulation,3.1869541984732823,6.138152671755725
63,New Construction,Roofing and waterproofing,0.592854961832061,2.0714809160305347
63,New Construction,Steel,58.38006106870229,51.29302290076336
63,New Construction,Synthetic composites,0.2646946564885496,0.9474885496183206
63,New Construction,Windows and frames,2.47530534351145,11.841099236641222
63,New Construction,Wood and composites,119.03477099236642,44.80991603053435
64,New Construction,Acoustic ceilings,2.7716159138347107,4.2891949058319
64,New Construction,Adhesives and sealants,0.28193502370495865,0.3129920883702289
64,New Construction,Aluminum,0.3971207055702479,3.2056256257166944
64,New Construction,Cladding,0.0158334411107438,0.12587585683041322
64,New Construction,Coatings,0.8159789104595041,1.7098083385269967
64,New Construction,Concrete,1213.386211820717,147.1073899157871
64,New Construction,Flooring and tile,1.0317243714198348,3.28879008594714
64,New Construction,Glazing,4.329214026917355,6.026704974850016
64,New Construction,Gypsum,38.752455683867765,10.174634062634496
64,New Construction,Insulation,5.400048505473223,18.063723551307245
64,New Construction,Masonry,0.05631598332231405,0.029702973220644628
64,New Construction,Roofing and waterproofing,2.599526765619835,1.637701862340496
64,New Construction,Steel,81.71154097489438,105.28171972718842
64,New Construction,Windows and frames,0.6512597447659504,6.5125974476595045
64,New Construction,Wood and composites,0.5130856179834711,0.10946972823590086
65,New Construction,Air and vapor barriers,0.08581204819277108,0.2668746987951807
65,New Construction,Aluminum,3.879610843373494,16.508981927710842
65,New Construction,Cladding,0.2098855421686747,0.7950867469879518
65,New Construction,Concrete,1220.8952638554217,197.00836204819277
65,New Construction,Gypsum,2.278397590361446,0.7512421686746988
65,New Construction,Insulation,5.648407228915662,7.487536746987952
65,New Construction,Masonry,7.453251204819277,3.7581259036144585
65,New Construction,Other,0.16691204819277108,0.5425975903614458
65,New Construction,Roofing and waterproofing,0.2757590361445783,0.7961084337349398
65,New Construction,Steel,96.67272048192771,89.01186325301204
65,New Construction,Synthetic composites,0.08560843373493976,0.050237349397590364
65,New Construction,Windows and frames,5.914957228915663,33.94202650602409
66,New Construction,Acoustic ceilings,0.09881096296296296,0.059327407407407405
66,New Construction,Air and vapor barriers,0.2614180740740741,0.8130103703703703
66,New Construction,Aluminum,1.2697194074074076,11.516354074074073
66,New Construction,Cladding,0.33894607407407407,1.2839911111111113
66,New Construction,Coatings,0.20670844444444442,0.4226660740740741
66,New Construction,Concrete,1319.709755851852,159.4926091851852
66,New Construction,Doors and frames,0.2866565925925926,2.775205925925926
66,New Construction,Flooring and tile,1.5519315555555555,1.6769585185185185
66,New Construction,Glazing,2.5159979259259257,4.792333925925925
66,New Construction,Gypsum,8.528869037037037,2.6767466666666664
66,New Construction,Insulation,1.497648,2.9662171851851853
66,New Construction,Masonry,9.70118637037037,3.3586361481481486
66,New Construction,Roofing and waterproofing,1.645717925925926,1.8913502222222225
66,New Construction,Steel,153.65759081481482,129.89261037037036
66,New Construction,Wood and composites,29.410022814814816,12.475382814814814
67,New Construction,Acoustic ceilings,1.3637349397590361,1.2402409638554217
67,New Construction,Air and vapor barriers,0.14620481927710843,0.45469879518072287
67,New Construction,Aluminum,2.9821084337349397,27.047530120481927
67,New Construction,Cladding,0.5841566265060241,2.213012048192771
67,New Construction,Coatings,0.37120481927710847,0.7191566265060242
67,New Construction,Concrete,1275.5011445783132,141.55506024096385
67,New Construction,Doors and frames,0.7751204819277109,4.969397590361446
67,New Construction,Flooring and tile,4.265180722891566,4.7784337349397585
67,New Construction,Glazing,6.077951807228915,11.754638554216868
67,New Construction,Gypsum,6.998795180722891,2.0549397590361447
67,New Construction,Insulation,2.915,5.341746987951807
67,New Construction,Masonry,6.199759036144578,1.351566265060241
67,New Construction,Roofing and waterproofing,0.9371686746987952,1.3321686746987953
67,New Construction,Steel,115.64638554216867,107.18343373493975
67,New Construction,Wood and composites,69.08963855421686,28.351024096385544
68,New Construction,Air and vapor barriers,3.9958444444444448,8.372955555555555
68,New Construction,Aluminum,0.6434444444444445,5.332422222222222
68,New Construction,Applied fireproofing,5.337266666666667,3.3144444444444443
68,New Construction,Coatings,0.06419259259259259,0.1925777777777778
68,New Construction,Concrete,497.05658518518516,53.36564444444444
68,New Construction,Doors and frames,0.4574666666666667,1.2136814814814816
68,New Construction,Glazing,3.9522814814814815,4.904948148148148
68,New Construction,Gypsum,83.78707407407407,27.300659259259263
68,New Construction,Insulation,5.383244444444445,22.037844444444445
68,New Construction,Masonry,2.116911111111111,0.910274074074074
68,New Construction,Other,0.010459259259259258,0.019451851851851852
68,New Construction,Steel,69.7632074074074,67.39151851851852
68,New Construction,Wood and composites,76.79888148148149,32.37248888888889
69,New Construction,Aluminum,3.800327027027027,25.41372972972973
69,New Construction,Cladding,0.6876036036036036,5.79582972972973
69,New Construction,Coatings,0.222209009009009,0.21614954954954957
69,New Construction,Concrete,1885.6988738738737,327.4510954954955
69,New Construction,Doors and frames,0.11798558558558558,0.28865765765765766
69,New Construction,Glazing,4.193505405405406,7.468832432432432
69,New Construction,Gypsum,14.545261261261262,5.441531531531531
69,New Construction,Insulation,3.155866666666667,8.664517117117116
69,New Construction,Other,0.33765495495495496,0.3173324324324324
69,New Construction,Roofing and waterproofing,0.2882900900900901,0.37923873873873876
69,New Construction,Steel,128.36504324324324,74.34445495495495
69,New Construction,Wood and composites,0.030727027027027027,0.011367567567567568
7,New Construction,Acoustic ceilings,2.9911103200229676,8.508768199783864
7,New Construction,Aluminum,1.2984846944995092,8.443669411564061
7,New Construction,Cladding,6.093958695376435,3.6927853206105334
7,New Construction,Coatings,0.4246426676912782,1.4683509845499354
7,New Construction,Concrete,1657.982886674219,294.6647498390201
7,New Construction,Doors and frames,1.3308174514995728,3.4431103896991146
7,New Construction,Glazing,5.509244313618423,8.360548664087188
7,New Construction,Gypsum,43.07521761936759,15.199970883528271
7,New Construction,Insulation,6.976062422383948,16.493276930964036
7,New Construction,Masonry,8.149423440002831,0.8973975986614896
7,New Construction,Other,0.0715059803788624,0.2030769842759692
7,New Construction,Other metals,0.46777435416327556,1.9169470444895225
7,New Construction,Roofing and waterproofing,3.0757323477084215,10.672791246548222
7,New Construction,Steel,54.34169852636684,83.95311080042119
7,New Construction,Windows and frames,2.2161138047993116,22.14751271637932
7,New Construction,Wood and composites,1.166387977118508,0.30792642595928615
70,New Construction,Aluminum,2.6201608695652174,17.373717391304346
70,New Construction,Cladding,0.6836586956521739,1.874786956521739
70,New Construction,Concrete,868.335647826087,89.62638478260868
70,New Construction,Doors and frames,0.22066304347826085,0.6090282608695653
70,New Construction,Glazing,4.619395652173914,6.605736956521739
70,New Construction,Gypsum,15.962708695652173,5.505678260869566
70,New Construction,Insulation,1.9465891304347824,11.92489347826087
70,New Construction,Masonry,33.97416739130435,8.014402173913043
70,New Construction,Roofing and waterproofing,0.508704347826087,0.6758326086956522
70,New Construction,Steel,133.87915869565217,95.24698695652174
70,New Construction,Wood and composites,1.152191304347826,0.45642173913043477
71,New Construction,Acoustic ceilings,0.09050620908250072,0.24921582574224038
71,New Construction,Adhesives and sealants,0.29202719409077715,0.2763938521170518
71,New Construction,Aluminum,0.28664954875628207,2.4559686835138446
71,New Construction,Cladding,12.784487152652723,6.140978022993554
71,New Construction,Coatings,0.5621261909132705,1.3649880448423597
71,New Construction,Concrete,1231.0578146061127,176.07938963994826
71,New Construction,Doors and frames,0.5567365007814041,1.2656534848586036
71,New Construction,Flooring and tile,2.420818258176,3.77639994674304
71,New Construction,Glazing,1.391944147655389,1.8652051578582216
71,New Construction,Gypsum,36.21814368249586,7.826639942947363
71,New Construction,Insulation,2.115309562990535,5.020057235848253
71,New Construction,Other,0.3511759492855738,0.9973396959710297
71,New Construction,Other metals,0.0017075193658702703,0.008844778788381136
71,New Construction,Roofing and waterproofing,0.880151163654654,0.554495233102432
71,New Construction,Steel,37.69296504955925,74.17533079849247
71,New Construction,Windows and frames,0.24521893862400002,2.67077146254336
72,New Construction,Aluminum,0.1195758620689655,0.7856068965517242
72,New Construction,Applied fireproofing,0.16645172413793102,0.9171551724137931
72,New Construction,Coatings,0.05124137931034482,0.254151724137931
72,New Construction,Concrete,627.148272413793,74.55746896551724
72,New Construction,Doors and frames,0.003124137931034483,0.007610344827586207
72,New Construction,Glazing,1.5256275862068964,2.9170758620689656
72,New Construction,Gypsum,87.96136896551725,28.072175862068963
72,New Construction,Insulation,2.8185,7.164044827586207
72,New Construction,Other,0.001386206896551724,0.002579310344827586
72,New Construction,Roofing and waterproofing,2.2939517241379312,1.4983137931034483
72,New Construction,Steel,71.06033793103448,81.88643103448277
72,New Construction,Windows and frames,0.18660344827586206,0.6507689655172414
72,New Construction,Wood and composites,86.36438275862068,34.72626206896552
73,New Construction,Cladding,0.035227380952380954,0.1564047619047619
73,New Construction,Concrete,1788.1588130952382,404.04257738095237
73,New Construction,Glazing,3.049007142857143,4.360080952380953
73,New Construction,Gypsum,3.276652380952381,1.0676440476190476
73,New Construction,Insulation,2.4546761904761905,12.309149999999999
73,New Construction,Masonry,4.153422619047619,1.0011630952380952
73,New Construction,Other,1.9833642857142855,1.801482142857143
73,New Construction,Roofing and waterproofing,0.6535,1.9336273809523812
73,New Construction,Steel,4.033322619047619,8.198005952380953
73,New Construction,Windows and frames,1.9263142857142856,12.85022619047619
74,New Construction,Cladding,0.15579377777777778,0.5366293333333333
74,New Construction,Concrete,1263.8433420000001,183.97302200000001
74,New Construction,Flooring and tile,0.6697542222222221,0.5023155555555556
74,New Construction,Insulation,0.1284931111111111,0.10729022222222223
74,New Construction,Masonry,9.429678000000001,1.0852066666666667
74,New Construction,Steel,49.28351844444445,47.52331911111111
75,New Construction,Aluminum,15.715352941176471,103.24986274509803
75,New Construction,Concrete,832.6652156862745,95.64505882352941
75,New Construction,Glazing,2.284676470588235,5.7037941176470595
75,New Construction,Gypsum,5.001519607843138,1.6448823529411765
75,New Construction,Insulation,4.636019607843137,1.1251176470588236
75,New Construction,Roofing and waterproofing,1.556529411764706,3.7668039215686275
75,New Construction,Steel,90.99285294117647,124.33876470588234
75,New Construction,Wood and composites,15.635372549019609,13.259264705882352
76,New Construction,Aluminum,6.920587387387388,45.476866666666666
76,New Construction,Cladding,8.398338738738738,24.335535135135135
76,New Construction,Concrete,2104.309300900901,191.8214936936937
76,New Construction,Doors and frames,2.3591891891891894,6.275106306306306
76,New Construction,Glazing,1.9933225225225224,3.8637423423423423
76,New Construction,Gypsum,0.003068468468468469,0.001009009009009009
76,New Construction,Insulation,0.00011711711711711712,0.00016576576576576578
76,New Construction,Steel,33.53731531531532,26.874873873873874
76,New Construction,Windows and frames,0.022497297297297297,0.22610090090090088
77,New Construction,Aluminum,25.277158620689654,167.5334264367816
77,New Construction,Cladding,7.463545977011494,22.26614252873563
77,New Construction,Concrete,753.8715781609195,71.78390000000002
77,New Construction,Doors and frames,1.3037770114942528,0.5700068965517241
77,New Construction,Glazing,1.151587356321839,2.5900597701149426
77,New Construction,Gypsum,0.8088701149425287,0.25134597701149425
77,New Construction,Steel,53.28440689655172,49.2116724137931
78,New Construction,Aluminum,4.664253846153846,35.31319798816568
78,New Construction,Concrete,1287.7804455621301,129.58287349112425
78,New Construction,Glazing,7.179744852071005,10.267035147928993
78,New Construction,Gypsum,1.4669532544378698,0.5798010650887574
78,New Construction,Insulation,0.2804350295857988,0.5664788165680473
78,New Construction,Masonry,1.610390769230769,0.3510652071005917
78,New Construction,Steel,124.85686177514793,168.9521300591716
79,New Construction,Cladding,0.5761546511627907,1.5776232558139536
79,New Construction,Concrete,1074.3464145348837,147.5670453488372
79,New Construction,Doors and frames,0.31584999999999996,0.5574308139534884
79,New Construction,Glazing,0.2880813953488372,1.0801651162790697
79,New Construction,Gypsum,7.329960465116279,2.4698052325581394
79,New Construction,Insulation,3.6735313953488373,7.621138953488372
79,New Construction,Masonry,3.057429069767442,0.7254186046511628
79,New Construction,Roofing and waterproofing,0.4121,1.432166860465116
79,New Construction,Steel,63.46093720930232,63.81554651162791
79,New Construction,Synthetic composites,1.6046523255813954,1.2089889534883722
79,New Construction,Windows and frames,7.469890697674419,36.64166337209303
79,New Construction,Wood and composites,69.44284476744187,21.972602906976743
8,New Construction,Air and vapor barriers,0.883561038961039,2.7478727272727275
8,New Construction,Concrete,446.0265038961039,91.83003116883117
8,New Construction,Doors and frames,9.841477922077921,18.167496103896106
8,New Construction,Flooring and tile,1.6187402597402598,6.978753246753247
8,New Construction,Glazing,1.9983064935064936,2.5623324675324675
8,New Construction,Gypsum,106.95019740259741,35.265335064935066
8,New Construction,Insulation,33.71431168831169,57.365659740259744
8,New Construction,Masonry,331.2995896103896,57.303438961038964
8,New Construction,Roofing and waterproofing,7.037784415584415,24.49148831168831
8,New Construction,Steel,103.66812467532466,277.90395324675325
8,New Construction,Windows and frames,0.36641038961038963,2.0427012987012985
8,New Construction,Wood and composites,205.82936883116884,43.6736
80,New Construction,Cladding,1.4728795180722891,5.57955421686747
80,New Construction,Coatings,0.047228915662650604,0.09114457831325302
80,New Construction,Concrete,2080.3261445783132,262.0783493975904
80,New Construction,Doors and frames,1.1072048192771087,10.868277108433734
80,New Construction,Gypsum,13.902361445783132,4.496650602409638
80,New Construction,Insulation,0.07622891566265061,3.2907831325301204
80,New Construction,Masonry,143.37251807228915,58.675554216867475
80,New Construction,Roofing and waterproofing,0.5068192771084338,0.498710843373494
80,New Construction,Steel,189.10180722891567,177.10514457831326
81,New Construction,Acoustic ceilings,0.10548371358057124,0.15363289827802584
81,New Construction,Adhesives and sealants,0.3370829780561343,0.09759377912455086
81,New Construction,Air and vapor barriers,0.5218961877154205,1.0594492610623034
81,New Construction,Aluminum,1.239835310983672,10.092145828178039
81,New Construction,Applied fireproofing,0.5648083123606733,0.6438814760911675
81,New Construction,Cladding,13.475112651989269,8.544844376343345
81,New Construction,Coatings,1.0641622470850909,2.6105863404993137
81,New Construction,Concrete,2041.2292193192689,293.79518582067163
81,New Construction,Doors and frames,5.100836603063625,10.333801898815501
81,New Construction,Flooring and tile,2.694537550126301,5.48513587256575
81,New Construction,Glazing,3.4136782484280386,4.574328852893572
81,New Construction,Gypsum,95.63356358955403,19.73865106957116
81,New Construction,Insulation,5.359605293994967,13.812350109776997
81,New Construction,Masonry,13.18539461174457,2.019887572437255
81,New Construction,Other,0.5822293800882813,1.6535314394507186
81,New Construction,Other metals,0.025139948505630748,0.12726293459228807
81,New Construction,Roofing and waterproofing,1.8893014057337398,0.7594808933312137
81,New Construction,Steel,84.98859504664011,184.6665337815147
81,New Construction,Synthetic composites,0.0021667476279160804,0.01131042261772194
81,New Construction,Windows and frames,0.5836082572000514,6.322429333707827
81,New Construction,Wood and composites,1.5644711917110383,0.4499282245352209
82,New Construction,Adhesives and sealants,0.0126161638714943,0.03267586442717023
82,New Construction,Air and vapor barriers,0.9264111637148946,2.427197248933024
82,New Construction,Aluminum,0.23924816727565154,2.167588395517403
82,New Construction,Cladding,13.059217924470785,30.42797776401693
82,New Construction,Coatings,1.7996977601772488,16.582452764276308
82,New Construction,Concrete,1267.668268608348,234.92875080147755
82,New Construction,Doors and frames,2.4636279400873846,11.106463128577937
82,New Construction,Glazing,7.612012547656615,11.087775234742958
82,New Construction,Gypsum,98.56856236614367,23.596446272679998
82,New Construction,Insulation,9.905352433467243,20.619114444264508
82,New Construction,Other metals,0.34144861143851674,1.6679282428970694
82,New Construction,Roofing and waterproofing,0.15503963034163737,0.4883748355761578
82,New Construction,Steel,51.133275049209985,53.0362986002622
82,New Construction,Synthetic composites,0.6956649215907778,3.9305068069878946
82,New Construction,Windows and frames,1.188570124681846,11.558945329010216
82,New Construction,Wood and composites,81.04111289966396,15.591525625982065
83,New Construction,Acoustic ceilings,1.7800982130496552,5.676685272229927
83,New Construction,Adhesives and sealants,0.1941357461061609,0.28847153440106965
83,New Construction,Air and vapor barriers,0.14941106448634484,0.3033044609072799
83,New Construction,Aluminum,1.6889160264441379,10.285273438682607
83,New Construction,Applied fireproofing,29.011951025985287,33.07362416962322
83,New Construction,Cladding,1.3412259943678162,2.312369896685853
83,New Construction,Coatings,0.33492877089025286,1.2802023798613114
83,New Construction,Concrete,886.5171841904919,213.6687784925358
83,New Construction,Doors and frames,0.8975605633085977,3.3370174915428783
83,New Construction,Flooring and tile,4.8588323664551725,3.393355165036988
83,New Construction,Glazing,10.351386808761195,16.002139724926455
83,New Construction,Gypsum,39.72222159161687,9.081979692502575
83,New Construction,Insulation,1.5198279810950346,3.0168291829168674
83,New Construction,Masonry,0.1832880038243678,0.09547991203820966
83,New Construction,Other,0.02198643809287356,0.06244148418376092
83,New Construction,Other metals,0.012050166471770115,0.05001903116252276
83,New Construction,Roofing and waterproofing,0.41058440529526435,0.9330301505367283
83,New Construction,Steel,168.69296400660212,243.9487423263403
83,New Construction,Synthetic composites,0.4979723609195402,0.6025465567126437
83,New Construction,Windows and frames,1.6014340213820693,16.01385954071724
83,New Construction,Wood and composites,0.043762660878160914,0.007352127027531035
84,New Construction,Adhesives and sealants,0.08561097036315903,0.23289594875037858
84,New Construction,Air and vapor barriers,0.08525073969200088,0.21893755331481504
84,New Construction,Aluminum,0.35486160959634544,2.630721307705772
84,New Construction,Cladding,21.26081238579864,10.76647496283411
84,New Construction,Coatings,0.7245449845468531,1.9110566176526163
84,New Construction,Concrete,578.1745032511544,123.08672806959035
84,New Construction,Doors and frames,1.657305537585628,4.984793861232459
84,New Construction,Flooring and tile,0.13955231793976616,0.15638914405065263
84,New Construction,Glazing,3.407080028485049,4.3880641510990985
84,New Construction,Gypsum,68.37448444286169,15.877998686656383
84,New Construction,Insulation,2.0681044741458803,3.562336843816948
84,New Construction,Masonry,35.00112234865015,5.093891540072833
84,New Construction,Other,0.6152743907655336,1.747379269774115
84,New Construction,Other metals,0.02237197505620889,0.09888329758341373
84,New Construction,Roofing and waterproofing,2.7948977592335673,2.256014685181962
84,New Construction,Steel,47.87289858726451,95.99102111563305
84,New Construction,Synthetic composites,0.6788305998710435,1.9821853516234476
84,New Construction,Wall coverings,0.06196692078424287,0.030425758105063247
84,New Construction,Windows and frames,0.7078424607630466,2.167409730885159
84,New Construction,Wood and composites,27.40394459488582,5.8858639344647035
86,New Construction,Adhesives and sealants,0.00024829384900436677,0.00021949176251986023
86,New Construction,Cladding,14.926066609986576,40.7618730070843
86,New Construction,Coatings,1.0517342945374575,9.219849555383092
86,New Construction,Concrete,1317.8504432985487,294.58460188339393
86,New Construction,Doors and frames,0.6575780521568548,2.210405716971896
86,New Construction,Flooring and tile,0.25100682888862935,0.0657637891688209
86,New Construction,Glazing,1.5862945891309503,2.136763870569486
86,New Construction,Gypsum,10.074075679095936,3.4169694562216595
86,New Construction,Insulation,0.7387001450831452,2.400775471520222
86,New Construction,Masonry,415.0465971593806,63.04575767245021
86,New Construction,Other metals,1.102076536975327,6.2754892339221495
86,New Construction,Roofing and waterproofing,0.3566090876619968,1.237433534187129
86,New Construction,Steel,178.70508142705862,297.6505193734648
86,New Construction,Windows and frames,0.46380481354301295,4.622889424476856
86,New Construction,Wood and composites,0.005722397301272516,0.0010929778845430508
87,New Construction,Adhesives and sealants,0.5346188900340855,1.4648557586933937
87,New Construction,Air and vapor barriers,1.329583542819157,2.0287219640446277
87,New Construction,Cladding,0.1822620052669271,1.614043556110393
87,New Construction,Coatings,0.7383248209369772,2.6780537255454795
87,New Construction,Concrete,686.9588424269609,157.96954637215964
87,New Construction,Doors and frames,1.9350625620066666,6.7619252268718
87,New Construction,Flooring and tile,0.9460399916127555,0.247862477802542
87,New Construction,Glazing,7.88225197015696,32.741809689678355
87,New Construction,Gypsum,36.526218437722,13.187292464685285
87,New Construction,Insulation,5.561603944289671,13.919371536530521
87,New Construction,Masonry,200.86443815349136,30.833453868874326
87,New Construction,Other metals,0.0020269908985755002,0.008209313139230774
87,New Construction,Roofing and waterproofing,1.5755578161233403,5.467185621947991
87,New Construction,Steel,102.6954515501256,144.3518017779975
87,New Construction,Windows and frames,1.7244469065241208,17.029914570974537
87,New Construction,Wood and composites,0.015057335106327709,0.003975136468070515
88,New Construction,Adhesives and sealants,0.0012891051541762137,0.00019981129889731308
88,New Construction,Air and vapor barriers,0.8859416675310483,1.3921723975227083
88,New Construction,Aluminum,26.872608087495106,194.1933993693272
88,New Construction,Cladding,28.51574061403128,51.32833310525631
88,New Construction,Coatings,1.6548905694739326,16.628329144793682
88,New Construction,Concrete,488.3402227444857,113.79031846994405
88,New Construction,Doors and frames,1.1488222349791453,4.782354245920862
88,New Construction,Flooring and tile,2.284808324925758,5.031720247229838
88,New Construction,Glazing,6.636549190716143,11.326458904422667
88,New Construction,Gypsum,37.49022812979739,9.241153320041144
88,New Construction,Insulation,7.090350573408907,16.801683016189667
88,New Construction,Masonry,136.90169249949247,21.06344404769784
88,New Construction,Other metals,0.0008218938650371282,0.007446358417236383
88,New Construction,Steel,69.31254676657576,121.38621100808749
88,New Construction,Wall coverings,0.04096097680410975,0.8151234384017839
89,New Construction,Air and vapor barriers,1.3728639450637035,2.1279391148487403
89,New Construction,Aluminum,0.9723158712647921,5.464415196508132
89,New Construction,Cladding,0.01933476586839017,0.04853026232965932
89,New Construction,Coatings,0.7604329450422859,5.686148911627663
89,New Construction,Concrete,430.2183394141637,69.2882809271734
89,New Construction,Doors and frames,0.6463608296351186,2.001371327439065
89,New Construction,Flooring and tile,2.9185765921544373,0.7646670671444626
89,New Construction,Glazing,1.9064650430436987,3.0011695961005977
89,New Construction,Gypsum,21.816472005176,7.732064188208544
89,New Construction,Insulation,3.2068671551893093,8.022122673189719
89,New Construction,Masonry,248.78327880834982,28.163371629169028
89,New Construction,Other metals,0.03182827646695042,0.1593863589728105
89,New Construction,Roofing and waterproofing,0.703710316354356,2.2448359091703947
89,New Construction,Steel,51.21445385730584,107.59503017699586
89,New Construction,Synthetic composites,0.6494021654156525,0.7857766201529395
89,New Construction,Windows and frames,0.8477584739711881,8.477584739711881
89,New Construction,Wood and composites,5.822575188236709,3.7908910702633483
9,New Construction,Acoustic ceilings,2.7233724514234234,4.21453607174991
9,New Construction,Adhesives and sealants,0.2533186585313513,0.4150331466677472
9,New Construction,Air and vapor barriers,0.419498962372973,0.6502233916781082
9,New Construction,Aluminum,2.379136223281982,20.58888768448564
9,New Construction,Applied fireproofing,21.8317714479918,24.888219450710654
9,New Construction,Cladding,8.234764585895496,23.09210801409097
9,New Construction,Coatings,1.4524922089638739,12.023484997666214
9,New Construction,Concrete,760.3117811796307,96.23222932708973
9,New Construction,Doors and frames,4.020267038994325,7.9882126777889955
9,New Construction,Flooring and tile,10.732843969785947,12.207958158384963
9,New Construction,Glazing,6.436382892790631,9.645658055378396
9,New Construction,Gypsum,92.60860360677343,19.439168007791025
9,New Construction,Insulation,3.841057659292252,18.144951797872597
9,New Construction,Masonry,32.47713107999694,8.23495875139955
9,New Construction,Other metals,0.023604984256126126,0.10140264911177838
9,New Construction,Steel,109.4585873281518,139.3916514943194
9,New Construction,Wall coverings,0.03521189035045045,0.7007166179739639
9,New Construction,Windows and frames,0.022636082576576576,0.18539602387445048
9,New Construction,Wood and composites,1.3204840299735134,0.8131688899878059
90,New Construction,Adhesives and sealants,0.7852754317470034,2.15165468298679
90,New Construction,Air and vapor barriers,1.184618552827164,0.9595410277900029
90,New Construction,Aluminum,1.2108421014266297,9.09342418171399
90,New Construction,Cladding,30.345703593914223,54.6222664690456
90,New Construction,Coatings,0.6612292021902778,7.006042563757017
90,New Construction,Concrete,2150.683269317584,370.33337312646745
90,New Construction,Doors and frames,2.004994831042821,6.51399481862178
90,New Construction,Glazing,4.280860884301799,5.777902123696659
90,New Construction,Gypsum,61.57381402158248,12.499484246381243
90,New Construction,Insulation,16.952965784893337,30.894219608625434
90,New Construction,Other metals,0.000510291415026,0.0029494843788502806
90,New Construction,Roofing and waterproofing,2.0210450668281297,6.265239707167203
90,New Construction,Steel,279.25733070495477,510.47946055260223
90,New Construction,Synthetic composites,1.5876071705414883,1.9210046763552004
90,New Construction,Wood and composites,57.489030208052135,10.406003515992428
91,New Construction,Aluminum,2.2493306402858577,12.641238198406523
91,New Construction,Coatings,0.8803436859961044,17.782942457121308
91,New Construction,Concrete,309.22687357656844,103.28177577457369
91,New Construction,Gypsum,19.4251394178947,9.188090944664193
91,New Construction,Steel,53.20383719338636,76.48696103111583
92,New Construction,Acoustic ceilings,0.9856570145498599,1.5253466487450165
92,New Construction,Adhesives and sealants,0.09458804646111454,0.2471743578444325
92,New Construction,Air and vapor barriers,0.5659737339412512,1.482851182926078
92,New Construction,Aluminum,1.198120417563127,10.608741835990767
92,New Construction,Cladding,2.375696774302987,13.184442661927253
92,New Construction,Coatings,0.8213379664902273,1.866693170922439
92,New Construction,Concrete,452.3113034374039,83.92760994341428
92,New Construction,Doors and frames,5.08085261375011,21.624788472886447
92,New Construction,Flooring and tile,1.6695227228519902,0.43741495338722136
92,New Construction,Glazing,4.555173421610013,5.613882500571078
92,New Construction,Gypsum,76.76748982687148,19.381531128240375
92,New Construction,Insulation,6.098339273604804,13.523742557136707
92,New Construction,Masonry,21.58377012137752,3.3564070293338273
92,New Construction,Other,0.049963194191058824,0.11641424246516706
92,New Construction,Other metals,0.06797925465699645,0.38625001613258847
92,New Construction,Roofing and waterproofing,1.026124643018719,3.2353209698792087
92,New Construction,Steel,17.55818436127439,23.151402884282273
92,New Construction,Windows and frames,0.345263919370821,3.608439018042638
92,New Construction,Wood and composites,48.96740435046046,11.368588562287075
93,New Construction,Adhesives and sealants,0.21700397521201303,0.5945908920809158
93,New Construction,Air and vapor barriers,0.8525059911118913,1.3229184764339226
93,New Construction,Aluminum,2.671978406173118,19.011939405066652
93,New Construction,Cladding,13.46529106819272,6.49335021887644
93,New Construction,Coatings,0.18525362629838993,2.159734670713959
93,New Construction,Concrete,1480.031016291883,234.30232647734428
93,New Construction,Doors and frames,0.1855140505213231,0.6577799952235377
93,New Construction,Glazing,8.688154296388976,9.870543237123357
93,New Construction,Gypsum,9.136550520169976,3.270779654408597
93,New Construction,Insulation,2.4871627890934076,4.521920890207956
93,New Construction,Masonry,7.316790267120323,2.2312374180405654
93,New Construction,Other,0.42245932636359135,1.1997844868725995
93,New Construction,Other metals,0.008153745455475227,0.04186725928812589
93,New Construction,Roofing and waterproofing,0.5584980706815614,1.7313440191128404
93,New Construction,Steel,141.85190339101808,272.86989937288354
93,New Construction,Wood and composites,2.4763646645237847,0.9707349484933236
94,New Construction,Adhesives and sealants,0.15221468649398356,0.04624715344558684
94,New Construction,Air and vapor barriers,0.05646528328916929,0.04573687946422712
94,New Construction,Aluminum,0.48896994467839594,4.707665405932503
94,New Construction,Applied fireproofing,0.0064075733974697366,0.01621116069559843
94,New Construction,Cladding,4.917945151208334,3.822250642613483
94,New Construction,Coatings,0.34196357522396104,1.4045886199127318
94,New Construction,Concrete,487.17512261711215,105.59751476157263
94,New Construction,Doors and frames,2.363108182565629,5.699375550812619
94,New Construction,Flooring and tile,3.486533633192622,3.10504710111389
94,New Construction,Glazing,2.070780965111811,2.789742913527115
94,New Construction,Gypsum,56.64147724662232,12.104666294801616
94,New Construction,Insulation,1.906862615981763,10.921159029884805
94,New Construction,Masonry,14.742747230085643,2.164505549842886
94,New Construction,Other,0.2980401458886302,0.791250668874124
94,New Construction,Other metals,0.017732047858064162,0.0912367307669287
94,New Construction,Roofing and waterproofing,0.20152290427730646,0.7682114043640589
94,New Construction,Steel,39.88043861811055,79.66213503290811
94,New Construction,Synthetic composites,0.10422290080779757,0.3038812795769858
94,New Construction,Wall coverings,0.01911934899504176,0.009387600356565502
94,New Construction,Windows and frames,0.2943083216402094,0.839859679518844
94,New Construction,Wood and composites,23.059382717611506,6.350632697564674
95,New Construction,Acoustic ceilings,0.2833341777373798,0.4384718336164949
95,New Construction,Air and vapor barriers,0.8592266743521074,1.7442301489347785
95,New Construction,Aluminum,0.3651847368979237,2.7425373741034065
95,New Construction,Cladding,6.147942575093284,14.264067476324149
95,New Construction,Coatings,0.8677097855651634,7.279305079661128
95,New Construction,Concrete,684.6094995073471,134.38452927085999
95,New Construction,Doors and frames,3.0691461142102363,11.904669900720108
95,New Construction,Flooring and tile,0.06985280173885097,0.018301434055578956
95,New Construction,Glazing,0.924579472377418,1.23893649298574
95,New Construction,Gypsum,22.123558181856676,5.365054037248648
95,New Construction,Insulation,3.9479224402909106,11.188130280995374
95,New Construction,Masonry,332.4324525576022,51.487470809189304
95,New Construction,Other,0.0031753316311731398,0.009017941832531715
95,New Construction,Other metals,0.2591519631459435,1.0552201820791216
95,New Construction,Roofing and waterproofing,0.471732291801157,0.45569339387991764
95,New Construction,Steel,68.17997264540243,125.96374653242441
95,New Construction,Windows and frames,0.07176711285578474,0.5460390227555292
95,New Construction,Wood and composites,0.2658001401659166,0.07017123700380197
96,New Construction,Acoustic ceilings,1.307377257696,2.02322257059008
96,New Construction,Adhesives and sealants,0.21721674696,0.09883361986679999
96,New Construction,Aluminum,4.342959143912,32.96003134647872
96,New Construction,Cladding,10.156082381224,18.397123337125517
96,New Construction,Coatings,0.09463536749599999,0.71817568772424
96,New Construction,Concrete,1628.4940899839999,276.83538988624906
96,New Construction,Doors and frames,1.438835403688,3.69829710395544
96,New Construction,Flooring and tile,0.664376430648,2.82011976323632
96,New Construction,Glazing,7.345391026768,10.112405570834559
96,New Construction,Gypsum,78.91673618819999,17.949477274135802
96,New Construction,Insulation,11.629503008712,41.08884849701952
96,New Construction,Other metals,0.1995026743848,0.8808569698433439
96,New Construction,Roofing and waterproofing,1.04976235064,3.6426753567207997
96,New Construction,Steel,64.1705931329784,118.63830522365373
96,New Construction,Windows and frames,2.8563666906064,28.563666906064
96,New Construction,Wood and composites,101.32609660184,37.59198183928264
97,New Construction,Acoustic ceilings,0.06209063287998208,0.19055948153324456
97,New Construction,Adhesives and sealants,0.1033355077810477,0.10685458487982262
97,New Construction,Air and vapor barriers,0.01919370339025745,0.04258441476622289
97,New Construction,Aluminum,1.4581076252979321,10.785406927627575
97,New Construction,Applied fireproofing,0.015844279083268145,0.018062478154925683
97,New Construction,Cladding,1.038174447061275,0.6323744928209596
97,New Construction,Coatings,0.21207169838311588,1.3441332823208914
97,New Construction,Concrete,1045.2626990840747,155.8321882517492
97,New Construction,Doors and frames,1.0361484252696298,2.1713052225438356
97,New Construction,Flooring and tile,1.567724813596481,1.9169915162694098
97,New Construction,Glazing,2.4138127290233395,3.2343055611478473
97,New Construction,Gypsum,89.86596143661463,18.678499176802596
97,New Construction,Insulation,0.6714823493564107,26.14238693433627
97,New Construction,Masonry,5.607291644101849,1.054256665801667
97,New Construction,Other,0.028505750153983378,0.08095633043731279
97,New Construction,Other metals,0.0069258679959216885,0.0339347742793446
97,New Construction,Roofing and waterproofing,1.065366314815545,3.0404899355045645
97,New Construction,Steel,53.00266850242924,106.47289484588092
97,New Construction,Synthetic composites,0.8920948674460888,5.040336001070402
97,New Construction,Wall coverings,0.0028709362655083255,0.0014096297063645878
97,New Construction,Windows and frames,0.3440567529820734,3.3162974484261003
97,New Construction,Wood and composites,2.0074139238657813,0.5301256380946622
98,New Construction,Acoustic ceilings,1.5359577079112066,3.247305382820666
98,New Construction,Adhesives and sealants,0.536707270233925,1.3977961924589943
98,New Construction,Aluminum,0.02139252561924086,0.12022599398013362
98,New Construction,Applied fireproofing,9.939422939304476,11.330942150807102
98,New Construction,Cladding,7.560768078644577,3.9389799809735844
98,New Construction,Coatings,0.5057590871764964,1.2768797125869422
98,New Construction,Concrete,911.6900835834729,126.20984258464668
98,New Construction,Doors and frames,1.8988618930850385,3.492525984657845
98,New Construction,Flooring and tile,1.603142911431212,2.1708246631555426
98,New Construction,Glazing,5.666413709949651,7.581448987957332
98,New Construction,Gypsum,37.99048640260577,9.001694247963615
98,New Construction,Insulation,3.741127120261491,7.168492082068935
98,New Construction,Masonry,34.696242309880496,9.014663949914183
98,New Construction,Other,0.011211970398756892,0.03184199593246957
98,New Construction,Other metals,0.010793185818877764,0.05664614214805941
98,New Construction,Roofing and waterproofing,1.1236072026519786,0.8854024756897589
98,New Construction,Steel,81.963938891454,128.7091731651202
98,New Construction,Synthetic composites,0.3103147829620471,1.4522731842623806
98,New Construction,Wall coverings,0.02904292141397625,0.088733386281916
98,New Construction,Windows and frames,0.14950095994419643,0.9069627660401787
98,New Construction,Wood and composites,25.10111248989863,12.587249155514083
