project_index,bldg_proj_type,mat_type,mui,eci
1,New Construction,Acoustic ceiling tile aluminum,0.041935491475670106,0.2830645674607732
1,New Construction,Acoustic ceiling tile fiber,0.03303358862721649,0.11528722430898557
1,New Construction,Acoustic ceilings - other,3.8624705546391755,6.991071703896907
1,New Construction,Adhesives and sealants,0.08725888517806185,0.22865552044948548
1,New Construction,Air and vapor barriers,0.08423280308536084,0.18095846460608453
1,New Construction,Aluminum - other,0.7810479839587628,6.611447110428454
1,New Construction,Aluminum composite panel ACM,1.6140666852783505,12.831830147962886
1,New Construction,Aluminum door,0.13660289506309278,0.6254423928062062
1,New Construction,Aluminum door frame,0.002651179793814433,0.02319782319587629
1,New Construction,Aluminum framed window,0.3335783299014433,3.739627329764346
1,New Construction,Aluminum sheet,3.2810505967707626,18.439504353851685
1,New Construction,Aluminum storefront or curtain wall,0.10171640030536083,1.0171640030536082
1,New Construction,Brick clay,0.7111772532989691,0.20553022620340206
1,New Construction,CMU,12.781661478969072,1.4315460856445363
1,New Construction,Carpet,0.00017624973063917526,0.0007367238740717525
1,New Construction,Ceramic tile,0.049015183200000007,0.012841977998399999
1,New Construction,Closed cell spray polyurethane foam,0.051526926603092785,0.16601584941093814
1,New Construction,Coatings - other,0.10136332248428866,1.0658073367378018
1,New Construction,Cold formed steel framing,5.191003265787629,12.71795800117969
1,New Construction,Concrete - other,2.7144349352989687,0.6016169151344883
1,New Construction,Doors and frames - other,0.3451351407895258,2.1320871700897506
1,New Construction,EPDM,0.2822748217944742,0.9109377811523925
1,New Construction,Extruded polystyrene XPS,0.07169033883505155,4.659410696231044
1,New Construction,Extrusion,0.30157929081030926,2.2648604739854226
1,New Construction,Fasteners,0.004101929614701031,0.021657730713998145
1,New Construction,Fiberglass blanket,0.0027215342554020618,0.005584082943907424
1,New Construction,GFRC general,7.856464587113403,1.9326902884298969
1,New Construction,Glass mat gypsum board,1.338468929327835,0.633095803572066
1,New Construction,Glazing - other,1.7749333781962886,2.996032559489604
1,New Construction,Gypsum board,31.680571576768042,6.501664682821498
1,New Construction,Hollow structural sections HSS,0.49439833954577317,1.2171717734276186
1,New Construction,Hot-rolled sections,0.006314609045793815,0.006079679229715752
1,New Construction,Insulated glass unit IGU,0.3824913716731959,0.6797073240787834
1,New Construction,Medium density fiberboard MDF,0.05663657181443299,0.03987214655736083
1,New Construction,Mineral wool high density,1.3577879764824743,2.430440477903629
1,New Construction,Mineral wool low density,0.583522959051134,0.8636139793956784
1,New Construction,Modified bitumen,0.4154241993645567,0.308889694977346
1,New Construction,Mortar and grout,14.325414355003279,2.6765580553044
1,New Construction,Paint,0.44616063783014437,1.0701367525034908
1,New Construction,Precast,0.06235171754639175,0.009727226456162336
1,New Construction,Ready mix LW 3000,0.6797377030927835,0.17890643834825973
1,New Construction,Ready mix NW 4000,260.42863036319585,41.529170947453494
1,New Construction,Ready mix NW 5000,998.7235270430866,178.6400790201538
1,New Construction,Ready mix NW 6000,13.50071120329897,2.652910609593271
1,New Construction,Ready mix NW 8000,156.59572080626805,36.520547526202506
1,New Construction,Rebar and reinforcement,45.48848393198495,86.88281035680683
1,New Construction,Resilient flooring vinyl,1.1691964174865979,3.090562785168351
1,New Construction,Roll formed metal panel aluminum,0.008615665408247422,0.05565719853727835
1,New Construction,Softwood framing,0.03291898711340206,0.005530389835051546
1,New Construction,Softwood plywood,0.023425052070103092,0.006184213746507216
1,New Construction,Steel - other,4.889334923814433,12.413557037162887
1,New Construction,Steel door,0.2993343145030928,0.9548410877266866
1,New Construction,Steel door frame,0.0026312971315463917,0.007236067111752577
1,New Construction,Steel sheet,0.3083118898969072,0.7183667034597938
1,New Construction,Stone masonry,0.1053691830329897,0.05879600413240825
1,New Construction,Suspension assembly,0.5578886097269279,1.3556693216364346
1,New Construction,TPO,0.00984853303298969,0.03141682037523711
1,New Construction,Wood and composites - other,0.004117883350515464,0.0019024621079381445
1,New Construction,Wood door frame,0.06905741525773196,0.3038526271340206
1,New Construction,Wood or composite door,1.470029116464536,0.745534451127515
100,New Construction,Acoustic ceiling tile aluminum,2.7996197185265306,18.22641516467449
100,New Construction,Acoustic ceiling tile fiber,1.503069667034694,5.245713137951082
100,New Construction,Adhesives and sealants,0.04792621310595919,0.12322801138992776
100,New Construction,Air and vapor barriers,0.9643424315002449,1.732216080847302
100,New Construction,Aluminum composite panel ACM,0.32008423130612246,2.5446696388836734
100,New Construction,Aluminum door frame,0.0005583438367346939,0.004885508571428571
100,New Construction,Aluminum sheet,0.26055670671106124,1.5631776020072459
100,New Construction,Carpet,0.04953523848244898,0.2610507068025061
100,New Construction,Closed cell spray polyurethane foam,0.33249965718367347,1.0473739201285714
100,New Construction,Coatings - other,0.16105893003677552,1.723330551393498
100,New Construction,Cold formed steel framing,2.4893575055565305,6.0989258886135
100,New Construction,Concrete - other,0.029271166159183674,0.009637104523342356
100,New Construction,Decking,11.163271916020406,28.80124154333265
100,New Construction,Doors and frames - other,0.15981414728432652,0.9325178329004833
100,New Construction,EPDM,0.00357294076122449,0.01239810444144898
100,New Construction,Extruded polystyrene XPS,2.431969297843265,158.06235461306093
100,New Construction,Extrusion,1.5893584528551021,13.835048945246266
100,New Construction,Fasteners,0.004369502553061224,0.022929325627109795
100,New Construction,Fiberglass blanket,0.16415396406187754,0.2825142222065339
100,New Construction,Flooring and tile - other,0.0018781133075918366,0.010404747724058775
100,New Construction,GFRC general,2.401657826122449,0.5908078252261225
100,New Construction,Glass mat gypsum board,0.9885361671791837,0.46757760707575385
100,New Construction,Glazing - other,0.6482497234693878,0.9987000598212246
100,New Construction,Gypsum board,48.44233628601143,11.068005484618464
100,New Construction,Hollow structural sections HSS,2.103662757793878,5.4274499151082045
100,New Construction,Hot-rolled sections,68.29585326101265,152.93772789102047
100,New Construction,Insulated glass unit IGU,7.067887819032041,8.131259849719918
100,New Construction,Medium density fiberboard MDF,0.2012472581632653,0.14167806974693878
100,New Construction,Mineral wool high density,9.350833938110613,11.890606737890927
100,New Construction,Mineral wool low density,0.001737965187755102,0.002624327433510204
100,New Construction,Modified bitumen,0.2084552100612245,0.17135018267032653
100,New Construction,Mortar and grout,0.011001367429795919,0.005901504527784082
100,New Construction,Open web joists,0.9972643079142858,1.3762247449217142
100,New Construction,Oriented strand board OSB,2.810687987865306,1.1017896912432
100,New Construction,Other,0.0021527200991836733,0.006113725081681633
100,New Construction,Paint,0.724667717057796,1.697434799377377
100,New Construction,Precast,39.16429386983674,6.215556725388828
100,New Construction,Ready mix LW 3000,5.543490575510204,1.4084653122547413
100,New Construction,Ready mix NW 3000,0.8892343000816327,0.13393881782172917
100,New Construction,Ready mix NW 4000,454.3185866237659,74.54817231963453
100,New Construction,Ready mix NW 5000,176.97252988783674,33.88892325932978
100,New Construction,Rebar and reinforcement,32.496467462458,30.354942848001773
100,New Construction,Roll formed metal panel aluminum,0.16538812302612246,1.068407274748751
100,New Construction,Spray applied cementitious,45.88887519416082,52.313317721343324
100,New Construction,Steel - other,5.440977331202449,13.323380247173764
100,New Construction,Steel door,0.7911750751624489,1.6535513628015999
100,New Construction,Steel door frame,7.355508244897959e-05,0.0002022764767346939
100,New Construction,Stucco finish,1.2239063760000002,0.6022412754641633
100,New Construction,Suspension assembly,0.8201443037772653,1.9929506581787546
100,New Construction,TPO,0.4242642857546938,1.3534030715574736
102,New Construction,Acoustic ceiling tile aluminum,0.5753649623250001,3.88027609660575
102,New Construction,Acoustic ceiling tile fiber,1.4792942339175,2.0118401581278
102,New Construction,Adhesives and sealants,0.16466477596950002,0.2038609547538675
102,New Construction,Air and vapor barriers,0.48836482310725,0.8679988169752699
102,New Construction,Aluminum door,0.00647719994875,0.026038343793975
102,New Construction,Aluminum sheet,0.061298428704749996,0.43644481237782
102,New Construction,CMU,47.017361123250005,5.265944445804
102,New Construction,Carpet,0.45668426900000003,2.570028651205
102,New Construction,Ceramic tile,4.87073767282125,1.3196989940879176
102,New Construction,Closed cell spray polyurethane foam,0.43899241625374996,1.3828261111993125
102,New Construction,Coatings - other,0.20228371047587498,2.1320414438910076
102,New Construction,Cold formed steel framing,3.012085803101125,7.379610217597756
102,New Construction,Concrete - other,1.254799028625,0.24865439250007895
102,New Construction,Decking,8.741551213187499,22.55320213002375
102,New Construction,Doors and frames - other,0.15334715235625002,0.81097959997024
102,New Construction,Extruded polystyrene XPS,1.15535085480125,75.09037086777708
102,New Construction,Extrusion,0.767934994143625,5.770378461006243
102,New Construction,Fasteners,0.0457791050725,0.192484458046545
102,New Construction,Fiberglass blanket,0.001555909614625,0.00280552034696375
102,New Construction,Flooring and tile - other,0.0157643323975,0.08733440148214999
102,New Construction,GFRC general,1.166274182475,0.28690344888885
102,New Construction,Glass mat gypsum board,13.4577553636875,6.365518287024187
102,New Construction,Glazing - other,0.0597056601375,0.10090256563237499
102,New Construction,Gypsum board,23.406538495875,5.293633479298612
102,New Construction,Hollow structural sections HSS,5.92335250408375,15.301608948858075
102,New Construction,Hot-rolled sections,41.58420835873125,97.15987048042562
102,New Construction,Insulated glass unit IGU,1.9405259375987503,2.507377936312121
102,New Construction,Mineral wool high density,8.5627159583025,10.874649267044175
102,New Construction,Modified bitumen,1.94682195067625,1.2282265360958775
102,New Construction,Mortar and grout,57.098323767465,10.038097666608213
102,New Construction,Open web joists,4.5699091612450005,6.3064746425181
102,New Construction,Paint,0.243167297881,0.5793938313887138
102,New Construction,Precast,59.59895008757125,9.641104317547265
102,New Construction,Ready mix NW 3000,12.7851598125,1.8099048725022362
102,New Construction,Ready mix NW 4000,563.2249384660125,88.79649630418145
102,New Construction,Ready mix NW 5000,233.62050945437502,44.19559894793076
102,New Construction,Rebar and reinforcement,59.00258276293512,55.108412300581406
102,New Construction,Roll formed metal panel aluminum,0.22549881263375005,1.456722329614025
102,New Construction,Roll formed metal panel steel,0.00957445343375,0.0223084765006375
102,New Construction,Roofing and waterproofing - other,0.14717607100000002,0.071086042293
102,New Construction,Softwood plywood,0.019581096125,0.005169409377
102,New Construction,Spray applied cementitious,35.63211625380375,40.62061252933628
102,New Construction,Steel - other,0.016081470085,0.0398352393394125
102,New Construction,Steel door,0.30444070727625,0.9595259971679375
102,New Construction,Steel sheet,0.45537495635,1.26485475325525
102,New Construction,Suspension assembly,0.6388796414858751,1.5524775288106762
102,New Construction,TPO,0.261085791975,0.8328636764002499
102,New Construction,Wood or composite door,0.36682999025375,0.13803761259394
105,New Construction,Acoustic ceiling tile fiber,3.71163125,0.33499375000000003
105,New Construction,Acoustic ceilings - other,2.6818874999999998,2.2792375
105,New Construction,Aluminum - other,0.38284375,0.975625
105,New Construction,Aluminum storefront or curtain wall,0.02609375,0.21673749999999997
105,New Construction,CMU,2.4622375,0.26615625000000004
105,New Construction,Carpet,0.071475,0.11779999999999999
105,New Construction,Cold formed steel framing,29.36310625,47.12520625
105,New Construction,Decking,65.81125,154.9966375
105,New Construction,Extruded polystyrene XPS,2.7273875,24.37075625
105,New Construction,Extrusion,1.5209875,13.795343749999999
105,New Construction,Fiberglass blanket,4.17403125,10.40350625
105,New Construction,Fiberglass door,0.59850625,4.54269375
105,New Construction,Flooring and tile - other,3.73509375,3.5933937499999997
105,New Construction,Glass mat gypsum board,23.40915,9.13768125
105,New Construction,Glazing - other,2.8918187499999997,5.0317625
105,New Construction,Glue laminated timber GLT,0.563675,0.1411125
105,New Construction,Gypsum board,31.998475000000003,9.7681
105,New Construction,HDPE,1.0899375,2.18045
105,New Construction,Hollow structural sections HSS,2.8803125,6.883943749999999
105,New Construction,Hot-rolled sections,36.19131875,44.131775000000005
105,New Construction,Insulated glass unit IGU,5.12865,9.80625
105,New Construction,Mineral wool high density,7.3024125,6.1249875
105,New Construction,Mineral wool low density,4.3035250000000005,3.53510625
105,New Construction,Modified bitumen,3.36295,3.41824375
105,New Construction,Mortar and grout,0.10135,0.058175
105,New Construction,Other,11.8417625,10.75583125
105,New Construction,Paint,0.84485625,1.630575
105,New Construction,Precast,2.5247312500000003,0.799875
105,New Construction,Ready mix NW 4000,787.47989375,103.09424375
105,New Construction,Rebar and reinforcement,2.5839999999999996,2.3849375
105,New Construction,Roll formed metal panel aluminum,0.276075,1.04581875
105,New Construction,Roofing and waterproofing - other,3.77190625,11.75309375
105,New Construction,Softwood framing,0.3976125,0.05455625
105,New Construction,Softwood plywood,2.56858125,1.1639249999999999
105,New Construction,Steel door,1.2704062500000002,2.96875
105,New Construction,Steel door frame,0.375,0.76875
105,New Construction,Steel sheet,1.1440062500000001,4.19534375
105,New Construction,Suspension assembly,39.709250000000004,0.09887499999999999
105,New Construction,Synthetic composites,0.5390312500000001,0.34706875
105,New Construction,Wood and composites - other,0.087675,0.2750625
105,New Construction,Wood or composite door,0.70059375,0.85628125
106,New Construction,Acoustic ceiling tile fiber,1.2552007368314615,1.7070730020907878
106,New Construction,Air and vapor barriers,0.3821509952188441,0.7757665202942533
106,New Construction,Aluminum door frame,0.0019447607692307692,0.017016656730769228
106,New Construction,Coatings - other,0.4304146645723662,0.5121934508411158
106,New Construction,Cold formed steel framing,4.4939748339926,9.658556761621995
106,New Construction,Concrete - other,1.8049735244321137,0.27877715496659505
106,New Construction,Cross laminated timber CLT,41.88278314802717,15.538512547918085
106,New Construction,Decking,5.6126832687698975,13.302059346984663
106,New Construction,Doors and frames - other,0.9170135895475218,3.762981102493623
106,New Construction,Fasteners,0.020961783316165387,0.11683412177572039
106,New Construction,Glass mat gypsum board,13.526701234750176,6.3981296840368325
106,New Construction,Glazing - other,2.364508961358749,3.8305045174011725
106,New Construction,Glue laminated timber GLT,61.5698919958003,22.84242993044191
106,New Construction,Gypsum board,41.01439814057986,9.146285706698018
106,New Construction,Hardwood,20.374442782964223,15.213887857133136
106,New Construction,Hollow structural sections HSS,2.8452382414715127,6.970833691605208
106,New Construction,Hot-rolled sections,21.62466458253189,20.905503371728056
106,New Construction,Insulated glass unit IGU,6.0159726721190765,7.640285293591231
106,New Construction,Laminated veneer lumber LVL,0.2371670035523626,0.08775179131437416
106,New Construction,Mineral wool low density,0.8575269165868,1.2948656440460677
106,New Construction,Modified bitumen,8.101878675519064,5.244776707196869
106,New Construction,Paint,0.5407652211516996,1.2979352226403718
106,New Construction,Plate,9.867932287605102,25.459265302021166
106,New Construction,Polyisocyanurate PIR,3.829856372390887,10.034223695664126
106,New Construction,Ready mix NW 3000,2.9116829543070923,0.37310251671401023
106,New Construction,Ready mix NW 4000,1351.0434811759856,203.94628031325524
106,New Construction,Rebar and reinforcement,45.73691057829215,87.35749920453799
106,New Construction,Roofing and waterproofing - other,0.5597181819935922,0.27034388190290504
106,New Construction,Softwood framing,9.379240194155615,1.5757123526181438
106,New Construction,Softwood plywood,10.579112964742418,2.7928858226919986
106,New Construction,Spray applied cementitious,14.699325565600788,16.757231144784896
106,New Construction,Steel - other,0.190846754743861,0.49238462723916143
106,New Construction,Steel door,0.6315328116079999,1.344896120828197
106,New Construction,Steel door frame,0.027993165456410257,0.0769812050051282
106,New Construction,Steel sheet,1.1344869847938974,2.643354674569782
106,New Construction,Suspension assembly,0.26675992889017797,0.6482266272031324
106,New Construction,Synthetic composites,2.521481305535552,3.519329600050962
106,New Construction,Wood and composites - other,0.813993305528241,0.19210242010466488
106,New Construction,Wood door frame,0.14559280000000002,0.6406083200000001
106,New Construction,Wood or composite door,0.8875384730584616,0.55451334774528
106,New Construction,Zinc sheet,0.8041061503215795,4.55124081082014
109,New Construction,Acoustic ceiling tile fiber,0.1890916608786885,0.3193688312767869
109,New Construction,Acoustic ceiling tile steel,0.0563524964,0.161731664668
109,New Construction,Adhesives and sealants,0.02774723124262295,0.07074140386545165
109,New Construction,Air and vapor barriers,0.44679731729508193,0.3555888022682787
109,New Construction,Aluminum - other,0.15868616398360655,0.8918162415878689
109,New Construction,Aluminum composite panel ACM,0.060777149935081966,0.48317834198390164
109,New Construction,Aluminum door,0.17867228537704918,0.7003953586780328
109,New Construction,Aluminum door frame,0.002104726367213115,0.018416355713114754
109,New Construction,Aluminum sheet,0.06442975736508197,0.3631497605823344
109,New Construction,Aluminum storefront or curtain wall,0.0016460709540983606,0.016460709540983606
109,New Construction,CMU,57.84860177655738,6.479043398974427
109,New Construction,Carpet,0.01131531264262295,0.059631697626622945
109,New Construction,Ceramic tile,0.028911556496721315,0.007793831156967213
109,New Construction,Coatings - other,0.806591562949836,11.017236472751197
109,New Construction,Cold formed steel framing,0.9180411684070492,2.5289302595844556
109,New Construction,Concrete - other,7.577130732344263,1.293673468038555
109,New Construction,Decking,11.706489837868851,30.20274378170164
109,New Construction,Doors and frames - other,0.14061243217819672,0.9311505761702984
109,New Construction,Extruded polystyrene XPS,4.532359764672131,294.57421892327926
109,New Construction,Extrusion,0.9966125270659016,6.123425502708346
109,New Construction,Fasteners,0.5229679000081967,3.022754462047377
109,New Construction,Glass mat gypsum board,1.0164303799508196,0.4807715697167377
109,New Construction,Glazing - other,2.042140138372131,2.394907295388
109,New Construction,Gypsum board,13.57049975234918,2.7913222967512197
109,New Construction,Hardwood,0.10396832931081967,0.046116961646733276
109,New Construction,Hollow structural sections HSS,56.068551872863935,139.44490389948515
109,New Construction,Hot-rolled sections,78.10319239383935,75.42237303527544
109,New Construction,Insulated glass unit IGU,0.8691886868196721,1.1647128403383606
109,New Construction,Insulated metal panel IMP,5.138232125655738,21.57489158645787
109,New Construction,Modified bitumen,3.679291235245901,3.024377395372131
109,New Construction,Mortar and grout,35.32693925603951,6.646915774628612
109,New Construction,PVC,0.028627631147540984,0.08874565655737704
109,New Construction,Paint,0.7586805381422951,1.8187840831264444
109,New Construction,Plate,1.1399580250934425,2.663079731783295
109,New Construction,Polyisocyanurate PIR,0.30891409929508196,0.9205640158993443
109,New Construction,Precast,6.959216547540984,1.0856777965264048
109,New Construction,Ready mix LW 3000,0.47318096916393443,0.13437743814896402
109,New Construction,Ready mix LW 5000,33.82486523704918,12.45402065509511
109,New Construction,Ready mix NW 2500,0.18330149788524588,0.025912906629347893
109,New Construction,Ready mix NW 4000,637.4553946793443,119.75052219554654
109,New Construction,Ready mix NW 5000,341.8828782652131,76.6045330201912
109,New Construction,Ready mix NW 8000,27.31374267377049,7.3724970593313826
109,New Construction,Rebar and reinforcement,51.941658983821306,97.59838632870199
109,New Construction,Resilient flooring vinyl,0.15608827793442623,0.39334246039475407
109,New Construction,Softwood plywood,0.006177433449180327,0.0016308424305836065
109,New Construction,Steel door,0.2092517232262295,0.6720768398940328
109,New Construction,Steel door frame,0.0020225328786885243,0.005561965416393443
109,New Construction,Steel sheet,4.49965971907541,10.484207145445705
109,New Construction,Suspension assembly,0.05679593795311475,0.13801412922606884
109,New Construction,TPO,0.0958061482295082,0.30562161285213113
109,New Construction,Wood or composite door,0.008969864662295083,0.004745058406354099
11,New Construction,Acoustic ceiling tile fiber,0.5147232337280702,0.7000235978701755
11,New Construction,Aluminum - other,0.002619823900877193,0.014723410322929825
11,New Construction,Aluminum door,0.020732046824561402,0.13496562482789473
11,New Construction,Aluminum door frame,0.031266686923684214,0.27358351058223684
11,New Construction,Aluminum sheet,0.14029340999999998,0.9988890791999999
11,New Construction,CMU,35.558999698596494,3.9826079662428073
11,New Construction,Ceramic tile,0.5146745444736842,0.13484473065210525
11,New Construction,Coatings - other,0.06909722914736842,0.5367303407036405
11,New Construction,Cold formed steel framing,1.1176486835395614,3.0098342111469436
11,New Construction,Concrete - other,3.607756552368421,0.4637069357250899
11,New Construction,Decking,0.2011592292982456,0.47674737343684215
11,New Construction,Doors and frames - other,0.4981916158132456,1.5994264859516185
11,New Construction,Expanded polystyrene EPS,0.779071504122807,2.531982388399123
11,New Construction,Extrusion,2.7381752874370178,24.341890009008747
11,New Construction,Fasteners,0.0021990367592982455,0.00923480659323421
11,New Construction,Fiberglass blanket,0.4589827726705263,0.9455045117012842
11,New Construction,Glazing - other,2.1244493740350876,2.3368943114385967
11,New Construction,Gypsum board,23.45552037565342,4.761746410034844
11,New Construction,Hollow structural sections HSS,2.34363263677193,6.046572202871579
11,New Construction,Insulated glass unit IGU,5.018658796761403,6.911280193544113
11,New Construction,Mortar and grout,42.065681771999124,7.851231983054793
11,New Construction,Other,0.010542365907017544,0.029940319175929826
11,New Construction,Paint,0.25101032290570174,0.5995966501464807
11,New Construction,Precast,63.034885291228065,8.026135951209909
11,New Construction,Ready mix NW 4000,3.999616430087719,0.7000292227041508
11,New Construction,Ready mix NW 6000,1034.8810656178737,143.14485566781613
11,New Construction,Ready mix NW 8000,211.1654316,31.209867320142003
11,New Construction,Rebar and reinforcement,98.70856465521798,188.92333201302688
11,New Construction,Roll formed metal panel aluminum,0.010470735456052632,0.0676409510461
11,New Construction,Steel - other,0.08476268691140351,0.2178050604016228
11,New Construction,Steel door,0.1602093366614035,0.3497981057741404
11,New Construction,Steel door frame,0.01799397316491228,0.04948342620350877
11,New Construction,Steel sheet,0.10605043201754386,0.2470975066008772
11,New Construction,Stucco finish,0.21753173529824563,0.10419770120785966
11,New Construction,Suspension assembly,0.1093908959736842,0.26581987721605266
11,New Construction,Wood or composite door,0.8597759140991228,0.2754461277866184
110,New Construction,Acoustic ceiling tile fiber,0.8902739124222222,1.2107725208942222
110,New Construction,Adhesives and sealants,0.06477805470611112,0.03313157301816852
110,New Construction,Air and vapor barriers,0.4811040471529012,0.5303797159431722
110,New Construction,Aluminum - other,1.1747695388271606,6.602204808208642
110,New Construction,Aluminum door frame,0.047309287407407405,0.41395626481481484
110,New Construction,Aluminum sheet,0.02698422293030864,0.15165133286833457
110,New Construction,Aluminum storefront or curtain wall,0.8232771338985184,8.232771338985186
110,New Construction,Brick clay,1.225133412962963,0.35406355634629627
110,New Construction,Built up roofing,0.1755464416111111,0.9865710018544445
110,New Construction,CMU,0.21842668494444445,0.024463788713777777
110,New Construction,Carpet,0.18278643303086417,0.8225389486388889
110,New Construction,Ceramic tile,0.8242001227160494,0.21594043215160497
110,New Construction,Coatings - other,0.1409575630430864,1.7618287182090993
110,New Construction,Cold formed steel framing,10.303263398652469,25.24299532669855
110,New Construction,Doors and frames - other,0.7363848992674692,4.244209047207066
110,New Construction,Extruded polystyrene XPS,0.44023342865759263,28.59590313339266
110,New Construction,Extrusion,1.4037186791626544,10.541927280511533
110,New Construction,Fasteners,0.07040567545067901,0.33263052380193703
110,New Construction,Fiberglass blanket,0.037191329266234564,0.09599929899354877
110,New Construction,Flooring and tile - other,0.00560998392382716,0.007151327393061728
110,New Construction,Glass mat gypsum board,0.7434144559993827,0.35163503768770804
110,New Construction,Glazing - other,0.020018385783950616,0.030427946391604937
110,New Construction,Gypsum board,69.4229659377537,14.777722097166341
110,New Construction,Hardwood,1.0925149943034569,0.48239017657513583
110,New Construction,Hollow structural sections HSS,2.5858779686586417,6.335401023213674
110,New Construction,Hot-rolled sections,0.8775992779018519,0.8495161010089927
110,New Construction,Insulated glass unit IGU,1.796175101319753,2.406874635768469
110,New Construction,Mineral wool high density,1.091937128077222,1.396990957613134
110,New Construction,Mineral wool low density,0.9814623257246914,0.7989637064137568
110,New Construction,Modified bitumen,0.11755893574074074,0.09663344517888889
110,New Construction,Mortar and grout,0.5401340124598148,0.16632799325657502
110,New Construction,Paint,0.802042330278395,1.9240252853666753
110,New Construction,Plate,0.03252488277777778,0.07578297687222221
110,New Construction,Polyisocyanurate PIR,0.165822365,0.4344545963
110,New Construction,Precast,1.4620871308641976,0.22809399933490246
110,New Construction,Ready mix LW 4000,6.767174995888889,1.534747040056783
110,New Construction,Ready mix NW 4000,31.614143051234567,3.7647793973882404
110,New Construction,Ready mix NW 6000,486.95393074447793,78.37427346755234
110,New Construction,Ready mix NW 8000,414.46323390271607,77.74980939872785
110,New Construction,Rebar and reinforcement,81.69712005492765,99.38383903769615
110,New Construction,Resilient flooring vinyl,1.430722373962963,3.408910782840679
110,New Construction,Roll formed metal panel aluminum,1.2613003250681483,7.088507826882992
110,New Construction,Roofing and waterproofing - other,0.01567452477160494,0.007570795464685185
110,New Construction,Softwood framing,0.2547419979975309,0.04279665566358518
110,New Construction,Softwood plywood,0.10676105728641974,0.028184919123614812
110,New Construction,Spray applied cementitious,1.8364560447111111,2.0935598909706665
110,New Construction,Steel - other,3.746432805085371,9.695056734236536
110,New Construction,Steel door,2.9596769933925926,9.122513133868914
110,New Construction,Steel door frame,0.08222789171666667,0.2261267022208333
110,New Construction,Steel sheet,0.03854752322222223,0.18271526007333336
110,New Construction,Stone masonry,0.0782127506074074,0.024011314436474075
110,New Construction,Stone tile,0.12282562610493827,0.0964652869865
110,New Construction,Stucco finish,0.048105423533148145,0.12074461306820186
110,New Construction,Suspension assembly,0.18920432293580247,0.45976650473400005
110,New Construction,Synthetic composites,0.0037201778753086423,0.015289931067518518
110,New Construction,Terracotta units,4.433605790802469,1.2813120735419137
110,New Construction,Wall coverings,0.003656221393395062,0.07208663649508272
110,New Construction,Wood and composites - other,0.4147218011728395,0.5018133794191358
110,New Construction,Wood or composite door,0.37912698371172837,0.2207888844614673
110,New Construction,Zinc sheet,0.00018185920419753085,0.0006565117271530865
111,New Construction,Acoustic ceiling tile aluminum,0.002375800780952381,0.01603665527142857
111,New Construction,Acoustic ceiling tile fiber,0.19824120385714283,0.39757096890785715
111,New Construction,Adhesives and sealants,0.11569566026630952,0.2852952696569214
111,New Construction,Air and vapor barriers,0.7536049255670239,0.6751739366365893
111,New Construction,Aluminum - other,0.10002363883333333,0.31907540787833333
111,New Construction,Aluminum door,0.38863332411428575,2.5999569383245715
111,New Construction,Aluminum framed window,0.11277388333333332,0.8720656718333334
111,New Construction,Aluminum sheet,1.4621740847715476,10.39372195682681
111,New Construction,Aluminum storefront or curtain wall,0.015864753047619046,0.15864753047619046
111,New Construction,CMU,160.59588009289286,17.986738570404
111,New Construction,Carpet,0.02310606202261905,0.1506515243874762
111,New Construction,Ceramic tile,2.2789914912261904,0.5970957707012619
111,New Construction,Coatings - other,0.14504167674714286,2.7487907220782914
111,New Construction,Cold formed steel framing,0.09446206118452381,0.2581106324730714
111,New Construction,Concrete - other,9.940668995392857,2.5132748954161652
111,New Construction,Doors and frames - other,0.7056416651633334,2.8634561812231474
111,New Construction,EPDM,0.22046773645809523,0.7099061113950665
111,New Construction,Expanded polystyrene EPS,0.010686889010714285,0.03473238928482143
111,New Construction,Extruded polystyrene XPS,1.4291167626511905,92.88339319166856
111,New Construction,Extrusion,0.8999157870641666,8.118298988098083
111,New Construction,Fasteners,0.06965742017285714,0.36079347521001665
111,New Construction,Fiberglass blanket,0.4088611520802381,0.9608237073885596
111,New Construction,Flooring and tile - other,0.00017907548916666668,0.0002596594592916667
111,New Construction,Glass mat gypsum board,8.77030604209762,4.148354757912173
111,New Construction,Glazing - other,0.07964268721428572,0.12105688456571428
111,New Construction,Gypsum board,0.5868579878571428,0.12814250501285715
111,New Construction,Hardwood,0.8329319148333333,0.45190193246404764
111,New Construction,Hollow structural sections HSS,0.3764911875998809,0.6548326446431976
111,New Construction,Hot-rolled sections,8.038116797113094,8.74069678806881
111,New Construction,Insulated glass unit IGU,7.661007019596667,11.093071949179285
111,New Construction,Insulated metal panel IMP,0.5879980031190476,2.557671524333714
111,New Construction,Insulation - other,0.002520922198809524,0.015645238689154763
111,New Construction,Intumescent,0.1058704743725,0.26785230016242495
111,New Construction,Mineral wool high density,2.3646220660857145,4.232673498293429
111,New Construction,Modified bitumen,0.7005219998095238,0.5297256234068571
111,New Construction,Mortar and grout,75.67448715846595,14.085328049980719
111,New Construction,Paint,0.16413585538619047,0.3174303664353452
111,New Construction,Plate,2.7348127433333334,6.5290013528
111,New Construction,Polyisocyanurate PIR,0.1419458643690476,0.3562841195663095
111,New Construction,Precast,12.040713071428572,1.8784204725766607
111,New Construction,Ready mix LW 3000,0.35983995270238095,0.08819494527966537
111,New Construction,Ready mix NW 3000,13.791520023809525,1.7672428320478106
111,New Construction,Ready mix NW 6000,1442.7647887154644,264.5666315401796
111,New Construction,Rebar and reinforcement,98.64928789234166,143.69695676625392
111,New Construction,Roofing and waterproofing - other,0.01823712834047619,0.00880853298845
111,New Construction,Softwood framing,0.15889388011904762,0.02669417186
111,New Construction,Steel - other,0.06248634490833334,0.1612147698635
111,New Construction,Steel door,1.1111785395333333,2.9315725141688573
111,New Construction,Steel door frame,0.06955906114523809,0.19128741814940475
111,New Construction,Steel framed window,0.00017695817142857143,0.0007768463725714286
111,New Construction,Steel sheet,1.0420486071428572,4.939310397857143
111,New Construction,Stone masonry,1.5082917394964286,0.8416267906390074
111,New Construction,Stucco finish,0.14855774775666666,0.3728799468692333
111,New Construction,Suspension assembly,0.05515682786035714,0.13403109170066785
111,New Construction,Synthetic composites,0.2878105219047619,0.34825073150476193
111,New Construction,Wall coverings,0.005526456276904761,0.10997647991040475
111,New Construction,Wood framed window,0.0007547428571428571,0.0033208685714285714
111,New Construction,Wood or composite door,0.005269869644047619,0.0027877610417011904
113,New Construction,Acoustic ceiling tile fiber,0.06337726095714286,0.2211866407404286
113,New Construction,Adhesives and sealants,0.10287197823662857,0.2797396920484837
113,New Construction,Air and vapor barriers,0.028218366410514287,0.06853539953712744
113,New Construction,Aluminum - other,0.07361787646765715,0.6625350988016777
113,New Construction,Aluminum door,0.41956901360771426,2.736064103948846
113,New Construction,Aluminum door frame,0.006848594742857143,0.059925203999999996
113,New Construction,Aluminum framed window,0.009615087317142857,0.07220930575174286
113,New Construction,Aluminum sheet,3.657140130675686,25.99424812301117
113,New Construction,Aluminum storefront or curtain wall,0.10843709728905715,1.0843709728905715
113,New Construction,Brass,0.21633470847200004,0.24445822057335997
113,New Construction,CMU,22.808134449714284,2.554511058368
113,New Construction,Cast bronze,2.3907568862857143,12.336305533234285
113,New Construction,Ceramic tile,0.4119297341657143,0.10792559035141715
113,New Construction,Coatings - other,1.8971265115806286,21.778782060011824
113,New Construction,Cold formed steel framing,0.1900807289442857,0.4656977859135
113,New Construction,Concrete - other,0.7438240557142858,0.24489322129880295
113,New Construction,Decking,17.003039204528573,43.86784114768371
113,New Construction,Doors and frames - other,0.1451527210352,0.7111356909440624
113,New Construction,EPDM,0.25816257826257144,0.8958241465711229
113,New Construction,Extruded polystyrene XPS,0.066224978246,4.304197427592737
113,New Construction,Extrusion,0.0379862600318,0.3092078054264143
113,New Construction,Fasteners,0.0019250612118285712,0.010796077027986857
113,New Construction,Fiberglass blanket,0.14034472496285713,0.3298101036627143
113,New Construction,Flooring and tile - other,6.346588691428571e-05,0.00031710212877085714
113,New Construction,Glass mat gypsum board,0.2882693349745714,0.13635139544297228
113,New Construction,Glazing - other,4.2932664433217145,6.955091638181178
113,New Construction,Gypsum board,23.555288971851,5.028827516297017
113,New Construction,Hardwood,0.2694380480393429,0.1861684848925417
113,New Construction,Hollow structural sections HSS,0.9210131200502857,2.2564821441232
113,New Construction,Hot-rolled sections,286.1537492438883,276.99682926808384
113,New Construction,Insulated glass unit IGU,6.794198439132343,7.812576014218652
113,New Construction,Loose-fill cellulose,0.06910487897128571,0.08206576976526571
113,New Construction,Medium density fiberboard MDF,0.2536083085702857,0.17854024923348114
113,New Construction,Mineral wool high density,6.689309102748,11.973863293918921
113,New Construction,Modified bitumen,0.44236337287599997,0.2801056930307006
113,New Construction,Mortar and grout,26.84415677117143,4.593508214748629
113,New Construction,Paint,0.5515401301881429,0.9026389063690231
113,New Construction,Polyisocyanurate PIR,0.322590304024,0.8420355267876457
113,New Construction,Precast,173.13485062862858,27.01003221387554
113,New Construction,Ready mix LW 3000,0.4947210972285714,0.140494563340708
113,New Construction,Ready mix LW 4000,0.671822766,0.22118784683512363
113,New Construction,Ready mix NW 2500,4.804157358885714,0.6791525574517433
113,New Construction,Ready mix NW 4000,456.57621607111423,78.34023495075003
113,New Construction,Ready mix NW 5000,2.9652255442857145,0.6173554782959672
113,New Construction,Ready mix NW 6000,6.3678584796,1.3595216634097298
113,New Construction,Ready mix NW 8000,75.2094869176,18.493876922290813
113,New Construction,Rebar and reinforcement,27.224913597960285,31.687260507465755
113,New Construction,Resilient flooring vinyl,0.003026702345714286,0.004176849237085714
113,New Construction,Roofing and waterproofing - other,0.022539042119999998,0.01088635734396
113,New Construction,Softwood plywood,0.009585160265857144,0.002530482310186286
113,New Construction,Spray applied cementitious,23.574501795928,26.87493204735792
113,New Construction,Steel - other,0.6758343005914287,1.5808266075187427
113,New Construction,Steel door,0.6018100140991428,1.2868051805549714
113,New Construction,Steel door frame,0.019620221,0.05395560775
113,New Construction,Steel framed window,0.0006213107591428571,0.0027275542326371423
113,New Construction,Steel sheet,1.425947498478,6.754948281250883
113,New Construction,Stone masonry,0.40486285065714284,0.2259134706666857
113,New Construction,Stucco finish,0.0945596435576,0.237344705329576
113,New Construction,Suspension assembly,0.026377752613142857,0.06409793884993714
113,New Construction,Wall coverings,2.35063424e-05,0.0004677762137599999
113,New Construction,Wood framed window,0.0006085114285714285,0.0026774502857142856
114,New Construction,Brick clay,12.80204109589041,2.2315753424657534
114,New Construction,CMU,115.78855068493151,18.198602739726027
114,New Construction,Cold formed steel framing,10.90397808219178,16.20767671232877
114,New Construction,Decking,104.81251232876711,246.85120273972603
114,New Construction,Extruded polystyrene XPS,1.7392273972602739,21.496975342465753
114,New Construction,Extrusion,13.86335616438356,84.19483561643835
114,New Construction,Fiberglass blanket,6.631473972602739,16.52852602739726
114,New Construction,Fiberglass door,0.05479452054794521,0.4158904109589041
114,New Construction,Glass mat gypsum board,24.88198082191781,9.697723287671232
114,New Construction,Glazing - other,4.221208219178082,6.036328767123288
114,New Construction,HDPE,0.8592301369863012,1.7011808219178082
114,New Construction,Hollow structural sections HSS,41.05995068493151,98.13328493150685
114,New Construction,Hot-rolled sections,73.03524657534247,90.56370684931508
114,New Construction,Mineral wool high density,3.3867835616438358,4.759802739726027
114,New Construction,Modified bitumen,2.359495890410959,2.3982931506849314
114,New Construction,Plate,8.139397260273972,13.960446575342464
114,New Construction,Ready mix NW 4000,1170.9293808219177,106.73783835616439
114,New Construction,Ready mix unknown,2.2591835616438356,1.3306602739726028
114,New Construction,Rebar and reinforcement,16.544682191780822,23.230361643835614
114,New Construction,Roll formed metal panel aluminum,3.5423917808219176,13.419241095890412
114,New Construction,Steel door,0.20843835616438355,0.5438986301369864
114,New Construction,Steel door frame,0.0273972602739726,0.056164383561643834
114,New Construction,Steel sheet,0.1624027397260274,0.44660547945205475
114,New Construction,TPO,0.6806931506849315,2.1805178082191783
116,New Construction,Air and vapor barriers,0.013706500000000002,0.042627399999999996
116,New Construction,Aluminum storefront or curtain wall,0.0181271,0.0706384
116,New Construction,Brick clay,1.167696,0.27705240000000003
116,New Construction,CMU,0.6415409,0.1398559
116,New Construction,Cold formed steel framing,0.1590488,0.3681118
116,New Construction,Decking,8.126308,19.25935
116,New Construction,EPDM,1.8678765,5.2860905
116,New Construction,Extruded polystyrene XPS,0.3129971,3.8768329999999995
116,New Construction,Extrusion,0.9561431,9.3718598
116,New Construction,Flooring and tile - other,0.0106338,0.014660999999999999
116,New Construction,Glass mat gypsum board,0.1316571,0.0404719
116,New Construction,Glazing - other,0.3011184,0.5540579
116,New Construction,Gypsum board,0.7285587,0.2347002
116,New Construction,Hollow structural sections HSS,3.75726,7.4769474
116,New Construction,Hot-rolled sections,1.36032,1.6595904
116,New Construction,Insulated metal panel IMP,0.0225246,0.0979573
116,New Construction,Mineral wool high density,0.1933108,0.2539286
116,New Construction,Modified bitumen,0.0093887,0.009543099999999999
116,New Construction,Mortar and grout,1.7379239000000002,0.9975684
116,New Construction,Open web joists,24.946740000000002,34.426501200000004
116,New Construction,Polyisocyanurate PIR,4.9709110999999995,18.8521803
116,New Construction,Ready mix NW 3000,56.59512,6.2141442
116,New Construction,Ready mix NW 4000,623.7254193,81.6560528
116,New Construction,Ready mix NW 5000,7.59,1.1420031
116,New Construction,Rebar and reinforcement,6.5140085,5.8979893
116,New Construction,Steel - other,0.0042655,0.0292192
116,New Construction,Steel door,0.44267219999999996,1.3088354
116,New Construction,Steel sheet,0.151817,0.4287314
116,New Construction,Suspension assembly,0.013779600000000001,0.0036899000000000003
117,New Construction,Acoustic ceiling tile fiber,2.007405984309609,2.7300721386610682
117,New Construction,Aluminum - other,0.043061813733935306,0.11247469694436651
117,New Construction,Aluminum door,0.3481501654986983,3.5859467046365934
117,New Construction,Aluminum framed window,2.641163162064181,20.74471982735499
117,New Construction,Aluminum sheet,0.08340326239644934,0.4687263346680453
117,New Construction,Brick clay,9.414634646758714,2.720829412913268
117,New Construction,CMU,0.7323806931244727,0.08202663762994095
117,New Construction,Coatings - other,0.004736501863755935,0.060907823963038385
117,New Construction,Cold formed steel framing,2.164182763082926,5.303357978763379
117,New Construction,Cross laminated timber CLT,78.0738755174458,28.96540781697238
117,New Construction,Decking,0.3011010122425623,0.7423746889585703
117,New Construction,Doors and frames - other,0.05386608123355516,0.27995676558670574
117,New Construction,EPDM,0.3276300164519088,1.1368761570881238
117,New Construction,Extruded polystyrene XPS,0.7756243030255667,50.41058854651562
117,New Construction,Extrusion,0.10987854388249163,0.9746022107392498
117,New Construction,Fasteners,0.0043237331389601175,0.017511119212788476
117,New Construction,Fiberglass blanket,0.6326999581096356,1.0945709275296696
117,New Construction,Glass mat gypsum board,0.3137096447480841,0.14838466196584377
117,New Construction,Glazing - other,4.405354132589655,7.219009978625823
117,New Construction,Glue laminated timber GLT,57.38854989467103,21.291152010922954
117,New Construction,Gypsum board,7.867750837927378,1.9197312044542802
117,New Construction,Hardwood,0.046403656710082994,0.028306230593150628
117,New Construction,Hollow structural sections HSS,8.141498882871147,17.304943689871955
117,New Construction,Hot-rolled sections,10.772693367401416,10.42796717964457
117,New Construction,Insulated glass unit IGU,3.3505591344837167,4.48974924020818
117,New Construction,Mineral wool low density,0.5543346095439184,0.808741379781418
117,New Construction,Mortar and grout,2.2923638102282378,0.30433946011574287
117,New Construction,Oriented strand board OSB,0.33071417689174076,0.12963995734156236
117,New Construction,Other,0.3086689671601396,0.8766198667347965
117,New Construction,Paint,0.05423293144445616,0.10320204670706928
117,New Construction,Plate,1.2871803815096152,2.999130288917403
117,New Construction,Precast,2.771908666265758,0.43243369025888634
117,New Construction,Ready mix LW 3000,1.1207699300737821,0.274695019026156
117,New Construction,Ready mix NW 4000,54.89592924936734,8.385482637027957
117,New Construction,Ready mix NW 5000,420.7817889286638,75.81387209844392
117,New Construction,Rebar and reinforcement,25.438375432933036,45.28915032010239
117,New Construction,Roll formed metal panel steel,0.14412443796533717,0.3358099404592356
117,New Construction,Softwood framing,0.13162836066320804,0.022113564591418958
117,New Construction,Spray applied cementitious,6.669583786593262,7.603325516716318
117,New Construction,Steel - other,0.05044355328786802,0.1301443674826995
117,New Construction,Steel sheet,0.10518219580772467,0.2450745162319985
117,New Construction,Stucco finish,6.3690917837420225,3.0507949644124293
117,New Construction,Suspension assembly,0.25905722542513465,0.6295090577830773
117,New Construction,Wall coverings,0.02559042324847103,0.5068425587754127
117,New Construction,Wood and composites - other,0.5550143186289365,0.6715673255410131
117,New Construction,Wood framed window,0.5978969432837674,2.630746550448577
119,New Construction,Acoustic ceiling tile fiber,0.036368470588235294,0.04146
119,New Construction,Aluminum storefront or curtain wall,0.3310025882352941,1.4671467058823529
119,New Construction,Carpet,0.01257635294117647,0.07860258823529412
119,New Construction,Cold formed steel framing,0.027914588235294115,0.04149223529411765
119,New Construction,Decking,8.153723058823529,25.807449882352945
119,New Construction,Fiberglass blanket,3.2016689411764703,7.979951764705882
119,New Construction,Flooring and tile - other,0.047774,0.06586717647058823
119,New Construction,Gypsum board,0.18639329411764707,0.05746988235294117
119,New Construction,Hollow structural sections HSS,3.429692,8.821446352941177
119,New Construction,Open web joists,14.267091647058823,19.53127
119,New Construction,Paint,0.49801352941176474,0.9611661176470587
119,New Construction,Ready mix NW 3000,40.254163058823536,6.843207647058824
119,New Construction,Ready mix unknown,841.6435775294118,118.24036988235295
119,New Construction,Rebar and reinforcement,12.642595882352941,9.599436470588236
119,New Construction,Steel - other,0.9772917647058824,1.4084070588235296
119,New Construction,Steel door,0.6883148235294118,2.0581924705882355
119,New Construction,TPO,1.4873876470588234,5.176108823529412
119,New Construction,Wood or composite door,0.012564705882352941,0.015694117647058824
12,New Construction,Acoustic ceiling tile aluminum,1.4489861634563106,9.432899924100582
12,New Construction,Acoustic ceiling tile fiber,1.0802862880543689,1.4691893517539418
12,New Construction,Acoustic ceiling tile steel,1.2057633664427185,3.5690595646704466
12,New Construction,Adhesives and sealants,0.18513203461025243,0.14813198624386567
12,New Construction,Aluminum - other,0.1882710010485437,1.0580830258928156
12,New Construction,Aluminum composite panel ACM,0.5143601233864078,4.089162980921942
12,New Construction,Aluminum door,0.002400429499029126,0.016058873348504855
12,New Construction,Aluminum door frame,0.027347013350737862,0.23928636681895632
12,New Construction,Aluminum storefront or curtain wall,2.4969913756234954,24.969913756234952
12,New Construction,Built up roofing,0.10272858761165049,0.5773346623774758
12,New Construction,CMU,9.541376554594757,1.0686341741146128
12,New Construction,Carpet,0.6506804867747573,3.826001262235573
12,New Construction,Ceramic tile,0.7130836259339806,0.20596819067591454
12,New Construction,Coatings - other,0.04204566971431068,0.45593586996654034
12,New Construction,Cold formed steel framing,0.9784259493435146,2.3971435758916106
12,New Construction,Decking,6.788800842073786,17.515106172550368
12,New Construction,Doors and frames - other,0.1073320185563301,0.4277249781379132
12,New Construction,Extruded polystyrene XPS,0.11145912042718448,7.244125587212451
12,New Construction,Extrusion,0.11306617285048544,0.8831743609789903
12,New Construction,Fasteners,0.008025921645262135,0.034511751008649706
12,New Construction,Fiberglass blanket,0.1650520172585631,0.3297066965521621
12,New Construction,Flooring and tile - other,0.002904528577708738,0.004629354542213204
12,New Construction,Glazing - other,7.04182220585534,31.574381579002456
12,New Construction,Gypsum board,10.720441344195729,2.448484796146648
12,New Construction,Hardwood,0.012213170142912622,0.013142924381359226
12,New Construction,Hollow structural sections HSS,28.158650056955924,69.26860115816663
12,New Construction,Hot-rolled sections,40.67350124608971,39.724327457631375
12,New Construction,Insulated glass unit IGU,0.009523539106796116,0.011294197864271844
12,New Construction,Intumescent,0.07070715737069903,0.17888910814786854
12,New Construction,Mineral wool low density,0.2994803174985825,0.4432308698979021
12,New Construction,Mortar and grout,12.731188859101865,2.537470640173991
12,New Construction,Other,0.2848667017708738,0.7463507586396894
12,New Construction,Paint,0.26319413127052427,0.5544653218786763
12,New Construction,Plate,1.354696017,3.436225043444951
12,New Construction,Polyisocyanurate PIR,0.22421067838636893,0.6614781510329965
12,New Construction,Precast,301.17636691118446,62.70446455724329
12,New Construction,Ready mix NW 5000,700.6345214889224,90.47795726353333
12,New Construction,Ready mix NW 8000,12.664843635265632,1.8718408903012194
12,New Construction,Rebar and reinforcement,40.23099800093986,77.0271550401591
12,New Construction,Resilient flooring vinyl,0.006154458019417476,0.015509234208932039
12,New Construction,Roll formed metal panel aluminum,0.0002495895937864078,0.001612348775860194
12,New Construction,Roll formed metal panel steel,0.2540801304872039,0.5920067040351851
12,New Construction,Spray applied cementitious,9.43678002160835,10.757929224633518
12,New Construction,Steel - other,12.813593652788525,14.477611432743572
12,New Construction,Steel door,0.04340955276834951,0.09943815636772038
12,New Construction,Stone tile,0.014992740266019417,0.013448488018619418
12,New Construction,Stucco finish,0.0005386868604854369,0.0013521040198184466
12,New Construction,Suspension assembly,0.7144033319819418,1.7360000967161187
12,New Construction,Wall coverings,0.013501469324524272,0.15820628105558
12,New Construction,Wood or composite door,0.30069491004038834,0.09671638003125126
120,New Construction,Aluminum storefront or curtain wall,0.25369654135338343,1.124492932330827
120,New Construction,CMU,1.6215897744360903,0.32477142857142854
120,New Construction,Decking,8.218193383458646,26.011505563909775
120,New Construction,Fiberglass blanket,3.0065663157894735,7.493671278195489
120,New Construction,Hollow structural sections HSS,3.7332902255639095,9.588123609022556
120,New Construction,Masonry - other,2.209732631578947,0.7318303759398497
120,New Construction,Open web joists,15.924393684210525,21.73949172932331
120,New Construction,Paint,0.34235639097744364,0.660747969924812
120,New Construction,Precast,211.36205263157893,66.96279578947369
120,New Construction,Ready mix NW 4000,637.1479545864662,101.83748120300751
120,New Construction,Ready mix NW 5000,24.819353984962405,4.848977744360902
120,New Construction,Ready mix unknown,106.73909714285715,0.26835458646616545
120,New Construction,Rebar and reinforcement,10.877609022556392,8.466043007518795
120,New Construction,Steel - other,0.05890556390977443,0.08489082706766916
120,New Construction,Steel door,0.6293100751879699,1.8214526315789474
120,New Construction,TPO,1.4899612030075187,5.185064962406015
121,New Construction,Acoustic ceiling tile fiber,1.635045213479761,2.2236614903324754
121,New Construction,Adhesives and sealants,0.06302096778566897,0.19422752132928367
121,New Construction,Air and vapor barriers,0.8477632156430801,0.787812762717319
121,New Construction,Aluminum - other,0.3539122856358404,3.1887496935789224
121,New Construction,Aluminum composite panel ACM,1.2407091555922665,9.863637786958519
121,New Construction,Aluminum door frame,0.013632789041095892,0.11928690410958905
121,New Construction,Aluminum framed window,0.021351455808658767,0.18682523832576423
121,New Construction,Aluminum sheet,1.7326252463069027,10.432487009012304
121,New Construction,Architectural fiber cement panel,0.829115028232687,1.0228580192060748
121,New Construction,Built up roofing,0.5593159524367054,3.1433556526942845
121,New Construction,Ceramic tile,0.5267820651757507,0.1522400168357919
121,New Construction,Coatings - other,0.09921400563378202,0.9630556640486343
121,New Construction,Cold formed steel framing,3.855500949668728,9.445977326688384
121,New Construction,Concrete - other,6.584110007495675,1.2395157957133516
121,New Construction,Cross laminated timber CLT,0.07606924720196986,0.02822169071193082
121,New Construction,Decking,0.49966880202364555,1.1842150607960402
121,New Construction,Doors and frames - other,0.23589999269527023,0.8797502457078318
121,New Construction,Extruded polystyrene XPS,0.4521957356149352,29.389812930890148
121,New Construction,Extrusion,2.225064228426406,17.79531648537197
121,New Construction,Fasteners,0.0029120583479367605,0.012309982446511143
121,New Construction,Fiberglass blanket,1.3123414071694142,2.703423298768993
121,New Construction,Flooring and tile - other,0.006471429729585316,0.015583168354816514
121,New Construction,GFRC general,2.964177397260274,0.7291876397260274
121,New Construction,Glass mat gypsum board,0.4883135921460619,0.23097232908508722
121,New Construction,Glazing - other,0.008066053245215138,0.0091833435012435
121,New Construction,Gypsum board,39.15044881850616,8.386269925990923
121,New Construction,Hardwood,4.442882127668914,2.7108691289238536
121,New Construction,Hollow structural sections HSS,0.11376337964434016,0.5392384195141724
121,New Construction,Hot-rolled sections,0.6723969923868226,0.6508802886304442
121,New Construction,Insulated glass unit IGU,5.964602287703818,9.544725537982925
121,New Construction,Mineral wool low density,4.550467234901816,6.871205524701742
121,New Construction,Modified bitumen,2.3177747366343935,1.460198084079668
121,New Construction,Mortar and grout,0.10210066487477643,0.0538330158611981
121,New Construction,Paint,0.45165391489955503,1.0873056856815086
121,New Construction,Precast,13.14741287819863,2.051072005895432
121,New Construction,Ready mix NW 3000,83.70429407690274,11.721847865774684
121,New Construction,Ready mix NW 4000,1432.9971888303612,228.5124532550879
121,New Construction,Rebar and reinforcement,67.01509936609294,127.99883978923752
121,New Construction,Resilient flooring vinyl,0.09132655589897261,0.23014292086541097
121,New Construction,Roll formed metal panel steel,0.20877652020602672,0.4864492920800423
121,New Construction,Roofing and waterproofing - other,0.12751400759887083,0.06158926567025461
121,New Construction,Softwood framing,0.06847058587369459,0.011503058426780692
121,New Construction,Softwood plywood,0.768048375732256,0.2027647711933156
121,New Construction,Steel - other,0.9569958759360014,2.441417603996517
121,New Construction,Steel door,0.33070094198630134,0.933118068419178
121,New Construction,Steel door frame,0.013700382739726027,0.03767605253424657
121,New Construction,Steel sheet,3.283099470066896,7.650403336113484
121,New Construction,Suspension assembly,0.4698128755158452,1.141645287503504
121,New Construction,Synthetic composites,0.10684358743201151,0.3109148394271535
121,New Construction,Wall coverings,0.01023436125021543,0.20366378887928707
121,New Construction,Wood door frame,0.017851404109589044,0.0785461780821918
121,New Construction,Wood framed window,0.0008547945205479452,0.0037610958904109597
121,New Construction,Wood or composite door,0.8147303959183199,0.2962658602335302
123,New Construction,Acoustic ceiling tile fiber,0.34731410192277745,0.47234717861497744
123,New Construction,Adhesives and sealants,0.978206914382072,2.128566096235981
123,New Construction,Aluminum door,0.1916811690562497,1.2823470209863106
123,New Construction,Aluminum door frame,0.00246126,0.021536025
123,New Construction,Aluminum sheet,0.310146647032965,1.7430241563252633
123,New Construction,Brick clay,52.44463586535242,15.083545170673746
123,New Construction,Carpet,0.6212568345094271,2.5968535682494043
123,New Construction,Cold formed steel framing,3.5632798241233297,8.143628053702052
123,New Construction,Concrete - other,0.30035431338061247,0.06253331425418146
123,New Construction,Decking,0.17595893693875292,0.4170226805448444
123,New Construction,Doors and frames - other,0.5134389152652761,3.321373916247105
123,New Construction,EPDM,2.68429774192185,8.938711480599762
123,New Construction,Extruded polystyrene XPS,0.0891958264309771,5.797154741978469
123,New Construction,Extrusion,0.5640287319564232,5.073189229667506
123,New Construction,Fasteners,0.030232002392728472,0.17485875664843137
123,New Construction,Fiberglass blanket,1.4768671589547484,3.038992298713804
123,New Construction,Glass mat gypsum board,7.327178585328786,3.4657554708605156
123,New Construction,Glazing - other,0.9447745742873319,1.4132081598346729
123,New Construction,Gypsum board,57.932974966966924,11.760393918294287
123,New Construction,Hollow structural sections HSS,1.444230431424021,1.3632727883648712
123,New Construction,Hot-rolled sections,0.29091125480156066,0.28160209464791064
123,New Construction,Insulated glass unit IGU,5.033576607524231,5.786928979050863
123,New Construction,Mineral wool high density,1.4496660075120062,2.594902153446491
123,New Construction,Mineral wool low density,0.760968311186061,1.149062149890952
123,New Construction,Mortar and grout,8.702285208061731,2.1407621611831855
123,New Construction,Paint,0.023047011712760048,0.052382565551451155
123,New Construction,Plate,0.14060901309740959,0.10320701561349863
123,New Construction,Polyisocyanurate PIR,2.254491981313673,5.906768991041823
123,New Construction,Ready mix NW 3000,114.85357885661479,15.434964525380158
123,New Construction,Ready mix NW 4000,133.22246911087908,21.24427980914274
123,New Construction,Ready mix NW 5000,166.19498041418188,32.120251998111236
123,New Construction,Ready mix NW 6000,757.0026996028798,148.7522000156924
123,New Construction,Rebar and reinforcement,53.65784759837507,52.53103279880919
123,New Construction,Resilient flooring vinyl,0.4179101743420404,0.7034203923918109
123,New Construction,Softwood plywood,0.016465648652764165,0.0043469312443297405
123,New Construction,Steel - other,3.5351850363519848,8.661812542010168
123,New Construction,Steel door,0.9486646349250003,3.007266892712251
123,New Construction,Steel door frame,0.0048325532,0.013289521299999999
123,New Construction,Steel sheet,0.016518160512,0.07829608082688
123,New Construction,Stone masonry,4.239424900010614,2.3655990942059226
123,New Construction,Suspension assembly,0.0738124846591102,0.17936433772163776
123,New Construction,Wood or composite door,0.15802807104,0.041719410754559996
124,New Construction,Aluminum storefront or curtain wall,3.4688757281553397,13.219229126213591
124,New Construction,Concrete - other,5.57838640776699,1.4388601941747574
124,New Construction,Cross laminated timber CLT,136.41832233009708,35.26009223300971
124,New Construction,Extruded polystyrene XPS,9.390881553398058,15.296400970873787
124,New Construction,Fiberglass blanket,7.649285436893204,23.968845631067964
124,New Construction,Fiberglass framed window,3.076101941747573,3.8489407766990285
124,New Construction,Flooring and tile - other,4.823028155339806,4.435347572815534
124,New Construction,Glazing - other,2.2135679611650487,3.06237572815534
124,New Construction,Glue laminated timber GLT,0.07669514563106797,0.019823300970873786
124,New Construction,Gypsum board,4.168570873786408,1.1616184466019417
124,New Construction,HDPE,0.740768932038835,0.9835766990291263
124,New Construction,Hollow structural sections HSS,11.328932038834951,20.997094174757283
124,New Construction,Hot-rolled sections,23.809126213592233,40.95169708737865
124,New Construction,Laminated veneer lumber LVL,0.023409708737864077,0.015440776699029126
124,New Construction,Mineral wool high density,5.350471844660194,10.358763106796115
124,New Construction,Modified bitumen,2.1472116504854366,1.9081223300970873
124,New Construction,PVC,1.3923699029126215,4.925390291262136
124,New Construction,Plate,0.054524271844660195,0.0709368932038835
124,New Construction,Polyisocyanurate PIR,0.013440776699029126,0.05097281553398058
124,New Construction,Ready mix unknown,1367.381623300971,125.57148252427184
124,New Construction,Rebar and reinforcement,65.17226019417475,55.65710873786408
124,New Construction,Roofing and waterproofing - other,1.6698747572815533,1.675264077669903
124,New Construction,Softwood framing,9.212504854368932,1.2641155339805825
124,New Construction,Softwood plywood,10.15758640776699,4.60281359223301
124,New Construction,Steel door,0.20757281553398058,0.5739805825242719
124,New Construction,Stone masonry,5.963098058252427,1.1563126213592234
124,New Construction,Windows and frames - other,0.5504,2.2704
125,New Construction,Acoustic ceiling tile fiber,2.687097004467684,3.6544519260760504
125,New Construction,Air and vapor barriers,1.5245733545006297,1.2349044171455104
125,New Construction,Aluminum - other,0.08777212495823718,0.28613712736385316
125,New Construction,Aluminum door,0.050753349234162165,0.19895312899791567
125,New Construction,Aluminum door frame,0.030499662017588164,0.26687204265389647
125,New Construction,Aluminum framed window,0.19125470232020406,1.6734786453017851
125,New Construction,Aluminum sheet,0.028366524830200947,0.20196965679103066
125,New Construction,Brick clay,42.48919789867939,12.279378192718344
125,New Construction,CMU,0.848574738321096,0.09504037069196275
125,New Construction,Coatings - other,0.0521097006554864,1.0337097678968739
125,New Construction,Cold formed steel framing,3.5847585466975227,8.78265843940893
125,New Construction,Concrete - other,0.8626467266408364,0.13457784952690807
125,New Construction,Doors and frames - other,0.1333404457483784,0.5067590299417853
125,New Construction,Extrusion,0.8280973981694655,5.165394340601397
125,New Construction,Fasteners,0.0028711476142856906,0.016595233210571294
125,New Construction,Fiberglass blanket,0.615258069719342,1.2674316236218446
125,New Construction,Glazing - other,2.92974958971556,10.571939767508725
125,New Construction,Gypsum board,11.896021478903982,2.9026292408525713
125,New Construction,Hollow structural sections HSS,0.07798648459892378,0.1910668872673633
125,New Construction,Hot-rolled sections,0.083665332981935,0.08098804232651308
125,New Construction,Insulated glass unit IGU,2.3581302911213515,3.159894590102611
125,New Construction,Mineral wool high density,2.844828961834143,5.092243841683117
125,New Construction,Modified bitumen,2.5140204662357486,2.204795948888752
125,New Construction,Mortar and grout,8.99282253406779,2.212234343380677
125,New Construction,Paint,0.00026408532746739056,0.0006338047859217373
125,New Construction,Polyisocyanurate PIR,2.679991564631271,8.951171825868446
125,New Construction,Ready mix unknown,1206.9681581382147,205.23226742733678
125,New Construction,Rebar and reinforcement,65.9616581451384,64.57646332409048
125,New Construction,Roll formed metal panel aluminum,1.6564608650969403,9.309310061844807
125,New Construction,Roll formed metal panel steel,0.01556338149194865,0.03626267887624035
125,New Construction,Steel - other,0.7206803949085352,1.6791853201368871
125,New Construction,Steel door,0.019208331243243244,0.06722915935135135
125,New Construction,Steel sheet,1.5201518903435436,4.780324442669916
125,New Construction,Suspension assembly,0.5710718491468326,1.387704593426803
127,New Construction,Acoustic ceiling tile aluminum,0.09966203304989114,0.6727187230867654
127,New Construction,Adhesives and sealants,0.22105625349265962,0.6280814385136136
127,New Construction,Aluminum composite panel ACM,0.5172270681592006,4.111955191865645
127,New Construction,Aluminum door,0.1036829876738837,1.0374544314211622
127,New Construction,Aluminum storefront or curtain wall,0.011185044296695361,0.1118504429669536
127,New Construction,Architectural fiber cement panel,5.491139603221716,3.541785044078007
127,New Construction,CMU,80.81683513537916,20.624302128027324
127,New Construction,Coatings - other,0.06185423645772029,0.5667222750502567
127,New Construction,Cold formed steel framing,2.8732716373496086,7.037824825684189
127,New Construction,Decking,10.013052356541701,23.730934085003835
127,New Construction,Doors and frames - other,0.02859432334402923,0.22449603316577982
127,New Construction,Extruded polystyrene XPS,0.08761787416485572,0.23393972402016483
127,New Construction,Extrusion,2.910074774765148,22.3412757156737
127,New Construction,Fasteners,0.10673095254758518,0.6169049057250423
127,New Construction,Fiberglass blanket,0.9308877284081571,1.918218148214581
127,New Construction,Glass mat gypsum board,7.845967991733973,3.7111428600901695
127,New Construction,Glue laminated timber GLT,4.713399825780766,1.7486713353646646
127,New Construction,Gypsum board,10.533002374223747,2.3702820371037423
127,New Construction,Hollow structural sections HSS,88.76020255466791,65.14998867512624
127,New Construction,Hot-rolled sections,47.85564767538684,46.32426694977446
127,New Construction,Insulated glass unit IGU,4.948755702797818,6.631332641749077
127,New Construction,Insulation - other,0.011840109680953174,0.06559420763248058
127,New Construction,Mineral wool high density,6.058298590998125,10.844354477886643
127,New Construction,Mortar and grout,134.96585635728445,23.1389390558695
127,New Construction,Paint,1.3732311588804145,3.465911539595385
127,New Construction,Plate,3.1076317022286934,7.240781866192855
127,New Construction,Polyisocyanurate PIR,3.3840083315102705,8.866101828556907
127,New Construction,Precast,3.5234634712919854,0.5637541554067169
127,New Construction,Ready mix NW 4000,982.1263112051536,116.9559691681197
127,New Construction,Rebar and reinforcement,20.497191740197305,20.666650784306018
127,New Construction,Softwood plywood,0.5992514443458834,0.15820238130731323
127,New Construction,Steel - other,0.0414759172272896,0.09663888713958477
127,New Construction,Suspension assembly,0.03312210000471173,0.0804867030114495
127,New Construction,Synthetic composites,0.866466223367481,1.0484241302746518
127,New Construction,TPO,1.2952289241984407,4.274255449854855
128,New Construction,Adhesives and sealants,0.1714931665389296,0.07802939077521295
128,New Construction,Aluminum storefront or curtain wall,1.4493249469714256,14.493249469714256
128,New Construction,Carpet,0.499549388973934,2.282940707610878
128,New Construction,Coatings - other,0.43732530508432865,3.5495028101480073
128,New Construction,Decking,5.65585794888594,13.404383338859677
128,New Construction,Fasteners,0.09116369756523762,0.5269261719270736
128,New Construction,Fiberglass blanket,2.207085763631656,4.546596673081212
128,New Construction,Glue laminated timber GLT,26.647866503778875,9.88635847290196
128,New Construction,Gypsum board,63.33821503025821,15.916653534998108
128,New Construction,Hollow structural sections HSS,4.040116267149689,9.898284854516739
128,New Construction,Hot-rolled sections,6.714527834226652,6.4996629435313995
128,New Construction,Insulated glass unit IGU,3.810166953125182,5.749883786231257
128,New Construction,Mineral wool low density,1.3162628836907142,1.9875569543729785
128,New Construction,Paint,0.7701773110840147,1.8484255466016353
128,New Construction,Plate,1.5949598061030839,3.7162563482201856
128,New Construction,Polyisocyanurate PIR,7.3282041284166395,24.47620178891158
128,New Construction,Ready mix NW 3000,370.0598269902744,38.52086088483789
128,New Construction,Ready mix NW 4000,393.7536239385114,48.657106779142936
128,New Construction,Rebar and reinforcement,20.02468362890439,38.24714573120739
128,New Construction,Roofing and waterproofing - other,16.523420183699336,28.420282715962855
128,New Construction,Softwood framing,71.79128505546069,12.060935889317397
128,New Construction,Softwood plywood,45.92361385572648,12.123834057911791
129,New Construction,Acoustic ceiling tile aluminum,0.8353539668538275,5.4381543242184165
129,New Construction,Acoustic ceiling tile fiber,0.261851166939362,0.9138605726183733
129,New Construction,Adhesives and sealants,0.4021640136435021,0.9521143411307113
129,New Construction,Air and vapor barriers,0.770695906277416,0.6921391035829897
129,New Construction,Aluminum door,0.02597501989354387,0.10182207798269198
129,New Construction,Aluminum framed window,0.3990707183070789,4.549406188700699
129,New Construction,Aluminum sheet,4.492848990832024,25.24981132847597
129,New Construction,Architectural fiber cement panel,6.906494918253911,12.431690852857038
129,New Construction,CMU,29.685254456165847,3.3247484990905747
129,New Construction,Carpet,0.016267484548110143,0.07792125098544761
129,New Construction,Ceramic tile,7.697058518209376,2.016629331770856
129,New Construction,Closed cell spray polyurethane foam,2.1761232001836697,21.7612320018367
129,New Construction,Coatings - other,1.8497721762898722,27.756752561856892
129,New Construction,Cold formed steel framing,11.085077819807607,27.15844065852864
129,New Construction,Concrete - other,4.548440632534542,0.7095828919573057
129,New Construction,Cross laminated timber CLT,56.902044064873024,21.110658348067894
129,New Construction,Decking,9.65426681340476,22.88061234776928
129,New Construction,Doors and frames - other,0.38583230814706054,2.8483747041637266
129,New Construction,Extruded polystyrene XPS,0.14828145216872168,9.637340198339388
129,New Construction,Extrusion,2.511469255539792,20.945653591201868
129,New Construction,Fasteners,0.17810690114960503,0.9943383047244713
129,New Construction,Fiberglass blanket,0.42025678961337387,0.8657289866035502
129,New Construction,Glass mat gypsum board,6.314449117411505,2.9867344325356417
129,New Construction,Glazing - other,1.2823910085272248,1.4106301093799472
129,New Construction,Glue laminated timber GLT,54.4218596492459,20.19050992987023
129,New Construction,Gypsum board,27.807400686703104,5.645823927079359
129,New Construction,Hardwood,0.6668472040488352,0.275407895272169
129,New Construction,Hollow structural sections HSS,11.671276627353453,28.594627737015966
129,New Construction,Hot-rolled sections,103.99070393060305,100.66300140482376
129,New Construction,Insulated glass unit IGU,6.709369269091556,8.990554820582686
129,New Construction,Intumescent,0.604142072301445,1.5284794429226556
129,New Construction,Mineral wool high density,2.7359208032063567,4.897298237739379
129,New Construction,Modified bitumen,1.5445569509656267,0.9730708791083448
129,New Construction,Mortar and grout,36.75912861842344,7.649644307621988
129,New Construction,Oriented strand board OSB,0.2519174367150359,0.09875163519229409
129,New Construction,Paint,0.8771834018353043,1.966024115030596
129,New Construction,Plate,33.942653817623174,79.08638339506199
129,New Construction,Polyisocyanurate PIR,3.775634106023127,9.892161357780594
129,New Construction,Ready mix NW 4000,356.5623623830021,56.85910677401544
129,New Construction,Ready mix NW 5000,454.25047704314915,87.79230128687527
129,New Construction,Rebar and reinforcement,11.332621471700676,21.645307010948294
129,New Construction,Roll formed metal panel aluminum,6.637831586180031,42.880392046723
129,New Construction,Roll formed metal panel steel,3.6401779480856615,8.481614619039592
129,New Construction,Softwood framing,11.108041262456883,1.8661509320927567
129,New Construction,Softwood plywood,10.217573257560762,2.6974393399960412
129,New Construction,Steel - other,0.45183974441517805,1.1316974600872294
129,New Construction,Steel door,1.6367641503633803,5.460937713268564
129,New Construction,Steel framed window,0.06653215433215753,0.2920761575181716
129,New Construction,Steel sheet,8.648818092242527,20.151746154925092
129,New Construction,Suspension assembly,0.1406481871530566,0.3417750947819276
129,New Construction,Synthetic composites,0.08224546249643098,0.443303042855763
13,New Construction,Acoustic ceiling tile fiber,0.06447,0.055266666666666665
13,New Construction,Air and vapor barriers,1.3971437037037036,4.3451170370370376
13,New Construction,Aluminum storefront or curtain wall,0.368567037037037,1.6336485185185186
13,New Construction,Cold formed steel framing,0.711652962962963,1.0578007407407406
13,New Construction,Decking,8.193154814814815,18.886608518518518
13,New Construction,Fiberglass blanket,3.2555762962962964,5.3262862962962965
13,New Construction,Flooring and tile - other,0.01254962962962963,0.009412222222222223
13,New Construction,Gypsum board,2.5012974074074075,0.697014074074074
13,New Construction,Hollow structural sections HSS,2.2109770370370367,4.367054074074074
13,New Construction,Hot-rolled sections,1.1495207407407408,1.3853670370370372
13,New Construction,Open web joists,14.695183333333334,20.06141185185185
13,New Construction,Paint,0.2924588888888889,0.5644455555555555
13,New Construction,Precast,125.99864074074074,38.28035259259259
13,New Construction,Ready mix NW 3000,89.21694444444444,11.575527037037038
13,New Construction,Ready mix NW 4000,415.10231740740744,63.34391703703704
13,New Construction,Ready mix unknown,263.42638,0.6622848148148147
13,New Construction,Rebar and reinforcement,8.254809999999999,9.22743888888889
13,New Construction,Steel - other,0.15254148148148147,0.3630485185185185
13,New Construction,Steel door,0.38620296296296297,4.807407407407408
13,New Construction,Synthetic composites,0.049189629629629625,0.14750888888888888
13,New Construction,TPO,1.548237037037037,4.12279962962963
13,New Construction,Wood or composite door,0.03955555555555555,0.04940740740740741
130,New Construction,Acoustic ceiling tile fiber,1.6830897240430507,2.3049491457074534
130,New Construction,Adhesives and sealants,0.4374724251826349,0.840227564841212
130,New Construction,Air and vapor barriers,0.39017559151289427,0.8419008502224703
130,New Construction,Aluminum - other,0.00010617549667651007,0.0001741278145494765
130,New Construction,Aluminum door,0.06839459453766407,0.26810681058764313
130,New Construction,Aluminum framed window,0.11497993449575886,1.1334134940479559
130,New Construction,Aluminum sheet,0.07478789615087658,0.4203079763679264
130,New Construction,Brick clay,29.133913678195775,8.419701052998578
130,New Construction,Carpet,0.40665613690149915,1.7502766913680374
130,New Construction,Ceramic tile,3.4375429943451743,0.9183474331238795
130,New Construction,Coatings - other,0.22877865699408095,1.834883641885655
130,New Construction,Cold formed steel framing,7.052371819831585,17.135319038688667
130,New Construction,Concrete - other,100.51723021653025,14.209592049351029
130,New Construction,Cross laminated timber CLT,51.34603997234328,19.049380829739356
130,New Construction,Decking,1.2084129066124092,3.1177052990600167
130,New Construction,Doors and frames - other,0.2025334230336639,1.6108912282167247
130,New Construction,Extruded polystyrene XPS,0.007466775257775503,0.4852923429819563
130,New Construction,Extrusion,0.6900130590936425,5.761069768944173
130,New Construction,Fasteners,0.07057434054824714,0.28719596046398804
130,New Construction,Fiberglass blanket,1.6458744081464816,2.8473627260934133
130,New Construction,Flooring and tile - other,1.6323086378082325,3.31565031018442
130,New Construction,Glass mat gypsum board,9.817333752887889,4.643598865115971
130,New Construction,Glazing - other,0.7302899639556444,0.9408547641305669
130,New Construction,Glue laminated timber GLT,21.364853697339647,7.926360721713007
130,New Construction,Gypsum board,51.13782612903815,10.380978704194746
130,New Construction,Hardwood,0.0403076076026502,0.017775654952768737
130,New Construction,Hollow structural sections HSS,8.14374625883043,17.305693882885677
130,New Construction,Hot-rolled sections,15.06854222801328,14.586348876716855
130,New Construction,Insulated glass unit IGU,1.6786660176920767,2.2494124637073822
130,New Construction,Medium density fiberboard MDF,0.5869667373664699,0.41322458310599475
130,New Construction,Mineral wool low density,0.7568655894423415,1.1428670400579357
130,New Construction,Modified bitumen,3.0837676483380925,1.944611976326394
130,New Construction,Mortar and grout,8.12552567359439,2.081291269474036
130,New Construction,Other,0.002088816096249117,0.004866941504260442
130,New Construction,Paint,0.6221868006082332,1.5205199369392794
130,New Construction,Plate,1.07429964770239,2.5031181791465693
130,New Construction,Polyisocyanurate PIR,1.9819049403903215,4.974581400379708
130,New Construction,Ready mix LW 4000,0.38115563696644966,0.08309184557126092
130,New Construction,Ready mix NW 2500,216.16540622736767,18.23123309196227
130,New Construction,Ready mix NW 4000,143.6765292183853,15.719833098741587
130,New Construction,Rebar and reinforcement,7.499998078883242,7.256729092796053
130,New Construction,Roll formed metal panel steel,0.8601848118071557,2.004230611510673
130,New Construction,Roofing and waterproofing - other,0.5909010243627221,0.14595255301759236
130,New Construction,Softwood framing,0.011110397489562766,0.0018665467782465446
130,New Construction,Softwood plywood,0.0660843845702978,0.017446277526558626
130,New Construction,Steel - other,0.9554501962434445,1.9398953478885412
130,New Construction,Steel door,0.8828434458272187,1.6806996740907838
130,New Construction,Steel door frame,0.038749326281879194,0.10656064727516779
130,New Construction,Steel framed window,0.0017517817449664431,0.004817399798657718
130,New Construction,Steel sheet,2.490734900848739,5.803412318977562
130,New Construction,Suspension assembly,0.3561053416136263,0.865335980121112
130,New Construction,Synthetic composites,2.45699475339475,9.38838767711534
130,New Construction,TPO,0.01652505354967812,0.052714920823473205
130,New Construction,Wall coverings,0.0025545302739760044,0.028912175293146478
131,New Construction,Adhesives and sealants,0.00371813696699566,0.023498625631412577
131,New Construction,Air and vapor barriers,0.030649522948699087,0.052808227316184
131,New Construction,Aluminum composite panel ACM,0.1678438467088105,1.3343585813350436
131,New Construction,Aluminum door,0.06193760091017732,0.24845660106865458
131,New Construction,Aluminum framed window,0.16972858734177215,2.0706887655696202
131,New Construction,Aluminum sheet,0.004410210085237963,0.024785380679037357
131,New Construction,Brick clay,28.06828941058448,8.111735639658914
131,New Construction,Coatings - other,0.14796182480213116,2.0926441474592172
131,New Construction,Cold formed steel framing,1.7538326506131907,4.437254810479933
131,New Construction,Concrete - other,1.350834915105383,0.25775909321674023
131,New Construction,Cross laminated timber CLT,73.28725324062819,27.189570952273055
131,New Construction,Decking,0.9148587974391955,2.360335697393125
131,New Construction,Doors and frames - other,0.06079768271227219,0.3754185778730619
131,New Construction,Extruded polystyrene XPS,0.010290982238701077,0.668847622941954
131,New Construction,Extrusion,1.556604652922563,12.957409058251697
131,New Construction,Fasteners,0.008244510896776257,0.037368618757928004
131,New Construction,Fiberglass blanket,0.33693747879597685,0.5265003348649487
131,New Construction,Glass mat gypsum board,5.682676695118214,2.687906076790915
131,New Construction,Glue laminated timber GLT,34.37659825203134,12.75371795150363
131,New Construction,Gypsum board,5.325873557619074,1.156612578485545
131,New Construction,Hollow structural sections HSS,0.5411510541820272,1.3258200827459667
131,New Construction,Hot-rolled sections,11.357098012534165,10.99367087613307
131,New Construction,Insulated glass unit IGU,6.6869239070923605,10.58015139226226
131,New Construction,Insulated metal panel IMP,0.034440545265769486,0.28486612908232845
131,New Construction,Intumescent,0.0002427824299098709,0.0006142395476719733
131,New Construction,Mineral wool high density,4.465344277430048,7.992966256599786
131,New Construction,Modified bitumen,0.4326315182295552,0.27255785648461983
131,New Construction,Mortar and grout,4.349459377489467,1.069967006862409
131,New Construction,Paint,0.07305082076550667,0.17676800522438996
131,New Construction,Polyisocyanurate PIR,1.864287082945113,4.889571368400198
131,New Construction,Precast,1.7557155056067342,0.2809144808970785
131,New Construction,Ready mix NW 4000,180.11232184158885,33.33142576396175
131,New Construction,Ready mix unknown,261.1976295838129,35.1545862182824
131,New Construction,Rebar and reinforcement,10.867396938548788,20.756728152628185
131,New Construction,Roll formed metal panel aluminum,0.22664368663352213,1.464118215652553
131,New Construction,Roll formed metal panel steel,0.3763074495939886,0.8767963575539934
131,New Construction,Roofing and waterproofing - other,0.03285808999211812,0.015870457466193047
131,New Construction,Spray applied cementitious,4.061101525807837,4.629655739420933
131,New Construction,Steel - other,0.0010393750211451721,0.0025464688018056723
131,New Construction,Steel door,0.10771915083321519,0.23489912918814382
131,New Construction,Steel sheet,0.7943359970209043,1.850802873058707
131,New Construction,Stucco finish,0.04347318812109355,0.10911770218394479
132,New Construction,Air and vapor barriers,0.16374864197530864,0.10265925925925927
132,New Construction,Aluminum - other,0.05579259259259259,0.0673595061728395
132,New Construction,Aluminum composite panel ACM,1.4063466666666666,5.208691358024691
132,New Construction,Aluminum framed glass entrances,0.15153382716049382,0.5925925925925926
132,New Construction,Aluminum framed window,11.238864197530864,41.31041975308642
132,New Construction,CMU,60.21944444444444,7.684444444444445
132,New Construction,Carpet,0.25440888888888885,1.4004148148148148
132,New Construction,Coatings - other,0.05860938271604939,1.8862607407407408
132,New Construction,Cold formed steel framing,6.318225185185185,8.917944691358025
132,New Construction,Concrete - other,22.276296296296298,7.3325614814814815
132,New Construction,Extruded polystyrene XPS,0.5471506172839506,6.790688395061728
132,New Construction,Fiberglass blanket,0.1400098765432099,0.11576938271604939
132,New Construction,Flooring and tile - other,0.37075604938271606,0.06808592592592592
132,New Construction,Glass mat gypsum board,4.419937777777777,1.7641086419753085
132,New Construction,Glazing - other,10.39191111111111,11.662427654320988
132,New Construction,Gypsum board,8.660393580246913,2.209373827160494
132,New Construction,HDPE,0.07758814814814816,0.030044444444444443
132,New Construction,Hot-rolled sections,0.9923950617283951,1.136355061728395
132,New Construction,Mineral wool high density,3.263148148148148,3.8262686419753082
132,New Construction,Modified bitumen,1.9694730864197532,1.4063738271604938
132,New Construction,Mortar and grout,6.605922469135803,3.082892839506173
132,New Construction,Other,0.006429629629629629,0.01475358024691358
132,New Construction,PVC,0.6341807407407407,2.2585264197530863
132,New Construction,Paint,0.11598074074074075,0.20626666666666665
132,New Construction,Raised access floor system,22.55903209876543,21.89185185185185
132,New Construction,Ready mix unknown,1414.2780049382716,187.34855555555555
132,New Construction,Rebar and reinforcement,77.5310024691358,40.65953086419753
132,New Construction,Roll formed metal panel aluminum,0.05431308641975309,0.20574814814814815
132,New Construction,Roofing and waterproofing - other,0.5314691358024691,0.08525827160493826
132,New Construction,Softwood framing,0.32759999999999995,0.037095308641975314
132,New Construction,Softwood plywood,0.42374024691358025,0.017959506172839507
132,New Construction,Steel - other,0.4963550617283951,0.24224839506172838
132,New Construction,Steel door,0.6646716049382716,1.765037037037037
132,New Construction,Steel sheet,0.16700148148148147,0.4492167901234568
132,New Construction,Stone masonry,1.3593382716049383,0.12947654320987656
132,New Construction,Terrazzo slabs and tiles,0.722682962962963,0.3844207407407408
132,New Construction,Wood or composite door,0.07921481481481481,0.06977777777777777
133,New Construction,Aluminum storefront or curtain wall,0.3950461538461538,1.5054461538461539
133,New Construction,Brick clay,30.19295104895105,7.163704895104895
133,New Construction,CMU,13.798544755244755,1.588323776223776
133,New Construction,Cold formed steel framing,0.3029153846153846,0.4174629370629371
133,New Construction,Decking,0.24863776223776224,0.5428769230769231
133,New Construction,Extruded polystyrene XPS,0.8810972027972027,4.165523776223776
133,New Construction,Fiberglass blanket,0.6627496503496503,2.0767104895104893
133,New Construction,Fiberglass framed window,3.3429426573426575,4.182822377622378
133,New Construction,Glazing - other,0.13503146853146852,0.1868104895104895
133,New Construction,Gypsum board,5.173833566433567,1.4417454545454547
133,New Construction,Hollow structural sections HSS,0.5672727272727273,1.051386013986014
133,New Construction,Hot-rolled sections,1.3581818181818182,1.47146013986014
133,New Construction,Laminated strand lumber LSL,8.360106293706293,3.3599314685314687
133,New Construction,Laminated veneer lumber LVL,1.066109090909091,0.7031846153846154
133,New Construction,Mineral wool high density,4.115447552447552,4.533691608391608
133,New Construction,Modified bitumen,0.7858972027972028,0.7988195804195805
133,New Construction,Other,0.04887412587412587,0.10826923076923077
133,New Construction,Ready mix unknown,957.8853146853147,113.10814615384615
133,New Construction,Rebar and reinforcement,44.32479090909091,37.85337062937063
133,New Construction,Roll formed metal panel aluminum,1.074023076923077,4.0686
133,New Construction,Roofing and waterproofing - other,0.7593776223776224,0.9159797202797203
133,New Construction,Softwood framing,9.915090909090909,1.3605223776223776
133,New Construction,Softwood plywood,9.524465734265734,4.315921678321679
133,New Construction,Steel door,0.03727272727272727,0.10363636363636364
133,New Construction,Wood I joists,6.525174825174825,2.9618881118881117
138,New Construction,Acoustic ceiling tile fiber,0.026202532198484826,0.03563544378993937
138,New Construction,Adhesives and sealants,0.011425258771660294,0.02959142021860016
138,New Construction,Air and vapor barriers,0.003927519913325195,0.01029010217291201
138,New Construction,Aluminum - other,0.06852918423167975,0.11238786213995478
138,New Construction,Aluminum framed window,0.030588862445315123,0.3246298022190973
138,New Construction,Aluminum storefront or curtain wall,0.3669395361084089,3.669395361084089
138,New Construction,Brick clay,28.169508722542275,8.140988020814717
138,New Construction,CMU,5.4260802207297605,0.6077209847217333
138,New Construction,Ceramic tile,0.7862169108569023,0.20598883064450837
138,New Construction,Coatings - other,0.02911840718795118,0.31172725952458025
138,New Construction,Cold formed steel framing,1.3830004393683366,3.388351076452425
138,New Construction,Concrete - other,27.385741023937232,3.8613894843751497
138,New Construction,Fasteners,0.014508040374562076,0.061167222437541885
138,New Construction,Fiberglass blanket,0.5288892661591308,0.9149784304552964
138,New Construction,Glass mat gypsum board,5.233732776812569,2.4755556034323445
138,New Construction,Glazing - other,0.017060512994168536,0.018766564293585388
138,New Construction,Glue laminated timber GLT,0.34545668645248145,0.1281644306738706
138,New Construction,Gypsum board,120.14565319266954,28.97431630131769
138,New Construction,Hollow structural sections HSS,0.6393449447037498,1.5663951145241872
138,New Construction,Hot-rolled sections,0.024520214665217217,0.02373556779593027
138,New Construction,Insulated glass unit IGU,3.0837813613717833,4.13226702423819
138,New Construction,Mineral wool high density,1.5745673195866432,2.8184755020600916
138,New Construction,Mortar and grout,9.170311309429545,2.043026146422438
138,New Construction,Paint,0.7943824982895282,1.8773783679543514
138,New Construction,Polyisocyanurate PIR,0.6542899206950512,1.9497839636712528
138,New Construction,Precast,2.4073401189862325,0.37743676024305167
138,New Construction,Ready mix LW 3000,271.0405242232131,76.97209662514817
138,New Construction,Ready mix LW 4000,21.07339164844646,6.938106834315212
138,New Construction,Ready mix LW 5000,331.96553913226296,122.22681900309784
138,New Construction,Rebar and reinforcement,20.21720072067005,38.61502997721272
138,New Construction,Roll formed metal panel steel,0.3951914231087481,0.9207960158433831
138,New Construction,Softwood framing,8.081156409541517,1.3576342768029748
138,New Construction,Softwood plywood,9.692454623746935,2.558808020669191
138,New Construction,Steel - other,1.340126294405274,3.3004506764871118
138,New Construction,Suspension assembly,0.005568659594364878,0.013531842814306659
138,New Construction,TPO,0.14040463603346878,0.44227460350542663
138,New Construction,Vinyl framed window,0.6701620253658566,1.7960342279804957
138,New Construction,Wood I joists,4.374276835978603,2.012167344550158
138,New Construction,Wood and composites - other,2.108875261685473,0.4976945617577717
139,New Construction,Acoustic ceiling tile fiber,0.006517201072044212,0.0227450317414343
139,New Construction,Adhesives and sealants,0.00398953443344355,0.001815238167216815
139,New Construction,Aluminum - other,0.03974837048954622,0.12957968779592066
139,New Construction,Aluminum door,0.04825641067048991,0.3228353873855776
139,New Construction,Aluminum door frame,0.005786410285713865,0.050631089999996326
139,New Construction,Aluminum storefront or curtain wall,0.010913201176115295,0.10913201176115293
139,New Construction,Brick clay,11.740534698554692,3.393014527882306
139,New Construction,CMU,9.502372667375806,1.0642657387460903
139,New Construction,Carpet,0.01199570781218433,0.050142058654930495
139,New Construction,Ceramic tile,0.6683707658577387,0.17511314065472752
139,New Construction,Closed cell spray polyurethane foam,0.002396823207428128,0.05536661609158977
139,New Construction,Coatings - other,0.01771787017621941,0.2023233503551026
139,New Construction,Cold formed steel framing,3.7694068926979734,9.2389956423556
139,New Construction,Concrete - other,0.9423019851698521,0.14700452787076276
139,New Construction,Decking,0.029921848648813823,0.07091478129768874
139,New Construction,Doors and frames - other,0.16181647976568603,0.7266762599170458
139,New Construction,EPDM,0.0721610432343313,0.2503988200231296
139,New Construction,Extrusion,0.10382286738146179,0.7893045890204181
139,New Construction,Fasteners,0.014868578699568017,0.060640702036363354
139,New Construction,Fiberglass blanket,0.6345742518225784,1.0978134556530608
139,New Construction,Gypsum board,29.715808875293654,7.242947938102233
139,New Construction,Hardwood,0.0701322923008995,0.0415884493344334
139,New Construction,Hollow structural sections HSS,0.3162848124021602,0.7748977903852925
139,New Construction,Hot-rolled sections,5.431399575115021,5.257594788711342
139,New Construction,Insulated glass unit IGU,2.13799515901407,2.8649135130788537
139,New Construction,Medium density fiberboard MDF,0.02574615116458448,0.018125290419867473
139,New Construction,Mineral wool low density,0.8558403412211346,1.2923189152439134
139,New Construction,Mortar and grout,2.3453992508725396,0.7659458902063521
139,New Construction,Paint,0.3471622265551241,0.8318881541259943
139,New Construction,Precast,1.1705154695854185,0.1826071436544967
139,New Construction,Ready mix LW 5000,594.6649447305794,218.9504511735258
139,New Construction,Resilient flooring vinyl,0.022799248528014553,0.05745410629059667
139,New Construction,Roll formed metal panel steel,0.4004667496240003,0.9330875266239207
139,New Construction,Softwood plywood,0.20899284986752675,0.05517411236502706
139,New Construction,Steel - other,0.030098548411595656,0.07447765475512096
139,New Construction,Steel door,0.015847103898030252,0.0379609984416355
139,New Construction,Steel door frame,0.004336014789915966,0.011924040672268908
139,New Construction,Steel sheet,0.6622863571187593,1.543127212086709
139,New Construction,Suspension assembly,0.0027124731329206675,0.006591309712997225
139,New Construction,Vinyl framed window,0.5549152941176471,1.4871729882352942
139,New Construction,Wall coverings,0.0009823493021545967,0.0004823335073579069
139,New Construction,Wood door frame,0.14273519327731063,0.6280348504201667
139,New Construction,Wood or composite door,2.1834913272346856,0.5764417103899571
14,New Construction,Acoustic ceiling tile fiber,2.7561427780347647,9.618938295341328
14,New Construction,Aluminum - other,0.2964933471737707,0.9458137774843285
14,New Construction,Aluminum door,0.10355716062718733,0.5550663809617241
14,New Construction,Aluminum framed window,0.030799701333333335,0.26949738666666667
14,New Construction,Aluminum storefront or curtain wall,3.15566730329978,31.556673032997804
14,New Construction,Architectural fiber cement panel,6.003766032986079,3.8724290912760213
14,New Construction,CMU,28.451134341876,3.186527046290112
14,New Construction,Coatings - other,0.5888095459168081,6.300262141309846
14,New Construction,Cold formed steel framing,7.2482034357714,17.758098417639932
14,New Construction,Decking,2.9919901967672935,7.719334707659617
14,New Construction,Doors and frames - other,1.7500981233330617,4.473280866874165
14,New Construction,EPDM,4.646617068935356,16.123761229205687
14,New Construction,Extrusion,0.854854341933512,6.419956107920675
14,New Construction,Fasteners,0.8931347554782809,3.965103952898542
14,New Construction,Fiberglass blanket,0.925927128621968,1.9074098849612542
14,New Construction,Glass mat gypsum board,30.217420752509696,14.292840015937088
14,New Construction,Glazing - other,0.205315307768612,0.31207926780829026
14,New Construction,Gypsum board,44.27237303724282,10.761570854333874
14,New Construction,Hollow structural sections HSS,4.651057562789123,11.395091028833352
14,New Construction,Hot-rolled sections,2.0025039761169143,1.9384238488811731
14,New Construction,Insulated glass unit IGU,2.6308059358803297,3.5252799540796427
14,New Construction,Mineral wool high density,2.409186165913683,4.3124432369854935
14,New Construction,Mineral wool low density,1.7161805944841138,2.591432697671011
14,New Construction,Mortar and grout,4.731182676519573,0.46744084844013384
14,New Construction,Other,0.4835334827819877,1.3732350911008449
14,New Construction,Paint,0.7850252150519512,1.862689157576345
14,New Construction,Polyisocyanurate PIR,7.295694125114043,19.1147186077988
14,New Construction,Ready mix NW 3000,83.70327060458094,12.304380778873387
14,New Construction,Ready mix NW 4000,2537.3778684680174,426.96794356492205
14,New Construction,Rebar and reinforcement,58.64766728285927,69.87273326375409
14,New Construction,Roll formed metal panel steel,5.4211518823117535,12.63128388578639
14,New Construction,Steel - other,2.4092026880534236,6.149208996376073
14,New Construction,Steel door,1.2226040063999999,3.2333323720319997
14,New Construction,Steel door frame,0.0505203968,0.13893109120000002
14,New Construction,Stucco finish,10.212114562130303,5.3686017484036626
14,New Construction,Suspension assembly,0.44950550437488423,1.0922983756309688
140,New Construction,Aluminum framed window,0.7531934210526317,2.7684947368421056
140,New Construction,Applied fireproofing - other,0.5905263157894737,0.09035789473684211
140,New Construction,Closed cell spray polyurethane foam,0.010023684210526317,0.008038157894736843
140,New Construction,Decking,7.600131578947369,17.442784210526316
140,New Construction,Expanded polystyrene EPS,0.15832763157894736,0.6930223684210527
140,New Construction,Fiberglass blanket,0.30161973684210525,0.9451197368421053
140,New Construction,Glass mat gypsum board,3.350846052631579,1.1137328947368421
140,New Construction,Gypsum board,0.03498947368421053,0.009273684210526316
140,New Construction,Hollow structural sections HSS,5.11578947368421,9.79706052631579
140,New Construction,Hot-rolled sections,17.528223684210527,30.14854473684211
140,New Construction,Open web joists,17.71421052631579,23.11817105263158
140,New Construction,Plate,1.0263157894736843,1.4317763157894736
140,New Construction,Ready mix unknown,652.6740500000001,64.08493947368422
140,New Construction,Rebar and reinforcement,30.077764473684212,23.43248947368421
140,New Construction,TPO,1.0120513157894737,0.5823842105263157
140,New Construction,Windows and frames - other,0.9498526315789474,3.918142105263158
141,New Construction,CMU,64.76409109947643,7.4548680628272255
141,New Construction,Concrete - other,585.0722513089005,89.46729842931937
141,New Construction,Ready mix unknown,853.2488167539268,93.39738429319371
141,New Construction,Rebar and reinforcement,62.19746910994765,41.2350335078534
142,New Construction,Aluminum storefront or curtain wall,0.04509623655913978,0.1718532258064516
142,New Construction,Asphalt shingles,1.5726698924731182,0.6235489247311828
142,New Construction,CMU,25.269666666666666,2.908741935483871
142,New Construction,Closed cell spray polyurethane foam,0.001103225806451613,0.0030499999999999998
142,New Construction,Cold formed steel framing,0.26353333333333334,0.5648586021505376
142,New Construction,Concrete - other,390.238064516129,59.781084946236554
142,New Construction,Fiberglass framed window,4.085051612903226,5.111378494623656
142,New Construction,Gypsum board,3.3390446236559144,0.9216145161290322
142,New Construction,Hollow structural sections HSS,0.26838709677419353,0.4974295698924731
142,New Construction,Hot-rolled sections,0.31870967741935485,0.3452913978494624
142,New Construction,Laminated veneer lumber LVL,4.844496774193548,3.1953349462365592
142,New Construction,Mineral wool high density,4.79772311827957,5.317979569892473
142,New Construction,Modified bitumen,0.8284376344086022,0.8420591397849462
142,New Construction,Plate,1.067734946236559,1.389144623655914
142,New Construction,Polyisocyanurate PIR,1.89529623655914,7.601409139784946
142,New Construction,Ready mix unknown,209.62184086021506,28.057072043010752
142,New Construction,Rebar and reinforcement,23.195731720430107,15.37806559139785
142,New Construction,Roofing and waterproofing - other,0.013621505376344087,0.05777473118279569
142,New Construction,Softwood framing,12.796142473118278,1.922658064516129
142,New Construction,Softwood plywood,11.573233333333334,5.244300537634409
142,New Construction,Steel door,0.2110720430107527,0.5495650537634409
142,New Construction,TPO,0.5925188172043011,1.7596881720430109
142,New Construction,Wood I joists,4.79285752688172,1.9603059139784949
145,New Construction,Aluminum storefront or curtain wall,5.178067294117647,19.732634823529413
145,New Construction,CMU,12.08692894117647,1.391302588235294
145,New Construction,Closed cell spray polyurethane foam,0.029384470588235293,0.08123999999999999
145,New Construction,Cold formed steel framing,1.3785675294117647,2.9548277647058825
145,New Construction,Concrete - other,66.65223529411765,10.192237647058823
145,New Construction,Extruded polystyrene XPS,0.15215905882352943,0.7101844705882353
145,New Construction,Extrusion,1.076259294117647,9.761672470588236
145,New Construction,Glass mat gypsum board,1.7627717647058825,0.6853802352941176
145,New Construction,Gypsum board,1.9806192941176473,0.5466734117647059
145,New Construction,Mineral wool high density,22.16135105882353,24.56448894117647
145,New Construction,Modified bitumen,0.25227435294117645,0.2564225882352941
145,New Construction,PVC,0.1855289411764706,0.6259722352941176
145,New Construction,Ready mix unknown,467.236504,86.106104
145,New Construction,Rebar and reinforcement,30.760951529411763,20.393576470588233
145,New Construction,Steel door,0.056496,0.14709788235294116
145,New Construction,TPO,0.2736931764705882,0.8128258823529412
147,New Construction,Acoustic ceiling tile fiber,0.9282844879759862,1.2624669036473417
147,New Construction,Adhesives and sealants,0.0004146156130732548,0.00107385443785973
147,New Construction,Air and vapor barriers,0.0005400930269131474,0.0014150437305124467
147,New Construction,Aluminum framed window,0.0028070545802919926,0.024561727577554933
147,New Construction,Aluminum sheet,0.00017196818698922336,0.0009664612108794351
147,New Construction,Aluminum storefront or curtain wall,0.29751596286660953,2.9751596286660953
147,New Construction,CMU,2.698669116150482,0.30225094100885397
147,New Construction,Ceramic tile,1.02755628981427,0.26921974793133874
147,New Construction,Coatings - other,0.008918034923639547,0.14062535490783967
147,New Construction,Cold formed steel framing,3.4291053354978525,8.40130807196974
147,New Construction,Decking,0.04893572287257883,0.12625416501125336
147,New Construction,Extruded polystyrene XPS,0.18205398886983992,11.832337757300676
147,New Construction,Fasteners,0.0033336481471866308,0.013501274996105853
147,New Construction,Fiberglass blanket,0.49550546833394776,0.8572244602177296
147,New Construction,GFRC general,0.0695156249872608,0.01710084374686616
147,New Construction,Gypsum board,37.723000019046005,9.202530395692623
147,New Construction,Hardwood,0.19815549458048984,0.12089558844198478
147,New Construction,Insulated glass unit IGU,0.7588510327968722,1.0168603839478088
147,New Construction,Mineral wool high density,0.040597841746363106,0.07267013672598996
147,New Construction,Mortar and grout,3.5713943153343335,0.7584557871153542
147,New Construction,Paint,0.5554722094061159,1.3296087637395566
147,New Construction,Parallel strand lumber PSL,0.43180728507689636,0.15976869547845168
147,New Construction,Precast,0.021660839234647518,0.003379215469231858
147,New Construction,Ready mix LW 3000,3.252837337368175,0.9237648523421406
147,New Construction,Ready mix LW 4000,570.8162946687271,187.93293937910286
147,New Construction,Rebar and reinforcement,24.088844930277293,46.00969381682964
147,New Construction,Roll formed metal panel steel,0.10137582448013371,0.23620567103871148
147,New Construction,Softwood plywood,0.09178965966661241,0.024232470151985677
147,New Construction,Spray applied cementitious,0.09867904500201452,0.11249411130229654
147,New Construction,Steel - other,0.5225802899839966,1.2849343104746378
147,New Construction,Steel sheet,0.011023431603493797,0.052251065800560596
147,New Construction,Suspension assembly,0.19728247182791414,0.47939640654183135
147,New Construction,TPO,0.005095197877858168,0.016049873315253226
147,New Construction,Wood and composites - other,0.03827484197658906,0.01699402983760554
148,New Construction,Acoustic ceiling tile fiber,1.7325391750422179,6.04656172089734
148,New Construction,Acoustic ceiling tile steel,0.00928213714851485,0.026639733616237626
148,New Construction,Adhesives and sealants,0.21516033904455445,0.7248347420503315
148,New Construction,Air and vapor barriers,0.18586964461841585,0.3832073177056416
148,New Construction,Aluminum - other,0.004526705482376238,0.03158148669905743
148,New Construction,Aluminum composite panel ACM,2.0216097523231684,16.07179753096919
148,New Construction,Aluminum door,0.9015633409750495,4.93367607848983
148,New Construction,Aluminum door frame,0.009100862151524752,0.07963254382584159
148,New Construction,Aluminum sheet,0.5106484214225743,2.915189744767144
148,New Construction,CMU,8.051701796712871,0.9017906012318415
148,New Construction,Ceramic tile,1.2366739329172276,0.3240085704243137
148,New Construction,Coatings - other,0.3931803194517624,4.090770578857693
148,New Construction,Cold formed steel framing,9.501824730861387,23.28508231745325
148,New Construction,Concrete - other,16.935695381663365,3.875977398842876
148,New Construction,Decking,2.683777610760396,6.360552937502138
148,New Construction,Doors and frames - other,0.4471887811159604,2.150705948565743
148,New Construction,EPDM,0.019003849287128713,0.06594335702633664
148,New Construction,Expanded polystyrene EPS,0.3428306340673268,1.1141995607188118
148,New Construction,Extruded polystyrene XPS,0.7712651565428515,50.12727207629033
148,New Construction,Extrusion,1.5970145448805149,12.877358649281582
148,New Construction,Fasteners,0.029715703609425742,0.17023227746884673
148,New Construction,Flooring and tile - other,0.0925236697029703,0.14341168803960397
148,New Construction,Glass mat gypsum board,12.357069025821783,5.844893649213703
148,New Construction,Glazing - other,14.776390053533069,52.47117077976697
148,New Construction,Glue laminated timber GLT,1.1359608244629702,0.421441465875762
148,New Construction,Gypsum board,38.05514530596594,7.725194497111087
148,New Construction,Hardwood,0.3967208392079208,0.17455716925148515
148,New Construction,Hollow structural sections HSS,11.216285789834059,27.488172127111298
148,New Construction,Hot-rolled sections,20.3211067086499,25.56463996704246
148,New Construction,Insulated glass unit IGU,1.2046357221663366,1.6142118677028912
148,New Construction,Intumescent,0.17743630950495048,0.44891386304752473
148,New Construction,Mineral wool high density,2.5987848305508914,4.651824846686095
148,New Construction,Mineral wool low density,2.407675092964119,3.563359137586896
148,New Construction,Modified bitumen,1.4007040684950496,0.8866407857280476
148,New Construction,Mortar and grout,10.350963295443961,2.075155993042136
148,New Construction,Paint,0.46422431206934656,1.1141533441662927
148,New Construction,Plate,0.10716653228514852,0.24969802022439605
148,New Construction,Polyisocyanurate PIR,1.4627296743701783,3.8712511269116487
148,New Construction,Precast,6.356587315976237,0.9916641713175737
148,New Construction,Ready mix LW 5000,0.18845876138613862,0.062152563432812634
148,New Construction,Ready mix NW 4000,26.74477805940594,4.264847756684039
148,New Construction,Ready mix NW 5000,773.705853558701,149.53295777517096
148,New Construction,Ready mix NW 6000,69.07223204784158,13.572800311677728
148,New Construction,Rebar and reinforcement,86.44472667428595,131.87676640682815
148,New Construction,Roll formed metal panel aluminum,0.0636756339770297,0.41134459549161184
148,New Construction,Roofing and waterproofing - other,0.2856273431762376,0.05355020766111684
148,New Construction,Softwood framing,0.2219854811928713,0.037293560840402376
148,New Construction,Softwood plywood,0.36690676941778216,0.0968633871262945
148,New Construction,Spray applied cementitious,0.47276068004752475,0.5389471752541782
148,New Construction,Steel - other,0.05165052071287128,0.13325834343920792
148,New Construction,Steel door,0.03059625439287129,0.07557274835039207
148,New Construction,Steel sheet,0.24411198035643564,1.1570907868895048
148,New Construction,Stucco finish,0.02993742488831683,0.07514293646967525
148,New Construction,Suspension assembly,0.7244293021810693,1.7603632042999986
148,New Construction,Terracotta units,6.412264261869307,1.8531443716802298
15,New Construction,Brick clay,139.1176379310345,25.489741379310345
15,New Construction,Cold formed steel framing,5.370580459770115,7.982827586206897
15,New Construction,Extruded polystyrene XPS,3.9411379310344827,97.74028735632183
15,New Construction,Gypsum board,10.278321839080458,3.1690689655172415
15,New Construction,Hollow structural sections HSS,5.386718390804598,13.855063218390805
15,New Construction,Hot-rolled sections,41.62089655172414,66.17324712643679
15,New Construction,Insulated glass unit IGU,4.77548275862069,9.130971264367815
15,New Construction,Mineral wool high density,14.20577011494253,27.599787356321837
15,New Construction,Open web joists,5.596103448275862,8.282235632183909
15,New Construction,PVC,1.8634022988505747,6.287086206896552
15,New Construction,Ready mix NW 2500,40.018540229885055,8.469683908045978
15,New Construction,Ready mix NW 4000,898.1947528735632,124.38874712643678
15,New Construction,Rebar and reinforcement,9.517586206896551,7.312459770114942
15,New Construction,Steel sheet,12.621867816091953,30.729833333333332
15,New Construction,Windows and frames - other,0.08870689655172413,1.1929885057471266
152,New Construction,Acoustic ceiling tile fiber,2.801015164475862,3.8093806236871726
152,New Construction,Adhesives and sealants,0.0011290332404597701,0.0014533599746643679
152,New Construction,Air and vapor barriers,0.5625484300827586,1.141973313068
152,New Construction,Aluminum - other,1.6569021137931035,9.31178987951724
152,New Construction,Aluminum door,0.0989960200413793,0.6444640904693794
152,New Construction,Aluminum door frame,0.016295238620689656,0.14258333793103448
152,New Construction,Aluminum sheet,0.401352871937931,2.2556031402911727
152,New Construction,Aluminum storefront or curtain wall,1.6968490259075861,16.96849025907586
152,New Construction,Architectural fiber cement panel,2.2583962500459767,1.4566655812796552
152,New Construction,CMU,0.05155481981609196,0.005774139819402299
152,New Construction,Carpet,0.04546396229885057,0.1900393624091954
152,New Construction,Ceramic tile,1.4400026925057472,0.37728070543650577
152,New Construction,Coatings - other,0.310065003208046,4.616291872102738
152,New Construction,Cold formed steel framing,5.457398402782069,13.759037980520304
152,New Construction,Concrete - other,3.6398387241149424,0.7026685586034538
152,New Construction,Decking,2.066860323218391,5.332499633903448
152,New Construction,Doors and frames - other,0.16394473819103447,0.7795364172167356
152,New Construction,EPDM,0.011075300645977013,0.03843129324154023
152,New Construction,Extrusion,0.869068360134023,6.442510429051196
152,New Construction,Fasteners,0.04278498426942529,0.24618287339664827
152,New Construction,Fiberglass blanket,1.7199262276367817,3.54304802893177
152,New Construction,GFRC general,1.4983678841149426,0.3685984994922759
152,New Construction,Glass mat gypsum board,0.4584543530344828,0.21684890898531034
152,New Construction,Glazing - other,13.36051325869885,59.63634061650428
152,New Construction,Gypsum board,46.0473611713954,10.465530033939054
152,New Construction,Hardwood,0.2683541840022989,0.17637931299949425
152,New Construction,Hollow structural sections HSS,42.36016995702988,103.93887353490496
152,New Construction,Hot-rolled sections,6.870630508737931,6.650770332458317
152,New Construction,Insulated glass unit IGU,0.06424334632183908,0.08158904982873563
152,New Construction,Intumescent,0.7316604264547126,1.8511008789304229
152,New Construction,Laminated veneer lumber LVL,0.8341833088901149,0.3086478242893425
152,New Construction,Loose-fill cellulose,0.03277428772413793,0.055716289131034484
152,New Construction,Mineral wool high density,5.951917588188506,10.53425138396823
152,New Construction,Mineral wool low density,0.01752357631954023,0.02646060024250575
152,New Construction,Mortar and grout,0.34210757278827586,0.1600650398916922
152,New Construction,Oriented strand board OSB,3.373757465443678,1.3225129264539217
152,New Construction,Paint,0.5124685510657472,1.2227333554662183
152,New Construction,Plate,1.092556893816092,2.5456575625914946
152,New Construction,Polyisocyanurate PIR,2.2020934581310345,5.610863980176874
152,New Construction,Ready mix LW 3000,6.147373380827586,1.7457766480345365
152,New Construction,Ready mix LW 4000,34.84731657471264,11.472970716718173
152,New Construction,Ready mix NW 4000,691.5975300308966,118.66564899109856
152,New Construction,Ready mix NW 5000,96.78105936413795,20.14967033751572
152,New Construction,Ready mix NW 6000,633.2506758413931,135.19741604391078
152,New Construction,Rebar and reinforcement,169.86343574634918,324.43916227552694
152,New Construction,Resilient flooring vinyl,0.09704900875862069,0.24456350207172414
152,New Construction,Roll formed metal panel aluminum,0.2588693111494253,1.6722957500252873
152,New Construction,Softwood plywood,0.51364752,0.13560294528000003
152,New Construction,Steel - other,0.7116159294252874,1.6580651155609196
152,New Construction,Steel door,0.1432430327494253,0.3454248176534253
152,New Construction,Steel door frame,0.020543828303448274,0.05649552783448276
152,New Construction,Steel sheet,1.3702121787586208,3.192594376507586
152,New Construction,Stone tile,0.4828831413793104,0.4331461778172414
152,New Construction,Suspension assembly,0.5889100879931035,1.4310515138232414
152,New Construction,TPO,0.24959891793103448,0.7962205482
152,New Construction,Wood door frame,0.06376275862068966,0.2805561379310345
152,New Construction,Wood or composite door,0.423883468108046,0.11190523558052413
153,New Construction,Acoustic ceiling tile fiber,1.2976059415151515,1.764744080460606
153,New Construction,Adhesives and sealants,0.1788698771038384,0.2460839589530087
153,New Construction,Air and vapor barriers,1.719706790588081,3.0292676488641495
153,New Construction,Aluminum storefront or curtain wall,0.09002615703232324,0.9002615703232324
153,New Construction,Carpet,0.28715077963030305,1.2033934134680606
153,New Construction,Ceramic tile,3.3728657297373736,0.8836908211911919
153,New Construction,Closed cell spray polyurethane foam,0.058007113096969695,0.18272240625545455
153,New Construction,Coatings - other,0.24422554147070707,0.7722250972118848
153,New Construction,Cold formed steel framing,8.570355618093334,20.997371264328667
153,New Construction,Concrete - other,3.2488456785858584,0.5719551742790092
153,New Construction,Cross laminated timber CLT,79.09607537979798,29.34464396590505
153,New Construction,Decking,0.044637833797979795,0.11516561119878788
153,New Construction,Doors and frames - other,0.8125555580523233,2.742228821316026
153,New Construction,Expanded polystyrene EPS,0.0007101569270707071,0.002308010012979798
153,New Construction,Extrusion,0.8419791441939394,7.493614383326062
153,New Construction,Fasteners,0.2010968978630303,0.8375380633905313
153,New Construction,Fiberglass blanket,2.436039469139192,5.017839221129136
153,New Construction,Flooring and tile - other,1.457830212010101,2.948789409303313
153,New Construction,GFRC panel,1.0508865159252525,0.7787069083006122
153,New Construction,Glass mat gypsum board,12.506218484925252,5.915441343369644
153,New Construction,Glazing - other,1.9484149073939392,2.931557640126061
153,New Construction,Glue laminated timber GLT,29.894265834646465,11.09077262465384
153,New Construction,Gypsum board,57.146001945313536,12.868215360394634
153,New Construction,Hollow structural sections HSS,6.4280990017949495,15.873846932291597
153,New Construction,Hot-rolled sections,11.209376348189899,13.887828584518852
153,New Construction,Insulated glass unit IGU,4.344624795715151,5.821797226258303
153,New Construction,Mineral wool high density,8.92057532349495,15.967829829055958
153,New Construction,Mortar and grout,0.7085501831688888,0.3736789765847802
153,New Construction,Paint,0.6231069521814141,1.498528339231994
153,New Construction,Plate,1.1197350993535353,2.888916556332121
153,New Construction,Polyisocyanurate PIR,4.58152623640606,11.499630853379212
153,New Construction,Ready mix LW 4000,11.198902923232323,3.3203349224058765
153,New Construction,Ready mix NW 4000,250.114016521798,39.884354243241695
153,New Construction,Ready mix NW 5000,36.718763006060605,7.096579679327959
153,New Construction,Rebar and reinforcement,8.29200662283192,7.897145849264194
153,New Construction,Resilient flooring vinyl,0.0636085016161616,0.1602934240727273
153,New Construction,Roll formed metal panel aluminum,0.10040104177272727,0.6485907298518182
153,New Construction,Softwood framing,3.829711668929293,0.6433915603801212
153,New Construction,Spray applied cementitious,0.051888664224242424,0.05915307721563636
153,New Construction,Steel - other,2.315502698387273,5.894316396965008
153,New Construction,Steel door,0.5374353591191919,1.6838951639791515
153,New Construction,Steel door frame,0.05141343411717172,0.14138694382222222
153,New Construction,Steel sheet,1.9187263735353535,4.470632450337374
153,New Construction,Suspension assembly,0.27577204069494954,0.6701260588887273
153,New Construction,TPO,0.5654032110260605,1.8036362431731332
153,New Construction,Wall coverings,0.002634217214141414,0.05242092256141414
153,New Construction,Wood or composite door,1.162913333838384,0.3070091201333333
154,New Construction,Acoustic ceiling tile fiber,1.281777821160634,1.7432178367784623
154,New Construction,Air and vapor barriers,2.9168802395826288,2.6756073554716835
154,New Construction,Aluminum - other,0.26329224339674295,0.8124032342357499
154,New Construction,Aluminum door frame,0.07153767512195103,0.6259546573170715
154,New Construction,Aluminum sheet,16.601420780985688,118.2021159606181
154,New Construction,Aluminum storefront or curtain wall,0.46654962884677365,4.665496288467736
154,New Construction,Coatings - other,0.489335562542233,3.9747880646884477
154,New Construction,Cold formed steel framing,6.053050454564741,15.481575376583365
154,New Construction,Concrete - other,1.8008560098886779,0.28094389236502765
154,New Construction,Decking,8.45631759898241,21.817299405374616
154,New Construction,Doors and frames - other,0.46730759913588293,2.7777062782757818
154,New Construction,Extruded polystyrene XPS,0.10450701105829464,6.792283215127922
154,New Construction,Fasteners,0.1602222803259929,0.7063129264688157
154,New Construction,GFRC general,1.2803685779250722,0.31497067016956776
154,New Construction,Glass mat gypsum board,8.653931638794306,4.0933096651497065
154,New Construction,Glazing - other,0.2999065802143112,0.9362885540938051
154,New Construction,Gypsum board,50.57830485100202,11.547399664311275
154,New Construction,Heavy timber framing,2.3146445989740876,0.4397824738050767
154,New Construction,Hollow structural sections HSS,7.0809589149142695,17.348349341539965
154,New Construction,Hot-rolled sections,75.16227805762935,72.7570851597852
154,New Construction,Insulated glass unit IGU,6.446995663799628,8.250749753668126
154,New Construction,Intumescent,0.4346607683296064,1.099691743873904
154,New Construction,Loose-fill cellulose,2.200306402754039,3.7405208846818656
154,New Construction,Mineral wool high density,7.753922748359697,13.87952171956386
154,New Construction,Modified bitumen,7.092592673264633,5.162140385079795
154,New Construction,Paint,0.6210832032310017,1.4833006904880124
154,New Construction,Polyisocyanurate PIR,3.7425158947234216,9.775963895994364
154,New Construction,Precast,2.1747059626591905,0.3392666346137664
154,New Construction,Ready mix NW 5000,847.6168335341298,182.9507510769854
154,New Construction,Rebar and reinforcement,54.3066885227112,88.21893493271048
154,New Construction,Roofing and waterproofing - other,0.25279111559054296,0.12209810883023224
154,New Construction,Softwood framing,10.974265306955822,1.8436765715685781
154,New Construction,Spray applied cementitious,1.9642412478057951,2.239235022498606
154,New Construction,Steel - other,0.6677639341212751,1.6103668039902952
154,New Construction,Steel door,1.2144194751687805,2.7506450428373856
154,New Construction,Steel door frame,0.019362144936585366,0.053245898575609754
154,New Construction,Steel sheet,1.332550170117923,3.272754003588223
154,New Construction,Suspension assembly,0.27240818969637803,0.6619519009621988
154,New Construction,Vinyl framed window,0.38786419512195125,1.0394760429268293
154,New Construction,Wood or composite door,1.218343042459317,0.33344006058353326
156,New Construction,Adhesives and sealants,0.3487679691859108,0.9403752315461074
156,New Construction,Air and vapor barriers,2.6079545274427613,4.443027937619581
156,New Construction,Aluminum door,0.051976951553009264,0.20894734524309722
156,New Construction,Aluminum framed window,0.1309943398234633,1.499254399412096
156,New Construction,Aluminum sheet,12.024734447423619,67.57900759452075
156,New Construction,Aluminum storefront or curtain wall,0.009202143757837837,0.09202143757837837
156,New Construction,Coatings - other,0.42043236942598927,7.173078953271526
156,New Construction,Cold formed steel framing,3.5135902115204174,8.608296018225023
156,New Construction,Concrete - other,1.0632080176463945,0.17011328282342306
156,New Construction,Doors and frames - other,0.09344465187812258,0.7199792949113875
156,New Construction,Extrusion,0.9296970420784728,9.123062796808055
156,New Construction,Fasteners,0.2165624301714643,0.8823133961728826
156,New Construction,Fiberglass blanket,1.016743513654291,2.2278907734765445
156,New Construction,Glass mat gypsum board,7.494378192292919,3.5448408849545507
156,New Construction,Glazing - other,0.10739731160425153,0.14004877066964713
156,New Construction,Glue laminated timber GLT,33.467018592641445,12.416263897869975
156,New Construction,Gypsum board,31.27462297705225,6.527051467399219
156,New Construction,Heavy timber framing,0.029317774735414772,0.005570377199728807
156,New Construction,Hollow structural sections HSS,59.73399748486793,143.95200510001138
156,New Construction,Hot-rolled sections,27.216074459220494,26.345160076525435
156,New Construction,Insulated glass unit IGU,2.6659811574334156,3.0763618291596746
156,New Construction,Laminated veneer lumber LVL,10.499457687377575,3.8847993443297026
156,New Construction,Mineral wool high density,8.63176525563564,15.450859807587797
156,New Construction,PVC,0.028813909210215316,0.0893231185516675
156,New Construction,Paint,0.2590520280201623,0.6217248672483894
156,New Construction,Plate,0.9254578329303044,2.1563167507276093
156,New Construction,Polyisocyanurate PIR,5.350986029297135,14.019583396758494
156,New Construction,Ready mix NW 5000,791.1662660821485,178.0124098684832
156,New Construction,Rebar and reinforcement,39.31851440132794,75.09858004341602
156,New Construction,Roll formed metal panel steel,2.6798713648069805,6.244100280000266
156,New Construction,Softwood framing,20.66416330057189,3.4715794344960775
156,New Construction,Softwood plywood,12.778098774614314,3.3734180764981794
156,New Construction,Steel - other,33.77524034107118,32.953732416143914
156,New Construction,Steel door,0.25740168223135135,0.5491740744482595
156,New Construction,Steel door frame,0.009824335567567566,0.027016922810810813
156,New Construction,Steel sheet,1.1066835154368724,2.5785725909679127
156,New Construction,Synthetic composites,3.2953404050061192,15.157434237270758
156,New Construction,TPO,1.1433352557139784,3.64723946572759
156,New Construction,Wood and composites - other,2.319762126933755,1.0299743843585871
156,New Construction,Wood door frame,0.0024274162162162163,0.010680631351351352
156,New Construction,Wood or composite door,0.10973907956237838,0.040274242199392865
157,New Construction,Acoustic ceiling tile fiber,0.09215981568000044,0.12533734932480062
157,New Construction,Adhesives and sealants,0.0001639465411765044,2.541171388235809e-05
157,New Construction,Air and vapor barriers,0.024173950582211987,0.019580899971591712
157,New Construction,Aluminum - other,0.35242860722179115,3.175381751068338
157,New Construction,Aluminum door,0.16596362462598307,1.709425333647626
157,New Construction,Aluminum framed window,0.23687371323248396,2.4709779402472627
157,New Construction,Built up roofing,0.5770088689401868,3.24278984344385
157,New Construction,Ceramic tile,1.652504465710023,0.4329561700160261
157,New Construction,Coatings - other,0.25570036796988066,4.508995944812902
157,New Construction,Cold formed steel framing,5.670367472622427,9.495710951847494
157,New Construction,Decking,10.8633595474662,28.027467632462788
157,New Construction,Doors and frames - other,0.3764045921931813,2.8621247236055525
157,New Construction,Extrusion,1.5837327194836968,14.19242137841126
157,New Construction,Fasteners,0.09742164422028528,0.4066583058255381
157,New Construction,Flooring and tile - other,0.014755188705885441,0.005754523595295322
157,New Construction,Glass mat gypsum board,17.616214694254218,8.332469550382244
157,New Construction,Glazing - other,0.29783784446108885,0.45271352358085504
157,New Construction,Gypsum board,20.89353012447268,4.243285566694647
157,New Construction,Heavy timber framing,2.5742751912611768,0.48911228633962356
157,New Construction,Hollow structural sections HSS,3.6578552124420995,8.972714384918328
157,New Construction,Hot-rolled sections,108.35370876924821,116.62553601765171
157,New Construction,Insulated glass unit IGU,5.287583679009604,6.693476665914103
157,New Construction,Mineral wool high density,5.230560864107444,9.362703946752324
157,New Construction,Mortar and grout,0.4486048741660209,0.2990325498320447
157,New Construction,Other,0.0024615953501651616,0.005735517165884827
157,New Construction,Paint,0.7703339176337909,1.6613518289113152
157,New Construction,Plate,2.583197275359982,6.018849651588758
157,New Construction,Polyisocyanurate PIR,5.601622321563128,14.676250482495396
157,New Construction,Ready mix NW 5000,1670.8757580871752,375.947045569614
157,New Construction,Ready mix unknown,264.9849040590133,0.580316939889239
157,New Construction,Rebar and reinforcement,73.43721167499031,140.2650742992315
157,New Construction,Roll formed metal panel steel,2.5025697860422085,5.830987601478347
157,New Construction,Softwood plywood,4.519298794434567,1.1930948817307259
157,New Construction,Steel - other,6.010973672370922,13.100154397304145
157,New Construction,Steel door,1.804311381882353,4.195504701952941
157,New Construction,Steel door frame,0.042674151529411765,0.11735391670588236
157,New Construction,Suspension assembly,0.0195861467858825,0.04759433668969447
157,New Construction,Synthetic composites,0.7140471697354784,3.0704277471687527
157,New Construction,Wood or composite door,0.08668673364705883,0.02288529768282353
158,New Construction,Acoustic ceiling tile fiber,0.969051745918609,1.3179103744493081
158,New Construction,Adhesives and sealants,0.30284158516789345,0.13733692610984696
158,New Construction,Air and vapor barriers,0.014352326372011356,0.022392100701183092
158,New Construction,Aluminum - other,0.05764400356919207,0.5073630391239652
158,New Construction,Aluminum door,0.9735660894715568,10.026306373496645
158,New Construction,Aluminum door frame,0.039970051909090906,0.34973795420454545
158,New Construction,Aluminum sheet,1.372824634505277,7.715274445919655
158,New Construction,Aluminum storefront or curtain wall,0.10583744578635927,1.0583744578635927
158,New Construction,Built up roofing,1.1097140392844096,0.5176522839018857
158,New Construction,CMU,3.3193061721013057,0.3717622912753462
158,New Construction,Carpet,1.1577688184343258,6.830915589326827
158,New Construction,Closed cell spray polyurethane foam,0.1791647675640458,1.7916476756404582
158,New Construction,Coatings - other,0.21196127521167923,3.427402411335878
158,New Construction,Cold formed steel framing,5.778601255004823,14.420994761565467
158,New Construction,Concrete - other,1.281978753874849,0.20679850455091195
158,New Construction,Decking,0.3740189649880161,0.9649689296690818
158,New Construction,Doors and frames - other,0.3337160101971444,2.1371119989946745
158,New Construction,Expanded polystyrene EPS,0.011714297877040272,0.03807146810038089
158,New Construction,Extruded polystyrene XPS,0.41257284948677564,1.1015695081296923
158,New Construction,Extrusion,3.0613431060843457,23.010409841107748
158,New Construction,Fasteners,0.004763039168347115,0.019600676710321365
158,New Construction,Fiberglass blanket,0.7036201924661013,1.4443124551518383
158,New Construction,Flooring and tile - other,0.006711029421283455,0.002617301474300548
158,New Construction,Glass mat gypsum board,0.5077694949748504,0.24017497112310424
158,New Construction,Glazing - other,1.4571897422686615,2.215884059592191
158,New Construction,Gypsum board,35.143666118812675,7.134165225439239
158,New Construction,Hardwood,0.2564396191089624,0.4073419108293624
158,New Construction,Hollow structural sections HSS,1.3919340656161259,3.488552957086666
158,New Construction,Hot-rolled sections,1.3895967561705047,1.3451296599730487
158,New Construction,Insulated glass unit IGU,10.177498824880546,13.294580933924296
158,New Construction,Medium density fiberboard MDF,0.9419090591138721,0.6631039776161659
158,New Construction,Mineral wool high density,3.249951903635636,5.817413907507788
158,New Construction,Modified bitumen,1.43941570954329,1.0156865404287987
158,New Construction,Mortar and grout,2.0955827864981793,0.3580285253870524
158,New Construction,Paint,0.3421609964920531,0.8214573526742579
158,New Construction,Plate,0.2730890733661283,0.6362975409430791
158,New Construction,Polyisocyanurate PIR,0.5301053697524386,1.4459879136686964
158,New Construction,Precast,27.493738046809924,6.026702783494683
158,New Construction,Ready mix NW 5000,0.05823874622684945,0.013103717901041092
158,New Construction,Ready mix unknown,1059.6597507389458,157.48989916573134
158,New Construction,Rebar and reinforcement,79.40065127224803,151.87812373049704
158,New Construction,Resilient flooring vinyl,0.03594129090065146,0.09057205306964168
158,New Construction,Roll formed metal panel aluminum,0.12990620452952714,0.7300728694559424
158,New Construction,Roll formed metal panel steel,0.0270497388069872,0.06302589142028017
158,New Construction,Roofing and waterproofing - other,0.12300310717844598,0.059410500767189414
158,New Construction,Softwood framing,0.0668623633120849,0.011232877036430262
158,New Construction,Softwood plywood,0.04075149976640424,0.01075839593833072
158,New Construction,Spray applied cementitious,0.2966303614913285,0.33815861210011444
158,New Construction,Steel - other,0.4920700517248588,0.8996079780829634
158,New Construction,Steel door,0.2809026874603636,0.8946843108037527
158,New Construction,Steel door frame,0.007667954461090913,0.02108687476800001
158,New Construction,Steel sheet,1.015892894368846,2.367030443879411
158,New Construction,Stone masonry,2.9581316913790046,1.6506374837894848
158,New Construction,Stone tile,0.4749757544143091,0.2650364709631845
158,New Construction,Suspension assembly,0.2059464811060426,0.5004499490876836
158,New Construction,Synthetic composites,0.12153686140370451,0.3548876352988172
158,New Construction,Wood and composites - other,0.0657025441117917,0.030354575379647766
158,New Construction,Wood or composite door,0.11370087195263999,0.04172822000661888
159,New Construction,Acoustic ceiling tile aluminum,0.0921022035858543,0.6216898742045165
159,New Construction,Acoustic ceiling tile fiber,0.46940819204581175,0.6383951411823039
159,New Construction,Acoustic ceiling tile steel,1.5356766436386315,5.526857924430389
159,New Construction,Adhesives and sealants,0.054625524012674134,0.19275142996553113
159,New Construction,Air and vapor barriers,0.2755727363614416,0.37012263903867526
159,New Construction,Aluminum - other,0.08618911568013925,0.48438283012238253
159,New Construction,Aluminum composite panel ACM,0.6449374485858564,5.12725271625756
159,New Construction,Aluminum door,0.0608883832633125,0.3963833750441644
159,New Construction,Aluminum door frame,0.011745877574999711,0.10277642878124747
159,New Construction,Aluminum framed window,0.0386405628,0.290190626628
159,New Construction,Aluminum sheet,0.5505968768585005,3.0943544479447724
159,New Construction,CMU,39.10128564675538,4.379343992436602
159,New Construction,Ceramic tile,4.802512015014012,1.2582581479336712
159,New Construction,Coatings - other,0.3717000652335359,3.940442099521123
159,New Construction,Cold formed steel framing,9.325002430361533,22.84625595438576
159,New Construction,Concrete - other,18.540112214619448,5.011887729865385
159,New Construction,Decking,13.728402534504886,35.419278539022606
159,New Construction,Doors and frames - other,0.19484408341243653,1.0718224473634992
159,New Construction,Extrusion,2.095509794073008,16.654656341609552
159,New Construction,Fasteners,0.003970028471245916,0.021162348012205942
159,New Construction,Fiberglass blanket,0.37682934799455103,1.1411251364786166
159,New Construction,GFRC general,0.060751652340436,0.014944906475747255
159,New Construction,Glass mat gypsum board,15.903006476221442,7.522122063252742
159,New Construction,Glazing - other,0.4313225148426915,0.6713329646257344
159,New Construction,Gypsum board,27.58352392739218,6.7303798382836915
159,New Construction,Hollow structural sections HSS,8.233285696458397,21.536723665024457
159,New Construction,Hot-rolled sections,78.07279976786357,76.35265116946037
159,New Construction,Insulated glass unit IGU,2.4066377157941727,3.2248945391641906
159,New Construction,Insulation - other,0.004650912779402685,0.043346507104033025
159,New Construction,Intumescent,0.43780677399953455,1.107651138218822
159,New Construction,Mineral wool low density,0.02839524054030808,0.04202495599965596
159,New Construction,Mortar and grout,47.29977109005484,8.818074530158237
159,New Construction,Oriented strand board OSB,0.0071620641786005,0.002807529158011395
159,New Construction,PVC,0.7306054833984242,2.264876998535115
159,New Construction,Paint,0.31594965758780896,0.7378492014322091
159,New Construction,Plate,0.9777474460821612,2.522588410891976
159,New Construction,Polyisocyanurate PIR,2.103014382412526,5.509897681920816
159,New Construction,Precast,39.38469312219537,9.013753315808552
159,New Construction,Ready mix NW 2500,22.173844537791023,2.710754460872252
159,New Construction,Ready mix NW 4000,488.09158861717526,77.83337413182284
159,New Construction,Ready mix NW 6000,17.59657683179002,3.4577545335664883
159,New Construction,Rebar and reinforcement,15.736176975084007,29.114107739537932
159,New Construction,Resilient flooring vinyl,0.00908768249976843,0.012541001849680433
159,New Construction,Roll formed metal panel aluminum,0.07538286979449385,0.48697333887243033
159,New Construction,Softwood framing,0.45052097715160744,0.07568752416147007
159,New Construction,Spray applied cementitious,35.50878521585899,40.480015146079246
159,New Construction,Steel - other,0.3179725345053418,1.0743157958073015
159,New Construction,Steel door,0.43951341984237,1.125009157786862
159,New Construction,Steel door frame,0.01588037620437699,0.04367103456203672
159,New Construction,Steel sheet,1.4669724055313023,4.192808179334764
159,New Construction,Stucco finish,0.008482404907789625,0.021290836318551956
159,New Construction,Suspension assembly,0.10117505570375694,0.24585538536012938
159,New Construction,Synthetic composites,0.0924342389602683,0.14836733938253577
159,New Construction,Wood and composites - other,1.1880763756142745,0.5275059107727378
159,New Construction,Wood door frame,0.010902378499999999,0.0479704654
159,New Construction,Wood or composite door,0.05322786773759999,0.0140521570827264
16,New Construction,Acoustic ceiling tile fiber,0.10383182795698925,0.11836860215053764
16,New Construction,CMU,8.136289032258064,2.0218679569892473
16,New Construction,Carpet,1.0276120430107527,1.3035397849462367
16,New Construction,Decking,1.2148498924731181,3.231501075268817
16,New Construction,Extrusion,1.1211243010752687,7.365786236559139
16,New Construction,Fiberglass blanket,0.22764516129032258,0.45984344086021506
16,New Construction,Flooring and tile - other,0.42255913978494625,0.31691913978494624
16,New Construction,Glass mat gypsum board,31.965387956989247,9.82627182795699
16,New Construction,Gypsum board,0.14498322580645162,0.05973333333333333
16,New Construction,Insulated glass unit IGU,3.8100365591397853,9.671630967741937
16,New Construction,Mineral wool high density,0.35417591397849457,0.4977604301075269
16,New Construction,Mineral wool low density,0.7829901075268817,1.1275058064516128
16,New Construction,Modified bitumen,0.4282404301075269,0.34130451612903223
16,New Construction,Oriented strand board OSB,1.0535187096774195,0.3343772043010753
16,New Construction,Ready mix NW 6000,105.99196645161291,15.987121720430109
16,New Construction,Ready mix unknown,883.395,85.60595440860216
16,New Construction,Rebar and reinforcement,29.244526021505376,41.56381462365591
16,New Construction,Resilient flooring vinyl,0.6186722580645161,2.0678787096774194
16,New Construction,Roofing and waterproofing - other,0.17452473118279568,0.38506107526881717
16,New Construction,Softwood framing,1.6757784946236558,0.28862494623655915
16,New Construction,Softwood plywood,1.3941599999999998,0.3900189247311828
16,New Construction,Steel door,0.13915225806451612,0.3840602150537634
16,New Construction,Steel sheet,104.11647741935484,219.77815268817204
16,New Construction,Suspension assembly,0.45852129032258065,0.12278193548387097
16,New Construction,Terrazzo slabs and tiles,0.40830494623655916,1.084560430107527
16,New Construction,Wood or composite door,0.027936344086021504,0.02535440860215054
161,New Construction,Acoustic ceiling tile aluminum,0.2096122916497027,1.4148829686354931
161,New Construction,Acoustic ceiling tile fiber,0.12850420278370175,0.17476571578583433
161,New Construction,Acoustic ceiling tile steel,0.06016963595252749,0.17268685518375387
161,New Construction,Acoustic ceilings - other,1.243570684183881,1.9524059741686934
161,New Construction,Adhesives and sealants,0.11903478871132235,0.5691169120653697
161,New Construction,Aluminum - other,3.771036607925925,21.1932257365437
161,New Construction,Aluminum composite panel ACM,3.152901549564447,25.065567319037356
161,New Construction,Aluminum door,0.64899501823738,3.7423402039585296
161,New Construction,Aluminum framed window,0.058609510801594475,0.4401574261199745
161,New Construction,Aluminum sheet,2.1522545307295293,12.095670462699957
161,New Construction,CMU,78.45981774150825,8.787499587048924
161,New Construction,Coatings - other,0.806467083865779,8.99761207225924
161,New Construction,Cold formed steel framing,10.274148730384116,25.171664389441087
161,New Construction,Concrete - other,8.765714124496263,1.3675018057925206
161,New Construction,Decking,13.963262821853757,36.02521808038269
161,New Construction,Doors and frames - other,0.17382575911865977,1.3845307317448559
161,New Construction,EPDM,0.005881876397891324,0.018939642001210066
161,New Construction,Extrusion,2.936385484950451,25.361815439131863
161,New Construction,Fasteners,0.07558707130665991,0.43689327215249435
161,New Construction,Fiberglass blanket,6.381350172751228,22.27091210290179
161,New Construction,Glass mat gypsum board,11.709573325919632,5.538628183159985
161,New Construction,Glazing - other,0.14405190679321037,0.21895889832567972
161,New Construction,Gypsum board,58.03287386599018,12.880507013932148
161,New Construction,Hollow structural sections HSS,31.520080916496752,78.05863003244501
161,New Construction,Hot-rolled sections,98.00238614148633,94.86630978495876
161,New Construction,Insulated glass unit IGU,7.392485958927652,9.905931184963055
161,New Construction,Insulated metal panel IMP,0.7122520094678579,4.300391501080833
161,New Construction,Insulation - other,0.055193124360460116,0.5143999190394883
161,New Construction,Intumescent,0.4823240283276896,1.2202797916690549
161,New Construction,Mortar and grout,24.168667537291096,4.70076890168259
161,New Construction,PVC,0.8696563561785231,2.695934704153421
161,New Construction,Paint,0.394502428983455,0.9128885236633777
161,New Construction,Plate,4.344943504824318,11.209954242446738
161,New Construction,Polyisocyanurate PIR,0.0098648720684652,0.03294867270867378
161,New Construction,Ready mix LW 4000,3.992242564706527,1.1836500858321883
161,New Construction,Ready mix NW 2500,0.3284507012797946,0.04015312735477128
161,New Construction,Ready mix NW 4000,745.1706030337868,118.82839960894144
161,New Construction,Ready mix NW 6000,24.68267366032396,4.850183508154829
161,New Construction,Rebar and reinforcement,15.403853761127941,22.077510403720325
161,New Construction,Roll formed metal panel aluminum,1.134377533409839,7.32807886582756
161,New Construction,Spray applied cementitious,48.883958319740735,55.72771248450444
161,New Construction,Steel door frame,0.0004932982054054053,0.0013565700648648649
161,New Construction,Steel sheet,10.254588172927159,33.4492226085281
161,New Construction,Suspension assembly,0.395537217402753,0.96115543828869
161,New Construction,Synthetic composites,0.4370975751632494,0.44350338181295385
161,New Construction,Zinc sheet,0.002232696125815034,0.007099973680091809
164,New Construction,Acoustic ceiling tile fiber,1.5941311643817917,2.168018383559237
164,New Construction,Adhesives and sealants,0.22006580025753214,0.10222522994156406
164,New Construction,Air and vapor barriers,2.9519920796703323,2.768274157167868
164,New Construction,Aluminum - other,0.0011305980107303693,0.0018541807375978062
164,New Construction,Aluminum door frame,0.006178259315878379,0.05405976901393581
164,New Construction,Aluminum framed window,0.025666458186249935,0.2670818400180597
164,New Construction,Aluminum sheet,2.3908333891138343,16.358543041021953
164,New Construction,Carpet,0.6174481731876149,2.5809333639242307
164,New Construction,Ceramic tile,0.7337991511668264,0.19225537760570852
164,New Construction,Closed cell spray polyurethane foam,0.06578687584220946,0.6578687584220946
164,New Construction,Coatings - other,0.1559392633081442,2.413677599046645
164,New Construction,Cold formed steel framing,7.243741162985827,18.155519632575906
164,New Construction,Concrete - other,0.21987708089975497,0.03430208890140852
164,New Construction,Decking,12.474225291597312,32.18350125232107
164,New Construction,Doors and frames - other,0.1846266382438054,0.9734678410987849
164,New Construction,Extruded polystyrene XPS,0.1341338355676337,8.717836159322973
164,New Construction,Extrusion,0.7747611801365726,6.947495452151828
164,New Construction,Fasteners,0.22968151779039966,0.9327073611967741
164,New Construction,Fiberglass blanket,1.912556449700195,3.9432886863209977
164,New Construction,Flooring and tile - other,0.0024702290273649063,0.003581832089679114
164,New Construction,Glass mat gypsum board,19.45439728767647,9.201929917070968
164,New Construction,Glazing - other,0.7146970459039889,0.9223954782072351
164,New Construction,Gypsum board,40.015018945029745,9.502003950469772
164,New Construction,Hardwood,1.7837610229775895,2.2861872468921973
164,New Construction,Hollow structural sections HSS,9.726291887790117,25.122289798420994
164,New Construction,Hot-rolled sections,54.60762375546987,53.052821254976756
164,New Construction,Insulated glass unit IGU,5.9473748044040455,7.615663742537796
164,New Construction,Insulation - other,2.5930762275374953e-05,0.00024167470440649458
164,New Construction,Intumescent,0.3652382431534172,0.9240527551781453
164,New Construction,Medium density fiberboard MDF,0.4147256813257514,0.29196687965332885
164,New Construction,Mineral wool high density,3.006424860321532,5.381500499975542
164,New Construction,Mineral wool low density,0.8351560579734438,1.2610856475399004
164,New Construction,Modified bitumen,5.134042380263369,3.2362773812873553
164,New Construction,Mortar and grout,1.251164507397599,0.28885633899771146
164,New Construction,Paint,0.521592010132082,1.2031548522359308
164,New Construction,Plate,3.917775381678631,9.709251097143609
164,New Construction,Polyisocyanurate PIR,5.256482554985141,13.771984294061069
164,New Construction,Precast,10.369491341623752,1.617700273294651
164,New Construction,Ready mix LW 5000,0.5167918938295901,0.17043485124576144
164,New Construction,Ready mix NW 3000,453.8497112462487,60.992041020203935
164,New Construction,Ready mix NW 4000,68.7589125485987,10.964618711120412
164,New Construction,Ready mix NW 6000,292.9489037799093,57.56491218896192
164,New Construction,Rebar and reinforcement,41.09623121249327,40.77928407206693
164,New Construction,Resilient flooring vinyl,0.21718514182663692,0.5473065574031251
164,New Construction,Roll formed metal panel aluminum,0.054687962984236574,0.3073463519714096
164,New Construction,Roll formed metal panel steel,0.02165107536355784,0.05044700559708976
164,New Construction,Softwood framing,0.045571507957673424,0.007656013336889134
164,New Construction,Softwood plywood,0.15095599950916305,0.03985238387041905
164,New Construction,Spray applied cementitious,29.15507696881324,33.23678774444709
164,New Construction,Steel - other,0.7052338673007489,1.8135013709003691
164,New Construction,Steel door,0.08558657686486487,0.22680442869189188
164,New Construction,Steel door frame,0.01776983633873874,0.048867049931531535
164,New Construction,Steel framed window,0.008069694414414415,0.028110759394594592
164,New Construction,Steel sheet,4.316474003618924,10.173237852553855
164,New Construction,Stone masonry,30.5257022666579,16.730636889392006
164,New Construction,Stucco finish,5.871574616925685,2.812484241507403
164,New Construction,Suspension assembly,0.3387906838913869,0.8232613618560702
164,New Construction,Synthetic composites,0.006088235059401739,0.017777646373453082
164,New Construction,Wall coverings,0.05341334677212625,0.8092693551658455
164,New Construction,Wood or composite door,0.8688641832988282,0.30404543651438887
164,New Construction,Zinc sheet,1.3948327958685964,5.481692887763585
165,New Construction,Aluminum composite panel ACM,0.41912553191489366,3.5823655319148933
165,New Construction,Aluminum storefront or curtain wall,2.328664255319149,10.321646382978724
165,New Construction,Decking,8.222915319148937,18.955211914893617
165,New Construction,Fiberglass blanket,5.166136595744681,12.876259148936171
165,New Construction,Hollow structural sections HSS,3.6198987234042552,7.149912765957447
165,New Construction,Open web joists,13.881065531914892,18.950002978723404
165,New Construction,Paint,0.33482340425531915,0.6462089361702128
165,New Construction,Precast,170.45343872340425,51.78641404255319
165,New Construction,Ready mix NW 3000,44.116442127659575,5.723924680851065
165,New Construction,Ready mix NW 4000,485.33291702127656,77.57237787234043
165,New Construction,Ready mix unknown,162.95658382978723,0.409691914893617
165,New Construction,Rebar and reinforcement,10.77002,8.48994340425532
165,New Construction,Roll formed metal panel steel,0.6165255319148937,1.6879995744680851
165,New Construction,Steel door,0.3157902127659574,2.822460425531915
165,New Construction,Synthetic composites,0.04030212765957447,0.12085744680851064
165,New Construction,TPO,1.5538608510638299,4.137776170212766
166,New Construction,Adhesives and sealants,0.1159081361221118,0.3175882929745863
166,New Construction,Aluminum - other,0.08547377391553215,0.2726613387905476
166,New Construction,Aluminum door,0.13578736560137086,0.8839757500649243
166,New Construction,Aluminum sheet,0.002582838772619208,0.01838981206104876
166,New Construction,Aluminum storefront or curtain wall,0.9080352101456756,9.080352101456757
166,New Construction,CMU,5.142808413885824,0.5759945423552123
166,New Construction,Coatings - other,0.31057557086823145,3.0103356876965006
166,New Construction,Cold formed steel framing,1.7858058523884996,4.375224338351825
166,New Construction,Decking,0.8065945627492471,2.0810139718930576
166,New Construction,Doors and frames - other,0.5436592403422198,3.319708588454788
166,New Construction,EPDM,0.9273975694378953,3.1322577484341996
166,New Construction,Extruded polystyrene XPS,1.9921133529387536,129.4745486716717
166,New Construction,Extrusion,0.04946402503686432,0.371474828026851
166,New Construction,Fasteners,0.17923597857840348,0.7302084809026143
166,New Construction,Flooring and tile - other,0.06469484341207843,0.08022160583097726
166,New Construction,Glass mat gypsum board,11.790140239475592,5.576736333271954
166,New Construction,Glue laminated timber GLT,2.662601865529087,0.9878252921112911
166,New Construction,Gypsum board,90.76920863791167,18.98562794849022
166,New Construction,Hardwood,0.5000972649063333,1.0051955024617298
166,New Construction,Hollow structural sections HSS,2.9363628958603676,7.726621101479666
166,New Construction,Hot-rolled sections,1.7832724811745748,1.7262077617769884
166,New Construction,Insulated glass unit IGU,4.13319008345612,5.538474711831201
166,New Construction,Mineral wool high density,9.234784478883409,16.530264217201303
166,New Construction,Mineral wool low density,1.670464171156205,2.5224008984458695
166,New Construction,Modified bitumen,2.576004212214052,1.9917261177470844
166,New Construction,Mortar and grout,1.0873705344120248,0.15519262983404958
166,New Construction,Paint,0.9850440470264227,2.364105712863414
166,New Construction,Plate,72.69115271374632,169.37038582302893
166,New Construction,Precast,11.855315501866,1.8968504802985608
166,New Construction,Ready mix NW 2500,11.227585106683255,1.3922205532287215
166,New Construction,Ready mix NW 5000,1440.6559091224037,293.89380546097016
166,New Construction,Rebar and reinforcement,48.63016140238382,47.670141316907326
166,New Construction,Roll formed metal panel steel,2.8379334502131734,6.612384938996695
166,New Construction,Roofing and waterproofing - other,0.04974262052724136,0.024025685714657588
166,New Construction,Softwood framing,12.985376141765013,2.1815431918165222
166,New Construction,Softwood plywood,19.16350620997435,5.059165639433229
166,New Construction,Steel - other,1.3820441820690719,3.6323923909240623
166,New Construction,Steel door,0.5346405094644706,1.2555100500374965
166,New Construction,Steel door frame,0.087369944081109,0.24026734622304974
166,New Construction,Steel sheet,0.00751877054117647,0.03563897236517647
166,New Construction,Synthetic composites,0.9938003432453885,2.8919589988440806
166,New Construction,Vinyl framed window,0.4686668549019608,1.256027171137255
166,New Construction,Windows and frames - other,0.004069122184320004,0.04150504628006404
166,New Construction,Wood I joists,0.9543924068046077,0.43902050713011953
166,New Construction,Wood and composites - other,20.789110666895766,25.154823906943875
166,New Construction,Wood or composite door,3.1376453376,0.8283383691264
167,New Construction,Air and vapor barriers,0.11271264680190161,0.15737596861124384
167,New Construction,Aluminum - other,0.012198607910596277,0.03976746178854385
167,New Construction,Aluminum door frame,0.008875701926457018,0.07766239185649891
167,New Construction,Aluminum sheet,0.027702629381371274,0.15568877712330656
167,New Construction,CMU,0.5143930908548723,0.0576120261757457
167,New Construction,Ceramic tile,0.31924013945130236,0.08706660507473898
167,New Construction,Coatings - other,0.2819373477218406,2.954043937311906
167,New Construction,Cold formed steel framing,5.129336244100764,12.566873798046872
167,New Construction,Doors and frames - other,0.08918884070226382,0.6057141978540133
167,New Construction,Extruded polystyrene XPS,1.0286649537479207,2.7465354265069486
167,New Construction,Extrusion,5.992385214954848,47.43147935114012
167,New Construction,Fasteners,0.07580579762204533,0.3492239051575635
167,New Construction,Fiberglass blanket,0.9130397927487424,1.8191534521410748
167,New Construction,Glass mat gypsum board,7.238851533630936,3.423976775407433
167,New Construction,Glazing - other,1.883956951630287,2.8499280033249352
167,New Construction,Glue laminated timber GLT,20.660620029306763,7.665090030872809
167,New Construction,Gypsum board,19.924162055058876,4.309079687072538
167,New Construction,Hollow structural sections HSS,21.074393165441833,51.66775827198679
167,New Construction,Hot-rolled sections,9.874825500668468,9.558831084647077
167,New Construction,Insulated glass unit IGU,6.670070456012099,8.470989479135364
167,New Construction,Intumescent,0.08456089464785824,0.2139390634590813
167,New Construction,Laminated veneer lumber LVL,0.31100241798868083,0.11507089465581191
167,New Construction,Mineral wool high density,3.5325460883270248,6.323257498105374
167,New Construction,Mineral wool low density,0.04863412770834766,0.07343753283960495
167,New Construction,Modified bitumen,2.404171040974765,1.7218136948280034
167,New Construction,Mortar and grout,0.7035357060598408,0.15311918683138045
167,New Construction,Other,0.002884339329387051,0.00672051063747183
167,New Construction,Paint,0.26933370359176206,0.604753181249067
167,New Construction,Plate,0.975885191248059,2.517783793419992
167,New Construction,Polyisocyanurate PIR,0.9091801251556895,2.385555259988172
167,New Construction,Precast,2.0258607874412724,0.34885557020479363
167,New Construction,Ready mix NW 3000,115.76133118675516,17.016915684452997
167,New Construction,Ready mix NW 4000,338.2394834636898,62.657962486866815
167,New Construction,Ready mix NW 5000,238.05842594698026,53.553283408613005
167,New Construction,Ready mix NW 6000,84.13205982446134,17.391475392131664
167,New Construction,Ready mix unknown,107.38239199215744,0.2351674384628248
167,New Construction,Rebar and reinforcement,27.851005846991395,53.19802169108237
167,New Construction,Resilient flooring vinyl,1.8686259402639107,4.708937369465055
167,New Construction,Roll formed metal panel steel,2.243125282764832,5.226481908842058
167,New Construction,Softwood framing,32.307191363918996,5.427608149138392
167,New Construction,Softwood plywood,3.9404360257793543,1.0402751108057497
167,New Construction,Steel - other,4.114144201087858,10.614183216284927
167,New Construction,Steel door,0.6018495142120851,1.2842769541863217
167,New Construction,Steel door frame,0.02007576224680851,0.05520834617872341
167,New Construction,Steel sheet,0.035101875575106356,0.08178737008999784
167,New Construction,Synthetic composites,2.228776387095665,6.508027050319341
168,New Construction,Acoustic ceiling tile fiber,0.37840324389832175,1.3206273212051427
168,New Construction,Air and vapor barriers,0.5074548566746585,0.5664601007232237
168,New Construction,Aluminum - other,0.007593867826150096,0.04267753718296354
168,New Construction,Aluminum door,0.06119352473340463,0.24162561031256535
168,New Construction,Aluminum framed window,0.03361183982717916,0.2624887657854544
168,New Construction,Aluminum sheet,0.9257980764482204,5.202985189638999
168,New Construction,Aluminum storefront or curtain wall,0.8722295411011636,8.722295411011634
168,New Construction,Architectural fiber cement panel,0.4887760622339271,0.31526056014088294
168,New Construction,Brick clay,2.1623027398007375,0.6249054918024133
168,New Construction,CMU,3.008939729625696,0.3370012497180779
168,New Construction,Coatings - other,0.032768965196987646,0.29442413966918546
168,New Construction,Cold formed steel framing,1.5896170804607703,3.8945618471288874
168,New Construction,Decking,0.3883726733582048,1.002001497264168
168,New Construction,Doors and frames - other,0.10918785076445232,0.5771199301057297
168,New Construction,Extruded polystyrene XPS,0.7427259771709337,48.27240906702033
168,New Construction,Extrusion,0.2258293806308172,1.6959786485374369
168,New Construction,Fasteners,0.014798561168308157,0.07767025871812137
168,New Construction,Fiberglass blanket,0.7578436355016929,2.298458717304688
168,New Construction,Glass mat gypsum board,2.070274809661478,0.979239984969879
168,New Construction,Glazing - other,0.3627728798501419,0.649363454931754
168,New Construction,Gypsum board,14.875648861427784,3.474956508836438
168,New Construction,Hardwood,0.003364877064919984,0.0036340672301135835
168,New Construction,Hollow structural sections HSS,0.7684189202126831,1.8826263545210737
168,New Construction,Hot-rolled sections,2.3773581426062838,2.3095791972133384
168,New Construction,Insulated glass unit IGU,2.280182542904835,3.0554446074924786
168,New Construction,Insulation - other,0.007329492526273423,0.06831087034486831
168,New Construction,Mineral wool high density,0.5085022191905854,0.9102189723511478
168,New Construction,Modified bitumen,0.6896852534566017,0.5669212783413264
168,New Construction,Mortar and grout,0.7499491261019786,0.08045659675190349
168,New Construction,Paint,0.19830119262040033,0.4759228622889608
168,New Construction,Precast,28.428989325566896,4.548638292090701
168,New Construction,Ready mix NW 5000,812.1605584132054,165.68075391629378
168,New Construction,Rebar and reinforcement,34.76360312576257,32.46920531946225
168,New Construction,Roll formed metal panel steel,0.007537200409498551,0.017561676954131623
168,New Construction,Softwood framing,0.0395358206853228,0.0066420178751342325
168,New Construction,Softwood plywood,0.10388096711342525,0.02742457531794426
168,New Construction,Steel - other,0.46048676996274474,1.187437862188797
168,New Construction,Steel door,0.172269181138368,0.4367427966236275
168,New Construction,Steel door frame,0.003548749824,0.009759062016
168,New Construction,Steel sheet,0.012804644850349926,0.029834822501315326
168,New Construction,Stone masonry,0.219654124507824,0.12256700147536584
168,New Construction,Suspension assembly,0.15749224569532522,0.38270615703964017
168,New Construction,TPO,0.16295475910100984,0.513307491168181
168,New Construction,Wood door frame,0.05817702584321342,0.25597891371013903
168,New Construction,Wood or composite door,0.41873666962176004,0.11054648078014465
169,New Construction,Acoustic ceiling tile aluminum,0.018035821047508564,0.12174179207068281
169,New Construction,Adhesives and sealants,0.0017239427660694277,0.004606827079029571
169,New Construction,Air and vapor barriers,0.2080466614147325,0.3352690989376204
169,New Construction,Aluminum door,0.014885370066554621,0.0969037591332706
169,New Construction,Aluminum door frame,0.002361329142857143,0.02066163
169,New Construction,Aluminum sheet,0.11594119555335708,0.6515895190098667
169,New Construction,Aluminum storefront or curtain wall,0.9287503498009574,9.287503498009574
169,New Construction,Brick clay,0.7222598929449032,0.208733109061077
169,New Construction,Built up roofing,0.003273614557435572,0.01839771381278791
169,New Construction,CMU,3.0558615396461537,0.7798500343338807
169,New Construction,Closed cell spray polyurethane foam,0.0330733730312183,0.10418112504833767
169,New Construction,Coatings - other,0.005501174060133745,0.05715559117130609
169,New Construction,Cold formed steel framing,0.8724051328950544,2.1388533928204128
169,New Construction,Concrete - other,0.3187104035200258,0.05178442229942839
169,New Construction,Decking,0.09668840779165859,0.22915152646623085
169,New Construction,Doors and frames - other,0.020471807177745906,0.15179770907190657
169,New Construction,Expanded polystyrene EPS,0.04229297508225826,0.13745216901733934
169,New Construction,Extruded polystyrene XPS,0.3778041873629296,24.554841004866695
169,New Construction,Fasteners,0.012017763753481769,0.04877182948232388
169,New Construction,Fiberglass blanket,0.10577080708338432,0.20117515554415236
169,New Construction,Glass mat gypsum board,1.0221934457065807,0.4834974998192126
169,New Construction,Glazing - other,0.7368262938280593,1.3138722745373923
169,New Construction,Gypsum board,8.859900882972449,1.8175027901705765
169,New Construction,Hollow structural sections HSS,0.8782050241125108,2.1516023090756513
169,New Construction,Hot-rolled sections,0.3754416017158573,0.3634274704609498
169,New Construction,Insulated glass unit IGU,2.7974022695297123,3.748519041169814
169,New Construction,Mineral wool high density,1.6856934477798247,3.017391271525886
169,New Construction,Mineral wool low density,0.13574128689736806,0.20496934321502577
169,New Construction,Mortar and grout,4.8537608956729255,0.8268927988913567
169,New Construction,PVC,0.002504795344017957,0.007764865566455668
169,New Construction,Paint,0.08586767933917189,0.19936733272600388
169,New Construction,Plate,0.5082794095347017,1.1903112834976728
169,New Construction,Polyisocyanurate PIR,0.0503470288811035,0.1330171572458816
169,New Construction,Ready mix NW 3000,505.69827120054634,80.91172339208738
169,New Construction,Ready mix NW 4000,73.0549314012338,13.53879733285491
169,New Construction,Ready mix NW 8000,124.6654733284808,32.02598778609247
169,New Construction,Rebar and reinforcement,36.84053792569368,70.36542743807492
169,New Construction,Steel - other,0.017592274627929252,0.044001482873830634
169,New Construction,Steel door,0.09224417983764714,0.29288729543865905
169,New Construction,Steel door frame,0.0021708549270588236,0.005969851049411765
169,New Construction,Steel sheet,0.413247004443883,0.9628655203542474
169,New Construction,TPO,0.012295794553351355,0.03922358462519083
169,New Construction,Wood and composites - other,0.06563093652619335,0.07941343319669394
169,New Construction,Wood or composite door,0.009770885961035295,0.003585915147699953
17,New Construction,Acoustic ceiling tile fiber,1.3137923809523808,1.7001714285714284
17,New Construction,Air and vapor barriers,0.35856,1.1151219047619048
17,New Construction,Aluminum storefront or curtain wall,0.00019904761904761904,0.002302857142857143
17,New Construction,CMU,80.63639619047619,14.575510476190475
17,New Construction,Carpet,0.20074476190476193,0.28469904761904763
17,New Construction,Concrete - other,10.196707619047618,1.4044257142857142
17,New Construction,Decking,6.2342361904761905,16.583068571428573
17,New Construction,Flooring and tile - other,3.551038095238095,4.036674285714286
17,New Construction,Glass mat gypsum board,5.972551428571429,1.9433819047619048
17,New Construction,Gypsum board,39.34462952380952,12.074449523809523
17,New Construction,Hot-rolled sections,14.812508571428571,20.226089523809524
17,New Construction,Insulated glass unit IGU,0.9833933333333332,1.8802990476190475
17,New Construction,Mineral wool high density,1.5592990476190476,2.191447619047619
17,New Construction,Mineral wool low density,29.20629619047619,42.05706666666667
17,New Construction,Precast,71.52026380952381,10.499552380952382
17,New Construction,Ready mix NW 4000,76.69244095238095,9.490689523809523
17,New Construction,Ready mix NW 5000,103.58464285714285,15.553665714285714
17,New Construction,Ready mix unknown,604.5690114285713,77.57658571428571
17,New Construction,Rebar and reinforcement,15.989909523809525,12.907711428571428
17,New Construction,Resilient flooring vinyl,1.519644761904762,1.649821904761905
17,New Construction,Roofing and waterproofing - other,0.8756942857142858,0.5455580952380952
17,New Construction,Steel door,0.30812285714285714,0.8504190476190476
17,New Construction,Steel sheet,89.90946857142858,138.2463838095238
17,New Construction,Stone masonry,6.758260952380953,1.6290466666666668
17,New Construction,TPO,0.6569076190476191,2.28604
17,New Construction,Terrazzo slabs and tiles,2.671847619047619,7.097095238095238
17,New Construction,Wood or composite door,0.32791714285714285,0.35106190476190474
170,New Construction,Acoustic ceiling tile fiber,0.01671957918574866,0.058351331358262835
170,New Construction,Adhesives and sealants,0.09597908432133337,0.05967586415833092
170,New Construction,Air and vapor barriers,0.1717581084436162,0.31952446676366225
170,New Construction,Aluminum door frame,0.005086943999999864,0.04451075999999881
170,New Construction,Aluminum sheet,0.3544226775412396,2.50237365302572
170,New Construction,Architectural fiber cement panel,1.1969873185889714,0.7927774826557663
170,New Construction,Brick clay,2.459467291351265,0.6443804303340315
170,New Construction,Built up roofing,0.05843642006352873,0.023199258765220904
170,New Construction,CMU,3.217761911105765,0.3603893340438457
170,New Construction,Carpet,0.25749504000000034,0.9372819456000012
170,New Construction,Ceramic tile,0.969238835712,0.25394057495654404
170,New Construction,Coatings - other,0.02424232877166432,0.2437383102530491
170,New Construction,Cold formed steel framing,3.2780564557862877,8.834384424830851
170,New Construction,Concrete - other,0.10692347977549511,0.017107756764079246
170,New Construction,Decking,0.08494489367124915,0.2191578256718228
170,New Construction,Doors and frames - other,0.3754294466707195,2.440793017859824
170,New Construction,Expanded polystyrene EPS,0.6580933239508291,2.1388033028401945
170,New Construction,Extruded polystyrene XPS,0.007589674673492617,0.49328001414459943
170,New Construction,Extrusion,0.8314775134130898,6.772372523290741
170,New Construction,Fasteners,0.06211908171650614,0.29728745566888004
170,New Construction,Fiberglass blanket,0.9858369897637098,2.0308241989132423
170,New Construction,Flooring and tile - other,0.012874752,0.07132612608
170,New Construction,Glass mat gypsum board,3.4390279369957795,1.6266602141990036
170,New Construction,Glazing - other,0.08717172529152035,0.12527600936943697
170,New Construction,Gypsum board,36.736711318472,7.474618482652759
170,New Construction,Hardwood,1.1343852588633279,1.318296519539232
170,New Construction,Hollow structural sections HSS,0.36651303185524486,0.9621784465198504
170,New Construction,Insulated glass unit IGU,1.3487119337497722,2.129496920675353
170,New Construction,Intumescent,0.02279527887001869,0.057672055541147293
170,New Construction,Mineral wool high density,0.45733351040703674,0.8186269836285959
170,New Construction,Mortar and grout,4.535385828408751,0.894355336090098
170,New Construction,Paint,0.5484372536047314,1.0807221920897787
170,New Construction,Polyisocyanurate PIR,0.8536909730766071,2.1625477110994957
170,New Construction,Precast,0.8895248048215858,0.1423239687714537
170,New Construction,Ready mix LW 3000,0.22237482049381102,0.08650380517209263
170,New Construction,Ready mix NW 3000,332.10634621945786,53.13701539511325
170,New Construction,Ready mix NW 4000,29.32390139625532,5.434408744182552
170,New Construction,Ready mix NW 6000,495.1599330632503,113.8867846045475
170,New Construction,Rebar and reinforcement,38.07533293024235,69.50413299453221
170,New Construction,Resilient flooring vinyl,1.9320526614674702,2.6799592939316175
170,New Construction,Roll formed metal panel aluminum,0.000436941182081966,0.0028226400362495003
170,New Construction,Softwood framing,1.6562085973804432,0.2782430443599145
170,New Construction,Softwood plywood,0.04335734422976717,0.011446338876658536
170,New Construction,Steel - other,0.10286281960003651,0.2653860745680942
170,New Construction,Steel door,0.194152576896,0.46625859650304
170,New Construction,Steel door frame,0.02009949183999997,0.055273602559999906
170,New Construction,Steel framed window,0.06358599423999409,0.27914251471357404
170,New Construction,Steel sheet,0.07836866892361462,0.191608026185931
170,New Construction,Suspension assembly,0.2279792722437966,0.5539896315524256
170,New Construction,Synthetic composites,0.19531515022335574,0.5699737494420485
170,New Construction,TPO,0.11916360099244197,0.3801318871658897
170,New Construction,Vinyl framed window,0.37313919999997863,1.000013055999943
170,New Construction,Wood and composites - other,0.32516064,0.3934443744
170,New Construction,Wood door frame,0.19607327999999966,0.8627224319999985
170,New Construction,Wood or composite door,1.8054058733567984,0.5600393367883773
171,New Construction,Acoustic ceiling tile aluminum,0.02595078757867647,0.1751678161560662
171,New Construction,Acoustic ceiling tile fiber,2.054915512786765,7.171655139625811
171,New Construction,Air and vapor barriers,0.04714065664286765,0.06908967381455955
171,New Construction,Aluminum - other,1.139284156985294,6.995129789970588
171,New Construction,Aluminum composite panel ACM,0.8570251804827206,6.8133501848376286
171,New Construction,Aluminum door,1.384378503677941,8.125540899629382
171,New Construction,Aluminum door frame,0.0073498639258823524,0.06431130935147059
171,New Construction,Aluminum framed window,0.0771378681730147,0.5925337944682589
171,New Construction,Aluminum sheet,1.2576523465514706,7.138868138336177
171,New Construction,Aluminum storefront or curtain wall,2.976461661465441,29.76461661465441
171,New Construction,CMU,31.77038768261029,3.5582834204523532
171,New Construction,Closed cell spray polyurethane foam,0.19630988816176473,1.963098881617647
171,New Construction,Coatings - other,0.00913489220367647,0.09774334657933823
171,New Construction,Cold formed steel framing,3.8427639362264707,9.414771643754854
171,New Construction,Concrete - other,9.835272191911764,2.2509434580756906
171,New Construction,Doors and frames - other,0.29817620187713234,2.238207495117421
171,New Construction,EPDM,0.18854960379779412,0.6542671251783456
171,New Construction,Extruded polystyrene XPS,0.3310718629073529,21.517540638229416
171,New Construction,Extrusion,0.3173289407892647,2.603725459632525
171,New Construction,Fasteners,0.006445466805073529,0.026598943904678676
171,New Construction,Fiberglass blanket,0.21509886794330882,0.37212104154192427
171,New Construction,Glass mat gypsum board,0.5001265065654412,0.23655983760545368
171,New Construction,Glazing - other,3.123779446687206,5.261599679377324
171,New Construction,Gypsum board,15.757919435080883,3.816722263861897
171,New Construction,Hollow structural sections HSS,0.6615786230955882,1.6208676265841913
171,New Construction,Hot-rolled sections,0.15699435455882355,0.15197053521294118
171,New Construction,Insulated glass unit IGU,4.579392728900073,6.1494542767043825
171,New Construction,Intumescent,0.0090088240875,0.022792324941375
171,New Construction,Mineral wool high density,2.5890839931076473,4.634460347662689
171,New Construction,Mineral wool low density,0.4804345075330882,0.7254561063749633
171,New Construction,Modified bitumen,0.9691158468455883,0.8452144702663015
171,New Construction,Mortar and grout,37.845146280722794,7.045674665888175
171,New Construction,Paint,0.23183075574316175,0.5558459596768544
171,New Construction,Polyisocyanurate PIR,0.005875563275735294,0.015393975782426472
171,New Construction,Precast,0.9018477029411764,0.14069342723320538
171,New Construction,Ready mix LW 5000,6.569228186744852,2.166491855184775
171,New Construction,Ready mix NW 4000,239.20822959926468,38.145266306593726
171,New Construction,Ready mix NW 5000,372.35651359914704,78.3476416664574
171,New Construction,Ready mix NW 6000,519.699246369853,102.12170482954362
171,New Construction,Rebar and reinforcement,70.27017373213707,127.39880543544169
171,New Construction,Roofing and waterproofing - other,0.07038029134558824,0.017383931962360294
171,New Construction,Steel door,0.16902436764705883,0.3617121467647059
171,New Construction,Steel door frame,0.0017511137647058825,0.004815562852941177
171,New Construction,Steel sheet,0.3347928627205882,0.7800673701389707
171,New Construction,Suspension assembly,0.8638848596330883,2.0992402089084043
172,New Construction,Acoustic ceiling tile fiber,0.9847712244867726,1.3392888653020105
172,New Construction,Adhesives and sealants,0.0073297110060317455,0.017610677596156348
172,New Construction,Air and vapor barriers,2.383441847672963,2.7996413275397374
172,New Construction,Aluminum - other,0.031240039894179894,0.2814727594465608
172,New Construction,Aluminum composite panel ACM,0.09499817585185186,0.7552354980222222
172,New Construction,Aluminum door,0.0013021805555555556,0.008477195416666666
172,New Construction,Aluminum door frame,0.1833352842568254,1.6041837372472223
172,New Construction,Aluminum framed window,0.1786007608195767,1.3632250337256773
172,New Construction,Aluminum storefront or curtain wall,0.00023675411603174602,0.00236754116031746
172,New Construction,Brick clay,3.1489026423280424,0.9100328636328042
172,New Construction,CMU,0.9784629194179895,0.1095878469748148
172,New Construction,Carpet,0.018806418283068782,0.09572466906082011
172,New Construction,Closed cell spray polyurethane foam,0.09166391439153439,0.916639143915344
172,New Construction,Coatings - other,0.3691214955868783,3.573351487103518
172,New Construction,Cold formed steel framing,6.838226423995661,16.753654738789372
172,New Construction,Concrete - other,2.6236470507407406,0.5645706993754008
172,New Construction,Cross laminated timber CLT,60.16654936418148,22.32178981411133
172,New Construction,Decking,0.9573583016931217,2.469984418368254
172,New Construction,Doors and frames - other,0.0003078551388888889,0.002260480287222222
172,New Construction,EPDM,0.0350187329047619,0.10785769734666666
172,New Construction,Extruded polystyrene XPS,0.025512606153439154,1.6581552260978216
172,New Construction,Extrusion,8.520617084380213,75.89596736466562
172,New Construction,Fasteners,0.258726379176455,1.4982866583338437
172,New Construction,Fiberglass blanket,0.6183850617989418,2.158163865678307
172,New Construction,Flooring and tile - other,0.0007130395558201058,0.003950239139243386
172,New Construction,GFRC panel,0.3819799182904762,0.28304711945324285
172,New Construction,Glass mat gypsum board,19.77517469557513,9.353657631007039
172,New Construction,Glazing - other,6.889069876601798,11.765620534171841
172,New Construction,Gypsum board,67.55136635815714,14.150899973724252
172,New Construction,Hardwood,0.0001856066571428571,0.00012992465999999998
172,New Construction,Hollow structural sections HSS,7.597916109304233,18.61489446779537
172,New Construction,Hot-rolled sections,14.922107495037038,38.28780886636212
172,New Construction,Insulated glass unit IGU,5.609262024680953,7.2173985258690685
172,New Construction,Insulated metal panel IMP,3.2058423624338626,11.576131297989296
172,New Construction,Intumescent,0.06004231003703704,0.1519070443937037
172,New Construction,Mineral wool high density,5.786573832375715,10.35796715995253
172,New Construction,Mineral wool low density,0.7570109417830688,1.143086522092434
172,New Construction,Modified bitumen,0.020015286076719575,0.015861367942896824
172,New Construction,Mortar and grout,1.4515509581481483,0.2292068056048889
172,New Construction,Paint,0.8231659631183069,1.9785906918332434
172,New Construction,Polyisocyanurate PIR,0.37494539810052907,0.9823569430233862
172,New Construction,Precast,0.250863887989418,0.039136208979821833
172,New Construction,Ready mix NW 4000,20.217689794603174,3.224007646439314
172,New Construction,Ready mix NW 5000,344.1935284980513,66.47551364391335
172,New Construction,Ready mix NW 6000,236.5206640137037,46.47667589516874
172,New Construction,Rebar and reinforcement,18.65160552597365,27.034551626783244
172,New Construction,Roll formed metal panel aluminum,0.6611878195534392,4.271273314315217
172,New Construction,Softwood plywood,0.11604124214814815,0.030634887927111113
172,New Construction,Steel - other,0.5513881847396825,1.422581516628381
172,New Construction,Steel sheet,0.3454285714285715,0.8048485714285715
172,New Construction,Suspension assembly,0.20928724317460318,0.5085680009142857
174,New Construction,Adhesives and sealants,0.3455003664972384,0.7557235571361081
174,New Construction,Air and vapor barriers,0.21843085118756836,0.5722888301114291
174,New Construction,Aluminum storefront or curtain wall,0.0027393010822459444,0.027393010822459443
174,New Construction,Architectural fiber cement panel,0.7099994828672208,0.4579496664493573
174,New Construction,Carpet,0.001548384,0.007076114880000002
174,New Construction,Cladding - other,3.5727418657816616,11.897230413052934
174,New Construction,Coatings - other,0.029093732933963095,0.548783207483345
174,New Construction,Cold formed steel framing,3.7341321691420886,9.148623814398118
174,New Construction,Decking,13.2634193114874,34.219621823637496
174,New Construction,Extruded polystyrene XPS,0.06222802248925703,4.044421023854707
174,New Construction,Extrusion,0.7841319141210595,5.147215797591384
174,New Construction,Fasteners,0.16334733901284731,0.7127266368470996
174,New Construction,Fiberglass blanket,0.5117554706781998,0.8847360149761124
174,New Construction,Glass mat gypsum board,14.312956398875817,6.770028376668262
174,New Construction,Glazing - other,2.1744854886233003,10.807192878457803
174,New Construction,Glue laminated timber GLT,7.127060388071613,2.6441394039745685
174,New Construction,Gypsum board,20.348308201630232,4.309853840382061
174,New Construction,Hollow structural sections HSS,11.372729649226565,28.421548074501143
174,New Construction,Hot-rolled sections,73.23991108610045,70.89623393134522
174,New Construction,Insulated glass unit IGU,2.9505661647565637,3.9537586607737962
174,New Construction,Mineral wool low density,2.7470784361744505,4.078057182015345
174,New Construction,Modified bitumen,3.425863643608954,2.81605991504656
174,New Construction,Paint,0.19618868102043624,0.462765295562756
174,New Construction,Precast,1.6568446778025983,0.2650951484484148
174,New Construction,Ready mix LW 4000,95.53890592397322,31.786515155238423
174,New Construction,Ready mix LW 5000,23.729709026180426,7.807074269613355
174,New Construction,Ready mix NW 4000,879.3621180263867,147.9714313931929
174,New Construction,Ready mix NW 5000,413.7031337921108,84.39543929359067
174,New Construction,Rebar and reinforcement,73.99562417169113,141.6756154230539
174,New Construction,Resilient flooring vinyl,0.03263127276717389,0.11388314195743686
174,New Construction,Roll formed metal panel steel,0.0012695132900103093,0.0029579659657240206
174,New Construction,Softwood framing,0.49892012116989415,0.0848163864772783
174,New Construction,Softwood plywood,5.238990602868517,1.3830935191572888
174,New Construction,Spray applied cementitious,17.521959141258296,19.97503342103446
174,New Construction,Steel - other,0.7749889536558127,1.8987806993114367
174,New Construction,TPO,0.8079267214215602,2.577286241334777
174,New Construction,Wood I joists,0.11590473902981371,0.05331617995371432
175,New Construction,Acoustic ceiling tile fiber,0.9037122712122269,1.2290486888486287
175,New Construction,Adhesives and sealants,0.3273558380639979,0.3443217133322939
175,New Construction,Air and vapor barriers,0.1555264276774114,0.12597640641870322
175,New Construction,Aluminum - other,0.09532263282932524,0.5444588243592582
175,New Construction,Aluminum composite panel ACM,0.45350917488643233,3.6053979403471375
175,New Construction,Aluminum door,0.125766501173835,0.5055813347188166
175,New Construction,Aluminum framed window,0.006007742538859872,0.07329445897409043
175,New Construction,Aluminum sheet,0.00021103333580879048,0.0015025573509585882
175,New Construction,Architectural fiber cement panel,0.36040138439453995,0.2324588929344783
175,New Construction,Brick clay,24.221897666559617,7.0001284256357295
175,New Construction,CMU,0.07951269193915893,0.008905421497185805
175,New Construction,Carpet,1.76641245498504,8.461115659378343
175,New Construction,Ceramic tile,0.20821122930818048,0.054551342078743285
175,New Construction,Coatings - other,0.05520189729157007,0.7248956031122268
175,New Construction,Cold formed steel framing,2.6154830473802417,6.4197382324313725
175,New Construction,Concrete - other,19.575269618541217,5.531088820795752
175,New Construction,Decking,2.220769808039373,5.729586104741584
175,New Construction,Doors and frames - other,0.3917774016743059,2.2016883276709507
175,New Construction,Extrusion,1.2186735220096536,11.372379356674744
175,New Construction,Fasteners,0.012557256255397768,0.06995950893703698
175,New Construction,Fiberglass blanket,2.6894252132660057,4.386863579406678
175,New Construction,Flooring and tile - other,0.0014889635860751965,0.0033894829795204167
175,New Construction,Glass mat gypsum board,5.952083005827937,2.8153352617566143
175,New Construction,Glazing - other,0.1952327929721375,0.296753845317649
175,New Construction,Glue laminated timber GLT,0.08882237973320059,0.03295310288101742
175,New Construction,Gypsum board,96.514362710278,19.596766900406426
175,New Construction,Hardwood,0.0020387593633333515,0.0022018601124000198
175,New Construction,Heavy timber framing,2.569471864415161,0.4881996542388805
175,New Construction,Hollow structural sections HSS,1.200047768338006,2.940117032428115
175,New Construction,Hot-rolled sections,4.702897943223071,4.665690733679361
175,New Construction,Insulated glass unit IGU,2.9646658034298956,3.9727808419637296
175,New Construction,Insulated metal panel IMP,0.16320230825133372,0.3466515712303607
175,New Construction,Intumescent,0.035483255047965734,0.0897726352713533
175,New Construction,Mineral wool high density,2.6868153129261487,4.78442946306539
175,New Construction,Mortar and grout,5.1992309344139604,1.28373330042486
175,New Construction,Paint,0.7696315896806722,1.8445500033199262
175,New Construction,Plate,0.10592869946146488,0.2468138697452132
175,New Construction,Polyisocyanurate PIR,0.994985868722195,2.557937798502811
175,New Construction,Ready mix LW 3000,0.0791606743820875,0.02083502834476794
175,New Construction,Ready mix unknown,460.6075973419939,86.66441358322045
175,New Construction,Rebar and reinforcement,9.146668659092088,17.470137138865887
175,New Construction,Resilient flooring vinyl,0.37967303481548526,0.5239487880453696
175,New Construction,Roll formed metal panel steel,0.06616717162046964,0.1541695098756943
175,New Construction,Softwood framing,12.16301368346342,2.044220097039449
175,New Construction,Softwood plywood,12.751478525167785,3.3663903306442955
175,New Construction,Spray applied cementitious,5.400620972609675,6.156707908775029
175,New Construction,Steel - other,0.82619249307359,2.0579185389190284
175,New Construction,Steel door,0.9854609507331429,2.109752133298354
175,New Construction,Steel sheet,0.06139771220026077,0.14305666942660764
175,New Construction,Suspension assembly,0.1920602929331488,0.4667065118275515
175,New Construction,Synthetic composites,0.04318842616227015,0.0592280458375022
175,New Construction,TPO,0.42758463761796467,1.3639949940013076
175,New Construction,Vinyl framed window,0.38919573333333335,1.0430445653333333
175,New Construction,Wall coverings,0.002268177028275163,0.02941299531623774
175,New Construction,Wood I joists,4.354501911441077,2.003070879262896
175,New Construction,Wood or composite door,1.1203599896902798,0.40917519904888466
176,New Construction,Acoustic ceiling tile fiber,0.49181539835401894,0.6688689417614656
176,New Construction,Adhesives and sealants,0.3222001806681405,0.17314148833197168
176,New Construction,Aluminum - other,0.16960727235177908,0.8150012492678521
176,New Construction,Aluminum composite panel ACM,0.21076101364876257,1.6755500585076624
176,New Construction,Brick clay,20.93833638426091,6.051179215051404
176,New Construction,Carpet,1.8180043892538496,8.708241024525943
176,New Construction,Ceramic tile,0.11572108085086627,0.03031892318292697
176,New Construction,Coatings - other,0.03787652666490468,0.27937342741720766
176,New Construction,Cold formed steel framing,0.009491673678284223,0.02325460051179635
176,New Construction,Concrete - other,27.760034654146722,7.856089807123522
176,New Construction,Cross laminated timber CLT,0.7843455361105985,0.2909921938970321
176,New Construction,Doors and frames - other,0.4120995515585471,2.4210751722170265
176,New Construction,EPDM,0.010806106548161892,0.03328280816833863
176,New Construction,Expanded polystyrene EPS,0.43240887552190516,1.4053288454461914
176,New Construction,Extrusion,0.24951875918437427,2.343389548771715
176,New Construction,Fasteners,0.004157865219960789,0.024032460971373366
176,New Construction,Fiberglass blanket,2.110488618619183,3.295900522178306
176,New Construction,Flooring and tile - other,0.0017927928037340646,0.0025995495654143933
176,New Construction,Glass mat gypsum board,5.6026715875391595,2.650063660906022
176,New Construction,Glazing - other,0.03545070606176405,0.055727644090661166
176,New Construction,Glue laminated timber GLT,0.255642823186149,0.09484348740206128
176,New Construction,Gypsum board,87.18905444128778,17.70958138542939
176,New Construction,Heavy timber framing,3.171677499823831,0.6026187249665279
176,New Construction,Hollow structural sections HSS,0.5838655767096464,1.4304706629386343
176,New Construction,Hot-rolled sections,0.9391238810654261,0.9090719168713324
176,New Construction,Insulated glass unit IGU,2.4163183672453576,3.237866612108779
176,New Construction,Insulated metal panel IMP,0.07467958477347504,0.15862395377820576
176,New Construction,Intumescent,0.0011228679373460743,0.0028408558814855675
176,New Construction,Mineral wool high density,0.006939206053236487,0.008812791687610339
176,New Construction,Mineral wool low density,0.011151782377616843,0.016504637918872925
176,New Construction,Mortar and grout,4.396946601316879,1.0874230730350103
176,New Construction,Paint,0.7390612723214192,1.7550815741645538
176,New Construction,Polyisocyanurate PIR,1.0621234613187818,2.665929887910141
176,New Construction,Ready mix unknown,131.83187452671555,23.518662291024977
176,New Construction,Rebar and reinforcement,3.536990847060308,6.755652517885188
176,New Construction,Resilient flooring vinyl,0.7307353716007295,1.0084148128090065
176,New Construction,Softwood framing,12.48255762294605,2.0970696806549367
176,New Construction,Softwood plywood,13.193316947447606,3.4830356741261683
176,New Construction,Spray applied cementitious,0.6702808497670066,0.7641201687343876
176,New Construction,Steel - other,1.0733692492105646,2.7692926629632573
176,New Construction,Steel door,0.5200112769599632,1.0763745751351808
176,New Construction,Steel sheet,0.008853859858426455,0.02062949347013364
176,New Construction,Suspension assembly,0.10452243760085413,0.2539895233700755
176,New Construction,TPO,0.2675979780631295,0.8536375500213831
176,New Construction,Vinyl framed window,0.6276051675675636,1.6819818490810703
176,New Construction,Wall coverings,0.07217135448219919,0.01919758029226499
176,New Construction,Wood I joists,3.9077482601021614,1.7975641996469944
176,New Construction,Wood or composite door,2.075522712067453,0.7622606388165601
177,New Construction,Acoustic ceiling tile fiber,1.3882944948230387,1.8880805129593325
177,New Construction,Adhesives and sealants,0.5946870941703597,1.6214612962996082
177,New Construction,Air and vapor barriers,2.796621843469642,3.2201000360058925
177,New Construction,Aluminum door,0.20985328435792808,0.9567235427823049
177,New Construction,Aluminum door frame,0.0164592,0.144018
177,New Construction,Aluminum sheet,0.19472586984819304,1.3864481933191344
177,New Construction,Aluminum storefront or curtain wall,1.5539209039727786,15.539209039727783
177,New Construction,Brick clay,1.920877333832118,0.5551335494774821
177,New Construction,Carpet,0.026011602649400167,0.12459557669062679
177,New Construction,Coatings - other,0.17213225544364708,1.5346958768463899
177,New Construction,Cold formed steel framing,8.551460396345108,20.95119228920623
177,New Construction,Decking,10.155362014602229,26.200833997673747
177,New Construction,Doors and frames - other,0.1429010748201886,1.0353258753506067
177,New Construction,Extruded polystyrene XPS,0.1989050102158189,12.92754570829844
177,New Construction,Extrusion,0.4295649799927869,3.769797155288941
177,New Construction,Fasteners,0.11009116851327384,0.447072319532538
177,New Construction,Fiberglass blanket,0.8247148706101279,1.451105545244748
177,New Construction,Flooring and tile - other,0.0005087346499002571,0.0028183899604474253
177,New Construction,Glass mat gypsum board,7.17966114109302,3.3959797197369985
177,New Construction,Glazing - other,2.3347230225146287,11.603573421897705
177,New Construction,Glue laminated timber GLT,0.5637020189072168,0.20913344901457742
177,New Construction,Gypsum board,43.56879875909017,8.844487981341883
177,New Construction,Hardwood,0.79103846193341,0.3488479617126338
177,New Construction,Hollow structural sections HSS,10.035322237774816,24.705922461943985
177,New Construction,Hot-rolled sections,29.517765231490728,28.57319674408302
177,New Construction,Insulated glass unit IGU,3.7632012725845874,4.343910767697066
177,New Construction,Mineral wool low density,1.3692054005646288,2.0675001548525893
177,New Construction,Mortar and grout,0.29765896348113274,0.07322410501635868
177,New Construction,Open web joists,4.152676313839335,5.730693313098282
177,New Construction,PVC,1.5215426379950858,4.716782177784767
177,New Construction,Paint,0.41917263175072883,1.0089017043402448
177,New Construction,Polyisocyanurate PIR,8.669266478113963,23.12233329494735
177,New Construction,Precast,0.211922402976921,0.0485014890582156
177,New Construction,Ready mix unknown,585.7033323731218,87.2482601257308
177,New Construction,Rebar and reinforcement,10.23847240010733,19.54726290611029
177,New Construction,Softwood framing,2.379246860093085,0.3997134724956384
177,New Construction,Softwood plywood,0.0858563339720363,0.022666072168617588
177,New Construction,Spray applied cementitious,32.1996474754076,36.70759812196466
177,New Construction,Steel - other,1.1378375647998549,2.7877020337596443
177,New Construction,Steel door,0.2111889080631933,0.4519442632552336
177,New Construction,Steel sheet,3.722761985700968,10.6710628313166
177,New Construction,Suspension assembly,0.2950455093362054,0.7169605876869791
177,New Construction,Synthetic composites,0.8511499842241446,1.0298914809112147
177,New Construction,Wood and composites - other,0.4012182776237415,0.09468751351920299
177,New Construction,Wood door frame,0.1102535025210084,0.485115411092437
177,New Construction,Wood or composite door,0.25496966083764705,0.06731199046113882
178,New Construction,Aluminum - other,0.05002593836764157,0.15958274339277662
178,New Construction,Aluminum door,0.7397343946207492,2.9737322663754115
178,New Construction,Aluminum sheet,1.7433459756432674,12.412623346580064
178,New Construction,Aluminum storefront or curtain wall,0.2324021390183025,2.324021390183025
178,New Construction,CMU,0.9963769419657034,0.11159421750015878
178,New Construction,Coatings - other,0.3079705517042153,2.3547661308411496
178,New Construction,Cold formed steel framing,0.3659814396952538,0.896654527253372
178,New Construction,Decking,1.0330662934048815,2.665311036984594
178,New Construction,Doors and frames - other,0.4585970195204587,2.8622512635017503
178,New Construction,Extruded polystyrene XPS,1.95130837138142,126.82248745090938
178,New Construction,Fasteners,0.03497659348442639,0.1426035231912877
178,New Construction,Flooring and tile - other,0.007129293461573034,0.008840323892350562
178,New Construction,Glass mat gypsum board,4.8344477002415776,2.2866937622142665
178,New Construction,Glue laminated timber GLT,24.721316069064827,9.17160826162305
178,New Construction,Gypsum board,8.49392961390737,1.7407528779930412
178,New Construction,Hardwood,1.8983956173517211,3.1287994799370447
178,New Construction,Hollow structural sections HSS,1.4191323891294911,4.909243423680297
178,New Construction,Hot-rolled sections,4.4621816515606305,4.319391838710691
178,New Construction,Insulated glass unit IGU,4.393058859116443,5.886698871216035
178,New Construction,Mineral wool high density,0.9982439374447174,1.786856648026044
178,New Construction,Mineral wool low density,0.649934564169992,0.9814011918966877
178,New Construction,Modified bitumen,6.205808206230585,4.172808312688083
178,New Construction,Mortar and grout,0.09671358180291775,0.009555301882128274
178,New Construction,Paint,0.09761023694311693,0.2342645686634806
178,New Construction,Plate,44.221748153803844,103.04132240785931
178,New Construction,Precast,10.318505402088412,1.6509608643341482
178,New Construction,Ready mix NW 3000,6.432070876232382,0.9455144188061596
178,New Construction,Ready mix NW 5000,1505.9431428477083,307.2124011409325
178,New Construction,Rebar and reinforcement,58.62901494412042,57.439664892886036
178,New Construction,Roll formed metal panel steel,1.0696457750626698,2.4922746558960207
178,New Construction,Roofing and waterproofing - other,0.29447401591494515,0.14223094968691852
178,New Construction,Softwood framing,11.895361313570525,1.998420700679848
178,New Construction,Softwood plywood,3.970211618407449,1.0481358672595664
178,New Construction,Steel - other,0.7442607596316956,3.5109930337940742
178,New Construction,Steel door,0.117708673607191,0.35593239201200905
178,New Construction,Steel door frame,0.031770808593258426,0.08736972363146067
178,New Construction,Wood or composite door,4.734638779175663,1.249944637702375
179,New Construction,Acoustic ceiling tile fiber,0.07011822103214434,0.24471259140218374
179,New Construction,Adhesives and sealants,0.20544677173140402,0.10805340096872797
179,New Construction,Air and vapor barriers,1.1605842703570382,4.653354532113125
179,New Construction,Aluminum door,0.05946893075675676,0.3871427392264865
179,New Construction,Aluminum door frame,0.05953483345945946,0.5209297927702703
179,New Construction,Aluminum sheet,0.02619860735126398,0.14723617331410357
179,New Construction,Aluminum storefront or curtain wall,0.0815186602009496,0.815186602009496
179,New Construction,Architectural fiber cement panel,0.10052044255341622,0.06483568544695345
179,New Construction,Brick clay,49.21057132851902,14.221855113941997
179,New Construction,Carpet,1.4566610794490775,6.977406570561082
179,New Construction,Coatings - other,0.15394686043870814,3.022386610687963
179,New Construction,Cold formed steel framing,12.5336560072232,30.70745721769684
179,New Construction,Concrete - other,4.227172969283533,0.9674493146400276
179,New Construction,Decking,13.811151262932933,32.79725986045405
179,New Construction,Doors and frames - other,0.04013202052045405,0.23114657873120129
179,New Construction,Extruded polystyrene XPS,0.22353513105822823,14.528345067981125
179,New Construction,Extrusion,1.8535036854643656,12.031881405773762
179,New Construction,Fasteners,0.03968766473209436,0.21795378492578274
179,New Construction,Fiberglass blanket,0.9481313703936047,1.7734577922330168
179,New Construction,Flooring and tile - other,0.028489362007609622,0.1578310655221573
179,New Construction,Glazing - other,0.8494816319927346,1.0271814985265875
179,New Construction,Gypsum board,45.468432308520704,9.287198099392084
179,New Construction,Hollow structural sections HSS,12.899469836319021,32.54714712688862
179,New Construction,Hot-rolled sections,42.51595518057582,41.155444614797396
179,New Construction,Insulated glass unit IGU,6.177119514906382,8.277340149974552
179,New Construction,Mineral wool high density,1.4046892381481138,2.4737513506476505
179,New Construction,Modified bitumen,0.18080003483145674,0.14861762863145744
179,New Construction,Mortar and grout,5.455772885884116,0.5390303611253506
179,New Construction,Paint,0.3558626616459276,0.8540703879502263
179,New Construction,Plate,4.841412955867694,12.49084542613865
179,New Construction,Polyisocyanurate PIR,3.0326507077124867,10.129053363759704
179,New Construction,Precast,12.621620201393702,1.9690453250350697
179,New Construction,Ready mix LW 3000,68.76515850711837,18.09893659714032
179,New Construction,Ready mix LW 4000,206.4602950632176,61.21290027137437
179,New Construction,Ready mix NW 4000,391.2592408361373,62.39203375909282
179,New Construction,Rebar and reinforcement,78.92785665054846,150.70891606336835
179,New Construction,Resilient flooring vinyl,0.44891574748475677,0.6195037315289643
179,New Construction,Roll formed metal panel steel,0.734849138280038,1.7121984921924884
179,New Construction,Roofing and waterproofing - other,0.11538304517067541,0.02030741595003887
179,New Construction,Softwood plywood,0.1626197381753043,0.042931610878280346
179,New Construction,Spray applied cementitious,39.003389457808616,44.46386398190182
179,New Construction,Steel - other,18.46522808036426,57.974424475194105
179,New Construction,Steel sheet,1.989986590401735,6.665263333972817
179,New Construction,Suspension assembly,0.029183354721665406,0.07091555197364695
179,New Construction,TPO,0.7208500138547476,2.3753540939611573
179,New Construction,Wood or composite door,0.40269333236237836,0.14778845297699286
18,New Construction,Acoustic ceiling tile fiber,2.3789659862361807,3.3361706572966834
18,New Construction,Adhesives and sealants,0.20696602528241206,0.16679357522953187
18,New Construction,Air and vapor barriers,0.6432954306877388,0.6322852732358976
18,New Construction,Aluminum - other,2.1137507337472363,19.0448941110626
18,New Construction,Aluminum composite panel ACM,0.28576314361798993,2.27181699176302
18,New Construction,Aluminum door,0.07061250303115578,0.5242497901149347
18,New Construction,Aluminum door frame,0.01328273216080402,0.11622390640703517
18,New Construction,Aluminum framed window,0.006889617152211055,0.05358301533766634
18,New Construction,Aluminum sheet,0.000550012451758794,0.003091069978884422
18,New Construction,Aluminum storefront or curtain wall,2.55860116080402e-05,0.000255860116080402
18,New Construction,CMU,1.265612659798995,0.2200478757095612
18,New Construction,Carpet,0.0264498588040201,0.12669482367125628
18,New Construction,Ceramic tile,1.025798596480402,0.269526735257599
18,New Construction,Coatings - other,0.047997178459346736,0.3275129243361407
18,New Construction,Cold formed steel framing,6.558413748751005,15.724698461641125
18,New Construction,Concrete - other,0.12435308050251256,0.02443352904246546
18,New Construction,Copper sheet,1.7412606711055276,2.0546875919045227
18,New Construction,Decking,10.293413096115577,26.557005787978195
18,New Construction,Doors and frames - other,0.39444365732060305,2.2846242795106364
18,New Construction,Extruded polystyrene XPS,0.478479126982412,31.098064235889858
18,New Construction,Extrusion,0.5414712567611558,4.1082124820163175
18,New Construction,Fasteners,0.0005951599131658291,0.004075665242665327
18,New Construction,Flooring and tile - other,0.017392392054271358,0.09433776282034975
18,New Construction,Glass mat gypsum board,5.947167019347236,2.813010000151243
18,New Construction,Glazing - other,0.7090960120296482,1.7269021716090152
18,New Construction,Gypsum board,44.41296720635799,10.787700108247797
18,New Construction,Hollow structural sections HSS,1.1257195792964825,2.758012969276382
18,New Construction,Hot-rolled sections,54.207852907087435,52.522160531647934
18,New Construction,Insulated glass unit IGU,1.195785816613417,1.6008560731777695
18,New Construction,Loose-fill cellulose,2.134035689768744,0.4011987096765238
18,New Construction,Mineral wool high density,0.4408072916080402,0.789045051978392
18,New Construction,Mineral wool low density,1.068092886475628,1.5807774719839296
18,New Construction,Mortar and grout,2.738767931204221,0.6206008874960789
18,New Construction,Open web joists,0.09771838416080403,0.13485137014190957
18,New Construction,Oriented strand board OSB,2.947127229991457,1.1552738741566513
18,New Construction,Other,0.011957970125125627,0.03325448082903015
18,New Construction,Paint,0.6841383013441709,1.6410243000070186
18,New Construction,Polyisocyanurate PIR,2.7381737898221106,7.960980757427206
18,New Construction,Ready mix LW 3000,317.1657529714874,75.22410053045338
18,New Construction,Ready mix LW 4000,137.00730401817083,35.78477591686086
18,New Construction,Ready mix LW 5000,0.004883137390954774,0.0014001266497227567
18,New Construction,Ready mix NW 3000,80.49796176934673,10.064690556320407
18,New Construction,Ready mix NW 4000,94.00618767568844,13.65460012171056
18,New Construction,Rebar and reinforcement,21.201146947767338,35.16670155459237
18,New Construction,Resilient flooring vinyl,0.7266557482049749,1.7998177879166286
18,New Construction,Roll formed metal panel aluminum,0.022118465236180905,0.14288528542572865
18,New Construction,Softwood plywood,0.2839913359947739,0.07497371270262031
18,New Construction,Steel - other,0.561373589868191,1.312272170703802
18,New Construction,Steel door,0.8210876417678391,1.7581822503173163
18,New Construction,Stone masonry,15.469163542110552,4.7490332074279396
18,New Construction,Stucco finish,0.4094589869035176,0.5846364694098241
18,New Construction,Suspension assembly,0.5152233587150754,1.2519927616776332
18,New Construction,Synthetic composites,0.4034619604164824,1.5238301493714392
18,New Construction,TPO,0.7377540524924624,2.354805407113417
18,New Construction,Wall coverings,0.0016337396158291459,0.004720986478516834
18,New Construction,Wood or composite door,0.9380011325577889,0.39606565400207033
180,New Construction,Acoustic ceiling tile fiber,1.009147854087151,1.3724410815585257
180,New Construction,Adhesives and sealants,0.3319485970441334,0.147234690320803
180,New Construction,Air and vapor barriers,0.28729829687875447,0.7527215378223366
180,New Construction,Aluminum - other,1.0792726672592292,9.724246732005657
180,New Construction,Brick clay,43.921863135094945,12.693418446042438
180,New Construction,Carpet,2.377623248585076,11.388815360722518
180,New Construction,Coatings - other,0.15011938001385933,2.978274452444092
180,New Construction,Cold formed steel framing,0.4310962775347123,1.0561858799600454
180,New Construction,Cross laminated timber CLT,48.29387658314729,17.917028212347642
180,New Construction,Decking,1.93958115617325,5.004119382926985
180,New Construction,Doors and frames - other,0.25392589627088274,1.730501863603311
180,New Construction,Expanded polystyrene EPS,0.355608184647904,1.1557266001056883
180,New Construction,Extrusion,1.6830154251200626,16.371237739366492
180,New Construction,Fasteners,0.23719709140647613,0.9606482201962282
180,New Construction,Fiberglass blanket,0.9355863358570341,1.9273078518654903
180,New Construction,Flooring and tile - other,0.004284801158203131,0.001671072451699221
180,New Construction,Glue laminated timber GLT,22.857899117609758,8.480280572633221
180,New Construction,Gypsum board,58.007391553707436,11.77550048540261
180,New Construction,Hollow structural sections HSS,4.470999751558668,10.953949391318735
180,New Construction,Hot-rolled sections,15.849159382746889,15.341986282498988
180,New Construction,Insulated glass unit IGU,5.802143152554192,7.774871824422618
180,New Construction,Mineral wool low density,0.2968610022220152,0.4393542832885825
180,New Construction,Mortar and grout,13.276465878633177,2.9738566793537142
180,New Construction,Other,0.0018504722527861875,0.004311600348991817
180,New Construction,Paint,0.6503625331484929,1.560870079556383
180,New Construction,Polyisocyanurate PIR,6.599653882238739,17.2910931714655
180,New Construction,Ready mix LW 3000,2.8200111077412915,0.7422247450641397
180,New Construction,Ready mix NW 3000,194.34387496346875,26.117521505628687
180,New Construction,Ready mix NW 4000,220.97948657736174,35.23842544175466
180,New Construction,Ready mix NW 6000,94.12654959746926,18.496012418258054
180,New Construction,Rebar and reinforcement,11.878871454589856,22.68864447826662
180,New Construction,Roll formed metal panel steel,2.0821711133733585,4.851458694159926
180,New Construction,Softwood framing,13.375411732168612,2.247069171004327
180,New Construction,Softwood plywood,9.06761623783477,2.3938506867883795
180,New Construction,Steel - other,1.0110428656629686,2.9439766955885034
180,New Construction,Steel door,1.3868211013537208,3.885431790213044
180,New Construction,Steel door frame,0.06605679405356006,0.18165618364729014
180,New Construction,Steel framed window,0.10021535736458334,0.43994541883052085
180,New Construction,Steel sheet,0.07259679057412032,0.16915052203770037
180,New Construction,TPO,0.9186566130570801,2.9305145956520864
180,New Construction,Vinyl framed window,0.63621840625,1.70506532875
180,New Construction,Wall coverings,0.2734727400519773,4.294248063774679
181,New Construction,Acoustic ceiling tile fiber,0.3539667394456929,0.4813947656461424
181,New Construction,Adhesives and sealants,0.04107489359878457,0.018575878332496066
181,New Construction,Air and vapor barriers,1.7955218834256548,2.4373518937377936
181,New Construction,Aluminum door,0.1102502118944681,0.4432058518157617
181,New Construction,Aluminum door frame,0.013229617021276594,0.11575914893617022
181,New Construction,Aluminum framed window,0.048329155404304686,0.4842186406518274
181,New Construction,Brick clay,24.547456596481133,7.094214956383047
181,New Construction,Carpet,0.29559322801988186,1.4158915622152348
181,New Construction,Ceramic tile,1.5854589102576455,0.4153902344875031
181,New Construction,Coatings - other,0.2407639254216123,3.625271724581636
181,New Construction,Cold formed steel framing,2.0558214445079095,5.036762539044378
181,New Construction,Decking,12.798003753092376,33.01884968297833
181,New Construction,Doors and frames - other,0.12100588015659526,0.8179289063489329
181,New Construction,Extrusion,0.5009770067415901,4.748205059537574
181,New Construction,Fasteners,0.2978399548325125,1.4983300368088301
181,New Construction,Fiberglass blanket,0.9830689146340407,2.0251219641461238
181,New Construction,Glass mat gypsum board,6.7129480850277155,3.1752244442181086
181,New Construction,Gypsum board,17.76453662199887,3.6188389962844205
181,New Construction,Hardwood,12.456362769555815,5.493255981374115
181,New Construction,Hollow structural sections HSS,2.5032225049414505,6.132895137106553
181,New Construction,Hot-rolled sections,8.827075828922355,8.54460940239684
181,New Construction,Insulated glass unit IGU,1.7513263717932979,2.346777338203019
181,New Construction,Mineral wool high density,6.831548584337348,8.676066702108432
181,New Construction,Mortar and grout,10.763841848319748,1.6832231024215145
181,New Construction,Paint,0.21193199697699588,0.5086367927447901
181,New Construction,Polyisocyanurate PIR,4.648489827492281,12.179043348029776
181,New Construction,Precast,240.89079217204824,55.13132144896384
181,New Construction,Ready mix NW 4000,331.70756624723504,50.919086648575444
181,New Construction,Rebar and reinforcement,14.36924814623081,27.445263959300842
181,New Construction,Resilient flooring vinyl,0.2141262553141603,0.5395981633916839
181,New Construction,Roll formed metal panel steel,3.12603528180576,7.2836622066074215
181,New Construction,Softwood framing,2.2194201359344,0.37286258283697915
181,New Construction,Softwood plywood,7.9636583607728815,2.1024058072440406
181,New Construction,Steel - other,0.018422582665966667,0.045135327531618336
181,New Construction,Steel door,0.08484617210552978,0.14423849257940063
181,New Construction,Steel door frame,0.024949962439716273,0.06861239670921976
181,New Construction,Steel framed window,0.0014811022429110446,0.006502038846379485
181,New Construction,Suspension assembly,0.19407184736374183,0.4715945890938926
181,New Construction,Synthetic composites,0.007208846563748775,0.03763017906276861
181,New Construction,TPO,1.2078591715653446,3.853070757293448
181,New Construction,Vinyl framed window,0.04939813885749025,0.13238701213807386
181,New Construction,Wood or composite door,0.7940930171642553,0.29143213729928164
182,New Construction,Acoustic ceiling tile fiber,1.6982572782372385,2.3096298984026444
182,New Construction,Adhesives and sealants,0.3179611215021874,0.14338766218751017
182,New Construction,Air and vapor barriers,0.8938422897119211,1.2819795612419211
182,New Construction,Aluminum door,0.07400841972479968,0.3172339110792947
182,New Construction,Aluminum door frame,0.010126326857142771,0.08860535999999926
182,New Construction,Aluminum framed window,0.08937883478840673,0.9120219828229493
182,New Construction,Brick clay,13.902750618404166,4.017894928718802
182,New Construction,Carpet,2.320517244219512,11.115277599811463
182,New Construction,Ceramic tile,0.3097164128239886,0.081145700159885
182,New Construction,Coatings - other,0.1025525564490451,1.8849466978548288
182,New Construction,Cold formed steel framing,4.319489916605621,10.58275029568377
182,New Construction,Concrete - other,52.345460952082064,14.595500769702708
182,New Construction,Cross laminated timber CLT,66.50214804359291,24.67229692417297
182,New Construction,Decking,2.1941137516368916,5.6608134792231795
182,New Construction,Doors and frames - other,0.1965236069519996,1.3331507225964452
182,New Construction,Extruded polystyrene XPS,0.05968389848479829,3.8790693350283
182,New Construction,Extrusion,1.7936226046926604,16.702393437286627
182,New Construction,Fasteners,0.14078086925048555,0.6396967384839654
182,New Construction,Fiberglass blanket,1.8707054552724054,3.8536532378611548
182,New Construction,Glass mat gypsum board,3.7615890038641733,1.7792315988277538
182,New Construction,Glue laminated timber GLT,20.92889694354807,7.764620766056335
182,New Construction,Gypsum board,37.03937440130779,7.524955390234296
182,New Construction,Hollow structural sections HSS,2.897986202513619,7.100066196158367
182,New Construction,Hot-rolled sections,5.389907301971047,5.217430268307974
182,New Construction,Insulated glass unit IGU,5.439514782069984,7.288949807973781
182,New Construction,Mineral wool high density,3.228959462758155,4.100778517702857
182,New Construction,Mortar and grout,5.983786759395489,0.8783592475932795
182,New Construction,Paint,0.4392727499065141,1.053239304278579
182,New Construction,Polyisocyanurate PIR,3.297302970001929,8.638933781405054
182,New Construction,Ready mix unknown,314.59426583916894,47.950560787538045
182,New Construction,Rebar and reinforcement,7.615090519485924,14.544822892218114
182,New Construction,Resilient flooring vinyl,2.9117977232428345,7.337730262571943
182,New Construction,Roll formed metal panel steel,1.516587205905153,3.5336481897590053
182,New Construction,Softwood framing,2.5949640077551273,0.4359539533028614
182,New Construction,Softwood plywood,4.671444020666522,1.233261221455962
182,New Construction,Steel - other,0.019330539252670663,0.09162675605765895
182,New Construction,Steel door,0.12163609221119825,0.22447009557503703
182,New Construction,Steel door frame,0.039954240639999965,0.10987416175999988
182,New Construction,Steel framed window,0.0007826733128502517,0.003435935843412605
182,New Construction,Steel sheet,1.2883830126954765,3.0019324195804598
182,New Construction,Suspension assembly,0.39831697671883254,0.9679102534267631
182,New Construction,Synthetic composites,0.005111960235112931,0.026684432427289496
182,New Construction,TPO,0.8798390208743917,2.8066864765893094
182,New Construction,Vinyl framed window,0.04229941078240657,0.11336242089684964
182,New Construction,Wood or composite door,1.4312252149631999,0.5896459868476032
183,New Construction,Acoustic ceiling tile fiber,2.9427360712476,4.002121056896737
183,New Construction,Adhesives and sealants,0.2991772530641612,0.14182836473392255
183,New Construction,Air and vapor barriers,0.4550292300828403,0.9249679604131867
183,New Construction,Aluminum - other,0.27560833562036124,0.8984831741223774
183,New Construction,Aluminum door frame,0.09817768421052632,0.8590547368421052
183,New Construction,CMU,56.45148530425693,6.322566354076778
183,New Construction,Carpet,2.208061561457179,10.576614879379887
183,New Construction,Coatings - other,0.08321299118117356,0.8903790056385572
183,New Construction,Cold formed steel framing,6.630038351065444,16.24359396011034
183,New Construction,Concrete - other,6.493223632099818,1.424013493641987
183,New Construction,Decking,11.96057801760462,29.575003421816437
183,New Construction,Doors and frames - other,0.2270009876253026,1.3294658777013344
183,New Construction,EPDM,0.09247994108368779,0.32090539556039666
183,New Construction,Extrusion,1.7256301478216556,17.135507367869035
183,New Construction,Fasteners,0.04653296623890502,0.19563482200940469
183,New Construction,Fiberglass blanket,2.5745804592539545,5.303635746063146
183,New Construction,Glass mat gypsum board,0.912229366716083,0.4314844904567072
183,New Construction,Glazing - other,0.16459375000451823,0.2501825000068677
183,New Construction,Gypsum board,40.76434526440538,8.293098492448166
183,New Construction,Hollow structural sections HSS,9.801159388137169,24.012840500936065
183,New Construction,Hot-rolled sections,41.74998192649923,40.41398250485126
183,New Construction,Insulated glass unit IGU,2.9137213068077474,3.9043865511223834
183,New Construction,Mineral wool high density,3.35109611937954,5.9984620536893765
183,New Construction,Mortar and grout,2.727756495832008,0.6710280979746741
183,New Construction,Paint,0.581313770448702,1.3951530490768849
183,New Construction,Polyisocyanurate PIR,3.1620897014265976,10.561379602764836
183,New Construction,Ready mix NW 4000,11.77958818483699,1.8784283845307685
183,New Construction,Ready mix unknown,447.0064391563982,85.9585764534033
183,New Construction,Rebar and reinforcement,5.245088407642111,10.018118858596432
183,New Construction,Roll formed metal panel steel,0.4854226967529516,1.1310348834343773
183,New Construction,Softwood framing,0.29047609624936505,0.04879998416989334
183,New Construction,Softwood plywood,9.081123634580873,2.3974166395293506
183,New Construction,Steel - other,1.0147204945714052,2.6135386298229903
183,New Construction,Steel door,0.3902956067765741,1.0977632352206503
183,New Construction,Steel door frame,0.01893442337347854,0.05206966427706598
183,New Construction,Steel sheet,0.5972711949763494,1.391641884294894
183,New Construction,Suspension assembly,0.631859703333358,1.53541907910006
183,New Construction,TPO,0.9656931877262254,3.08056126884666
183,New Construction,Wood or composite door,0.5239790131604211,0.26984919177761685
184,New Construction,Acoustic ceiling tile fiber,0.0677115710260517,0.09208773659543032
184,New Construction,Adhesives and sealants,0.28260585291622503,0.10593227822880871
184,New Construction,Air and vapor barriers,1.129187446945115,1.5648767839595707
184,New Construction,Aluminum - other,0.0967986423666383,0.1587497734812868
184,New Construction,Aluminum composite panel ACM,0.0588273674127534,0.4676775709313896
184,New Construction,Aluminum door,0.05820224885092255,0.2425393801457299
184,New Construction,Aluminum door frame,0.006945553338096702,0.060773591708346134
184,New Construction,Architectural fiber cement panel,3.3058018403193645,2.13224218700599
184,New Construction,Brick clay,2.7139859529698542,0.7843419404082879
184,New Construction,Carpet,0.3837093218042553,2.256210812209021
184,New Construction,Coatings - other,0.06530325699560575,0.39663314459043164
184,New Construction,Cold formed steel framing,1.0251764306039002,2.511682254979556
184,New Construction,Concrete - other,40.621779142179975,5.727670859047374
184,New Construction,Doors and frames - other,0.46891485723704757,3.1707858774514874
184,New Construction,Extruded polystyrene XPS,0.21935721719170284,14.25680755157448
184,New Construction,Extrusion,0.16278374749006375,1.458513325267997
184,New Construction,Fasteners,0.07950981064705603,0.3659329924965065
184,New Construction,Fiberglass blanket,1.9598702341767982,3.3851395673487246
184,New Construction,Flooring and tile - other,0.005348115329828936,0.007754767228251958
184,New Construction,Glass mat gypsum board,5.251869599344784,2.4841343204900825
184,New Construction,Glazing - other,0.029199784839846914,0.14512293065403914
184,New Construction,Glue laminated timber GLT,0.29907927087257935,0.11095840949372694
184,New Construction,Gypsum board,82.85146734478796,16.818847870991956
184,New Construction,Heavy timber framing,0.7359368510955469,0.13982800170815396
184,New Construction,Hollow structural sections HSS,0.4274246328896873,1.0471903505797338
184,New Construction,Hot-rolled sections,2.9354032249297655,2.8414703217320127
184,New Construction,Insulated glass unit IGU,3.318698702594799,4.247111524785286
184,New Construction,Mineral wool high density,0.3217650504051903,0.5759594402252908
184,New Construction,Modified bitumen,1.9972973433007242,1.4073077975823658
184,New Construction,Mortar and grout,1.1768097074079171,0.2492651832332372
184,New Construction,Paint,0.7570212375271621,1.7791948849846948
184,New Construction,Polyisocyanurate PIR,1.1380070676031746,2.940448261431685
184,New Construction,Precast,4.279440072961671,0.6676172579256072
184,New Construction,Ready mix unknown,278.98461987392585,41.455535395298085
184,New Construction,Rebar and reinforcement,6.484465342034262,12.385328803285441
184,New Construction,Resilient flooring vinyl,5.1303514141381505,10.852982035851458
184,New Construction,Roll formed metal panel steel,0.05191791718643021,0.1209687470443824
184,New Construction,Softwood framing,7.552774966123075,1.2688661943086768
184,New Construction,Softwood plywood,11.55618528121406,3.050832914240512
184,New Construction,Steel - other,1.2662794996430142,3.1052069249778764
184,New Construction,Steel door,0.02880957861957447,0.0787209412537532
184,New Construction,Steel door frame,0.008887604834042554,0.02444091329361702
184,New Construction,Suspension assembly,0.026926386227995466,0.06543111853402898
184,New Construction,Synthetic composites,0.010260123738670404,0.029959561316917575
184,New Construction,Vinyl framed window,0.5525872680851064,1.4809338784680852
184,New Construction,Wood I joists,6.239601582386373,2.870216727897732
184,New Construction,Wood door frame,0.4151527319148937,1.8266720204255327
184,New Construction,Wood or composite door,4.3371492666587255,1.417208692659994
185,New Construction,Acoustic ceiling tile fiber,0.4678697215957572,0.6953619528058961
185,New Construction,Adhesives and sealants,0.058975521929171416,0.152746601796554
185,New Construction,Air and vapor barriers,0.3418737230943116,0.7768279430851743
185,New Construction,Aluminum door frame,0.08850599576386645,0.7744274629338312
185,New Construction,Aluminum framed window,0.0875396888888905,0.9979524533333517
185,New Construction,Ceramic tile,0.1954823871950889,0.05121638544511329
185,New Construction,Coatings - other,0.2220824570140577,2.6477475633755345
185,New Construction,Cold formed steel framing,0.38688337365534536,0.9478642654555961
185,New Construction,Concrete - other,1.42773624526401,0.22273506366558202
185,New Construction,Doors and frames - other,0.1778048482002823,1.1068670596925436
185,New Construction,Expanded polystyrene EPS,6.958087229154581,22.613783494752386
185,New Construction,Extruded polystyrene XPS,0.0005589826423733888,0.03633027469537678
185,New Construction,Extrusion,1.17640465186017,11.334882744680538
185,New Construction,Fasteners,0.13662101405507424,0.5597844625226741
185,New Construction,Glass mat gypsum board,8.153050583300532,3.8563929259011513
185,New Construction,Glazing - other,0.12198673315438344,0.18541983439466284
185,New Construction,Glue laminated timber GLT,22.0324238209428,8.174029237569778
185,New Construction,Gypsum board,26.249354585447477,6.18017650317536
185,New Construction,Hardwood,0.025745086232413665,0.02556487062878677
185,New Construction,Hollow structural sections HSS,3.423590928783923,8.585315009847209
185,New Construction,Hot-rolled sections,3.1399464700933173,3.0394681830503307
185,New Construction,Insulated glass unit IGU,4.105515676503874,5.501391006515192
185,New Construction,Mineral wool high density,1.0569237538245462,1.8918935193459379
185,New Construction,Mineral wool low density,5.166174547117768,7.800923566147828
185,New Construction,Mortar and grout,0.05839433187161264,0.030799165236780404
185,New Construction,Oriented strand board OSB,18.1309845350892,7.107345937754967
185,New Construction,Paint,0.4150936569640549,0.9896570853222941
185,New Construction,Plate,0.46465651904293437,1.1988138191307707
185,New Construction,Ready mix NW 5000,459.45611115075525,88.79838630177505
185,New Construction,Rebar and reinforcement,12.177098456754107,23.34186666323443
185,New Construction,Roll formed metal panel steel,1.7660886429852825,4.114986538155709
185,New Construction,Softwood framing,13.554492204329726,2.277154690327394
185,New Construction,Softwood plywood,8.803351083779964,2.324084686117911
185,New Construction,Steel - other,1.067135199231705,2.756579685707369
185,New Construction,Steel door,1.0228723237527273,3.2147836466661817
185,New Construction,Steel door frame,0.05171526206060605,0.14221697066666666
185,New Construction,Steel framed window,0.014168919202020605,0.06220155529687045
185,New Construction,Steel sheet,1.1600940101987516,2.703019043763091
185,New Construction,Suspension assembly,0.10508086474184443,0.2553465013226821
185,New Construction,Synthetic composites,1.4807284681569601,3.7197289997306417
185,New Construction,TPO,0.9361332004303554,2.9862649093728337
186,New Construction,Acoustic ceiling tile fiber,1.6713353191809797,2.2730160340861323
186,New Construction,Adhesives and sealants,0.08880524644746773,0.2433263752660616
186,New Construction,Air and vapor barriers,4.571120242603588,11.01407565086924
186,New Construction,Aluminum - other,0.051385316959787694,0.2887854813140069
186,New Construction,Aluminum door,0.017368173380129033,0.08218927262424774
186,New Construction,Aluminum door frame,0.005332033548387097,0.04665529354838709
186,New Construction,Aluminum sheet,2.1419163375892825,12.046662547979581
186,New Construction,Coatings - other,0.26396379321778624,4.3875755091161865
186,New Construction,Cold formed steel framing,2.4512620770960254,6.3071365905624575
186,New Construction,Concrete - other,0.9385584092943388,0.2148025870763792
186,New Construction,Cross laminated timber CLT,31.671961782922367,11.750297821464198
186,New Construction,Decking,3.8560268513593234,9.89761915297071
186,New Construction,Doors and frames - other,0.009085919809393548,0.06554842640548646
186,New Construction,EPDM,0.2526766859349913,0.7782441926797733
186,New Construction,Extruded polystyrene XPS,0.5997656891419244,38.9809102960178
186,New Construction,Extrusion,0.3784805532800071,3.4288275899331144
186,New Construction,Fasteners,0.04116509747984167,0.19515916119066962
186,New Construction,Fiberglass blanket,0.8930014544081508,1.8395829960807906
186,New Construction,Glass mat gypsum board,2.126620330363798,1.0058914162620765
186,New Construction,Glazing - other,0.003671161173792,0.0040382772911712
186,New Construction,Gypsum board,10.484566663534908,2.3051086525544
186,New Construction,Hardwood,0.07529371407331754,0.04592916558472371
186,New Construction,Hollow structural sections HSS,5.64727201625569,14.298743881098728
186,New Construction,Hot-rolled sections,55.75339102191449,53.96928250921322
186,New Construction,Insulated glass unit IGU,2.122526063809316,3.3107296012820875
186,New Construction,Mineral wool high density,4.285817271217858,7.671612915479967
186,New Construction,Modified bitumen,1.9069870245610925,1.3748397607821807
186,New Construction,Other,0.028103743320487536,0.06548172193673597
186,New Construction,Paint,0.3266169064403949,0.8042399344886155
186,New Construction,Plate,0.44651455010306734,1.0426015512771931
186,New Construction,Polyisocyanurate PIR,1.202632042494267,3.151273607062822
186,New Construction,Precast,4.362451245339921,0.6780039565716857
186,New Construction,Ready mix LW 5000,7.013386546468579,2.3129726047339085
186,New Construction,Ready mix NW 3000,140.27555442570437,18.851377796784107
186,New Construction,Ready mix NW 4000,92.1462472982996,10.973262593677452
186,New Construction,Ready mix NW 5000,248.51380505672395,35.39538360772712
186,New Construction,Rebar and reinforcement,13.790094758822137,26.339080989350283
186,New Construction,Roll formed metal panel steel,0.09445187921243829,0.2200728785649812
186,New Construction,Softwood framing,0.058968600067098906,0.009906724811272617
186,New Construction,Steel - other,3.7740685335324726,9.675109203713708
186,New Construction,Steel door,0.018043618439225806,0.03931576036936258
186,New Construction,Steel door frame,0.00016893130322580646,0.0004645610838709677
186,New Construction,Steel sheet,0.002331085438964441,0.011049344980691453
186,New Construction,Suspension assembly,0.35519839800430675,0.8631321071504655
186,New Construction,Synthetic composites,0.13038952632586626,0.21589214083590325
186,New Construction,Vinyl framed window,0.3119214225804254,0.8359494125155401
186,New Construction,Wood and composites - other,0.01499388603714269,0.006927175349159923
187,New Construction,Acoustic ceiling tile fiber,0.27708036869565217,0.7138972014198758
187,New Construction,Adhesives and sealants,0.1315003761242236,0.31616668425927946
187,New Construction,Air and vapor barriers,0.15581651379565217,0.4082392661446087
187,New Construction,Aluminum - other,3.9275139111552795,21.512788447027575
187,New Construction,Aluminum composite panel ACM,0.3418587199378882,2.7177768235062114
187,New Construction,Aluminum door,0.29909874062732916,1.2023769373218633
187,New Construction,Aluminum door frame,0.04587807950310559,0.4014331956521739
187,New Construction,Brick clay,21.81129476475776,6.303464187014993
187,New Construction,Carpet,1.2253098385093169,5.869234126459627
187,New Construction,Coatings - other,0.35309988837018635,4.8980529554019565
187,New Construction,Cold formed steel framing,8.510249772440993,20.850111942480435
187,New Construction,Doors and frames - other,0.21518711160310558,1.326545909551764
187,New Construction,EPDM,0.3189864277639752,1.0271362974
187,New Construction,Expanded polystyrene EPS,0.18787838298136647,0.610604744689441
187,New Construction,Extrusion,1.4928617692621118,11.34388655458354
187,New Construction,Fasteners,0.13708007712857143,0.5803066350143353
187,New Construction,Fiberglass blanket,2.313996902690062,4.5469634102057395
187,New Construction,Glazing - other,0.01643402844099379,0.08167712135173913
187,New Construction,Glue laminated timber GLT,22.956017157142856,8.5166823653
187,New Construction,Gypsum board,56.43960795436646,11.457240414736392
187,New Construction,Hardwood,0.37077910648447204,0.41545251481683226
187,New Construction,Hollow structural sections HSS,1.1404100667391304,2.7940046635108695
187,New Construction,Hot-rolled sections,10.024067310521739,9.703297156585043
187,New Construction,Insulated glass unit IGU,4.963444604453416,6.42140721710236
187,New Construction,Laminated strand lumber LSL,0.8587415301608696,0.3366266798230609
187,New Construction,Medium density fiberboard MDF,3.1608182411801238,2.225216041790807
187,New Construction,Mineral wool high density,3.1541126950000002,4.00572312265
187,New Construction,Mineral wool low density,0.7972804257024845,1.2038934428107515
187,New Construction,Modified bitumen,0.10262667945341616,0.06465480805565217
187,New Construction,Mortar and grout,9.4575815251677,2.00325148321159
187,New Construction,Oriented strand board OSB,8.490688269565217,3.328349801669565
187,New Construction,Paint,0.6291827257018634,1.5100385416844722
187,New Construction,Parallel strand lumber PSL,0.4003314426024845,0.14812263376291926
187,New Construction,Polyisocyanurate PIR,3.734715934468323,9.782869831907503
187,New Construction,Precast,3.6453791683229815,0.5687001109868604
187,New Construction,Ready mix unknown,891.7815198014285,139.91778122637734
187,New Construction,Rebar and reinforcement,27.622583486275776,52.75913445878673
187,New Construction,Roll formed metal panel steel,2.429920107453416,5.66171385036646
187,New Construction,Softwood framing,5.86607980027764,0.9855014064466435
187,New Construction,Softwood plywood,16.516351903985715,4.360316902652229
187,New Construction,Steel - other,5.871172557285714,22.038590008720373
187,New Construction,Steel door,0.18774556720496896,0.4393246272596273
187,New Construction,Steel sheet,0.28417759428571426,0.6621337946857142
187,New Construction,Suspension assembly,0.09111782311180125,0.221416310161677
187,New Construction,Synthetic composites,13.694879056521739,64.09203398452173
187,New Construction,TPO,0.7171420903515529,2.2876832682214534
187,New Construction,Vinyl framed window,1.526673785590062,4.091485745381366
187,New Construction,Wood I joists,0.029369436149068326,0.013509940628571429
187,New Construction,Wood door frame,0.08117587577639751,0.3571738534161491
187,New Construction,Wood or composite door,0.32121312636024846,0.18405512140442237
189,New Construction,Adhesives and sealants,0.027189391421422,0.07449893249469629
189,New Construction,Aluminum sheet,0.0005488532391815817,0.003907835062972861
189,New Construction,Aluminum storefront or curtain wall,0.029175778452423074,0.29175778452423073
189,New Construction,CMU,2.0251084826320165,0.22681215005478594
189,New Construction,Coatings - other,0.026701870498866735,0.24021691272534093
189,New Construction,Cold formed steel framing,0.1780181184893553,0.43614439029892055
189,New Construction,Decking,0.17140134458421502,0.44221546902727477
189,New Construction,Doors and frames - other,0.08901323823660841,0.5297987131813685
189,New Construction,EPDM,0.08051794026086342,0.2592677676399803
189,New Construction,Extruded polystyrene XPS,0.03182828837611725,2.0686339290936377
189,New Construction,Fasteners,0.0071253283566593585,0.029033414099810213
189,New Construction,Flooring and tile - other,0.0026437796586666665,0.0032782867767466666
189,New Construction,Glass mat gypsum board,0.7928494618982681,0.3750177954778808
189,New Construction,Glue laminated timber GLT,0.3939630166362563,0.14616027917205104
189,New Construction,Gypsum board,4.409297649539145,0.9153553125853007
189,New Construction,Hardwood,0.106457716364715,0.21398000989307706
189,New Construction,Hollow structural sections HSS,0.19065933488074205,0.681256653855307
189,New Construction,Hot-rolled sections,0.3661071091085899,0.35439168161711504
189,New Construction,Insulated glass unit IGU,0.2508078773673917,0.33608255567230483
189,New Construction,Mineral wool high density,5.689435376340935,10.184089323650275
189,New Construction,Modified bitumen,0.7002901942356661,0.4762795515296656
189,New Construction,Mortar and grout,0.19656767097442082,0.019420885892272775
189,New Construction,Paint,0.05096888475072451,0.12232532340173882
189,New Construction,Plate,15.693682696544863,36.566280682949525
189,New Construction,Precast,2.4057624644544,0.384921994312705
189,New Construction,Ready mix NW 2500,2.3858618351701915,0.29584686756110334
189,New Construction,Ready mix NW 5000,1201.9630753371453,245.20046736877754
189,New Construction,Rebar and reinforcement,42.77877654233087,41.909149206692504
189,New Construction,Roll formed metal panel steel,0.19833015412620333,0.4621092591140538
189,New Construction,Roofing and waterproofing - other,0.039303397204134505,0.018983540849596966
189,New Construction,Softwood framing,0.9160894376449792,0.15390302552435647
189,New Construction,Softwood plywood,33.4830627942299,8.839528577676694
189,New Construction,Steel - other,0.10466287014775649,0.2654480538747457
189,New Construction,Steel door,0.1226381676264,0.34486098163149603
189,New Construction,Steel door frame,0.014584940773333332,0.040108587126666664
189,New Construction,Steel framed window,0.0010994813333333334,0.0045738423466666666
189,New Construction,Wood or composite door,0.47880678432,0.12640499106048
19,New Construction,Acoustic ceiling tile fiber,0.9335855953926702,1.2696764097340316
19,New Construction,Aluminum door frame,0.010743003141361257,0.09400127748691099
19,New Construction,Aluminum storefront or curtain wall,0.43650042836649217,4.365004283664922
19,New Construction,CMU,121.73947438389528,31.06768158385295
19,New Construction,Ceramic tile,3.3665016376963353,0.8820234290764399
19,New Construction,Coatings - other,0.22869466683926704,0.2768207665627059
19,New Construction,Cross laminated timber CLT,73.3073182816754,27.197015082501572
19,New Construction,Fasteners,0.00015673872408376963,0.001420052840198953
19,New Construction,Fiberglass blanket,1.2530202149371727,4.373040550130733
19,New Construction,Glass mat gypsum board,2.929487603172775,1.3856476363007224
19,New Construction,Glazing - other,7.444450957774869,36.85950741973272
19,New Construction,Glue laminated timber GLT,21.922648131502616,8.133302456787472
19,New Construction,Gypsum board,113.76068113048167,27.757606195837525
19,New Construction,Mineral wool high density,23.3734991460733,41.838563471471204
19,New Construction,Mortar and grout,186.6410576986801,35.15311362261248
19,New Construction,Paint,2.044981110194241,4.720578279886178
19,New Construction,Ready mix LW 4000,63.87690361780105,18.802476345085548
19,New Construction,Ready mix NW 4000,507.29025188481677,87.04184782742121
19,New Construction,Rebar and reinforcement,24.686609368723566,47.86703722205473
19,New Construction,Softwood framing,211.29976209142407,35.49836003135925
19,New Construction,Softwood plywood,7.250383706806282,1.9141012985968586
19,New Construction,Steel - other,2.598030690790576,12.314665474347331
19,New Construction,Steel sheet,0.13897813506753925,0.6587563602201361
19,New Construction,Suspension assembly,0.19840908288481676,0.4821340714101048
19,New Construction,Wood and composites - other,1.88501712513089,0.44486404153089
190,New Construction,Acoustic ceiling tile fiber,1.309624947563825,4.57059106699775
190,New Construction,Adhesives and sealants,0.11402675289846924,0.3124333029418057
190,New Construction,Air and vapor barriers,1.051152216143042,1.155282441051157
190,New Construction,Aluminum - other,3.7011407183985683,17.451076059476534
190,New Construction,Aluminum door,0.41858848514923325,2.725011038321508
190,New Construction,Aluminum door frame,0.0034646809523809427,0.030315958333333247
190,New Construction,Aluminum framed window,0.01194816,0.1045464
190,New Construction,Aluminum sheet,1.359814136150145,7.642155445163817
190,New Construction,Aluminum storefront or curtain wall,2.428859835298218,24.28859835298218
190,New Construction,Architectural fiber cement panel,2.0223294150604842,1.3044024727140124
190,New Construction,CMU,55.34226873293837,6.198334098089097
190,New Construction,Ceramic tile,0.4641157308074127,0.12159832147154213
190,New Construction,Coatings - other,0.1212963578094913,1.2952699812733393
190,New Construction,Cold formed steel framing,6.400716318278904,15.681754979783316
190,New Construction,Decking,9.132123744344764,23.560879260409493
190,New Construction,Doors and frames - other,0.47245053453448477,2.1100887185809745
190,New Construction,EPDM,0.3376757918452518,1.087316049741711
190,New Construction,Extruded polystyrene XPS,1.0372918546324117,67.41729556764929
190,New Construction,Extrusion,1.053659159552509,7.912980288239343
190,New Construction,Fasteners,0.06471278428641962,0.3711978781527608
190,New Construction,Glass mat gypsum board,6.147337898834655,2.9076908261487913
190,New Construction,Glazing - other,0.7876228676046274,1.2759490455194964
190,New Construction,Gypsum board,63.03920336941443,13.799492681456108
190,New Construction,Hollow structural sections HSS,4.1339879139391655,10.128270389150956
190,New Construction,Hot-rolled sections,19.591418876965836,18.96449347290293
190,New Construction,Insulated glass unit IGU,4.94619309134872,6.627898742407284
190,New Construction,Mineral wool high density,7.027406671757332,12.579057942445623
190,New Construction,Mineral wool low density,1.3367311547773801,2.018464043713844
190,New Construction,Modified bitumen,4.043417985932943,3.381323045732537
190,New Construction,Mortar and grout,7.057838981281356,0.7325853705314218
190,New Construction,Paint,0.76772547966156,1.842541151187744
190,New Construction,Plate,2.8877210556041883,6.728390059557758
190,New Construction,Precast,0.15922079408420636,0.025475327053472982
190,New Construction,Ready mix LW 5000,32.46418886557892,10.68071813677547
190,New Construction,Ready mix NW 3000,3.892492626494491,0.5721964160946897
190,New Construction,Ready mix NW 5000,1389.4321251207975,283.4441535246428
190,New Construction,Rebar and reinforcement,32.877207854683554,40.58383317032709
190,New Construction,Roll formed metal panel aluminum,0.09595328386015364,0.5392574552940635
190,New Construction,Roll formed metal panel steel,0.7621313365349447,1.7757660141264209
190,New Construction,Roofing and waterproofing - other,0.05041561955483996,0.0243507442449877
190,New Construction,Softwood framing,2.736970391721032,0.45981102580913336
190,New Construction,Softwood plywood,6.735869621314576,1.778269580027048
190,New Construction,Spray applied cementitious,16.320667128347868,18.60556052631657
190,New Construction,Steel - other,1.7517701238928043,4.320837495162106
190,New Construction,Steel door,0.8623438605622857,2.5669483997334854
190,New Construction,Steel door frame,0.01281101815873016,0.03523029993650793
190,New Construction,Suspension assembly,0.3560214376114076,0.8651320933957207
190,New Construction,Wood or composite door,0.03579863808,0.00945084045312
191,New Construction,Adhesives and sealants,0.1078308779156929,0.2954566054889986
191,New Construction,Air and vapor barriers,5.769095590289898e-06,1.5115030446559528e-05
191,New Construction,Aluminum - other,0.05060261632612167,0.08298829077483953
191,New Construction,Aluminum door,0.024250950768688696,0.24978479291749356
191,New Construction,Aluminum door frame,0.003942521739130435,0.03449706521739131
191,New Construction,Architectural fiber cement panel,2.905302595926746,1.8739201743727514
191,New Construction,Ceramic tile,0.20941721108257896,0.05486730930363569
191,New Construction,Coatings - other,0.00828539439264913,0.035733474224600464
191,New Construction,Cold formed steel framing,0.2087436596316214,0.5129169055658213
191,New Construction,Concrete - other,44.203687332922,8.819255460116535
191,New Construction,Cross laminated timber CLT,2.21285332176071,0.8209685823732232
191,New Construction,Doors and frames - other,0.006940350775652174,0.036070902332104346
191,New Construction,Extruded polystyrene XPS,0.943289084902561,61.30772044397223
191,New Construction,Extrusion,1.4531718509536116,11.002459033707684
191,New Construction,Fasteners,0.056717348989778246,0.32800954243825525
191,New Construction,Fiberglass blanket,0.6604399139195065,1.3604929130579848
191,New Construction,Glazing - other,0.3571773173959981,1.7698354678206512
191,New Construction,Glue laminated timber GLT,0.32227814465607335,0.1195651916674032
191,New Construction,Gypsum board,55.89335084284038,11.346353654781366
191,New Construction,Hollow structural sections HSS,0.12549484682418532,0.3074623747192541
191,New Construction,Hot-rolled sections,0.16463484716723478,0.4247579056914658
191,New Construction,Insulated glass unit IGU,1.6507560813704356,2.212013149036384
191,New Construction,Medium density fiberboard MDF,9.68011017814819e-05,6.814797565416325e-05
191,New Construction,Mineral wool high density,0.13768048388719006,0.17485421453673136
191,New Construction,Mineral wool low density,0.6812492081346937,1.0082488280393462
191,New Construction,Modified bitumen,1.2186894642832309,0.7677743624984353
191,New Construction,Mortar and grout,0.0534013888260576,0.010597296195320044
191,New Construction,Oriented strand board OSB,1.3618929644524231,0.5338620420653498
191,New Construction,Paint,0.6801179139388198,1.5817334710513797
191,New Construction,Polyisocyanurate PIR,0.7472602904770653,1.9578219610499108
191,New Construction,Ready mix LW 5000,35.993789481453305,10.801645569568846
191,New Construction,Ready mix NW 4000,51.523434117752515,8.366871623977307
191,New Construction,Ready mix NW 6000,177.69663215943186,35.836661855352816
191,New Construction,Ready mix NW 8000,0.10490685178965942,0.028316348497553254
191,New Construction,Rebar and reinforcement,10.210287309580107,19.534111985736985
191,New Construction,Roofing and waterproofing - other,0.000827309670819099,0.0014229726338088502
191,New Construction,Softwood framing,11.36268757000321,1.9089315117605392
191,New Construction,Softwood plywood,12.277600703260815,3.241286585660855
191,New Construction,Spray applied cementitious,0.025354002996778875,0.028903563416327917
191,New Construction,Steel - other,0.4889570259257876,1.2173562830482036
191,New Construction,Steel door,0.028451556,0.059748267599999995
191,New Construction,Vinyl framed window,0.6476249043478239,1.7356347436521682
191,New Construction,Wood I joists,4.552270679755451,2.094044512687508
192,New Construction,Adhesives and sealants,0.0322403411856603,0.08833853484870921
192,New Construction,Aluminum - other,0.03622298155108678,0.20357315631710768
192,New Construction,Aluminum sheet,0.1989984426491563,1.3909465654614763
192,New Construction,Architectural fiber cement panel,0.7804136499615796,0.5033668042252188
192,New Construction,Brick clay,9.890514119233451,2.8583585804584666
192,New Construction,CMU,13.084566355237364,1.4654714317865847
192,New Construction,Ceramic tile,0.05426762362367722,0.014218117389403432
192,New Construction,Coatings - other,0.007171348608906822,0.06681244591349639
192,New Construction,Cold formed steel framing,0.4277191554865497,0.9788440091944443
192,New Construction,Concrete - other,19.52181828608329,5.487006605995429
192,New Construction,Cross laminated timber CLT,0.18525864353792523,0.06873095675257025
192,New Construction,EPDM,0.0011675206194226872,0.0040512965493967245
192,New Construction,Extrusion,0.48559977281118294,3.9800068741664787
192,New Construction,Fasteners,0.002666886058550915,0.01541460141842429
192,New Construction,Fiberglass blanket,0.6781761309309029,1.2982514378453094
192,New Construction,Glass mat gypsum board,0.9309014156264717,0.44031636959132103
192,New Construction,Glazing - other,0.23591504487687637,1.132310884720481
192,New Construction,Glue laminated timber GLT,0.11169083761392881,0.04143730075476759
192,New Construction,Gypsum board,41.90264368705841,8.511931322005326
192,New Construction,Hollow structural sections HSS,0.06743165459411657,0.1652075537555856
192,New Construction,Hot-rolled sections,1.1020638230598996,2.6745146364252372
192,New Construction,Insulated glass unit IGU,0.9667845484813195,1.295491294964968
192,New Construction,Mineral wool high density,0.1369329967860906,0.24511006424710213
192,New Construction,Mineral wool low density,0.007229641847036496,0.010699869933614013
192,New Construction,Mortar and grout,24.220907134252162,4.609071696801664
192,New Construction,Paint,0.5412299277620131,1.2832420336511243
192,New Construction,Polyisocyanurate PIR,0.6598059465811177,1.7307763004744179
192,New Construction,Precast,0.0001637822294729581,2.5550969536536888e-05
192,New Construction,Ready mix NW 4000,47.21672642187832,7.75467948193192
192,New Construction,Ready mix NW 5000,45.101513493765175,8.861775963698733
192,New Construction,Ready mix NW 6000,219.8012721914994,44.578061589073876
192,New Construction,Ready mix NW 8000,2.181504599686706,0.5888294562265475
192,New Construction,Rebar and reinforcement,19.19729257329838,33.02129430308086
192,New Construction,Softwood framing,5.673445037465206,0.9531387662941546
192,New Construction,Softwood plywood,6.92456979834425,1.828086426762882
192,New Construction,Spray applied cementitious,0.009528754419698122,0.010862780038455859
192,New Construction,Steel - other,0.2933349138037832,0.7560953775144535
192,New Construction,Steel sheet,0.2043515645248641,0.480121464466289
192,New Construction,TPO,0.14917172787395055,0.4758578119179023
192,New Construction,Vinyl framed window,0.17376285773913025,0.4656844587408691
192,New Construction,Wood I joists,3.8696049870680027,1.7800182940512812
192,New Construction,Wood and composites - other,0.05695937436618757,0.02631523095717865
193,New Construction,Acoustic ceiling tile aluminum,0.0431878394809981,0.2915179164967372
193,New Construction,Acoustic ceiling tile fiber,0.596748969974827,0.8115785991657648
193,New Construction,Adhesives and sealants,0.5735966744703769,1.2054225154433424
193,New Construction,Aluminum - other,2.2788505680434548,4.142652551124577
193,New Construction,Aluminum door frame,0.0064749759375,0.056656039453125
193,New Construction,Aluminum sheet,0.14120241290850574,0.7935575605458023
193,New Construction,Architectural fiber cement panel,0.8469995701007449,0.5463147227149806
193,New Construction,CMU,18.415734046494727,2.0625622132074093
193,New Construction,Carpet,0.371162501670195,1.5514592569814152
193,New Construction,Ceramic tile,2.540381757920897,0.6655800205752753
193,New Construction,Coatings - other,0.3288463782512934,2.7916894056657577
193,New Construction,Cold formed steel framing,1.767430347397022,4.559970296284317
193,New Construction,Cross laminated timber CLT,115.44573779110998,42.8303687205018
193,New Construction,Decking,0.9772872137230775,2.52140101140554
193,New Construction,Extruded polystyrene XPS,0.10199304928001075,6.628891876908652
193,New Construction,Extrusion,2.940886276948628,18.017077948144404
193,New Construction,Fasteners,0.008749541986646937,0.05088221060737205
193,New Construction,Fiberglass blanket,1.5528614763719275,3.198894641326171
193,New Construction,Flooring and tile - other,0.01855812508350975,0.10281201296264401
193,New Construction,Glass mat gypsum board,0.09187553886341525,0.0434571298823954
193,New Construction,Glue laminated timber GLT,0.5560599329962974,0.20629823514162635
193,New Construction,Gypsum board,37.47487460901922,7.607399545630901
193,New Construction,Hardwood,3.113326972131495,2.415907467948316
193,New Construction,Heavy timber framing,0.608061280907265,0.11553164337238034
193,New Construction,Hollow structural sections HSS,0.30545791068417083,0.7880814095651608
193,New Construction,Hot-rolled sections,7.668639837528355,19.785090780823158
193,New Construction,Insulated glass unit IGU,8.205959064750585,10.995985146765785
193,New Construction,Intumescent,0.09371056708399865,0.23708773472251654
193,New Construction,Medium density fiberboard MDF,2.098462930210372,1.4773179028681018
193,New Construction,Mineral wool high density,1.425790939449625,2.5521657816148298
193,New Construction,Mineral wool low density,0.00022009092138437251,0.0003257345636488713
193,New Construction,Modified bitumen,3.499813881819965,2.204882745546578
193,New Construction,Mortar and grout,22.80068257648559,4.489772674280263
193,New Construction,Paint,0.3291947819788819,0.6810623074763241
193,New Construction,Polyisocyanurate PIR,7.313293039887616,18.95485146936393
193,New Construction,Precast,5.939032059912851,0.9265231504520712
193,New Construction,Ready mix NW 4000,131.16932814096543,21.223690389582607
193,New Construction,Ready mix NW 5000,92.25528977691461,17.871366174931957
193,New Construction,Rebar and reinforcement,3.414209819641191,6.666289081604537
193,New Construction,Softwood framing,2.2430785579814687,0.37683719774088675
193,New Construction,Softwood plywood,0.5487263115748843,0.14486374625576948
193,New Construction,Spray applied cementitious,0.24097940671087173,0.27471652365039373
193,New Construction,Steel - other,2.039634807851492,4.771907774991069
193,New Construction,Steel sheet,0.4983237379003856,2.3453509826941237
193,New Construction,Stone tile,10.8699547238112,8.119856178686964
193,New Construction,Suspension assembly,0.14117653905853253,0.343058989912234
194,New Construction,Adhesives and sealants,0.2672193571156967,0.7321810384970091
194,New Construction,Air and vapor barriers,0.002387074533923213,0.006254135278878818
194,New Construction,Aluminum - other,0.3408457555326547,1.734603210509378
194,New Construction,Aluminum sheet,5.951703469201169,33.4575462154677
194,New Construction,Architectural fiber cement panel,9.67122009003969,6.237936958075598
194,New Construction,Brick clay,15.507895882367562,4.481781910004225
194,New Construction,CMU,3.4925310670797765,0.391163479512935
194,New Construction,Ceramic tile,0.02905123432032341,0.007611423391924733
194,New Construction,Coatings - other,0.02330863530255387,0.3226048610828984
194,New Construction,Cold formed steel framing,1.6464420331788543,4.246318067373828
194,New Construction,Concrete - other,35.70703317633743,10.054824103148402
194,New Construction,Cross laminated timber CLT,0.00022128882644816258,8.209815461226833e-05
194,New Construction,Decking,0.26515107819341127,0.684089781739001
194,New Construction,Doors and frames - other,0.001780085695849843,0.0052755260301288204
194,New Construction,Extrusion,1.5589019060999365,11.965026862962342
194,New Construction,Fasteners,0.014881276952472223,0.08403115853014467
194,New Construction,Fiberglass blanket,1.0909725523011864,1.8981965236717835
194,New Construction,Glazing - other,0.07919136894459833,0.12829001769024934
194,New Construction,Gypsum board,82.22518173741462,16.691711892695167
194,New Construction,Hollow structural sections HSS,0.4580735379314048,1.1222801679319419
194,New Construction,Hot-rolled sections,0.029090516726186434,0.02815962019094847
194,New Construction,Insulated glass unit IGU,2.724004984724367,3.578476932840149
194,New Construction,Medium density fiberboard MDF,1.515622566297849,1.0669982866736856
194,New Construction,Modified bitumen,2.4921714195127755,1.7340217707896293
194,New Construction,Mortar and grout,10.426579392778823,2.070560848008562
194,New Construction,Paint,0.8984365025325347,2.0755465445730645
194,New Construction,Polyisocyanurate PIR,1.4271783225173191,3.8521364889234446
194,New Construction,Ready mix NW 2500,0.009354677675465474,0.0013224490358706095
194,New Construction,Ready mix NW 3000,0.0676950502059095,0.009583110653976356
194,New Construction,Ready mix NW 4000,5.194928354667112,0.8913559084592063
194,New Construction,Ready mix NW 5000,205.2868084683737,37.76631264167902
194,New Construction,Ready mix NW 6000,18.474661336945847,4.326952669399162
194,New Construction,Ready mix NW 8000,76.54463439786667,20.660848231091805
194,New Construction,Rebar and reinforcement,6.133240700545091,11.526759533787226
194,New Construction,Roll formed metal panel steel,0.006303835934787598,0.0146879377280551
194,New Construction,Softwood framing,11.201068543549923,1.8817795153163872
194,New Construction,Softwood plywood,13.99180943003719,3.693837689529819
194,New Construction,Spray applied cementitious,0.12248708996121901,0.13963528255578966
194,New Construction,Steel - other,0.5711280247904621,1.4105657998725276
194,New Construction,Steel sheet,0.2774115915083698,0.6463690082145017
194,New Construction,Synthetic composites,0.5244871912542257,0.6346295014176132
194,New Construction,TPO,0.004813146530305905,0.015353937431675839
194,New Construction,Vinyl framed window,0.5156675843575413,1.3819891260782107
194,New Construction,Windows and frames - other,0.0003600230680223464,0.002678571626086257
194,New Construction,Wood I joists,1.9492500290208277,0.8966550133495805
195,New Construction,Adhesives and sealants,0.010208310309591836,0.026648334519004082
195,New Construction,Air and vapor barriers,0.17432671427791838,1.220648362559591
195,New Construction,Aluminum - other,0.09832129091395919,0.5505554360504032
195,New Construction,Aluminum door frame,0.004688655764897959,0.041025737942857146
195,New Construction,Aluminum framed window,0.008007894285714285,0.06013928608571428
195,New Construction,Aluminum sheet,0.30908613395918366,2.200693273789388
195,New Construction,Aluminum storefront or curtain wall,6.654342330762041,66.54342330762042
195,New Construction,Architectural fiber cement panel,0.48777046435102045,0.28312127581909385
195,New Construction,Ceramic tile,0.7006228609795919,0.1835631895766531
195,New Construction,Coatings - other,0.11784016165057143,2.2054762105469203
195,New Construction,Cold formed steel framing,1.4895563330148571,3.676213570389094
195,New Construction,Concrete - other,1.5468209958204082,0.24131296948310546
195,New Construction,Decking,17.346918401187754,44.74968546252097
195,New Construction,Doors and frames - other,0.09921155682718368,0.6435341868466143
195,New Construction,EPDM,0.021138640595918367,0.06806642271885716
195,New Construction,Expanded polystyrene EPS,0.01901044207020408,0.06178393672816327
195,New Construction,Extrusion,0.2842527002440816,2.134737778833053
195,New Construction,Fasteners,0.3128172127667755,1.7747336526409965
195,New Construction,Fiberglass blanket,0.07667099580734694,0.17936417845592245
195,New Construction,GFRC general,0.04214536191836735,0.010367759031918368
195,New Construction,GFRC panel,0.013913724457142857,0.010310069822742856
195,New Construction,Glass mat gypsum board,1.148916312155102,0.5434374156493632
195,New Construction,Glazing - other,7.001254128737143,11.530988711934171
195,New Construction,Gypsum board,23.438112356844695,5.605597940880105
195,New Construction,Hardwood,2.2862600125436736,4.592928623403706
195,New Construction,Heavy timber framing,0.014087866885714286,0.0026766947082857147
195,New Construction,Hollow structural sections HSS,9.696862471275061,21.84759032754107
195,New Construction,Hot-rolled sections,82.00763823704898,79.38339381346341
195,New Construction,Insulated glass unit IGU,9.184084801859878,14.348397123356145
195,New Construction,Insulated metal panel IMP,5.126835534632204,13.169399361380403
195,New Construction,Insulation - other,0.024284121063265305,0.22632800830963265
195,New Construction,Mineral wool high density,6.785751976193306,12.146496037386019
195,New Construction,Mineral wool low density,0.5557359885418367,0.8224892630419184
195,New Construction,Modified bitumen,0.005966040832653062,0.004904085564440817
195,New Construction,Mortar and grout,0.1786588295330612,0.035454144097682445
195,New Construction,Paint,0.3593351535599592,0.8480455306693592
195,New Construction,Plate,0.7220388588367347,1.6823505410895918
195,New Construction,Ready mix LW 3000,6.172731277624489,1.6246581037597068
195,New Construction,Ready mix LW 4000,1.586770400244898,0.47045761624053933
195,New Construction,Ready mix NW 3000,30.29273372865306,4.0709856421824355
195,New Construction,Ready mix NW 4000,386.36415951397555,61.61144113090812
195,New Construction,Ready mix NW 5000,0.8246529353795918,0.1593794230689914
195,New Construction,Ready mix NW 6000,115.9800636335102,22.790261689284748
195,New Construction,Rebar and reinforcement,34.01530700206327,64.96923637394083
195,New Construction,Roofing and waterproofing - other,0.019525709035102038,0.018861834927908574
195,New Construction,Softwood plywood,0.01088355298367347,0.0028732579876897964
195,New Construction,Spray applied cementitious,42.36037436311343,48.290826773949306
195,New Construction,Steel - other,0.020084467546938774,0.051817926271102044
195,New Construction,Steel door,0.38507918281142856,1.0030050538924244
195,New Construction,Steel door frame,0.010419596084897958,0.028653889233469388
195,New Construction,Steel sheet,1.6139623216530612,3.983814206342041
195,New Construction,Synthetic composites,0.06706783359183673,0.1951673957522449
195,New Construction,Wall coverings,0.14881498632653062,0.039584786362857144
195,New Construction,Wood and composites - other,0.09179157465306123,0.02166281161812245
196,New Construction,Acoustic ceiling tile fiber,0.0006060570485915493,0.000824237586084507
196,New Construction,Acoustic ceilings - other,0.005371627602816902,0.008433455336422535
196,New Construction,Adhesives and sealants,0.010457594963507042,0.027940218378400848
196,New Construction,Air and vapor barriers,0.04157084925915493,0.4116784329911267
196,New Construction,Aluminum - other,0.032733300387323944,0.18396114817676057
196,New Construction,Aluminum door,0.0838003129112676,0.32849722661216896
196,New Construction,Aluminum door frame,0.005981570052816902,0.052338737962147885
196,New Construction,Aluminum sheet,0.6842147644204225,4.036012763738408
196,New Construction,Aluminum storefront or curtain wall,2.9637957156617323,29.637957156617325
196,New Construction,Architectural fiber cement panel,0.48144260132,0.3105304778514
196,New Construction,Built up roofing,0.00998958418,0.00396586491946
196,New Construction,CMU,1.925867528566197,0.2156971631994141
196,New Construction,Carpet,0.001122644956197183,0.005916338919159155
196,New Construction,Ceramic tile,0.012258838266760563,0.003260220528454648
196,New Construction,Coatings - other,0.06465715295222535,0.7122027416874303
196,New Construction,Cold formed steel framing,4.48675095101876,11.222327282703732
196,New Construction,Concrete - other,0.21613277691549296,0.049465093673131566
196,New Construction,Decking,0.022245754260563376,0.05452267199843662
196,New Construction,Doors and frames - other,0.8545722742854789,5.363413511510452
196,New Construction,EPDM,0.02866480015412676,0.09230065649628817
196,New Construction,Expanded polystyrene EPS,0.019569907989478875,0.06360220096580634
196,New Construction,Extruded polystyrene XPS,0.3460114025329859,22.48851457780867
196,New Construction,Extrusion,0.9387614514466056,7.050098500364008
196,New Construction,Fasteners,0.02813611746647887,0.14953479038248507
196,New Construction,Fiberglass blanket,0.03556018600394366,0.05547389016615212
196,New Construction,Flooring and tile - other,0.0001075988235915493,0.00034849478508563385
196,New Construction,Glass mat gypsum board,0.49399616561718307,0.2336601863369276
196,New Construction,Glazing - other,0.5786257373301409,0.860553122521493
196,New Construction,Gypsum board,40.86037025230179,9.172437528863894
196,New Construction,Hardwood,0.02899513179169014,0.012871934179253522
196,New Construction,Hollow structural sections HSS,2.6347815011210987,6.4578747197098325
196,New Construction,Hot-rolled sections,1.6962514034939438,1.647287229174729
196,New Construction,Insulated glass unit IGU,5.376902423762183,8.375457707370916
196,New Construction,Insulated metal panel IMP,0.3470497102905071,0.888921972230181
196,New Construction,Medium density fiberboard MDF,0.0009630218963380282,0.0006779674150219719
196,New Construction,Mineral wool high density,17.546867742109733,29.75894366995179
196,New Construction,Mineral wool low density,0.9688780599480141,1.4629811930639183
196,New Construction,Modified bitumen,0.1548615949687324,0.09797147563741351
196,New Construction,Mortar and grout,2.284127383803662,0.429165309989586
196,New Construction,Paint,0.5028085511145352,1.2054026970279057
196,New Construction,Polyisocyanurate PIR,0.10527812249295775,0.2642480874573239
196,New Construction,Precast,3.6658460470422534,0.5718930617504867
196,New Construction,Ready mix LW 4000,1.1623931196802817,0.3609924375936445
196,New Construction,Ready mix NW 3000,1.589114900709859,0.21355827448642922
196,New Construction,Ready mix NW 4000,14.594477645012676,2.4171099490842685
196,New Construction,Ready mix NW 5000,409.1913442736338,86.13291518312273
196,New Construction,Ready mix NW 6000,626.6578700568381,123.13657076008533
196,New Construction,Ready mix NW 8000,280.0189892314929,63.1665607214501
196,New Construction,Rebar and reinforcement,87.33488828178707,166.8093960312266
196,New Construction,Resilient flooring vinyl,0.0028353810704225355,0.007145160297464789
196,New Construction,Roll formed metal panel aluminum,1.1764813144081268,6.613386398302108
196,New Construction,Roll formed metal panel steel,0.0009575293419718309,0.0022310433667943664
196,New Construction,Roofing and waterproofing - other,0.012215357166492958,0.005900017511416098
196,New Construction,Softwood framing,0.026003509415915494,0.004516207392552676
196,New Construction,Spray applied cementitious,1.8330597269566198,2.0896880887305462
196,New Construction,Steel - other,0.5692018231025211,1.327597214685233
196,New Construction,Steel door,1.7224313570838732,3.9831283712546774
196,New Construction,Steel door frame,0.0010362018005633802,0.002849554951549296
196,New Construction,Steel sheet,1.3060736687549295,6.114546634846803
196,New Construction,Stone tile,0.09840225377887324,0.07350648357281832
196,New Construction,Stucco finish,0.05914215123915493,0.02832909044355521
196,New Construction,Suspension assembly,0.0001288014979859155,0.0003129876401057746
196,New Construction,Terracotta units,0.17515923981549297,0.050621020306677464
196,New Construction,Wall coverings,0.00021013602880281688,0.0033776280713334506
196,New Construction,Wood and composites - other,0.03390880994028169,0.037044789706532404
196,New Construction,Wood or composite door,1.8930484312053524,0.5662812310444101
197,New Construction,Acoustic ceiling tile aluminum,0.21614213006597102,1.4195409317598051
197,New Construction,Acoustic ceiling tile fiber,1.6121792185049275,2.2078188017128624
197,New Construction,Adhesives and sealants,0.049707176362927534,0.12255554704161419
197,New Construction,Air and vapor barriers,0.16658657089528986,0.39962543338918044
197,New Construction,Aluminum - other,1.8003127751902899,9.946207369607635
197,New Construction,Aluminum composite panel ACM,0.29283138453913043,2.3280095070860867
197,New Construction,Aluminum door,0.025984509030869567,0.1957283331780696
197,New Construction,Aluminum door frame,0.07955906882884058,0.696141852252355
197,New Construction,Aluminum framed window,0.01192672494621739,0.10396703762631826
197,New Construction,Aluminum sheet,0.04434641929120289,0.3100716085169081
197,New Construction,Aluminum storefront or curtain wall,2.454460608839116,24.54460608839116
197,New Construction,Brick clay,0.01746718468115942,0.005048016372855072
197,New Construction,Built up roofing,0.03557482430086957,0.014123205247445217
197,New Construction,CMU,19.73205095622319,2.209989707096997
197,New Construction,Carpet,0.0316768650768116,0.14777685679345798
197,New Construction,Ceramic tile,0.04252867881014493,0.011142513848257972
197,New Construction,Coatings - other,0.06196320660037681,0.7537851690683507
197,New Construction,Cold formed steel framing,7.044913223608319,17.316278436394086
197,New Construction,Concrete - other,1.4692000320304348,0.2666033772265664
197,New Construction,Copper sheet,3.5288997855568116,4.164101746957038
197,New Construction,Decking,13.329498350895651,34.36912702971926
197,New Construction,Doors and frames - other,0.3366106732330435,1.47669581270717
197,New Construction,EPDM,0.006743998510144927,0.02171567520266667
197,New Construction,Expanded polystyrene EPS,0.3221664065910145,1.0470408214207971
197,New Construction,Extrusion,0.2404231591251884,1.9230485251504004
197,New Construction,Fasteners,0.003387071591057971,0.01949540448486319
197,New Construction,Fiberglass blanket,0.003094276747971014,0.004827071726834782
197,New Construction,Flooring and tile - other,0.0006154839758115943,0.003047228981603044
197,New Construction,Glass mat gypsum board,3.217736737428406,1.521989476803636
197,New Construction,Glazing - other,7.098747188636522,12.246767281667163
197,New Construction,Gypsum board,54.872878398752334,11.930265789915634
197,New Construction,Hardwood,0.7704915381011594,0.6556632660108511
197,New Construction,Hollow structural sections HSS,3.9988855137200434,8.839979696108962
197,New Construction,Hot-rolled sections,94.97399236157044,91.93423780625938
197,New Construction,Insulated glass unit IGU,3.1849713230728987,4.267861572917684
197,New Construction,Mineral wool high density,5.681623195672262,10.164624729047375
197,New Construction,Mineral wool low density,1.2968723119431884,1.9574909524350406
197,New Construction,Modified bitumen,0.1119571462463768,0.07376785771226088
197,New Construction,Mortar and grout,26.184617021772667,4.707715000941838
197,New Construction,Oriented strand board OSB,0.3491142155072464,0.1368527724788406
197,New Construction,Other,6.804011028985508e-05,0.0001932339132231884
197,New Construction,Paint,0.6910371408441884,1.635165041287255
197,New Construction,Plate,18.477117731503622,43.03309269127024
197,New Construction,Polyisocyanurate PIR,0.09392369205782608,0.25138098889115074
197,New Construction,Precast,4.540334271566811,0.7955293753925441
197,New Construction,Ready mix LW 4000,0.392850632942029,0.11647530876802938
197,New Construction,Ready mix LW 5000,2.5755613289855073,0.849404600229135
197,New Construction,Ready mix NW 3000,42.95808508722464,6.079139349365636
197,New Construction,Ready mix NW 4000,12.109157102116232,1.933982228711306
197,New Construction,Ready mix NW 5000,423.38059556971444,87.4883167499369
197,New Construction,Ready mix NW 6000,0.5718977572463768,0.11237879286172535
197,New Construction,Ready mix NW 8000,58.56516017577826,14.396408493223028
197,New Construction,Rebar and reinforcement,57.87178430070167,58.47649443722615
197,New Construction,Resilient flooring vinyl,0.24442121470405795,0.6049306061403421
197,New Construction,Roofing and waterproofing - other,0.00941493142162319,0.004547411876644
197,New Construction,Softwood framing,0.007050509930434782,0.0011844856683130435
197,New Construction,Softwood plywood,0.08938209603814494,0.023596873354070264
197,New Construction,Spray applied cementitious,22.233351164413623,25.34602032743153
197,New Construction,Steel - other,0.16674000225971014,0.4070676534953493
197,New Construction,Steel door,0.7865835587011594,1.8264615198877188
197,New Construction,Steel door frame,0.0192224506857971,0.052861739385942026
197,New Construction,Steel framed window,0.0017896259857971015,0.007687087490982608
197,New Construction,Steel sheet,3.512670013217391,14.015245500335508
197,New Construction,Stone masonry,0.31773841389594204,0.1743025189074558
197,New Construction,Stone tile,0.6461506180363769,0.537684083726456
197,New Construction,Stucco finish,0.0028078864652173914,0.0013449776168391304
197,New Construction,Suspension assembly,0.4709944875669275,1.144516604787634
197,New Construction,Synthetic composites,0.5562752107083623,1.7914844571953579
197,New Construction,TPO,0.009446299420927536,0.030133695152758842
197,New Construction,Wall coverings,0.018210102115304345,0.3140990194146435
197,New Construction,Wood door frame,0.003815245652173913,0.016787080869565214
197,New Construction,Wood framed window,0.0002756452173913044,0.0012128389565217394
197,New Construction,Wood or composite door,0.28404349174144927,0.11902879601741073
197,New Construction,Zinc sheet,0.0002389269555072464,0.0007597877185130437
198,New Construction,Acoustic ceiling tile fiber,0.26568822918434487,0.7365896346072962
198,New Construction,Adhesives and sealants,0.39102572705573624,1.003385307731371
198,New Construction,Air and vapor barriers,0.4244822110601103,0.861698888452024
198,New Construction,Aluminum framed window,0.020998577684977777,0.21438952153669688
198,New Construction,Aluminum sheet,0.7095457086124153,3.9876468824017732
198,New Construction,Architectural fiber cement panel,3.367830344372858,2.1722505721204937
198,New Construction,Carpet,0.15277800425509985,0.6386120577863174
198,New Construction,Ceramic tile,3.3608379797937635,0.8805395507059661
198,New Construction,Coatings - other,0.055703707187128707,0.5182710247435632
198,New Construction,Cold formed steel framing,0.44301307240731785,1.085382027397929
198,New Construction,Concrete - other,44.457292003237335,6.268478172456463
198,New Construction,Cross laminated timber CLT,1.8628791702044165,0.6911281721458385
198,New Construction,Extruded polystyrene XPS,5.01397371180072,325.8760262960716
198,New Construction,Extrusion,1.7925412592779326,13.479296698834828
198,New Construction,Fasteners,0.07102864726077918,0.41054558116730366
198,New Construction,Fiberglass blanket,0.598982208292063,1.2339033490816498
198,New Construction,Flooring and tile - other,0.0076389002127549965,0.04231950717866268
198,New Construction,Glazing - other,1.4519063839300557,7.215974728132376
198,New Construction,Glue laminated timber GLT,3.1449289034361847,1.1667686231748244
198,New Construction,Gypsum board,87.60341835287528,17.783493925633685
198,New Construction,Hollow structural sections HSS,0.07980014928827112,0.19551036575626424
198,New Construction,Insulated glass unit IGU,0.12910732243,0.17300381205620002
198,New Construction,Mineral wool low density,0.006841860378775139,0.010125953360587204
198,New Construction,Modified bitumen,4.08285794659829,2.5722005063569227
198,New Construction,Mortar and grout,0.871985902856242,0.17573753359037667
198,New Construction,Paint,0.3337701917379857,0.7561134677972449
198,New Construction,Plate,0.3716017320139209,0.8658320355924357
198,New Construction,Polyisocyanurate PIR,0.004764887083110013,0.014199363507667834
198,New Construction,Ready mix LW 4000,13.967867492529622,4.111509532318478
198,New Construction,Ready mix NW 4000,89.46140745310613,14.475192032397397
198,New Construction,Ready mix NW 5000,9.421794852520815,1.7324443275000825
198,New Construction,Rebar and reinforcement,2.2377492681872226,4.274101102237595
198,New Construction,Resilient flooring vinyl,0.642648885234768,0.8868554616239799
198,New Construction,Roll formed metal panel steel,0.018567717130069165,0.04326278091306115
198,New Construction,Softwood framing,10.399886355459719,1.7471809077172327
198,New Construction,Softwood plywood,17.181377968927695,4.535883783796912
198,New Construction,Steel - other,0.31001321585233543,0.7998340968990252
198,New Construction,Suspension assembly,0.07332458919168527,0.17817875173579525
198,New Construction,Wood I joists,7.0469020340954724,3.2415749356839174
198,New Construction,Wood and composites - other,8.76833087151022,10.001684440262867
2,New Construction,Aluminum storefront or curtain wall,0.67305465,3.1421025
2,New Construction,Brick clay,32.8192974,12.941821149999999
2,New Construction,Extrusion,10.205828349999999,92.56686300000001
2,New Construction,Glazing - other,9.5864283,13.7085925
2,New Construction,Hot-rolled sections,6.99537965,5.29186775
2,New Construction,Mineral wool high density,24.064807050000002,15.53122825
2,New Construction,Ready mix NW 2500,10.52333305,0.9164069
2,New Construction,Ready mix NW 4000,24.505512250000002,3.14101685
2,New Construction,Ready mix NW 5000,41.00154795,5.45108505
2,New Construction,Ready mix NW 6000,1126.5654668500001,171.6189216
2,New Construction,Ready mix NW 8000,508.89077165000003,49.66932165
2,New Construction,Ready mix unknown,257.4225625,41.102347300000005
2,New Construction,Rebar and reinforcement,111.1029152,93.65681025
20,New Construction,Acoustic ceiling tile fiber,0.5333246798539901,0.7253215646014266
20,New Construction,Adhesives and sealants,0.09854241345059354,0.04452767234509448
20,New Construction,Aluminum - other,1.6155568077792402,14.09334034678659
20,New Construction,Aluminum door,0.294599922958841,1.2462690336207123
20,New Construction,Aluminum door frame,0.039777083073513235,0.34804947689324084
20,New Construction,Architectural fiber cement panel,9.137757992874809,16.539341967103404
20,New Construction,Carpet,0.7261652259520102,3.478331432310128
20,New Construction,Ceramic tile,0.8418930707374453,0.2205759845332107
20,New Construction,Cladding - other,0.13283042134761297,0.4423253030875513
20,New Construction,Coatings - other,0.7442997661470836,9.204886689873295
20,New Construction,Cold formed steel framing,4.445972214280819,10.892631924988008
20,New Construction,Concrete - other,0.9228826291991828,0.14397499667911623
20,New Construction,Decking,16.348185598680768,38.745199868873414
20,New Construction,Doors and frames - other,0.2560593386818782,1.7114080551860504
20,New Construction,Extrusion,4.7125965061456485,37.41286778499535
20,New Construction,Fasteners,0.23260552714958546,1.144478340660753
20,New Construction,Fiberglass blanket,1.949737777604799,3.784690406665895
20,New Construction,Flooring and tile - other,0.0989202479761882,0.19685129347261457
20,New Construction,Glass mat gypsum board,8.37190751022823,3.9599122523379515
20,New Construction,Glazing - other,0.08062454694986552,0.12254931136379561
20,New Construction,Gypsum board,54.31016000886593,11.034298331042919
20,New Construction,Hardwood,0.31250435028039525,0.22369006210615608
20,New Construction,Heavy timber framing,3.0251917206904193,0.5747864269311797
20,New Construction,Hollow structural sections HSS,19.336400781422885,47.374181914486066
20,New Construction,Hot-rolled sections,90.83629437909774,87.92953295896662
20,New Construction,Insulated glass unit IGU,8.896234373918785,11.920954061051173
20,New Construction,Medium density fiberboard MDF,0.027990675526902098,0.019705435570939074
20,New Construction,Mineral wool high density,4.95376002291221,8.867230441012856
20,New Construction,Modified bitumen,6.457533311478898,4.068245986231706
20,New Construction,Mortar and grout,0.25148957959056745,0.13264419454559667
20,New Construction,Paint,0.8453495129919433,1.9422856522897738
20,New Construction,Plate,0.7962224049624183,1.8551982035624348
20,New Construction,Polyisocyanurate PIR,4.995384287904085,12.538414562639254
20,New Construction,Ready mix NW 4000,0.5731207842136762,0.09273309738168121
20,New Construction,Ready mix unknown,869.402864473109,69.79913464938836
20,New Construction,Rebar and reinforcement,28.24252182441313,53.94321668462907
20,New Construction,Roll formed metal panel aluminum,0.19887383084048493,1.1176709293235254
20,New Construction,Roll formed metal panel steel,5.602084003878476,13.052855729036851
20,New Construction,Roofing and waterproofing - other,0.4904455679604226,0.23688520932488413
20,New Construction,Softwood framing,0.029907446221434476,0.005024450965200993
20,New Construction,Softwood plywood,1.4422239001154136,0.38074710963046915
20,New Construction,Steel - other,1.8086539015296639,4.556637154178962
20,New Construction,Steel door,0.17008942940571428,0.357187801752
20,New Construction,Steel door frame,0.008727383878095237,0.024000305664761905
20,New Construction,Steel sheet,0.9594496291234533,2.2355176358576463
20,New Construction,Suspension assembly,0.1133441444850983,0.2754262710987889
20,New Construction,Wall coverings,0.0032458958509726478,0.0015937348628275699
20,New Construction,Wood door frame,0.059323967857142855,0.26102545857142856
20,New Construction,Wood or composite door,0.6219698353205142,0.1642000365246158
200,New Construction,Air and vapor barriers,0.35114480101997814,0.4437011780937278
200,New Construction,Aluminum door,0.09363454730131147,0.6264151214457738
200,New Construction,Aluminum sheet,0.2870930737046667,1.613463074220227
200,New Construction,Architectural fiber cement panel,1.169035194748634,2.104263350547541
200,New Construction,CMU,0.34875909930054644,0.0390610191216612
200,New Construction,Closed cell spray polyurethane foam,0.0014592937603497267,0.014592937603497268
200,New Construction,Cold formed steel framing,2.6529626522150056,6.844643642714714
200,New Construction,Concrete - other,0.004203856892896175,0.001384058566634965
200,New Construction,Decking,0.21035408376393444,0.5172062318742295
200,New Construction,Extruded polystyrene XPS,0.24056793237739887,15.635367547480406
200,New Construction,Extrusion,1.64757877631859,14.788396677853113
200,New Construction,Fasteners,0.050722885548327865,0.20559906924732918
200,New Construction,Glazing - other,0.994208430178907,1.6106176568898296
200,New Construction,Gypsum board,4.022944213364612,0.8448182848065685
200,New Construction,Hollow structural sections HSS,1.2295526299000001,3.0124039432550003
200,New Construction,Hot-rolled sections,4.203144110031585,4.068643498510574
200,New Construction,Insulated glass unit IGU,3.010942600340765,4.034663084456625
200,New Construction,Laminated strand lumber LSL,0.006873282330054645,0.002694326673381421
200,New Construction,Mineral wool high density,1.0455671565918798,1.8715652102994649
200,New Construction,Modified bitumen,1.236420532648634,0.7789449355686393
200,New Construction,Mortar and grout,0.08551845146985793,0.01404531868790802
200,New Construction,Polyisocyanurate PIR,1.6425199500787322,4.314367316869539
200,New Construction,Ready mix unknown,1210.4352573459778,199.84226893437142
200,New Construction,Rebar and reinforcement,93.75124923518372,91.8389309365097
200,New Construction,Roll formed metal panel steel,0.3776314832454973,0.8798813559620088
200,New Construction,Softwood framing,0.021819460507103827,0.0036656693651934426
200,New Construction,Softwood plywood,0.0273631666010929,0.007223875982688526
200,New Construction,Steel door,0.0023087166940983605,0.005702530234422951
200,New Construction,Steel sheet,0.033697823888808744,0.07851592966092437
201,New Construction,Acoustic ceiling tile aluminum,0.0929793992,0.605295888792
201,New Construction,Acoustic ceiling tile fiber,0.47683800532000004,0.6484996872352
201,New Construction,Adhesives and sealants,0.5299570691984,1.4138290710832362
201,New Construction,Air and vapor barriers,1.5172834197415999,3.8027039244859715
201,New Construction,Aluminum - other,0.2464343894,2.220373848494
201,New Construction,Aluminum door,0.12387998252,0.8287570830588
201,New Construction,Aluminum door frame,0.33267205416,2.9108804739
201,New Construction,Aluminum framed window,0.006474900180000001,0.049130145607200006
201,New Construction,Aluminum sheet,0.41545325828,2.4953975272736
201,New Construction,Aluminum storefront or curtain wall,1.1483685204584,11.483685204584
201,New Construction,Architectural fiber cement panel,0.2879606044,0.51832908792
201,New Construction,Carpet,0.061677865979999996,0.3250423537146
201,New Construction,Ceramic tile,4.6134660182,1.2087280967684
201,New Construction,Coatings - other,0.4393081679636,4.0732995971824195
201,New Construction,Cold formed steel framing,1.3200487603516,3.234255623318632
201,New Construction,Concrete - other,10.83739831,3.06698372173
201,New Construction,Cross laminated timber CLT,82.5681428029,30.6327809798759
201,New Construction,Doors and frames - other,0.878506758425,5.227535119024078
201,New Construction,EPDM,1.4697947780799998,4.7330985471764
201,New Construction,Extruded polystyrene XPS,4.236036646212,275.3151230656013
201,New Construction,Extrusion,0.332473823904,2.49687841751904
201,New Construction,Fasteners,0.0882524417082,0.480610476579518
201,New Construction,Flooring and tile - other,0.4419287017684,1.0621915829709359
201,New Construction,Glass mat gypsum board,1.1123858244,0.5261584949412
201,New Construction,Glazing - other,0.5457869671000001,0.6171262369988
201,New Construction,Glue laminated timber GLT,31.619342738294,11.730776155907074
201,New Construction,Gypsum board,24.811084562472,5.482574130910728
201,New Construction,Heavy timber framing,3.223348866664,0.61243628466616
201,New Construction,Hollow structural sections HSS,4.4844849816400005,10.986988205018001
201,New Construction,Hot-rolled sections,6.54998273972,6.33722613561328
201,New Construction,Insulated glass unit IGU,5.8212990766024,7.833950001740619
201,New Construction,Intumescent,0.036197161988,0.09157881982964
201,New Construction,Mineral wool high density,5.782662475686,10.35096583147794
201,New Construction,Mineral wool low density,0.09791780922499999,0.14751112765127
201,New Construction,Modified bitumen,18.98377704258,15.5724923914302
201,New Construction,Mortar and grout,1.156868691562,0.244263045305554
201,New Construction,Paint,0.3478551101506,0.782780007486198
201,New Construction,Plate,6.017733760860001,14.0213196628038
201,New Construction,Polyisocyanurate PIR,7.91980089428,20.7498783430136
201,New Construction,Precast,75.87673198659999,17.36548111254672
201,New Construction,Ready mix LW 4000,17.1962139326,5.6616026219450095
201,New Construction,Ready mix NW 4000,970.2057241619999,154.7908412395509
201,New Construction,Ready mix NW 5000,100.19531243739999,20.76985206129281
201,New Construction,Rebar and reinforcement,28.75934077326,54.9303408769266
201,New Construction,Resilient flooring vinyl,0.23034848908,0.49385604111000003
201,New Construction,Roll formed metal panel steel,2.68038060574,6.245286811374201
201,New Construction,Softwood framing,1.355748646706,0.22993369437702804
201,New Construction,Softwood plywood,8.35929532638,2.20685396616432
201,New Construction,Spray applied cementitious,0.3315337584,0.377948484576
201,New Construction,Steel - other,0.15129995198199997,0.384222912537028
201,New Construction,Steel door,0.0236902752,0.055435243967999995
201,New Construction,Steel door frame,0.00722380064,0.01986545176
201,New Construction,Steel sheet,0.66884217346,1.5584022641618
201,New Construction,Suspension assembly,0.137125271928,0.33321441078504
201,New Construction,Synthetic composites,0.005279629248,0.00533242554048
201,New Construction,Wall coverings,0.00033897997219999997,0.002501672194836
201,New Construction,Wood and composites - other,0.03565683672,0.01647345856464
201,New Construction,Wood door frame,0.001558544,0.006857593600000002
201,New Construction,Wood or composite door,2.25401789194,0.88006753902212
203,New Construction,Architectural fiber cement panel,1.5967805133696307,1.0299234311234118
203,New Construction,Coatings - other,0.008276101873387615,0.16717725784242982
203,New Construction,Cold formed steel framing,0.5532568044845418,1.3554791709871277
203,New Construction,Cross laminated timber CLT,49.31931270014305,18.297465011753072
203,New Construction,Extruded polystyrene XPS,0.44319936480171535,28.805106719767004
203,New Construction,Extrusion,1.8153982039922447,16.559675900861485
203,New Construction,Fasteners,0.02759089674196894,0.15947538316858045
203,New Construction,Fiberglass blanket,0.2809652114642434,0.5684406155757579
203,New Construction,Glass mat gypsum board,4.61162880012641,2.1813004224597923
203,New Construction,Glazing - other,0.7306599434692317,0.804408554999305
203,New Construction,Glue laminated timber GLT,17.73731814496457,6.580545031781856
203,New Construction,Gypsum board,4.934946941538686,1.013177989586503
203,New Construction,Hollow structural sections HSS,1.9673956004849908,4.820119221188228
203,New Construction,Hot-rolled sections,5.182723309394811,5.016876163494177
203,New Construction,Insulated glass unit IGU,6.644218405636436,7.447996594535111
203,New Construction,Mineral wool high density,0.012784496676813153,0.022884249051495543
203,New Construction,Mineral wool low density,0.5377197885036447,0.8119568806405036
203,New Construction,Modified bitumen,0.8422187063008705,0.6923037765793154
203,New Construction,Paint,0.0659790088641124,0.1431923044889368
203,New Construction,Polyisocyanurate PIR,0.831449536442973,2.4278326464134814
203,New Construction,Precast,0.958435215539861,0.2193516799853269
203,New Construction,Ready mix NW 4000,18.86600517293987,3.571868004752962
203,New Construction,Ready mix unknown,798.1838206950792,124.98643906225958
203,New Construction,Rebar and reinforcement,44.57788365059463,42.360957486426145
203,New Construction,Roll formed metal panel aluminum,0.05610011454893018,0.36240673998608897
203,New Construction,Roofing and waterproofing - other,0.11229582750678299,0.05423888468577618
203,New Construction,Softwood framing,0.020677925318014614,0.0034738914534264555
203,New Construction,Spray applied cementitious,1.4939226166190478,1.7030717829457143
203,New Construction,Steel - other,0.15766817956038193,0.7473471711162102
203,New Construction,Wood I joists,0.0011059507172981385,0.0005087373299571438
204,New Construction,Acoustic ceiling tile aluminum,0.01613781431456,0.10893024662328
204,New Construction,Acoustic ceiling tile fiber,0.18656668255999997,0.2537306882816
204,New Construction,Adhesives and sealants,0.008890688556888,0.02436048664587312
204,New Construction,Air and vapor barriers,0.101600463600896,0.09412473097095361
204,New Construction,Aluminum - other,0.0426497354104,0.23969151300644803
204,New Construction,Aluminum door,0.0023970997216,0.016036597137504
204,New Construction,Aluminum door frame,0.000119798592,0.00104823768
204,New Construction,Aluminum sheet,0.254202975742824,1.4415984282670709
204,New Construction,Built up roofing,0.123806627904,0.049151231277888
204,New Construction,CMU,11.411287256344,1.278064172710528
204,New Construction,Ceramic tile,0.08930345368,0.023397504864160007
204,New Construction,Closed cell spray polyurethane foam,0.00025565203232,0.0025565203232
204,New Construction,Coatings - other,0.0069892724858879995,0.12331475998573457
204,New Construction,Cold formed steel framing,0.753492634009328,1.8588665619783336
204,New Construction,Concrete - other,0.138051304456,0.019465233928296
204,New Construction,Decking,4.272268241784,11.01702228102024
204,New Construction,Doors and frames - other,0.042002430829584,0.285508181406061
204,New Construction,EPDM,0.039675358916656,0.12220242418539232
204,New Construction,Extruded polystyrene XPS,0.00054251839768,0.03526020473788574
204,New Construction,Extrusion,0.725520661497032,7.1023642548267265
204,New Construction,Fasteners,0.00022869837031200003,0.00132491165766032
204,New Construction,Fiberglass blanket,0.05681224310928,0.116758515335652
204,New Construction,Glass mat gypsum board,0.74244823407384,0.3511780147169263
204,New Construction,Glazing - other,1.35585542568888,2.1932345227197874
204,New Construction,Gypsum board,8.00344019665784,1.6806466623751029
204,New Construction,Hardwood,0.13066847444059201,0.1306300801299125
204,New Construction,Hollow structural sections HSS,1.8983712354504,4.756189752433064
204,New Construction,Hot-rolled sections,33.83438708315992,32.99336327489234
204,New Construction,Insulated glass unit IGU,2.2925170584581283,2.617939691365142
204,New Construction,Laminated veneer lumber LVL,0.05409088812976,0.020013628608011202
204,New Construction,Mineral wool high density,0.50858269574912,0.8754932529850432
204,New Construction,Mineral wool low density,1.113687291463048,1.6012009407258552
204,New Construction,Modified bitumen,0.3154451575008,0.19926098278119359
204,New Construction,Mortar and grout,13.3391766693312,2.321292610364038
204,New Construction,Other,0.0011317822346400002,0.0026370526067112
204,New Construction,Paint,0.02191864505308,0.05246133889637856
204,New Construction,Plate,1.3676070231039998,1.003823554958336
204,New Construction,Polyisocyanurate PIR,0.20602371838608,0.6688010934981985
204,New Construction,Precast,1.1505105487536,0.1794862609775454
204,New Construction,Ready mix LW 3000,3.5257260128567998,0.879062862594451
204,New Construction,Ready mix NW 4000,1.5672702856560001,0.24992427108763282
204,New Construction,Ready mix NW 5000,297.35642226356,57.469625090718395
204,New Construction,Ready mix NW 6000,316.8651921928096,62.26449981195856
204,New Construction,Ready mix NW 8000,161.23297309567653,37.6020265842149
204,New Construction,Rebar and reinforcement,37.494510029640296,36.73461946084161
204,New Construction,Roll formed metal panel steel,0.007551309020800001,0.017594550018464
204,New Construction,Roofing and waterproofing - other,0.03218612271328,0.015545897270514242
204,New Construction,Spray applied cementitious,15.0731954198912,17.183442778675968
204,New Construction,Steel - other,0.196589002616096,0.48257440025871523
204,New Construction,Steel door,0.19460107873744,0.4254652999361248
204,New Construction,Steel sheet,0.00745140154728,0.0187295503085552
204,New Construction,Stone masonry,0.04352584456,0.01336243427992
204,New Construction,Suspension assembly,0.044832663636976,0.10894337263785167
204,New Construction,Wood or composite door,0.00372043230128,0.0009821941275379201
206,New Construction,Acoustic ceiling tile steel,2.321382206275862,8.335067440393793
206,New Construction,Adhesives and sealants,0.4689470440503448,1.8798211950766412
206,New Construction,Air and vapor barriers,1.0243333668731034,6.808097492121445
206,New Construction,Aluminum door,0.11262946226551725,0.4527704383073793
206,New Construction,Aluminum door frame,0.003140228275862069,0.0274769974137931
206,New Construction,Aluminum sheet,0.6959017629310345,4.954820552068966
206,New Construction,Aluminum storefront or curtain wall,2.3177060331815516,23.177060331815518
206,New Construction,Brick clay,54.66536044056897,15.79828916732443
206,New Construction,CMU,50.156952186206894,5.617578644855172
206,New Construction,Carpet,0.5887589061551723,2.8300266916584484
206,New Construction,Ceramic tile,0.4583185844827586,0.12007946913448275
206,New Construction,Coatings - other,0.046328951439655174,0.8674174173407793
206,New Construction,Cold formed steel framing,3.2112453876282756,7.961733700898362
206,New Construction,Concrete - other,12.53054358909655,2.626449059103245
206,New Construction,Decking,7.783514165586206,19.207794817715175
206,New Construction,Doors and frames - other,0.8598274911975862,5.009791913814357
206,New Construction,Expanded polystyrene EPS,0.028611777999999997,0.0929882785
206,New Construction,Extrusion,0.6961393439455172,5.2293405671598965
206,New Construction,Fasteners,0.29148095331534485,1.4159232089856328
206,New Construction,Flooring and tile - other,2.440430597289655,4.007102211415725
206,New Construction,Glass mat gypsum board,10.849997786156724,5.132048952852131
206,New Construction,Glazing - other,1.0583575355465518,1.7276871750837586
206,New Construction,Gypsum board,42.25562300199965,10.210203063611827
206,New Construction,Hollow structural sections HSS,3.2023347589827584,7.845720159507759
206,New Construction,Hot-rolled sections,11.373610113943105,11.009654590296924
206,New Construction,Insulated glass unit IGU,8.234617182319655,12.144305112801725
206,New Construction,Insulated metal panel IMP,3.614623056462931,6.910646715625154
206,New Construction,Insulation - other,1.6941612412451723,9.385653276498255
206,New Construction,Intumescent,0.35363735010517244,0.8947024957660861
206,New Construction,Mineral wool high density,3.6814922744668968,6.589871171295745
206,New Construction,Mineral wool low density,2.3181992606991377,3.4309349058347243
206,New Construction,Mortar and grout,79.71285063144914,14.94474043652122
206,New Construction,Paint,0.6244779304003448,1.5013217211301966
206,New Construction,Polyisocyanurate PIR,1.4733751322413793,3.860242846472414
206,New Construction,Ready mix LW 3000,53.347620969451725,14.041052627464397
206,New Construction,Ready mix LW 4000,5.50341418674138,1.6316936080223814
206,New Construction,Ready mix NW 3000,21.741528913793104,2.921804708679274
206,New Construction,Ready mix NW 4000,270.38957108117245,43.11758927648817
206,New Construction,Ready mix NW 5000,688.4539715422069,133.05645573606745
206,New Construction,Rebar and reinforcement,48.49364946026138,91.8818147422663
206,New Construction,Roll formed metal panel aluminum,0.28429111426051723,1.5977160621441069
206,New Construction,Roll formed metal panel steel,0.05840847765517242,0.13609175293655174
206,New Construction,Softwood framing,0.15043209703448276,0.0252725923017931
206,New Construction,Spray applied cementitious,6.264267361208621,7.141264791777828
206,New Construction,Steel door,1.8899105517224137,4.046304350513742
206,New Construction,Steel door frame,0.03715203696896552,0.10216810166465518
206,New Construction,Steel sheet,1.0134143334827586,2.5143626563772417
206,New Construction,Suspension assembly,0.5405561899172414,1.3135515414988965
206,New Construction,Synthetic composites,9.834006603036897,28.558678324034094
206,New Construction,Wall coverings,0.4824980457534483,3.5608355776604483
206,New Construction,Wood and composites - other,0.01272552043275862,0.005879190439934483
206,New Construction,Wood door frame,0.0010247586206896552,0.004508937931034482
206,New Construction,Wood or composite door,0.7424925788965517,0.48069289510455177
207,New Construction,Acoustic ceiling tile fiber,0.3911315326378962,1.3650490489062577
207,New Construction,Acoustic ceiling tile steel,0.12624341528822267,0.362318601877199
207,New Construction,Adhesives and sealants,0.39090728794912666,0.523034191975797
207,New Construction,Air and vapor barriers,0.0014914377009946367,0.0033618668698839737
207,New Construction,Aluminum door frame,0.09029909300115797,0.7901170637601321
207,New Construction,Aluminum framed window,0.006837002666666667,0.05982377333333333
207,New Construction,Aluminum sheet,0.7244386045081197,4.9083761925434235
207,New Construction,Aluminum storefront or curtain wall,2.7307906686802297,27.3079066868023
207,New Construction,Carpet,0.54917338986472,2.50972239168177
207,New Construction,Coatings - other,0.3889246900496264,4.0896718606775915
207,New Construction,Cold formed steel framing,14.1055342288046,30.941928905618756
207,New Construction,Decking,11.316782837064302,29.1972997196259
207,New Construction,Doors and frames - other,0.6788209092104972,2.341469620982188
207,New Construction,EPDM,0.8121018797128958,2.8179935226037487
207,New Construction,Extruded polystyrene XPS,2.501952161311192,162.61079039804991
207,New Construction,Fasteners,0.24909602166704722,1.2272261288843
207,New Construction,Fiberglass blanket,0.5580437737057501,1.3258964791678542
207,New Construction,Flooring and tile - other,0.9540429353634428,1.217699685089813
207,New Construction,Glass mat gypsum board,15.667447570627262,7.410702700906695
207,New Construction,Glazing - other,0.11603865136077299,0.5767120972630416
207,New Construction,Gypsum board,41.99506887892454,9.905768188417973
207,New Construction,Hardwood,0.7695447479159522,0.46354831112247036
207,New Construction,Hollow structural sections HSS,4.0685742384486545,5.096305870512354
207,New Construction,Hot-rolled sections,36.30393257788826,35.411148734679365
207,New Construction,Insulated glass unit IGU,9.23352788659538,12.37292736803781
207,New Construction,Intumescent,0.034921620131741,0.08835169893330475
207,New Construction,Medium density fiberboard MDF,0.09611714666068354,0.0676664712491212
207,New Construction,Other,0.0018287382780000667,0.004260960187740157
207,New Construction,Paint,0.5648881091435864,1.3557314619446075
207,New Construction,Plate,1.024381961062773,2.3868099692762605
207,New Construction,Precast,1.86343733145374,0.298149973032598
207,New Construction,Ready mix NW 2500,35.83830648371191,4.44395000398027
207,New Construction,Ready mix NW 3000,450.82399490678665,66.27112725129764
207,New Construction,Rebar and reinforcement,17.808305614138984,29.449385784212552
207,New Construction,Roll formed metal panel aluminum,0.5076750123408911,2.853133569355808
207,New Construction,Roll formed metal panel steel,3.8160141284854725,8.89131291937115
207,New Construction,Softwood framing,2.1387762112017663,0.35931440348189686
207,New Construction,Softwood plywood,0.8288426278718206,0.21881445375816067
207,New Construction,Spray applied cementitious,6.938702852364488,7.910121251695517
207,New Construction,Steel - other,1.7698240628903081,4.156119277163905
207,New Construction,Steel door,0.816140819328,2.7241741490601603
207,New Construction,Steel door frame,0.03397291317333344,0.09342551122666694
207,New Construction,Steel framed window,0.005522976,0.022975580160000002
207,New Construction,Suspension assembly,0.2082536535014064,0.5060563780084177
207,New Construction,Synthetic composites,0.206313600600029,0.2496394567260351
207,New Construction,Wall coverings,0.13513632887864846,1.9525129406691633
207,New Construction,Wood or composite door,0.058183625568,0.022241162743392003
209,New Construction,Adhesives and sealants,0.1883515357957607,0.5117656428244108
209,New Construction,Air and vapor barriers,0.2440052864378668,0.49533073146886963
209,New Construction,Aluminum - other,0.015956820953114906,0.056603148336599574
209,New Construction,Aluminum sheet,0.0011076525121655172,0.006225007118370207
209,New Construction,Architectural fiber cement panel,4.9051034302467755,3.1637917125091715
209,New Construction,CMU,1.8705589975300345,0.2095026077233639
209,New Construction,Carpet,0.005504074688193977,0.023007032196650814
209,New Construction,Closed cell spray polyurethane foam,0.0368416907448341,0.11605132584622742
209,New Construction,Coatings - other,0.018482614385025388,0.20015821058325228
209,New Construction,Cold formed steel framing,2.4463482794069167,6.123558917609201
209,New Construction,Concrete - other,26.55413412014684,3.756734491303714
209,New Construction,Extruded polystyrene XPS,0.021823997430852747,1.418419395363721
209,New Construction,Extrusion,1.5771439847302586,12.173021875301814
209,New Construction,Fasteners,0.06577553461152684,0.37890448256758946
209,New Construction,Fiberglass blanket,1.691658229954635,3.484815953706548
209,New Construction,Flooring and tile - other,0.00027520373440969887,0.001524628688629732
209,New Construction,Glazing - other,0.1647691077629069,0.363727464393151
209,New Construction,Gypsum board,94.02176139878385,19.086417563953123
209,New Construction,Hardwood,0.05117518283260547,0.05944189059703817
209,New Construction,Heavy timber framing,0.35134172614717735,0.0667549279679637
209,New Construction,Hollow structural sections HSS,0.486568298910325,1.1920923323302965
209,New Construction,Insulated glass unit IGU,2.896299139331499,3.8810408467042086
209,New Construction,Medium density fiberboard MDF,1.1931704502450247,0.8399919969724973
209,New Construction,Mineral wool high density,0.637345228097604,1.1408479582947109
209,New Construction,Modified bitumen,0.7236163069940249,0.5491268503483943
209,New Construction,Mortar and grout,2.266628456941346,0.42427846369687083
209,New Construction,Paint,1.189468761956073,2.7428352783067993
209,New Construction,Polyisocyanurate PIR,0.7328839286184206,2.1839941072828934
209,New Construction,Ready mix NW 4000,78.00649722926214,12.621744496476062
209,New Construction,Ready mix NW 5000,168.15554188664223,33.04006060594354
209,New Construction,Ready mix NW 6000,277.53099649981675,57.17744897216263
209,New Construction,Rebar and reinforcement,28.522266764784757,49.999076573077524
209,New Construction,Roll formed metal panel steel,12.267043525339185,28.5822114140403
209,New Construction,Softwood framing,8.8246170187445,1.4825362608620372
209,New Construction,Softwood plywood,11.225022622339052,2.9634059722975095
209,New Construction,Spray applied cementitious,0.09035275157346595,0.10300213679375116
209,New Construction,Steel - other,0.711987488253191,1.9011228537041982
209,New Construction,Steel sheet,0.02219914892484678,0.05172401699489301
209,New Construction,Vinyl framed window,0.04502631724137931,0.12067053020689657
209,New Construction,Wood I joists,6.876248226314675,3.16307418410475
21,New Construction,Acoustic ceiling tile fiber,0.16022604166666668,0.18265729166666667
21,New Construction,Aluminum storefront or curtain wall,1.6829,7.459339583333334
21,New Construction,Carpet,0.06038645833333334,0.37741874999999997
21,New Construction,Cold formed steel framing,0.18559479166666668,0.27586770833333335
21,New Construction,Decking,8.509582291666668,26.933783333333334
21,New Construction,Fiberglass blanket,1.296634375,3.2317760416666665
21,New Construction,Flooring and tile - other,0.16442395833333334,0.22669479166666667
21,New Construction,Gypsum board,1.2390864583333332,0.38204270833333337
21,New Construction,Hollow structural sections HSS,3.435017708333333,8.83514375
21,New Construction,Open web joists,15.313467708333334,20.963730208333335
21,New Construction,Paint,0.5230312500000001,1.00945
21,New Construction,Ready mix NW 3000,62.693497916666665,5.828475
21,New Construction,Ready mix unknown,1156.9374520833333,83.75110625
21,New Construction,Rebar and reinforcement,18.439002083333335,18.260511458333333
21,New Construction,Steel door,1.4661958333333334,4.430879166666667
21,New Construction,Synthetic composites,0.04630416666666667,0.14551770833333333
21,New Construction,TPO,1.495003125,5.2026104166666665
21,New Construction,Wood or composite door,0.1390625,0.17369791666666667
210,New Construction,Adhesives and sealants,0.005778397267302026,0.0027072125733078834
210,New Construction,Air and vapor barriers,1.606064041871894e-05,3.2603100049999446e-05
210,New Construction,Aluminum - other,14.435192806894895,81.05739790624904
210,New Construction,Aluminum framed window,0.34382752687758367,2.4218282160792373
210,New Construction,Architectural fiber cement panel,5.395949425295457,3.480037985544313
210,New Construction,Carpet,0.016718332935348856,0.06988263166975822
210,New Construction,Ceramic tile,0.3829415792375946,0.1003306937602498
210,New Construction,Closed cell spray polyurethane foam,0.7462720314585276,2.2279952658957427
210,New Construction,Coatings - other,0.07071410853829765,0.7722601658440933
210,New Construction,Cold formed steel framing,2.346029012399023,5.85666448678508
210,New Construction,Concrete - other,26.436956248632317,3.7335835595808002
210,New Construction,Cross laminated timber CLT,0.0007838852182406959,0.0002908214159672982
210,New Construction,Decking,0.00026907080556274287,0.0006942026783518765
210,New Construction,Extruded polystyrene XPS,0.6718105889677901,43.66336517504824
210,New Construction,Extrusion,2.1069966735651104,16.714794160145765
210,New Construction,Fasteners,0.09219192787581063,0.5328693431221855
210,New Construction,Fiberglass blanket,2.426551580818924,5.127527163306847
210,New Construction,Flooring and tile - other,0.0008359166467674432,0.004630978223091636
210,New Construction,Glass mat gypsum board,0.27223148834896266,0.12876549398905934
210,New Construction,Gypsum board,105.57563751017834,21.431854414566203
210,New Construction,Hollow structural sections HSS,0.19959241416220297,0.4890014146973973
210,New Construction,Hot-rolled sections,0.014748029842144959,0.038049916992733995
210,New Construction,Insulated glass unit IGU,4.887490886060202,6.549237787320671
210,New Construction,Medium density fiberboard MDF,1.499435683466142,1.0556027211601637
210,New Construction,Mineral wool high density,0.3699193797979447,0.662155689838321
210,New Construction,Modified bitumen,1.4690586609064895,1.2074945699139958
210,New Construction,Mortar and grout,0.09765010270558662,0.018754905755285513
210,New Construction,Oriented strand board OSB,1.2989157390588897,0.5091749697110849
210,New Construction,Paint,1.3297064934485912,3.0400660465836116
210,New Construction,Polyisocyanurate PIR,0.003748475711850346,0.011139617337156389
210,New Construction,Ready mix NW 4000,176.2119470413156,30.17666756099732
210,New Construction,Ready mix NW 5000,346.9116373379826,68.16297217418413
210,New Construction,Ready mix NW 6000,43.749883450765566,9.022460968827271
210,New Construction,Rebar and reinforcement,9.834084116186386,18.783100661915995
210,New Construction,Roll formed metal panel steel,0.8645596473955005,2.014423978431516
210,New Construction,Softwood framing,9.453001095415864,1.5881073890723723
210,New Construction,Softwood plywood,7.952856259430296,2.099554052489598
210,New Construction,Spray applied cementitious,0.013013434574841469,0.014835315415319274
210,New Construction,Steel - other,0.524758505543634,1.353874320862423
210,New Construction,Steel sheet,0.5991808199882824,1.3960913105726982
210,New Construction,Vinyl framed window,0.18171885714285715,0.48700653714285724
210,New Construction,Wood I joists,6.556557669271663,3.016016527864964
212,New Construction,Acoustic ceiling tile fiber,1.0106806585699397,3.5272754984090895
212,New Construction,Acoustic ceiling tile steel,0.05185511315060241,0.14882417474222892
212,New Construction,Adhesives and sealants,0.018696651165783132,0.09164034417480511
212,New Construction,Air and vapor barriers,0.322682238661747,0.5462866022621283
212,New Construction,Aluminum - other,0.24872196116620482,1.397817421754071
212,New Construction,Aluminum composite panel ACM,0.4821013735720482,3.832705919897783
212,New Construction,Aluminum door,0.48050352038012045,3.1561900834886445
212,New Construction,Aluminum door frame,0.005249686536144578,0.04593475719126506
212,New Construction,Aluminum framed window,0.0034737329327108437,0.025788657259043373
212,New Construction,Aluminum sheet,0.11896562884451807,0.6685868341061916
212,New Construction,Architectural fiber cement panel,0.9550833613493976,1.7573533848828915
212,New Construction,Built up roofing,0.4361112034337349,0.17313614776319278
212,New Construction,CMU,1.581007241566265,0.1770728110554217
212,New Construction,Ceramic tile,1.7965857360024096,0.47070546283263137
212,New Construction,Coatings - other,0.13789390801385543,2.7181051589463614
212,New Construction,Cold formed steel framing,6.8666534062001805,16.841257304929442
212,New Construction,Concrete - other,4.810656028795181,0.8773520271977944
212,New Construction,Decking,2.390347108486626,6.167095539895497
212,New Construction,Doors and frames - other,0.5789197479193373,2.1922856053555675
212,New Construction,EPDM,0.008777741036144579,0.028264326136385548
212,New Construction,Extruded polystyrene XPS,0.2868567093513855,18.64384018204682
212,New Construction,Extrusion,4.839331148238013,29.106616968581097
212,New Construction,Fasteners,0.039936786667650596,0.18229573127727952
212,New Construction,Fiberglass blanket,1.5307014833405421,3.1585465092659724
212,New Construction,Flooring and tile - other,0.0011235874987349397,0.0016292018731656626
212,New Construction,Glass mat gypsum board,3.284616704795964,1.5536237013684908
212,New Construction,Glazing - other,11.108586805511445,16.53221623776472
212,New Construction,Gypsum board,44.73526327613807,9.897689248954954
212,New Construction,Hardwood,0.0386222439186747,0.04171202343216868
212,New Construction,Hollow structural sections HSS,6.111321813307772,15.787184686957046
212,New Construction,Hot-rolled sections,12.04439378800259,31.57752530290326
212,New Construction,Insulated glass unit IGU,2.2289817451250604,2.787713255572281
212,New Construction,Insulation - other,0.0001343295219879518,0.0012519511449277107
212,New Construction,Intumescent,0.8391708346537953,2.1231022116741016
212,New Construction,Loose-fill cellulose,0.434365804753494,0.7384218680809398
212,New Construction,Mineral wool high density,2.13431295522994,3.820420189861592
212,New Construction,Modified bitumen,1.1871029518048193,0.769485332788265
212,New Construction,Mortar and grout,0.8067895193746385,0.16233856691336415
212,New Construction,Open web joists,0.4476153185542169,0.6177091396048192
212,New Construction,Oriented strand board OSB,0.0655173016692771,0.025682782254356627
212,New Construction,Paint,0.6285505086322891,1.5103791687207018
212,New Construction,Plate,0.5147084220916868,1.297317525573359
212,New Construction,Polyisocyanurate PIR,0.9284440621554217,2.330394596010109
212,New Construction,Ready mix LW 4000,2.9561482266331325,0.8764610480135485
212,New Construction,Ready mix NW 3000,11.599648273554218,1.5588557308493916
212,New Construction,Ready mix NW 4000,672.0187429021747,107.16326087095706
212,New Construction,Ready mix NW 5000,514.7519496599639,99.48532921025705
212,New Construction,Rebar and reinforcement,32.840687863799396,32.24992994433725
212,New Construction,Roofing and waterproofing - other,0.15919949942963857,0.1030407775551835
212,New Construction,Softwood framing,0.8501854351439759,0.14283115310418795
212,New Construction,Softwood plywood,0.7926684109598795,0.2092644604934082
212,New Construction,Steel - other,2.636042093475542,6.3594417145034985
212,New Construction,Steel door,0.09804995158554217,0.2124283022823976
212,New Construction,Steel door frame,0.0023266977524698793,0.006398418819292169
212,New Construction,Steel sheet,4.488803050292771,13.835017638669724
212,New Construction,Suspension assembly,0.43932197862198796,1.067552408051431
212,New Construction,Synthetic composites,1.648408088307229,2.4766692065874096
212,New Construction,Wall coverings,0.0031311956690361444,0.06231079381381928
212,New Construction,Wood and composites - other,0.32737869322891566,0.08536638483187951
212,New Construction,Wood or composite door,0.7502262284012048,0.40811184488827107
213,New Construction,Aluminum storefront or curtain wall,0.9277661016949152,8.918138983050847
213,New Construction,Asphalt shingles,2.9464847457627115,1.1832338983050847
213,New Construction,Brick clay,72.9064406779661,17.29808474576271
213,New Construction,Cross laminated timber CLT,24.48208474576271,6.782349152542373
213,New Construction,Decking,0.32782033898305085,0.7769322033898305
213,New Construction,Extruded polystyrene XPS,3.749471186440678,17.72620338983051
213,New Construction,Fiberglass framed window,18.878640677966104,25.111925423728813
213,New Construction,Glass mat gypsum board,8.38724406779661,2.6253593220338987
213,New Construction,Glue laminated timber GLT,11.604806779661015,2.7127694915254237
213,New Construction,Hollow structural sections HSS,7.667606779661017,18.32557966101695
213,New Construction,Hot-rolled sections,12.001172881355933,14.509108474576273
213,New Construction,Laminated veneer lumber LVL,11.873986440677967,7.831847457627119
213,New Construction,Mineral wool high density,14.3648406779661,16.510657627118647
213,New Construction,Precast,17.954928813559324,5.474257627118644
213,New Construction,Ready mix NW 3000,109.84686779661017,12.061186440677966
213,New Construction,Ready mix NW 4000,164.36659322033898,21.51832881355932
213,New Construction,Ready mix NW 5000,10.671277966101695,1.6808576271186442
213,New Construction,Ready mix unknown,1.7035559322033897,2.144342372881356
213,New Construction,Rebar and reinforcement,4.337769491525424,2.552138983050847
213,New Construction,Roofing and waterproofing - other,1.1309389830508474,1.808522033898305
213,New Construction,Softwood framing,24.928254237288137,7.285098305084745
213,New Construction,Softwood plywood,20.48542033898305,9.282772881355932
213,New Construction,Steel door,0.7460440677966103,2.059077966101695
213,New Construction,Steel sheet,0.6758949152542373,1.8612779661016952
213,New Construction,Stone masonry,0.059888135593220336,0.014437288135593222
213,New Construction,TPO,1.575033898305085,4.29691186440678
213,New Construction,Wood and composites - other,1.4984203389830508,2.7053152542372882
214,New Construction,Aluminum - other,0.22457651612903226,2.757338322580645
214,New Construction,Aluminum sheet,1.8560567741935483,19.470209806451614
214,New Construction,Brick clay,2.603173419354839,0.6176397419354839
214,New Construction,CMU,61.89993341935484,5.723826064516129
214,New Construction,Cold formed steel framing,3.514254451612903,5.223588129032258
214,New Construction,Extruded polystyrene XPS,0.44493677419354843,2.103507870967742
214,New Construction,Extrusion,2.4217633548387094,15.910983741935485
214,New Construction,Glass mat gypsum board,0.9326720000000001,0.30999535483870966
214,New Construction,Gypsum board,1.5482727741935483,0.4133174193548387
214,New Construction,Hollow structural sections HSS,4.929735483870967,11.782068387096773
214,New Construction,Hot-rolled sections,74.6274993548387,110.96247148387096
214,New Construction,Insulated glass unit IGU,0.001177032258064516,0.002674064516129032
214,New Construction,Mineral wool high density,1.890020129032258,1.6912668387096774
214,New Construction,PVC,0.10738632258064516,0.3952872258064516
214,New Construction,Ready mix NW 3000,236.17897006451614,25.93245083870968
214,New Construction,Ready mix NW 4000,894.6625832258064,117.12586425806452
214,New Construction,Ready mix NW 5000,112.9545695483871,17.985611612903224
214,New Construction,Rebar and reinforcement,59.79235329032258,44.38518916129031
214,New Construction,Roofing and waterproofing - other,0.3448954838709678,0.6741450322580645
214,New Construction,Softwood plywood,0.08790141935483871,0.05212670967741936
214,New Construction,Steel door,0.04911458064516129,0.13555561290322582
214,New Construction,Steel sheet,20.81512748387097,26.0785504516129
214,New Construction,Stone masonry,0.19369341935483872,0.04668877419354839
214,New Construction,TPO,0.28393832258064516,0.8988676129032258
215,New Construction,Acoustic ceiling tile fiber,1.586487658351968,4.705814406668847
215,New Construction,Adhesives and sealants,0.10443865063579788,0.17008441820300052
215,New Construction,Air and vapor barriers,0.3026036188829787,0.24510893129521275
215,New Construction,Aluminum - other,1.7022829911788298,9.58703152209978
215,New Construction,Aluminum door,0.044987300015585104,0.45318135845899843
215,New Construction,Aluminum door frame,0.07518640337712766,0.657881029549867
215,New Construction,Aluminum framed window,0.1541641859680851,1.5675588023744682
215,New Construction,Aluminum sheet,0.06746994378702127,0.38123437870672977
215,New Construction,CMU,26.507502495271275,2.968840279470383
215,New Construction,Carpet,0.0518608447712766,0.21677833114393616
215,New Construction,Ceramic tile,0.09767796831234044,0.02559162769783319
215,New Construction,Coatings - other,0.029921851563776598,0.31794670633777555
215,New Construction,Cold formed steel framing,2.52172282326133,6.142915225172176
215,New Construction,Concrete - other,0.0422806085,0.0065960180371589785
215,New Construction,Decking,21.382385896975002,52.88974913062511
215,New Construction,Doors and frames - other,0.37161346305398935,2.1314365968947118
215,New Construction,Expanded polystyrene EPS,1.5494378041271275,5.035672863413165
215,New Construction,Extruded polystyrene XPS,0.24547678519840427,15.954411392328755
215,New Construction,Extrusion,0.6114222423097341,5.888304207069294
215,New Construction,Fasteners,0.005805689370851064,0.03335328832359202
215,New Construction,Flooring and tile - other,0.3557823707601064,0.8380397497252446
215,New Construction,Glass mat gypsum board,7.275290799294575,3.4412125480663334
215,New Construction,Glazing - other,0.746290836324468,0.9268284589973403
215,New Construction,Gypsum board,47.44015795908383,11.519165806874378
215,New Construction,Hardwood,1.1824466842484045,0.4650468808202059
215,New Construction,Hollow structural sections HSS,12.794225262848299,31.34585189397833
215,New Construction,Hot-rolled sections,55.77537642908176,54.49126066775999
215,New Construction,Insulated glass unit IGU,1.6347403607340425,2.190552083383617
215,New Construction,Insulated metal panel IMP,0.0020211305988297873,0.009008585568770398
215,New Construction,Intumescent,0.09167232593244681,0.2319309846090904
215,New Construction,Mineral wool high density,2.671381143404787,4.781772246694569
215,New Construction,Mineral wool low density,1.0406974809668086,1.1659238506240912
215,New Construction,Mortar and grout,3.0806560636643083,0.7641869592700347
215,New Construction,Paint,0.7179738164142553,1.725052849866903
215,New Construction,Plate,0.7297542942223403,1.7280507755032128
215,New Construction,Polyisocyanurate PIR,0.13193107379521277,0.3403821703916489
215,New Construction,Ready mix LW 4000,124.86088927531917,34.68468910609909
215,New Construction,Ready mix NW 4000,649.8426292599771,98.19314682924724
215,New Construction,Ready mix NW 5000,13.51172968643617,2.4344602671240727
215,New Construction,Rebar and reinforcement,16.55607475760005,29.474872199063444
215,New Construction,Roll formed metal panel steel,0.15548160277872344,0.3622721344744255
215,New Construction,Softwood plywood,0.41542885108829786,0.10967321668731064
215,New Construction,Spray applied cementitious,6.641739573542819,7.5715831138388126
215,New Construction,Steel - other,0.29541408133654257,0.4509564478095225
215,New Construction,Steel door,1.0636100871361702,3.256936082365931
215,New Construction,Steel door frame,0.00015730274042553193,0.0004325825361702128
215,New Construction,Steel sheet,0.13120919473404255,0.3057174237303192
215,New Construction,Stone masonry,0.043036442886170215,0.02401433513048298
215,New Construction,Suspension assembly,0.5808336737962234,1.4114258273248228
215,New Construction,TPO,0.7522346145374468,2.3996284203744556
215,New Construction,Wood and composites - other,0.09994790659574468,0.023587705956595744
215,New Construction,Wood or composite door,0.4439736213106383,0.11720903602600852
216,New Construction,Acoustic ceiling tile fiber,0.4054581318095238,0.5514230592609524
216,New Construction,Acoustic ceilings - other,0.9007509176190477,1.4141789406619047
216,New Construction,Adhesives and sealants,0.010411900931428571,0.028528608552114292
216,New Construction,Air and vapor barriers,0.25945995855238096,0.6797850914072382
216,New Construction,Aluminum door,0.25043051604761907,0.9816876229066667
216,New Construction,Aluminum door frame,0.06105035142857143,0.534190575
216,New Construction,Aluminum storefront or curtain wall,1.8898177152380953,18.898177152380953
216,New Construction,Built up roofing,0.5013131535761904,2.8173799230981906
216,New Construction,CMU,0.12152646661904762,0.013610964261333333
216,New Construction,Coatings - other,0.11532808336904761,1.0126499976735666
216,New Construction,Cold formed steel framing,8.312585667414286,20.347625740170717
216,New Construction,Decking,13.606538652666666,35.10486972388
216,New Construction,Doors and frames - other,0.32736884468047617,1.6672073305341142
216,New Construction,Extruded polystyrene XPS,0.9997818311333333,64.9793854175855
216,New Construction,Extrusion,1.559818129209524,14.131952250638287
216,New Construction,Fasteners,0.008346441709047619,0.03558948281742381
216,New Construction,Fiberglass blanket,0.04330046358095238,0.0891989549767619
216,New Construction,Glass mat gypsum board,17.002638857638097,8.042248179662819
216,New Construction,Glazing - other,1.7681561672380952,2.7551702413090475
216,New Construction,Gypsum board,40.822616344404764,9.689989195031933
216,New Construction,Hardwood,4.721715551857143,2.5594077139512286
216,New Construction,Heavy timber framing,0.0315047392,0.005985900448
216,New Construction,Hollow structural sections HSS,12.557381240820476,32.39804360131683
216,New Construction,Hot-rolled sections,64.48769272638096,62.247988550073906
216,New Construction,Insulated glass unit IGU,8.345692139910952,11.038155763420999
216,New Construction,Intumescent,4.589376378252381,11.611122236978524
216,New Construction,Mineral wool high density,0.5537630916190476,0.7032791263561905
216,New Construction,Mineral wool low density,7.372537465711905,9.101767090053775
216,New Construction,Modified bitumen,4.3349786041571425,3.5633524126171716
216,New Construction,Mortar and grout,0.1466857802095238,0.025148236896834285
216,New Construction,Other,1.4681729394457144,4.169611148025828
216,New Construction,Paint,1.1988572284833334,2.841009559119238
216,New Construction,Plate,1.916069748333333,4.943459950699999
216,New Construction,Polyisocyanurate PIR,1.0834622163333334,2.7194901629966663
216,New Construction,Ready mix LW 3000,213.3756408604762,54.213529280591615
216,New Construction,Ready mix LW 5000,0.7843954928571428,0.25438620605594514
216,New Construction,Ready mix NW 5000,394.1637471519524,82.0642966329705
216,New Construction,Rebar and reinforcement,51.63132424551857,48.223656845314345
216,New Construction,Roofing and waterproofing - other,0.17014264604761906,0.16435779608200002
216,New Construction,Softwood framing,0.10833372492380952,0.0182000657872
216,New Construction,Softwood plywood,0.17999472676190476,0.04751860786514286
216,New Construction,Steel door,0.11537249390904761,0.3205248249631715
216,New Construction,Steel door frame,0.018483072,0.050828448
216,New Construction,Steel sheet,0.23702559484285715,0.5522696359838571
216,New Construction,Stucco finish,47.74772743018095,22.871161439056674
216,New Construction,Suspension assembly,0.9041276872823809,2.1970302800961856
216,New Construction,TPO,0.4100285051952381,1.3079909315728095
216,New Construction,Wall coverings,0.025376597835714283,0.012459909537335714
216,New Construction,Wood and composites - other,2.339701795238095,0.5521696236761905
216,New Construction,Wood or composite door,0.7444081700904762,0.25459492023074287
217,New Construction,Acoustic ceiling tile fiber,1.5075670565408803,5.261409027327674
217,New Construction,Adhesives and sealants,0.0010419900366037736,0.0026987541948037736
217,New Construction,Air and vapor barriers,0.7611082208695598,0.6164976589043434
217,New Construction,Aluminum - other,0.21446582852830187,1.2052979563290567
217,New Construction,Brick clay,48.38603432426415,12.677140992957208
217,New Construction,Coatings - other,0.06124092908188679,1.0108934474295095
217,New Construction,Cold formed steel framing,1.3858367337627673,3.4934369691077536
217,New Construction,Decking,11.179460289308176,26.495320885660377
217,New Construction,Extrusion,1.0904998263047798,8.331261010743487
217,New Construction,Fasteners,0.033170319525031446,0.19172444685468176
217,New Construction,Glass mat gypsum board,4.559247104113208,2.156523880245547
217,New Construction,Gypsum board,50.73892088017107,12.366824382551467
217,New Construction,Hardwood,0.9693029998867924,0.5598733128283145
217,New Construction,Hollow structural sections HSS,11.022261979029308,27.004541848621805
217,New Construction,Hot-rolled sections,71.53814625419749,69.24892557406316
217,New Construction,Intumescent,0.09858740752251573,0.24942614103196478
217,New Construction,Mineral wool high density,5.859467662836478,10.488447116477296
217,New Construction,Mineral wool low density,1.0295393792981131,1.554604462740151
217,New Construction,Mortar and grout,7.497895137836478,1.8444822039077735
217,New Construction,Paint,0.7738147880455346,1.8602652545302492
217,New Construction,Ready mix LW 4000,693.3818544083522,204.10031133680997
217,New Construction,Rebar and reinforcement,19.789345512066166,37.797649928046376
217,New Construction,Softwood framing,99.61238222641511,16.734880214037737
217,New Construction,Softwood plywood,0.6272154518238993,0.16558487928150945
217,New Construction,Spray applied cementitious,50.01070129955849,57.01219948149668
217,New Construction,Suspension assembly,0.627452658254088,1.524709959557434
217,New Construction,TPO,0.016539768295597487,0.05276186086295598
217,New Construction,Terracotta units,11.999663293913207,3.467902691940917
218,New Construction,Acoustic ceiling tile fiber,0.7127419835545454,0.969329097634182
218,New Construction,Adhesives and sealants,0.005718351465727273,0.013425385123588181
218,New Construction,Air and vapor barriers,0.9841861295818182,2.114726183602182
218,New Construction,Aluminum - other,0.031163018900000002,0.175136166218
218,New Construction,Aluminum composite panel ACM,0.017705326327272727,0.14075734430181816
218,New Construction,Aluminum door,0.24282037336363635,1.396675968265909
218,New Construction,Aluminum door frame,0.013024234335090909,0.11396205043204545
218,New Construction,Aluminum sheet,0.45265785252727275,2.555619481303273
218,New Construction,CMU,98.42239661054546,11.023308420381092
218,New Construction,Carpet,0.06916398461818182,0.289105455704
218,New Construction,Ceramic tile,2.526243742279091,0.6618758604771218
218,New Construction,Closed cell spray polyurethane foam,0.08090497881909091,0.2548506832801364
218,New Construction,Coatings - other,0.22803589879181818,2.4156613951778265
218,New Construction,Cold formed steel framing,3.1709190799454547,7.842375303672628
218,New Construction,Concrete - other,2.0058440902727273,0.31292321157505715
218,New Construction,Decking,13.605123507272728,32.24414271223637
218,New Construction,Doors and frames - other,0.15964735139763636,1.238020283337991
218,New Construction,Extruded polystyrene XPS,1.9378346112672729,125.94677974727087
218,New Construction,Extrusion,0.513362625574,4.803577536762703
218,New Construction,Fasteners,0.19945959207263636,1.1505988624562864
218,New Construction,Flooring and tile - other,0.0206286138,0.041050941462
218,New Construction,Glass mat gypsum board,21.23548873830909,10.0443861732202
218,New Construction,Glazing - other,0.015249393918181819,0.023179078755636365
218,New Construction,Gypsum board,5.8433192704685455,1.4054841140353433
218,New Construction,Hardwood,0.0028891141835454544,0.0020223799284818183
218,New Construction,Hollow structural sections HSS,7.943577109407182,19.462504885706434
218,New Construction,Hot-rolled sections,40.693374029133636,39.39118606020136
218,New Construction,Insulated glass unit IGU,2.2087772167378183,3.4046638100256543
218,New Construction,Insulated metal panel IMP,2.084759342318182,7.527958378172741
218,New Construction,Mineral wool high density,0.03652263956363636,0.0653755248189091
218,New Construction,Mineral wool low density,1.5289678276202727,2.3087414197066116
218,New Construction,Modified bitumen,0.5772371784363637,0.47448896067469093
218,New Construction,Mortar and grout,41.72895671243073,6.470833063161655
218,New Construction,PVC,1.3890385633672726,4.306019546438546
218,New Construction,Paint,0.026412989890000002,0.063391175736
218,New Construction,Polyisocyanurate PIR,4.310271204445455,11.336743332953818
218,New Construction,Precast,47.92593314727273,10.968538906197487
218,New Construction,Ready mix NW 2500,3.4545238845454547,0.3967603691099032
218,New Construction,Ready mix NW 3000,301.2220839986091,37.90972945113063
218,New Construction,Ready mix NW 4000,149.78329029218182,22.21529121451674
218,New Construction,Ready mix NW 5000,3.0270163781818185,0.5341377122037255
218,New Construction,Rebar and reinforcement,11.586566694272728,24.05686421736091
218,New Construction,Resilient flooring vinyl,0.9726103943636363,2.450978193796364
218,New Construction,Roll formed metal panel steel,1.0033080832181818,2.3377078338983637
218,New Construction,Softwood plywood,0.058376252990909094,0.0154113307896
218,New Construction,Steel - other,1.1226792503,2.745371676684182
218,New Construction,Steel door,0.3780459950781818,1.1529057808867635
218,New Construction,Steel door frame,0.022337929236363636,0.0614293054
218,New Construction,Steel sheet,1.4521334041272729,3.3834708316165454
218,New Construction,Stucco finish,0.0010980273518181817,0.0027560486530636362
218,New Construction,Suspension assembly,0.15147457714818183,0.3680832224700818
218,New Construction,Wood door frame,0.0030264,0.013316159999999999
218,New Construction,Wood or composite door,0.016095763636363638,0.008160552163636363
219,New Construction,Acoustic ceiling tile fiber,0.9193085297972973,1.2502596005243245
219,New Construction,Adhesives and sealants,0.049018108010135134,0.28411122974861486
219,New Construction,Air and vapor barriers,1.0303423249114865,2.099141156561939
219,New Construction,Aluminum door,0.3197853986689189,1.4008998019605405
219,New Construction,Aluminum door frame,0.028586284898648645,0.25012999286317567
219,New Construction,Aluminum sheet,1.5448222845243242,8.681901239026702
219,New Construction,CMU,48.40873609391892,5.421778442518919
219,New Construction,Carpet,0.008375422533783783,0.035009266191216214
219,New Construction,Ceramic tile,3.6982977921722973,0.9981849576685676
219,New Construction,Cladding - other,1.9281169680263512,6.42062950352775
219,New Construction,Coatings - other,0.23665352294141892,2.7213255618035204
219,New Construction,Cold formed steel framing,4.681870646545946,11.475184344819251
219,New Construction,Decking,18.54042065108108,43.94079694306217
219,New Construction,Doors and frames - other,0.08315036859918919,0.6622967807914865
219,New Construction,Extruded polystyrene XPS,0.3302484680732432,21.464025272566275
219,New Construction,Extrusion,1.2188240672285813,10.27821549160408
219,New Construction,Fasteners,0.025494635818243242,0.11845420709516014
219,New Construction,Fiberglass blanket,0.01270670970831081,0.04434641688200473
219,New Construction,Flooring and tile - other,0.20360786422162164,0.40517964980102705
219,New Construction,Glass mat gypsum board,20.400797770235812,9.649577345321537
219,New Construction,Glazing - other,0.7774893335135136,1.1817837869405405
219,New Construction,Gypsum board,11.667783004097297,2.647004619709669
219,New Construction,Hardwood,1.6907457578108107,0.8640615782756486
219,New Construction,Hollow structural sections HSS,49.436188172725,121.11866102317624
219,New Construction,Hot-rolled sections,33.04132883734257,31.984006314547603
219,New Construction,Insulated glass unit IGU,6.468189614098919,10.225582794255043
219,New Construction,Medium density fiberboard MDF,1.9296850694797296,1.3584982889137298
219,New Construction,Mineral wool high density,0.008194032191891892,0.014667317623486487
219,New Construction,Mineral wool low density,1.1360014381716217,1.7153621716391487
219,New Construction,Modified bitumen,7.373797994031757,4.894181821684634
219,New Construction,Mortar and grout,39.142236144224256,7.379200815981958
219,New Construction,Plate,1.487725999897973,3.466401579762277
219,New Construction,Polyisocyanurate PIR,7.2207204239209455,18.89621747544753
219,New Construction,Ready mix LW 3000,1.5626041168918918,0.385167193767395
219,New Construction,Ready mix NW 4000,515.8130836202703,76.50344602878772
219,New Construction,Ready mix NW 5000,479.64695977169595,84.63698168419273
219,New Construction,Rebar and reinforcement,33.56106261263784,64.10162959013827
219,New Construction,Resilient flooring vinyl,1.2078593834256757,3.000178317337703
219,New Construction,Roll formed metal panel aluminum,0.042289996571756756,0.27319337785354864
219,New Construction,Roll formed metal panel steel,0.585301740981081,1.363753056485919
219,New Construction,Roofing and waterproofing - other,0.46166144352297295,0.22298247722159592
219,New Construction,Softwood framing,0.11815934614864865,0.019850770152972975
219,New Construction,Softwood plywood,1.472790051010135,0.3888165734666757
219,New Construction,Steel - other,0.7149676726094595,1.975239899574919
219,New Construction,Steel sheet,4.059588839121622,18.989738635848646
219,New Construction,Stone masonry,3.2610533372905404,1.001143374548196
219,New Construction,Stucco finish,0.0005560520047972973,0.0013956905320412162
219,New Construction,Suspension assembly,0.03472762488513514,0.08438812847087837
219,New Construction,Synthetic composites,0.07956218577324324,0.23232158245787027
22,New Construction,Aluminum - other,0.008880675448930751,0.014564307736246429
22,New Construction,Aluminum storefront or curtain wall,1.60746095500653,16.0746095500653
22,New Construction,Ceramic tile,6.89108558769055,1.805464423974924
22,New Construction,Coatings - other,0.00867269657677445,0.17518847085084388
22,New Construction,Cold formed steel framing,3.8063661604976375,9.325597093219212
22,New Construction,Doors and frames - other,0.2828635891104,2.232256482058752
22,New Construction,Fiberglass blanket,0.58814589777839,2.052629183246581
22,New Construction,Gypsum board,14.58966690239306,2.961702381185791
22,New Construction,Hollow structural sections HSS,0.46551200760315503,1.14050441862773
22,New Construction,Insulated glass unit IGU,7.646369935721247,10.802683348590634
22,New Construction,Mortar and grout,1.5809419260737891,0.8480705689083727
22,New Construction,Paint,0.04594827656659105,0.11027586375981852
22,New Construction,Ready mix NW 4000,2026.0113555023984,347.3902668954966
22,New Construction,Rebar and reinforcement,80.01323244072545,152.82527396178557
22,New Construction,Softwood framing,7.301862577632602,1.2267129130422774
22,New Construction,Softwood plywood,3.023623448327394,0.7982365903584321
22,New Construction,Spray applied cementitious,0.512294169883885,0.584015353667629
22,New Construction,Steel door,1.0790688095999998,2.324378318976
22,New Construction,Synthetic composites,1.16413702656,5.4481612843008
22,New Construction,Wood framed window,0.0548132,0.24117808000000004
220,New Construction,Aluminum - other,0.5076779661016949,6.23328813559322
220,New Construction,Aluminum framed window,0.12506779661016948,1.2954576271186442
220,New Construction,CMU,91.83794915254236,10.540983050847458
220,New Construction,Cold formed steel framing,13.920135593220339,20.690881355932202
220,New Construction,Decking,3.8458813559322036,8.922457627118645
220,New Construction,EPDM,2.38564406779661,8.11649152542373
220,New Construction,Extruded polystyrene XPS,3.3016779661016944,92.41872881355933
220,New Construction,Extrusion,4.164440677966102,41.436237288135594
220,New Construction,Fiberglass blanket,1.2635593220338983,3.0565084745762716
220,New Construction,Flooring and tile - other,2.480762711864407,0.9763220338983051
220,New Construction,Glass mat gypsum board,9.872288135593221,3.5439830508474577
220,New Construction,Glazing - other,1.4949322033898302,1.8523389830508474
220,New Construction,Gypsum board,34.426,10.69257627118644
220,New Construction,Hollow structural sections HSS,39.920203389830505,79.4412033898305
220,New Construction,Hot-rolled sections,148.7213220338983,181.44
220,New Construction,Insulated glass unit IGU,0.5015762711864407,1.354271186440678
220,New Construction,Mineral wool high density,9.373661016949153,12.806542372881355
220,New Construction,Mortar and grout,1.2767627118644067,0.6677966101694915
220,New Construction,Oriented strand board OSB,3.0439152542372883,1.1909491525423728
220,New Construction,Precast,85.50915254237289,26.736745762711866
220,New Construction,Ready mix LW 4000,290.71133898305084,69.37705084745762
220,New Construction,Ready mix NW 4000,933.199372881356,122.17135593220338
220,New Construction,Ready mix NW 5000,75.34208474576272,12.752779661016948
220,New Construction,Ready mix unknown,167.33155932203388,0.4836101694915254
220,New Construction,Rebar and reinforcement,26.16091525423729,23.01449152542373
220,New Construction,Resilient flooring rubber,0.3813050847457627,1.089457627118644
220,New Construction,Roll formed metal panel aluminum,1.844220338983051,8.068661016949152
220,New Construction,Roofing and waterproofing - other,0.395135593220339,1.1242881355932206
220,New Construction,Softwood plywood,5.472271186440678,2.4797118644067795
220,New Construction,Steel door,1.8607627118644068,5.135728813559322
220,New Construction,Steel door frame,0.576271186440678,1.1813559322033897
220,New Construction,TPO,0.2783389830508475,0.9036610169491526
222,New Construction,Aluminum - other,3.020986387434555,37.09152837696335
222,New Construction,Aluminum framed glass entrances,0.06512544502617801,0.718909947643979
222,New Construction,Aluminum sheet,1.0733183246073297,11.938953089005235
222,New Construction,CMU,0.11136314136125655,0.013215706806282722
222,New Construction,Cold formed steel framing,7.286816544502618,10.831123979057592
222,New Construction,Decking,6.423366492146597,15.604611099476442
222,New Construction,Extrusion,2.288030785340314,15.03236062827225
222,New Construction,Glass mat gypsum board,0.8702739267015707,0.3106498429319372
222,New Construction,HDPE,0.0014441884816753926,0.0019174869109947644
222,New Construction,Hollow structural sections HSS,5.947615916230366,14.214801884816755
222,New Construction,Hot-rolled sections,0.022784502617801048,0.0493269109947644
222,New Construction,Insulated glass unit IGU,2.243882931937173,5.098026806282722
222,New Construction,Mineral wool high density,1.5450360209424083,1.4088580104712043
222,New Construction,Polyisocyanurate PIR,1.187746387434555,7.303541361256545
222,New Construction,Ready mix NW 4000,437.71551664921463,60.80522282722513
222,New Construction,Ready mix NW 5000,56.11985968586387,10.489323560209424
222,New Construction,Ready mix NW 6000,73.24356083769634,12.816402303664923
222,New Construction,Ready mix NW 8000,36.86654890052356,5.909707853403141
222,New Construction,Rebar and reinforcement,30.125571518324605,17.755955392670156
222,New Construction,Roofing and waterproofing - other,0.14650638743455496,0.33107560209424086
222,New Construction,Steel - other,92.36381863874345,82.23620586387435
222,New Construction,Steel door,0.000446282722513089,0.0012316230366492147
222,New Construction,Steel sheet,0.31146492146596855,0.8705528795811518
222,New Construction,TPO,0.10484942408376964,0.3648758115183246
222,New Construction,Windows and frames - other,0.11788837696335079,0.45329068062827227
223,New Construction,Aluminum framed window,0.007212121212121212,0.07470636363636364
223,New Construction,Aluminum storefront or curtain wall,11.175256060606062,56.90993030303031
223,New Construction,CMU,58.86599878787879,10.470514848484848
223,New Construction,Closed cell spray polyurethane foam,0.04808272727272727,0.8905366666666666
223,New Construction,Cold formed steel framing,6.021867272727272,8.997032727272726
223,New Construction,Decking,8.923696666666666,21.69182393939394
223,New Construction,Extruded polystyrene XPS,0.4815051515151515,11.941329696969698
223,New Construction,Extrusion,0.06598969696969696,0.7365975757575758
223,New Construction,Fiberglass blanket,7.902619696969698,24.76266121212121
223,New Construction,Glass mat gypsum board,17.977217575757578,7.105345151515151
223,New Construction,Glazing - other,0.014985151515151517,0.034166363636363634
223,New Construction,Gypsum board,7.6666,2.1004212121212125
223,New Construction,Hollow structural sections HSS,5.273472424242424,11.650290303030303
223,New Construction,Hot-rolled sections,88.9589493939394,132.42168393939394
223,New Construction,Insulated glass unit IGU,6.23669696969697,12.297520303030304
223,New Construction,Mineral wool high density,0.3025836363636364,0.508709696969697
223,New Construction,PVC,0.18491212121212122,0.525890303030303
223,New Construction,Plate,0.0004924242424242425,0.000723939393939394
223,New Construction,Precast,1.4583772727272728,0.28502090909090905
223,New Construction,Ready mix NW 4000,910.0195963636364,119.13673212121212
223,New Construction,Ready mix NW 5000,407.4895375757576,64.18469606060606
223,New Construction,Ready mix NW 6000,245.55295787878788,40.85080393939394
223,New Construction,Rebar and reinforcement,84.6858193939394,47.61793848484848
223,New Construction,Roll formed metal panel aluminum,3.8144848484848484,24.609027878787877
223,New Construction,Roofing and waterproofing - other,1.8372763636363638,4.597698787878787
223,New Construction,Softwood plywood,0.1471318181818182,0.06667151515151515
223,New Construction,Steel - other,0.23320181818181818,0.7299536363636364
223,New Construction,Steel door,0.22145363636363635,0.6112118181818181
223,New Construction,Steel sheet,0.012683939393939393,0.03546696969696969
223,New Construction,Stone masonry,4.957005454545454,0.968079090909091
223,New Construction,TPO,1.1751133333333332,3.774779393939394
224,New Construction,Acoustic ceiling tile fiber,0.8641590731176471,1.1752563394400002
224,New Construction,Adhesives and sealants,0.17919297086784314,0.09612837163466413
224,New Construction,Air and vapor barriers,0.43649956956862745,0.8860941262243136
224,New Construction,Aluminum - other,3.2403949602760784,17.625310035050415
224,New Construction,Aluminum door,0.1722097066745098,0.6922830208315294
224,New Construction,Aluminum sheet,0.03645440337254902,0.25955535201254903
224,New Construction,Aluminum storefront or curtain wall,0.022084108431372547,0.22084108431372548
224,New Construction,Carpet,0.46209070633137256,1.9315391524651373
224,New Construction,Ceramic tile,2.6178791614509804,0.6869207585635686
224,New Construction,Coatings - other,0.40210242265784313,1.558692821572094
224,New Construction,Cold formed steel framing,9.344011554204313,23.7470133123448
224,New Construction,Concrete - other,3.250291645098039,0.5070641856323757
224,New Construction,Cross laminated timber CLT,86.78137516764707,43.51198802926058
224,New Construction,Decking,0.05814795199215686,0.13781064622141176
224,New Construction,Doors and frames - other,0.28490847621921567,2.1065941678833355
224,New Construction,Expanded polystyrene EPS,1.3366117235294117,4.343988101470588
224,New Construction,Extrusion,2.35997470126098,22.272841244257222
224,New Construction,Fasteners,0.02561677361098039,0.13014878384336276
224,New Construction,Fiberglass blanket,1.4742010208294116,3.1124928496761766
224,New Construction,Flooring and tile - other,0.027367779965490197,0.15161750100881569
224,New Construction,Glass mat gypsum board,5.147725143137255,2.434873992703922
224,New Construction,Glazing - other,0.016360465868627452,0.024867908120313725
224,New Construction,Glue laminated timber GLT,103.96625397937451,38.571480226347944
224,New Construction,Gypsum board,46.204331079009805,9.41373511208507
224,New Construction,Hardwood,2.0109062627137253,1.246184221870196
224,New Construction,Hollow structural sections HSS,0.11884898513529413,0.2911800135814706
224,New Construction,Insulated glass unit IGU,5.170363409039216,6.928286968112549
224,New Construction,Mineral wool high density,3.3107566974313727,5.926254488402157
224,New Construction,Mortar and grout,0.46424864521568626,0.2953138379881765
224,New Construction,Oriented strand board OSB,0.21388444196078435,0.08384270124862744
224,New Construction,Paint,0.407704558187451,0.9751520388941823
224,New Construction,Polyisocyanurate PIR,7.805393465411765,20.149724738621178
224,New Construction,Ready mix NW 5000,845.1010873164902,152.265110871826
224,New Construction,Rebar and reinforcement,37.90956575157255,72.40727058550357
224,New Construction,Resilient flooring vinyl,0.23447845607843137,0.3235802693882353
224,New Construction,Softwood framing,0.17527465388235294,0.029446141852235295
224,New Construction,Softwood plywood,4.293545549333333,1.133496025024
224,New Construction,Steel - other,1.1357910741568626,2.6479668701313726
224,New Construction,Steel door,0.06444998115294118,0.15896071645317647
224,New Construction,Steel sheet,10.843333184313726,25.264966319450977
224,New Construction,Stone masonry,0.5945943441176471,0.33178364401764704
224,New Construction,Suspension assembly,0.2626176893156863,0.6381609850371177
224,New Construction,Synthetic composites,2.004687247627451,2.4211859025939217
224,New Construction,TPO,0.864440324,2.8526530692
224,New Construction,Wood framed window,0.0012431058823529411,0.005469665882352941
224,New Construction,Wood or composite door,0.8410691337901961,0.23533964560147452
225,New Construction,Acoustic ceiling tile aluminum,0.02334971278608,0.15761056130604
225,New Construction,Acoustic ceiling tile fiber,1.2930790882284,4.512846017917116
225,New Construction,Adhesives and sealants,0.02199862683996,0.043662688824668366
225,New Construction,Aluminum composite panel ACM,1.643661994009,13.06711285237155
225,New Construction,Aluminum door frame,0.0066069124404,0.0578104838535
225,New Construction,Aluminum framed window,0.0005830681468,0.00463133444102
225,New Construction,Aluminum sheet,5.8246048962602,41.24986623095063
225,New Construction,Aluminum storefront or curtain wall,1.84212107359592,18.4212107359592
225,New Construction,Architectural fiber cement panel,1.212051453534,0.7817731875294299
225,New Construction,CMU,1.3948474275199998,0.15622291188224
225,New Construction,Carpet,0.032147571648,0.16941770258495997
225,New Construction,Cast bronze,0.038269396232,0.19747008455711998
225,New Construction,Ceramic tile,0.736071218,0.192850659116
225,New Construction,Coatings - other,0.20213126629960002,1.8886872312378489
225,New Construction,Cold formed steel framing,5.73196350460264,14.788465841874812
225,New Construction,Concrete - other,0.07189576132,0.012089853214425995
225,New Construction,Copper sheet,0.00107614716352,0.0012698536529536
225,New Construction,Decking,12.227327539292,29.25363393756204
225,New Construction,Doors and frames - other,0.22391145165904,1.5122117415057055
225,New Construction,EPDM,0.049665029278320005,0.1647786188674096
225,New Construction,Extruded polystyrene XPS,0.016332600163999997,1.0615139102146185
225,New Construction,Extrusion,0.56745228143396,4.329083479967164
225,New Construction,Fasteners,0.07019563820696001,0.38852790014119
225,New Construction,Fiberglass blanket,0.37489628885788,0.7722863550472329
225,New Construction,Flooring and tile - other,0.012251230700320002,0.024106892585562797
225,New Construction,GFRC general,0.0701681212,0.0172613578152
225,New Construction,Glass mat gypsum board,2.0798492205312002,0.9837686813112575
225,New Construction,Glazing - other,6.252754085202921,25.92774118899639
225,New Construction,Gypsum board,73.0793960016988,14.835117388344857
225,New Construction,Hardwood,0.115765053732,0.0962592492722744
225,New Construction,Hollow structural sections HSS,47.871278837908164,42.31468136751256
225,New Construction,Hot-rolled sections,64.8949080737144,62.821173954520496
225,New Construction,Insulated glass unit IGU,0.425745156586,0.57049850982524
225,New Construction,Insulated metal panel IMP,0.871228592588,8.588819202291084
225,New Construction,Intumescent,1.766184969015,4.46844797160795
225,New Construction,Loose-fill cellulose,3.9093579063532,6.64590844080044
225,New Construction,Medium density fiberboard MDF,1.2344856333224,0.8690778858589696
225,New Construction,Mineral wool high density,0.8173215209119999,1.46300552243248
225,New Construction,Mortar and grout,1.9133146366122002,0.4472766813259834
225,New Construction,Oriented strand board OSB,0.032406931488,0.012703517143296
225,New Construction,Paint,0.88453311940304,2.111537471813077
225,New Construction,Plate,1.1216129753576,2.616270121350908
225,New Construction,Precast,0.28361199242400004,0.04424510157140478
225,New Construction,Ready mix LW 3000,15.162481724000001,4.3059539221361085
225,New Construction,Ready mix LW 4000,7.8230213154863995,1.7054169373449297
225,New Construction,Ready mix NW 4000,926.506531340084,99.3841532336821
225,New Construction,Ready mix NW 5000,193.5119769885624,34.310931778633794
225,New Construction,Ready mix NW 6000,1.530368570324,0.35925778891766175
225,New Construction,Rebar and reinforcement,59.35106564407688,86.50365373711772
225,New Construction,Resilient flooring vinyl,0.013554729032,0.03415791716064
225,New Construction,Softwood plywood,1.3157744216088,0.3473644473047232
225,New Construction,Spray applied cementitious,28.57160327962972,32.57162773877788
225,New Construction,Steel - other,0.7893556574172,1.839198681782076
225,New Construction,Steel door,0.6934870672212,1.43549602234796
225,New Construction,Steel door frame,0.0005816006656000001,0.0015994018304
225,New Construction,Steel sheet,1.5474971193716,7.187457131333784
225,New Construction,Stone tile,0.401892892304,0.300213990551088
225,New Construction,Suspension assembly,0.5381823035703199,1.3077829976758777
225,New Construction,Synthetic composites,0.10282705943508,0.23366856120091997
225,New Construction,Wall coverings,0.017931191733440002,0.35683071549545603
225,New Construction,Wood door frame,0.0068227450072,0.03002007803168
225,New Construction,Wood or composite door,0.4276708391112,0.2020123294637608
226,New Construction,Acoustic ceiling tile fiber,1.044422045862069,2.4895235632413795
226,New Construction,Adhesives and sealants,0.17204791000617242,0.4715604507087876
226,New Construction,Air and vapor barriers,0.016735920324827586,0.04384811125104828
226,New Construction,Aluminum composite panel ACM,0.051425555572413795,0.40883316680068965
226,New Construction,Aluminum door frame,0.06847223508758621,0.5991320570163793
226,New Construction,Aluminum framed window,0.001937909285413793,0.015537489191113103
226,New Construction,CMU,11.495003089999999,1.2874403460800001
226,New Construction,Ceramic tile,1.324295246186207,0.34696535450078625
226,New Construction,Coatings - other,0.01638407404075862,0.19967507125037035
226,New Construction,Cold formed steel framing,1.1302586890207587,1.0733501813085067
226,New Construction,Concrete - other,0.28333373012413793,0.04420169105263346
226,New Construction,Decking,0.07048655721275862,0.18185531760891724
226,New Construction,Doors and frames - other,0.3716229201025862,0.9690206380684648
226,New Construction,EPDM,0.30768287170344827,0.9476632448466208
226,New Construction,Extrusion,1.667944421416207,16.157871938713217
226,New Construction,Fasteners,0.028718301570241377,0.16342894261540103
226,New Construction,Fiberglass blanket,0.11448513525365518,0.1790146380620469
226,New Construction,Flooring and tile - other,0.05936187494910345,0.029815969741027588
226,New Construction,Glass mat gypsum board,0.288538194275862,0.13647856589248275
226,New Construction,Glazing - other,0.5525691249137931,1.0793286855738278
226,New Construction,Gypsum board,12.126204611552758,2.841280296855808
226,New Construction,Hollow structural sections HSS,0.8733539502893103,1.2594312362059483
226,New Construction,Hot-rolled sections,0.7867807894248275,0.7616038041632331
226,New Construction,Insulated glass unit IGU,4.253347962013794,5.699486269098482
226,New Construction,Loose-fill cellulose,0.050284610731034476,0.009453506817434483
226,New Construction,Mineral wool high density,0.13731985458965518,0.24580253971548274
226,New Construction,Mineral wool low density,0.03701199205172414,0.05477774823655173
226,New Construction,Mortar and grout,13.375215899159139,2.543935731569724
226,New Construction,Other,0.0007493549331034483,0.0017459969941310345
226,New Construction,Paint,0.19427065945424138,0.4711035025387476
226,New Construction,Plate,0.21336480091379312,0.4576103816540345
226,New Construction,Polyisocyanurate PIR,1.7583575247034482,4.606896714723034
226,New Construction,Ready mix LW 3000,4.1707465595517235,1.0982475519646444
226,New Construction,Ready mix LW 4000,0.7533861210689654,0.2480413918493352
226,New Construction,Ready mix NW 3000,95.98206550710344,11.567191153842428
226,New Construction,Ready mix NW 4000,131.17764702771035,15.621328154536362
226,New Construction,Ready mix NW 5000,737.0926039851173,153.0026523129409
226,New Construction,Ready mix NW 6000,26.378286464831035,5.631697376355344
226,New Construction,Ready mix NW 8000,93.3369923986207,25.193424065112755
226,New Construction,Rebar and reinforcement,64.76306948355803,61.283113106828715
226,New Construction,Roll formed metal panel aluminum,0.003481484748275862,0.022490391473862066
226,New Construction,Roll formed metal panel steel,0.0902463371862069,0.21027396564386208
226,New Construction,Softwood framing,0.006045596748275862,0.0010156602537103449
226,New Construction,Softwood plywood,0.812659664762069,0.2145421514971862
226,New Construction,Steel - other,0.19353712057910344,0.4510997802876607
226,New Construction,Steel door,0.3716105588034483,1.0045400699736207
226,New Construction,Steel door frame,0.005356904143448276,0.014731486394482757
226,New Construction,Steel sheet,0.33480780405862065,0.7801021834565862
226,New Construction,Suspension assembly,0.12482145714482759,0.30331614086193104
226,New Construction,TPO,0.46541532618931036,1.4849676310992068
226,New Construction,Wall coverings,0.017452292353793104,0.3473006178404828
226,New Construction,Wood and composites - other,0.12615416527586207,0.02977238300510345
226,New Construction,Wood or composite door,0.21239408812000005,0.061356330413711725
227,New Construction,Adhesives and sealants,0.1823969166895796,0.5361912958207301
227,New Construction,Air and vapor barriers,0.4913685132,0.39800849569200003
227,New Construction,Aluminum - other,0.00286932135,0.016125585987
227,New Construction,Aluminum door frame,0.0022967887304840766,0.02009690139173567
227,New Construction,Aluminum sheet,0.4183838844830573,2.3513174307947824
227,New Construction,Architectural fiber cement panel,0.03911726634522293,0.025230636792668786
227,New Construction,CMU,1.4634639775057325,0.16390796548064204
227,New Construction,Coatings - other,0.012721888285719745,0.13504614604160256
227,New Construction,Cold formed steel framing,0.24048406958533758,0.5891859704840771
227,New Construction,Decking,0.043264105044585985,0.11162139101503185
227,New Construction,Doors and frames - other,0.006978642077707006,0.030636238721133746
227,New Construction,EPDM,0.004722819559745224,0.015207478982379619
227,New Construction,Extruded polystyrene XPS,0.026664018322140128,1.7329896077145652
227,New Construction,Extrusion,1.2325689979170191,9.829028786261468
227,New Construction,Fasteners,0.02189271905775796,0.12664982825179566
227,New Construction,Glass mat gypsum board,7.441187159320663,3.5196815263586734
227,New Construction,Glazing - other,0.7312640675159235,1.1115213826242039
227,New Construction,Gypsum board,0.1833983463863949,0.044749196518280354
227,New Construction,Hollow structural sections HSS,0.624826183105605,0.45862241839951395
227,New Construction,Hot-rolled sections,104.87477727490446,101.51878440210751
227,New Construction,Insulated glass unit IGU,0.1319511209146497,0.1768145020256306
227,New Construction,Mineral wool low density,0.09147290517222931,0.13812408681006624
227,New Construction,Mortar and grout,0.18223474162785985,0.04482974644045353
227,New Construction,Oriented strand board OSB,0.0027257658713375796,0.0010685002215643313
227,New Construction,Paint,0.003588437292968153,0.007659696661468025
227,New Construction,Plate,0.10297293931435668,0.23992694860245106
227,New Construction,Ready mix LW 3000,0.9321894565605096,0.2647300698999116
227,New Construction,Ready mix NW 3000,0.22210612321401274,0.034649832319302666
227,New Construction,Ready mix NW 5000,586.4457066708535,83.52642923793115
227,New Construction,Rebar and reinforcement,48.300893916476596,92.27602369146129
227,New Construction,Softwood plywood,0.07439454234394904,0.019640159178802546
227,New Construction,Steel - other,0.22269591405503184,0.545604989434828
227,New Construction,Steel sheet,22.318524388881524,52.2050046960373
227,New Construction,Stone masonry,8.695891726378598,2.7284120175307676
227,New Construction,Stucco finish,0.005836380698089172,0.01464931555220382
227,New Construction,TPO,1.184208416178344,3.7776248476089176
229,New Construction,Acoustic ceiling tile fiber,0.25642268041237115,0.2923220618556701
229,New Construction,Air and vapor barriers,0.05734845360824742,0.17835340206185568
229,New Construction,Aluminum - other,0.022071340206185567,0.27098969072164947
229,New Construction,Aluminum framed window,0.1456758762886598,0.4482334020618557
229,New Construction,Aluminum storefront or curtain wall,0.15014680412371134,0.6528115463917525
229,New Construction,CMU,125.97709773195876,14.6228
229,New Construction,Cladding - other,0.04163628865979381,0.15266639175257732
229,New Construction,Coatings - other,0.6260449484536083,7.0743080412371135
229,New Construction,Cold formed steel framing,4.486696082474227,10.609241237113402
229,New Construction,Decking,15.48412206185567,34.50211546391753
229,New Construction,EPDM,1.4015835051546393,4.754542680412372
229,New Construction,Extruded polystyrene XPS,3.326574845360825,143.6142305154639
229,New Construction,Fiberglass blanket,11.943056907216496,29.74110762886598
229,New Construction,Flooring and tile - other,0.14962927835051548,0.2062977319587629
229,New Construction,Gypsum board,0.49503958762886596,0.14387917525773197
229,New Construction,Hollow structural sections HSS,10.866876288659794,24.100260206185567
229,New Construction,Hot-rolled sections,18.552171134020618,23.320811546391752
229,New Construction,Insulated metal panel IMP,9.534789690721649,43.8455806185567
229,New Construction,Open web joists,15.541570721649485,22.023857319587627
229,New Construction,Other,0.36952907216494846,1.0926362886597938
229,New Construction,Paint,1.9369237113402062,3.738262680412371
229,New Construction,Precast,57.352593402061856,18.717415257731957
229,New Construction,Ready mix NW 3000,70.21924041237114,9.110653608247421
229,New Construction,Ready mix NW 4000,540.583898556701,86.40332659793813
229,New Construction,Ready mix NW 5000,310.53853731958765,60.67017278350515
229,New Construction,Ready mix unknown,510.69548783505155,10.948230515463917
229,New Construction,Rebar and reinforcement,7.1483723711340215,5.696558350515463
229,New Construction,Resilient flooring vinyl,0.1607080412371134,0.322500206185567
229,New Construction,Roofing and waterproofing - other,0.08739505154639175,0.24933402061855672
229,New Construction,Steel - other,0.007949690721649484,0.011456494845360824
229,New Construction,Steel door,0.17864494845360823,1.6210309278350514
229,New Construction,Synthetic composites,0.2837896907216495,0.7236643298969072
229,New Construction,TPO,1.5663665979381443,5.097421855670103
229,New Construction,Wood or composite door,0.09128247422680412,0.13380742268041237
23,New Construction,Acoustic ceiling tile fiber,0.12461293186,0.1694735873296
23,New Construction,Acoustic ceiling tile steel,0.01149917311,0.0330026268257
23,New Construction,Adhesives and sealants,0.3368512989138572,0.7158335045556624
23,New Construction,Air and vapor barriers,0.007956319544571428,0.01615132867548
23,New Construction,Aluminum - other,0.28506740740772857,2.319903151905377
23,New Construction,Aluminum composite panel ACM,4.179123152148857,33.224029059583415
23,New Construction,Aluminum door frame,0.3714110312375714,3.2498465233287495
23,New Construction,Aluminum sheet,0.0042156723964285716,0.03001558746257143
23,New Construction,Architectural fiber cement panel,0.003993110726,0.00257555641827
23,New Construction,Brick clay,1.4302680257142857,0.4133474594314286
23,New Construction,Built up roofing,0.24832098455285714,0.09858343086748428
23,New Construction,CMU,6.187582807828571,0.6930092744768
23,New Construction,Carpet,0.27179798822571427,1.3019123636011714
23,New Construction,Ceramic tile,2.523754375244143,0.6612236463139657
23,New Construction,Closed cell spray polyurethane foam,0.002728210224285714,0.027282102242857143
23,New Construction,Coatings - other,0.20720811496165714,3.6322407720381613
23,New Construction,Cold formed steel framing,3.090108710057143,3.1952271131072743
23,New Construction,Concrete - other,1.3292013335642858,0.24502504426956098
23,New Construction,Decking,0.1220622149342857,0.29630443163725717
23,New Construction,Doors and frames - other,0.6747878847460858,3.733392973567178
23,New Construction,Expanded polystyrene EPS,0.17045987128571427,0.5539945816785714
23,New Construction,Extrusion,0.9313000029613429,7.132641777003481
23,New Construction,Fasteners,0.006291156643942857,0.05310754591490243
23,New Construction,Fiberglass blanket,1.4960435081662715,3.515702244190738
23,New Construction,Flooring and tile - other,2.578346737035757,0.7481927232465554
23,New Construction,Glass mat gypsum board,0.24985068252999998,0.11817937283668999
23,New Construction,Glazing - other,0.4388940217375714,0.5315670031668015
23,New Construction,Gypsum board,47.886408153477,10.483912764324783
23,New Construction,Hardwood,0.26581459332665713,0.16249628893861115
23,New Construction,Hollow structural sections HSS,0.44504794453814284,1.09036746411845
23,New Construction,Hot-rolled sections,0.15778354891428573,0.15273447534902856
23,New Construction,Insulated glass unit IGU,5.863799530602857,7.8574913710078285
23,New Construction,Intumescent,0.0017585138957142857,0.004449040156157143
23,New Construction,Mineral wool low density,1.1799320622327143,1.7816974139713986
23,New Construction,Mortar and grout,2.167238826083714,0.5473026537880858
23,New Construction,Other,0.0006422021625714286,0.001823854141702857
23,New Construction,Paint,0.6116767490745286,1.4679322436770628
23,New Construction,Polyisocyanurate PIR,0.09510506232061429,0.31436694975605173
23,New Construction,Precast,108.13762780557141,21.002468494356382
23,New Construction,Ready mix LW 3000,0.2719451318285714,0.0772289937965473
23,New Construction,Ready mix LW 4000,0.07149414785714286,0.021044649126063172
23,New Construction,Ready mix NW 4000,156.82685536320713,26.56602549193524
23,New Construction,Ready mix NW 6000,504.74117244307143,107.76096242551642
23,New Construction,Ready mix NW 8000,95.22378491761428,23.41535663274071
23,New Construction,Rebar and reinforcement,30.02618408989493,58.074774371392174
23,New Construction,Resilient flooring vinyl,2.184521923607143,3.0881660954262857
23,New Construction,Roofing and waterproofing - other,0.015296980565028572,0.0073884416129088
23,New Construction,Spray applied cementitious,0.48306403774728573,0.5506930030319057
23,New Construction,Steel - other,0.10386500869491427,0.2423844521516829
23,New Construction,Steel door,1.2047534050664286,3.050509313745794
23,New Construction,Steel sheet,0.9569428483487286,2.2296768366525375
23,New Construction,Stucco finish,0.013371142234257142,0.0066483120393182864
23,New Construction,Suspension assembly,0.019504172431428574,0.04739513900837143
23,New Construction,Synthetic composites,0.050577873657142856,0.272614739012
23,New Construction,TPO,0.03314544782328572,0.10573397855628143
23,New Construction,Wood and composites - other,0.0120312119,0.0055584198978
23,New Construction,Wood or composite door,4.277768365220286,1.190677908177463
230,New Construction,Adhesives and sealants,0.15343378081509002,0.3680414686420167
230,New Construction,Air and vapor barriers,1.9647177013265,1.7542131857453176
230,New Construction,Aluminum - other,1.8525748829282553,10.214200577254765
230,New Construction,Aluminum composite panel ACM,1.4925560191711458,11.86582035241061
230,New Construction,Aluminum door frame,0.12506294292537312,1.0943007505970148
230,New Construction,Aluminum framed window,0.04287124821491001,0.39897003091112676
230,New Construction,Aluminum storefront or curtain wall,1.8071182807978443,18.071182807978442
230,New Construction,Brick clay,69.5818677653172,20.10915978417667
230,New Construction,Carpet,0.20499830350113193,1.080341059450965
230,New Construction,Ceramic tile,1.893252606911203,0.4960321830107352
230,New Construction,Coatings - other,0.13414843247372854,1.6502933584603954
230,New Construction,Cold formed steel framing,4.704479917081826,11.525975796850476
230,New Construction,Concrete - other,16.545036297047158,4.506099713631753
230,New Construction,Decking,9.367709881014456,22.393276104262522
230,New Construction,Doors and frames - other,0.5455123912943056,1.7872316856741903
230,New Construction,EPDM,0.067214094591146,0.23323290823127663
230,New Construction,Extrusion,0.27695869917464455,2.0995005612816593
230,New Construction,Fasteners,0.00182464864599822,0.016531316732743873
230,New Construction,Flooring and tile - other,1.41719168421617,2.6369042032939944
230,New Construction,Glass mat gypsum board,8.532249866662408,4.035754186931319
230,New Construction,Glazing - other,1.7674950093053077,2.607784429079375
230,New Construction,Gypsum board,36.23880748077073,8.439723306992757
230,New Construction,Hollow structural sections HSS,14.442588115458365,35.38434088287301
230,New Construction,Hot-rolled sections,36.37441733856171,35.77619809905315
230,New Construction,Insulated glass unit IGU,4.94611899783804,6.242995178970817
230,New Construction,Intumescent,1.1937516904219958,3.02019177676765
230,New Construction,Mineral wool high density,8.191298503733126,14.662424321682298
230,New Construction,Mineral wool low density,3.871242092400276,5.845575559524416
230,New Construction,Mortar and grout,12.120183959362583,1.4509508830410964
230,New Construction,Open web joists,0.6703697230251442,0.9251102177746988
230,New Construction,Paint,0.7544928258308082,1.8548955431819358
230,New Construction,Polyisocyanurate PIR,0.053074957477091934,0.13693339029089718
230,New Construction,Precast,1.7659281572404895,0.2754949465186905
230,New Construction,Ready mix NW 4000,435.9658164579366,66.9233488858461
230,New Construction,Rebar and reinforcement,14.55945166467223,14.087475213704565
230,New Construction,Softwood plywood,0.18405593078688476,0.0485907657277376
230,New Construction,Spray applied cementitious,18.857492360792353,21.497541291303282
230,New Construction,Steel - other,0.05555129922846483,0.14099819072428282
230,New Construction,Steel door,0.09900413516417911,0.34651447307462685
230,New Construction,Steel sheet,1.6803586999403015,3.9152357708609014
230,New Construction,Stone masonry,3.4782637675202865,1.9408711822763198
230,New Construction,Wood or composite door,1.428939624541612,0.5075927767507887
231,New Construction,Adhesives and sealants,0.06365487771877901,0.1742683950462133
231,New Construction,Air and vapor barriers,0.2879196011158677,0.45857489275196406
231,New Construction,Aluminum composite panel ACM,0.1413724668812018,1.1239111117055545
231,New Construction,Aluminum door,0.03568245245856881,0.21558277811443377
231,New Construction,Aluminum door frame,0.0037828196697247706,0.03309967211009174
231,New Construction,Aluminum sheet,0.10780441227274108,0.6058607969728049
231,New Construction,CMU,1.7519497443748044,0.19621837136997808
231,New Construction,Coatings - other,0.04006070550828339,0.8092262512673244
231,New Construction,Cold formed steel framing,0.4587074273850966,1.123833197093487
231,New Construction,Concrete - other,1.0470106058634088,0.1649907047890781
231,New Construction,Decking,12.335795231865458,31.82635169821289
231,New Construction,Doors and frames - other,0.01420341320306055,0.08505021292805905
231,New Construction,EPDM,0.1319653572136499,0.4249284502279527
231,New Construction,Expanded polystyrene EPS,0.013323896741445233,0.043302664409697
231,New Construction,Extruded polystyrene XPS,0.9001270066923355,58.502463108712476
231,New Construction,Extrusion,5.329429843099546,50.75439618436564
231,New Construction,Fasteners,0.15617258312819857,0.9024482032862592
231,New Construction,Fiberglass blanket,0.023869818618411375,0.04129478620985167
231,New Construction,Glass mat gypsum board,0.9383589550398472,0.4438437857338477
231,New Construction,Glazing - other,0.06690443508202477,0.11306849528862187
231,New Construction,Gypsum board,1.0255914111697706,0.20819505646746347
231,New Construction,Hollow structural sections HSS,2.658333499092259,2.0778336454511774
231,New Construction,Hot-rolled sections,146.0187257252984,141.34612650208885
231,New Construction,Insulated glass unit IGU,15.245506285139179,21.975010551641024
231,New Construction,Insulated metal panel IMP,1.8523926494122174,4.9030053580044415
231,New Construction,Loose-fill cellulose,0.7260852020122174,0.13650401797829687
231,New Construction,Mineral wool high density,1.9150659740067495,3.4279680934720815
231,New Construction,Mineral wool low density,0.16813781970476024,0.253888107754188
231,New Construction,Modified bitumen,0.04036867678142899,0.033183052314334625
231,New Construction,Mortar and grout,0.24835421639752525,0.05260068946756323
231,New Construction,Paint,0.04429650203134122,0.11561387030180058
231,New Construction,Precast,0.5654384275559688,0.08821164593839709
231,New Construction,Ready mix NW 3000,5.779897606817944,0.7725027834885599
231,New Construction,Ready mix NW 4000,350.15035192879316,56.156148777122844
231,New Construction,Ready mix NW 5000,103.08292003290123,16.719882668888644
231,New Construction,Ready mix NW 6000,112.85070994844861,19.008151354403235
231,New Construction,Ready mix NW 8000,117.99198934890403,19.656791898789816
231,New Construction,Rebar and reinforcement,48.33182297617139,92.31378188448736
231,New Construction,Roll formed metal panel aluminum,2.588494363827012,14.547338324707809
231,New Construction,Spray applied cementitious,23.285337588247447,26.54528485060209
231,New Construction,Steel - other,2.950112805314371,3.053676552718483
231,New Construction,Steel door,0.013188078980403669,0.029761994669440003
231,New Construction,Steel door frame,0.0005084257878899082,0.0013981709166972476
231,New Construction,Steel sheet,0.7056293193233688,1.6441163140234496
231,New Construction,Stone masonry,0.0935919638794348,0.05222431584472463
231,New Construction,Synthetic composites,0.9177071658576494,2.6705278526457596
231,New Construction,TPO,0.08383663228386287,0.2674388569855226
231,New Construction,Terracotta units,0.30636095093670646,0.08853831482070817
232,New Construction,Air and vapor barriers,3.5351568514662306,6.009815579701862
232,New Construction,Aluminum framed window,0.5930624228571428,4.999516224685714
232,New Construction,Aluminum storefront or curtain wall,3.0874093486707572,30.874093486707572
232,New Construction,Brick clay,180.41348689301225,52.13949771208053
232,New Construction,CMU,195.93612227696,21.94484569501952
232,New Construction,Cold formed steel framing,7.216149177734662,17.679565485449924
232,New Construction,Decking,7.390792322319398,19.068244191584043
232,New Construction,Doors and frames - other,0.09458110116,0.69447830394384
232,New Construction,Extruded polystyrene XPS,1.8576066274740726,120.73247706859085
232,New Construction,Fasteners,0.07279297199892718,0.3813710223475286
232,New Construction,Fiberglass blanket,1.7980739966161061,3.704032433029178
232,New Construction,Glass mat gypsum board,12.855384280022063,6.080596764450437
232,New Construction,Glazing - other,0.9405278710724571,1.41525010323929
232,New Construction,Gypsum board,50.87716192298956,12.294014477813775
232,New Construction,Hollow structural sections HSS,4.479389689605846,10.974504739534323
232,New Construction,Hot-rolled sections,27.61686417621963,26.733124522580603
232,New Construction,Insulated glass unit IGU,7.927758987336697,10.623197043031174
232,New Construction,Mortar and grout,223.41956367424794,41.82049525008503
232,New Construction,Open web joists,0.31555719117017855,0.4354689238148464
232,New Construction,Paint,1.0420432135475846,2.3650514294810954
232,New Construction,Polyisocyanurate PIR,3.6537609520407974,9.426703256265258
232,New Construction,Ready mix LW 4000,622.5947687047188,204.9802467405645
232,New Construction,Ready mix NW 4000,266.49996733909666,50.4559761263913
232,New Construction,Rebar and reinforcement,18.266869564874664,34.88972086891061
232,New Construction,Roofing and waterproofing - other,7.036085366391465,9.569076098292392
232,New Construction,Steel door,0.64161162,2.24564067
232,New Construction,Steel door frame,0.05214866742857143,0.14340883542857144
232,New Construction,TPO,1.2117702575451905,3.865547121569157
233,New Construction,Acoustic ceiling tile fiber,0.11591416120523998,0.4045404226062875
233,New Construction,Adhesives and sealants,0.1127537484377331,0.32011218485330645
233,New Construction,Air and vapor barriers,0.6851710602826666,0.8030896989333239
233,New Construction,Aluminum door frame,0.0075710358415841585,0.06624656361386139
233,New Construction,Aluminum sheet,0.10832062334553624,0.6087619032019137
233,New Construction,Aluminum storefront or curtain wall,0.00399207122490297,0.039920712249029704
233,New Construction,Cladding - other,1.9130945488647173,6.370604847719507
233,New Construction,Coatings - other,0.06532605483753987,0.10342894888291793
233,New Construction,Cold formed steel framing,1.8654411592246676,4.628532486376084
233,New Construction,Concrete - other,6.9009202725674825,1.6816667540827923
233,New Construction,Cross laminated timber CLT,18.229598632836446,6.763181092782321
233,New Construction,Decking,0.7695730987554108,1.98549859478896
233,New Construction,EPDM,0.3154684242877826,1.0158083262066602
233,New Construction,Extruded polystyrene XPS,1.097302657523521,71.31761158545467
233,New Construction,Extrusion,0.46420153106331236,4.419298278807575
233,New Construction,Fasteners,0.0582075493104842,0.2487226892835633
233,New Construction,Glass mat gypsum board,3.9240475247232802,1.8560744791941113
233,New Construction,Glazing - other,0.4880729531866032,0.5387086698086115
233,New Construction,Glue laminated timber GLT,15.861823864399014,5.884736653692034
233,New Construction,Gypsum board,14.497248144396764,3.537241377138227
233,New Construction,Hardwood,1.4109510163200805,0.7589635974813784
233,New Construction,Hollow structural sections HSS,1.1675474366807297,2.860491219867788
233,New Construction,Hot-rolled sections,3.4900597148389827,3.378377803964135
233,New Construction,Insulated glass unit IGU,0.18639141961500647,0.24098841814202807
233,New Construction,Mineral wool high density,3.087290306706557,5.526249649004738
233,New Construction,Mineral wool low density,0.07335979271980198,0.11077328700690099
233,New Construction,Paint,0.24911624466045504,0.5976496346718958
233,New Construction,Ready mix LW 3000,14.99849632772576,4.259384134082056
233,New Construction,Ready mix NW 4000,782.4699929956026,143.47518212248661
233,New Construction,Rebar and reinforcement,25.49536399208413,48.695256433138276
233,New Construction,Softwood framing,0.1855743483937428,0.031176490530148794
233,New Construction,Softwood plywood,6.85160351860566,1.8088233289118942
233,New Construction,Steel - other,5.30048561633962,12.986189760032069
233,New Construction,Steel sheet,0.07358656633663367,0.17145669956435644
233,New Construction,Suspension assembly,0.048243723727190074,0.1172322486570719
234,New Construction,CMU,1.7917086821705428,0.24942930232558141
234,New Construction,Extrusion,1.5908086821705427,15.7766096124031
234,New Construction,Hot-rolled sections,144.98865147286818,110.00612263565891
234,New Construction,Insulated glass unit IGU,4.52101503875969,5.610771162790697
234,New Construction,Insulation - other,0.508226046511628,2.5861113178294572
234,New Construction,Mineral wool low density,0.5915868217054263,0.12944201550387596
234,New Construction,Polyisocyanurate PIR,0.6668075968992248,1.4466161240310078
234,New Construction,Precast,112.51897875968992,16.710323100775195
234,New Construction,Ready mix NW 4000,617.5861358139535,84.13669131782946
234,New Construction,Ready mix unknown,407.0105589147287,38.67505751937985
234,New Construction,Rebar and reinforcement,8.110899689922482,4.218022480620156
234,New Construction,Steel - other,0.7028756589147287,1.916773953488372
234,New Construction,Steel sheet,36.04699581395349,40.766138914728685
235,New Construction,Aluminum composite panel ACM,0.9728382352941177,8.360116176470589
235,New Construction,Aluminum sheet,0.018156617647058823,0.25298529411764703
235,New Construction,CMU,4.033463970588235,0.8078205882352942
235,New Construction,Cold formed steel framing,4.8290330882352945,7.177875
235,New Construction,Decking,14.341523529411765,40.41031176470588
235,New Construction,Extruded polystyrene XPS,0.31637279411764707,3.910395588235294
235,New Construction,Extrusion,2.303716176470588,20.768150000000002
235,New Construction,Fiberglass blanket,1.7434566176470587,4.345451470588236
235,New Construction,Fiberglass door,0.012255147058823529,0.09301470588235294
235,New Construction,Glass mat gypsum board,0.42971985294117643,0.14282720588235295
235,New Construction,Glazing - other,3.75182205882353,6.23445
235,New Construction,Gypsum board,2.2047823529411765,0.7555529411764706
235,New Construction,Hollow structural sections HSS,73.84216911764706,178.04493161764705
235,New Construction,Insulated metal panel IMP,0.3673404411764706,1.7851132352941177
235,New Construction,Masonry - other,23.020882352941175,7.624173529411764
235,New Construction,Mineral wool high density,3.022510294117647,6.234218382352941
235,New Construction,Mineral wool low density,0.7275301470588236,0.804072794117647
235,New Construction,Modified bitumen,2.4691095588235292,2.509708088235294
235,New Construction,Mortar and grout,0.07977573529411765,0.0437639705882353
235,New Construction,Ready mix NW 3000,482.54115294117645,63.2571330882353
235,New Construction,Ready mix NW 4000,761.0918742647059,120.89311617647058
235,New Construction,Ready mix unknown,1.1477808823529412,2.3505933823529412
235,New Construction,Rebar and reinforcement,14.341523529411765,29.610316911764706
235,New Construction,Roll formed metal panel aluminum,0.8598801470588235,3.257386029411765
235,New Construction,Roofing and waterproofing - other,1.5550433823529413,2.2910764705882354
235,New Construction,Steel door,0.03235294117647059,0.07058823529411765
235,New Construction,Steel sheet,0.17611911764705881,0.49417500000000003
235,New Construction,Stone masonry,1.0060426470588235,0.19647499999999998
235,New Construction,TPO,0.7372301470588234,3.5820433823529414
236,New Construction,Aluminum composite panel ACM,0.6936626086956522,5.9610139130434785
236,New Construction,Aluminum sheet,0.02147217391304348,0.29918260869565216
236,New Construction,CMU,2.210228695652174,0.4426634782608696
236,New Construction,Cold formed steel framing,4.749084347826087,7.059039130434782
236,New Construction,Decking,15.067155652173915,42.454934782608696
236,New Construction,Extruded polystyrene XPS,0.5480130434782609,6.773489565217392
236,New Construction,Extrusion,2.696238260869565,24.31066086956522
236,New Construction,Fiberglass blanket,1.6975591304347826,4.231055652173913
236,New Construction,Fiberglass door,0.023188695652173914,0.176
236,New Construction,Glass mat gypsum board,1.0607182608695653,0.35255478260869566
236,New Construction,Glazing - other,4.561804347826087,7.578681739130434
236,New Construction,Gypsum board,2.9785530434782608,1.0207147826086955
236,New Construction,Hollow structural sections HSS,77.54457391304348,187.0496208695652
236,New Construction,Insulated metal panel IMP,0.8991286956521739,4.369371304347826
236,New Construction,Masonry - other,11.32992608695652,3.7523026086956524
236,New Construction,Mineral wool high density,3.301593043478261,6.8098539130434785
236,New Construction,Mineral wool low density,0.8671026086956521,0.9583286956521739
236,New Construction,Modified bitumen,2.404109565217391,2.4436391304347826
236,New Construction,Mortar and grout,0.03567913043478261,0.01957304347826087
236,New Construction,Ready mix NW 3000,7.145064347826088,0.9366582608695652
236,New Construction,Ready mix NW 4000,821.2515869565218,130.4489860869565
236,New Construction,Ready mix unknown,2.3417591304347827,4.795796521739131
236,New Construction,Rebar and reinforcement,18.53812260869565,37.320893043478264
236,New Construction,Roll formed metal panel aluminum,1.0928495652173913,4.139917391304348
236,New Construction,Roofing and waterproofing - other,1.663828695652174,2.4308
236,New Construction,Steel door,0.04591304347826087,0.10017391304347827
236,New Construction,Steel sheet,0.18175565217391304,0.5099878260869565
236,New Construction,Stone masonry,1.8804034782608696,0.36723391304347824
236,New Construction,TPO,0.7047060869565218,3.424013043478261
237,New Construction,Adhesives and sealants,0.1564649527676503,0.36335497610544515
237,New Construction,Air and vapor barriers,2.125096545041297,1.65984562466133
237,New Construction,Aluminum door frame,0.025291182020434514,0.22129784267880198
237,New Construction,Aluminum framed window,0.007896495551723602,0.06672901144278254
237,New Construction,Architectural fiber cement panel,0.3355431112863448,0.2164253067796924
237,New Construction,CMU,22.53731241811173,2.5241789908285135
237,New Construction,Coatings - other,0.09456808456193798,0.8511218574539976
237,New Construction,Cold formed steel framing,1.1218899306666728,2.6813169342933483
237,New Construction,Cross laminated timber CLT,71.72129040127292,26.60859873887226
237,New Construction,Decking,1.8386014528005368,4.743591748225384
237,New Construction,Doors and frames - other,0.24382826514001285,0.8133108781972835
237,New Construction,Extrusion,3.3589177659552543,21.28215410216411
237,New Construction,Fasteners,0.013622683700475582,0.07968805880584885
237,New Construction,Glass mat gypsum board,9.964835283126142,4.713367088918666
237,New Construction,Glazing - other,0.0050818756923076925,0.007724451052307693
237,New Construction,Glue laminated timber GLT,3.6709120056257643,1.3619083540871584
237,New Construction,Gypsum board,13.700303455021245,2.7824536618847584
237,New Construction,Hardwood,0.1167437656414788,0.05148400064789215
237,New Construction,Hot-rolled sections,44.27435946539232,42.85757996249977
237,New Construction,Insulated glass unit IGU,8.156635147823945,12.632350478735914
237,New Construction,Mineral wool high density,1.0661548428085803,1.2900473597983821
237,New Construction,Mortar and grout,33.1500572565223,6.3177070982870545
237,New Construction,Paint,0.005786690897313019,0.011684148195108749
237,New Construction,Polyisocyanurate PIR,1.885310424334509,6.296936817277259
237,New Construction,Ready mix NW 4000,278.7967729467034,41.46592775276432
237,New Construction,Rebar and reinforcement,6.401236898374389,6.217202460180811
237,New Construction,Softwood framing,0.6642069591679828,0.1115867691402211
237,New Construction,Softwood plywood,1.3455133931920944,0.355215535802713
237,New Construction,Spray applied cementitious,3.6499290186892015,4.16091908130569
237,New Construction,Steel - other,0.4537110617675545,1.1875749291877864
237,New Construction,Steel door,0.37786148485307025,0.8208054584944174
237,New Construction,Stone masonry,47.478701700332046,14.575961422001939
237,New Construction,Synthetic composites,2.4828567839169313,5.960832592541101
237,New Construction,TPO,0.7997334017570983,2.5482079764078773
237,New Construction,Wood door frame,0.003984977777777778,0.017533902222222224
239,New Construction,Aluminum composite panel ACM,1.2888730158730157,11.075967460317461
239,New Construction,Aluminum sheet,0.023056349206349205,0.3212539682539683
239,New Construction,CMU,2.017272222222222,0.40401825396825397
239,New Construction,Cold formed steel framing,4.334481746031746,6.44277380952381
239,New Construction,Decking,14.399757936507937,40.574399206349206
239,New Construction,Extruded polystyrene XPS,0.5750682539682539,7.107889682539683
239,New Construction,Extrusion,2.2492150793650794,20.281354761904762
239,New Construction,Fiberglass blanket,1.6027238095238094,3.994685714285714
239,New Construction,Fiberglass door,0.01851825396825397,0.14055555555555554
239,New Construction,Glass mat gypsum board,0.9697214285714285,0.3223095238095238
239,New Construction,Glazing - other,3.5439896825396824,5.886427777777778
239,New Construction,Gypsum board,2.718520634920635,0.9316047619047618
239,New Construction,Hollow structural sections HSS,70.84680793650793,170.85824682539683
239,New Construction,Insulated metal panel IMP,0.8206333333333333,3.9879182539682536
239,New Construction,Masonry - other,3.796720634920635,1.2574174603174602
239,New Construction,Mineral wool high density,3.01335873015873,6.215342857142858
239,New Construction,Mineral wool low density,0.6174968253968254,0.6824626984126985
239,New Construction,Modified bitumen,2.269801587301587,2.307123015873016
239,New Construction,Mortar and grout,0.03256428571428571,0.017864285714285714
239,New Construction,Ready mix NW 3000,6.691675396825397,0.8772230158730159
239,New Construction,Ready mix NW 4000,777.9527714285714,123.57133015873016
239,New Construction,Ready mix unknown,1.8771698412698412,3.84434126984127
239,New Construction,Rebar and reinforcement,17.639703174603177,35.11390873015873
239,New Construction,Roll formed metal panel aluminum,0.8696333333333334,3.294333333333334
239,New Construction,Roofing and waterproofing - other,1.6421650793650793,2.412897619047619
239,New Construction,Steel door,0.03142857142857143,0.06857142857142857
239,New Construction,Steel sheet,0.26297857142857145,0.7378928571428571
239,New Construction,Stone masonry,1.0003007936507937,0.19535396825396825
239,New Construction,TPO,0.664986507936508,3.2310253968253972
24,New Construction,Acoustic ceiling tile fiber,2.359222685659375,3.2194568162945316
24,New Construction,Adhesives and sealants,0.2585461874515625,0.9685099781694132
24,New Construction,Aluminum composite panel ACM,3.9309489083749996,31.25104382158125
24,New Construction,Aluminum door,0.146335449263125,0.6733019834563813
24,New Construction,Aluminum door frame,0.0456794628524375,0.39969529995882813
24,New Construction,Aluminum sheet,0.01987221054225,0.11249569977957001
24,New Construction,Brick clay,27.84500468885,8.047206355077648
24,New Construction,CMU,22.424191093226252,2.5115094024413396
24,New Construction,Carpet,0.109494631715,0.4576875605687
24,New Construction,Ceramic tile,1.287770188549375,0.33739578939993625
24,New Construction,Closed cell spray polyurethane foam,1.4386778293487499,4.531835162448562
24,New Construction,Coatings - other,0.177959635964,2.8497315060693365
24,New Construction,Cold formed steel framing,4.44774208641775,10.88537182471007
24,New Construction,Concrete - other,1.2148171428124999,0.1895184594100907
24,New Construction,Decking,9.745810587687501,23.545724669546438
24,New Construction,Doors and frames - other,0.3405655387341875,2.131665377050587
24,New Construction,EPDM,1.7030423653,5.671131076449
24,New Construction,Extrusion,2.526232853224375,20.07223586241203
24,New Construction,Fasteners,0.207589225317625,0.8434196462795287
24,New Construction,Fiberglass blanket,0.420552192794875,0.7658756509589024
24,New Construction,Flooring and tile - other,0.1023306883084375,0.15414126549651314
24,New Construction,Glass mat gypsum board,5.278364812956875,2.4966665565286017
24,New Construction,Glazing - other,0.730831246388125,1.1209737073377624
24,New Construction,Gypsum board,34.16855394641375,7.86215156521203
24,New Construction,Hardwood,0.005802176205875,0.0038128638409825
24,New Construction,Hollow structural sections HSS,13.222876252559438,29.883586216690624
24,New Construction,Hot-rolled sections,28.57170552677875,27.650283361147356
24,New Construction,Insulated glass unit IGU,3.8521127249375,5.16183105141625
24,New Construction,Intumescent,0.175118436775,0.44304964504075
24,New Construction,Mortar and grout,23.255558331885936,4.815651428075699
24,New Construction,Open web joists,7.606326568055625,10.496730663916763
24,New Construction,Other,1.4402579707125,1.7870404062735
24,New Construction,PVC,0.215594378875,0.6683425745125
24,New Construction,Paint,0.7661424337034375,1.600787167030493
24,New Construction,Polyisocyanurate PIR,4.82112647627375,12.456645211759325
24,New Construction,Ready mix LW 3000,67.529912348125,16.016473618905295
24,New Construction,Ready mix LW 4000,0.12182792512499999,0.03182009187215325
24,New Construction,Ready mix NW 3000,688.046263552175,86.02668414049356
24,New Construction,Ready mix NW 4000,290.11901669390625,42.14040861146058
24,New Construction,Rebar and reinforcement,42.52242036104006,45.17345050078442
24,New Construction,Resilient flooring vinyl,0.20137877627625,0.507680207538025
24,New Construction,Softwood plywood,0.005914417756875,0.001561406287815
24,New Construction,Steel - other,5.441790283435,13.332386194415749
24,New Construction,Steel door,0.1422695208024375,0.41751387463334566
24,New Construction,Steel door frame,0.029440549451249996,0.0809615109909375
24,New Construction,Steel sheet,1.5492061078125001,3.6096502312031253
24,New Construction,Stucco finish,0.38116549637499997,0.18257827276362498
24,New Construction,Suspension assembly,0.422089528459375,1.0256775541562813
24,New Construction,Wall coverings,0.0860686387505,0.46967980600539
24,New Construction,Wood or composite door,1.5530302433375,0.7925596768368499
240,New Construction,Aluminum storefront or curtain wall,2.889182481751825,12.806107299270074
240,New Construction,Decking,8.180753284671534,25.893004379562043
240,New Construction,Fiberglass blanket,4.283024817518248,10.675160583941606
240,New Construction,Hollow structural sections HSS,2.4781372262773727,6.364543065693431
240,New Construction,Open web joists,13.509205839416058,18.442351824817518
240,New Construction,Paint,0.37781532846715327,0.7291839416058394
240,New Construction,Precast,299.7501496350365,94.96552408759123
240,New Construction,Ready mix NW 3000,106.54905912408759,13.824296350364964
240,New Construction,Ready mix NW 4000,511.0078802919708,81.67609270072992
240,New Construction,Ready mix NW 5000,49.234108759124084,9.618908759124087
240,New Construction,Ready mix unknown,347.1670197080292,0.8728189781021899
240,New Construction,Rebar and reinforcement,13.884727737226278,10.832203649635035
240,New Construction,Steel door,0.403607299270073,0.9766043795620438
240,New Construction,TPO,1.4857744525547445,5.170494160583942
241,New Construction,Acoustic ceiling tile fiber,0.10307017543859649,0.1175
241,New Construction,Aluminum storefront or curtain wall,0.5421463157894737,2.4030266666666664
241,New Construction,Carpet,0.014930175438596491,0.09331368421052631
241,New Construction,Cold formed steel framing,0.37851894736842107,0.5626305263157895
241,New Construction,Decking,8.134423157894737,25.74636350877193
241,New Construction,Fiberglass blanket,4.428084210526316,11.036711578947369
241,New Construction,Gypsum board,2.5273477192982456,0.7792466666666666
241,New Construction,Hollow structural sections HSS,7.545548771929825,19.40776456140351
241,New Construction,Open web joists,15.11815403508772,20.696351929824562
241,New Construction,Paint,0.5401105263157895,1.0424129824561403
241,New Construction,Precast,158.3835747368421,50.34838736842105
241,New Construction,Ready mix NW 3000,117.17332280701756,14.204047017543859
241,New Construction,Ready mix NW 4000,764.426090877193,122.21521228070176
241,New Construction,Ready mix unknown,244.0167796491228,0.6134866666666666
241,New Construction,Rebar and reinforcement,11.028660701754387,8.041159649122807
241,New Construction,Steel door,0.6194024561403508,1.754104561403509
241,New Construction,Synthetic composites,0.33713859649122807,1.0595028070175438
241,New Construction,TPO,1.4884989473684211,5.179975789473684
241,New Construction,Wood or composite door,0.028105263157894737,0.03510526315789474
242,New Construction,Acoustic ceiling tile steel,0.00586124488209196,0.017349284850992203
242,New Construction,Adhesives and sealants,0.05100001795595081,0.13209004650591258
242,New Construction,Air and vapor barriers,0.047900664556098496,0.038799538290439785
242,New Construction,Aluminum - other,0.014514986529743411,0.08157422429715797
242,New Construction,Aluminum composite panel ACM,0.5313641780918447,4.224345215830165
242,New Construction,Aluminum door,0.036333589571764704,0.2430717142351059
242,New Construction,Aluminum door frame,0.0032801560000000002,0.028701365
242,New Construction,Aluminum framed window,0.014914704709015847,0.15891619381022004
242,New Construction,Aluminum sheet,0.001601939435330408,0.009002899626556893
242,New Construction,Aluminum storefront or curtain wall,1.200138612231503,12.001386122315031
242,New Construction,Brick clay,14.729010765621714,4.256684111264676
242,New Construction,CMU,16.205775932619296,1.815046904453361
242,New Construction,Coatings - other,1.0883923071818575,12.312249207027909
242,New Construction,Cold formed steel framing,1.7474843326636869,4.457565513737861
242,New Construction,Decking,13.294213450314565,34.29907070181158
242,New Construction,Doors and frames - other,0.15138133814753413,0.4253367335233136
242,New Construction,EPDM,0.011585957607654117,0.03730678349664626
242,New Construction,Extruded polystyrene XPS,0.30584737574458015,0.8166124932380305
242,New Construction,Extrusion,2.2244895537991645,16.705916549031723
242,New Construction,Fasteners,0.06509079862327817,0.37460884417961954
242,New Construction,Fiberglass blanket,0.00391665729350797,0.008068314024626419
242,New Construction,Glass mat gypsum board,11.931891642935962,5.64378474710871
242,New Construction,Glazing - other,0.7567352979886148,3.6290675099979226
242,New Construction,Gypsum board,5.3968708599986535,1.095564784579727
242,New Construction,Hardwood,0.07184256294567247,0.04382396339686022
242,New Construction,Hollow structural sections HSS,10.90293669748948,26.788052836383702
242,New Construction,Hot-rolled sections,46.60564092291041,45.685671361121386
242,New Construction,Insulated glass unit IGU,4.556531462686544,6.795779106448693
242,New Construction,Intumescent,0.09000044032638438,0.22770111402575247
242,New Construction,Mineral wool high density,3.8473170171057443,6.886697460619282
242,New Construction,Mineral wool low density,1.833231749072947,2.7681799411001498
242,New Construction,Modified bitumen,0.055644663080748516,0.04573991305237528
242,New Construction,Mortar and grout,9.66430914963696,1.8035111343729482
242,New Construction,Open web joists,1.1594532466832157,1.6000454804228375
242,New Construction,Other,0.042253197649510486,0.09844995052335942
242,New Construction,PVC,0.9295149302274446,2.8814962837050784
242,New Construction,Polyisocyanurate PIR,2.7103668168533024,7.101406414960501
242,New Construction,Ready mix LW 5000,89.57330632584153,33.5004165658647
242,New Construction,Ready mix NW 5000,533.0211305558905,119.9287321319379
242,New Construction,Rebar and reinforcement,35.62645175479077,68.04652285165037
242,New Construction,Roll formed metal panel aluminum,0.005884706885713137,0.038015206481706865
242,New Construction,Roofing and waterproofing - other,0.05292043865744343,0.051121143743090354
242,New Construction,Softwood plywood,0.28340808596813605,0.07481973469558793
242,New Construction,Spray applied cementitious,16.885242498073566,19.249176447803862
242,New Construction,Steel - other,0.043283674870001725,0.11167188116460444
242,New Construction,Steel door,0.0305870356,0.10705462460000001
242,New Construction,Steel door frame,0.004304033984313726,0.011836093456862744
242,New Construction,Steel sheet,0.03583196845659207,0.1698435304842464
242,New Construction,Stone masonry,1.8188216022264858,1.0149024540423794
242,New Construction,Suspension assembly,0.0016789243652028064,0.00407978620744282
242,New Construction,Synthetic composites,0.11036941039799136,0.13354698658156952
242,New Construction,Terracotta units,22.145723153966863,6.400113991496424
243,New Construction,Adhesives and sealants,0.16646763706279896,0.48464022388357275
243,New Construction,Air and vapor barriers,0.8846143105679706,1.7957670504529804
243,New Construction,Aluminum composite panel ACM,0.35960834268731884,2.8588863243641844
243,New Construction,Aluminum door,0.053255149029188514,0.2305190855853378
243,New Construction,Aluminum door frame,0.0071598831614453455,0.06264897766264677
243,New Construction,Aluminum framed window,0.17629477228831605,1.6199145949479
243,New Construction,Aluminum sheet,0.008086005333333333,0.04544334997333333
243,New Construction,Aluminum storefront or curtain wall,0.26053986823978953,2.605398682397895
243,New Construction,CMU,44.03433283751287,4.931845277801442
243,New Construction,Coatings - other,0.17167246007764253,2.320276268787246
243,New Construction,Cold formed steel framing,3.7231460112896686,9.12170772765969
243,New Construction,Decking,10.574678437455255,27.282670368634566
243,New Construction,Doors and frames - other,0.019866066232099504,0.14729047412949225
243,New Construction,Extruded polystyrene XPS,1.9228356749135924,5.133971252019297
243,New Construction,Extrusion,0.0709143707318503,0.5325669241961958
243,New Construction,Fasteners,0.014386162001774653,0.0643213718222653
243,New Construction,Glass mat gypsum board,8.084728489418548,3.8240765754949733
243,New Construction,Glazing - other,0.021077188688730063,0.034145045675742704
243,New Construction,Gypsum board,5.671004373317462,1.151213887783445
243,New Construction,Hollow structural sections HSS,11.204302310597907,27.450540660964865
243,New Construction,Hot-rolled sections,42.49903462821008,41.13906552010736
243,New Construction,Insulated glass unit IGU,2.0398658931250986,2.733420296787632
243,New Construction,Intumescent,0.03622321689923366,0.09164473875506117
243,New Construction,Mineral wool low density,2.4543715378475115,3.706101022149743
243,New Construction,Mortar and grout,49.87111882293425,9.120677652900554
243,New Construction,Oriented strand board OSB,3.808656763085105,1.4929934511293612
243,New Construction,Other,0.08360709834470902,0.19480453914317206
243,New Construction,Paint,0.28075596937136504,0.7327730800592628
243,New Construction,Precast,5.257434977544383,1.0725167354190535
243,New Construction,Ready mix unknown,407.76704975311463,68.37763889323456
243,New Construction,Rebar and reinforcement,5.067416261574696,10.987259395747797
243,New Construction,Roll formed metal panel aluminum,0.04608134261462342,0.2976854732904673
243,New Construction,Roll formed metal panel steel,0.3157211334383864,0.7356302409114404
243,New Construction,Softwood plywood,0.2670949883921395,0.07051307693552483
243,New Construction,Spray applied cementitious,22.94920412450658,26.162092701937496
243,New Construction,Steel door,0.010512523777777777,0.03474652548888889
243,New Construction,Steel door frame,0.00040217795555555556,0.0011059893777777777
243,New Construction,Steel framed window,0.002613754074074074,0.010873216948148148
243,New Construction,Synthetic composites,0.09687891317231263,0.5205663174566916
243,New Construction,TPO,0.7333649842805309,2.3394342998548936
244,New Construction,Adhesives and sealants,0.07989130580456831,0.2187685785287852
244,New Construction,Air and vapor barriers,0.03303437314972914,0.08105713237708596
244,New Construction,Aluminum - other,2.5884988592569877,23.292133446060035
244,New Construction,Aluminum composite panel ACM,0.04493032735024913,0.3571961024344805
244,New Construction,Aluminum door,0.049930691309894734,0.3019981296527874
244,New Construction,Aluminum door frame,0.0048230923684210525,0.04220205822368421
244,New Construction,Aluminum sheet,0.010542668858520456,0.059249798984884985
244,New Construction,Aluminum storefront or curtain wall,0.6632734003698748,6.632734003698749
244,New Construction,Built up roofing,0.1636396331709442,0.06496493436886484
244,New Construction,CMU,6.50062655170825,0.7280701737913239
244,New Construction,Coatings - other,0.2538821530755423,5.029734524140621
244,New Construction,Cold formed steel framing,0.19533666128183416,0.49758542727421434
244,New Construction,Concrete - other,0.8229842756580524,0.12334578241586797
244,New Construction,Decking,9.4664088678561,24.423334879068744
244,New Construction,Doors and frames - other,0.1040264411528137,0.2762255443361529
244,New Construction,EPDM,0.056906286387093406,0.18323824216644077
244,New Construction,Extruded polystyrene XPS,0.42369571555793856,27.537495025099442
244,New Construction,Extrusion,5.3015171824359815,50.07192251926068
244,New Construction,Fasteners,0.13089849934384168,0.7461327928706204
244,New Construction,Fiberglass blanket,0.008163163714857145,0.022913451177548158
244,New Construction,Glass mat gypsum board,1.1650255645020862,0.5510570920094866
244,New Construction,Gypsum board,1.0414863111488288,0.21395947130609938
244,New Construction,Hollow structural sections HSS,3.3052504504357914,2.559570013411145
244,New Construction,Hot-rolled sections,76.13094788323872,74.44933721844444
244,New Construction,Insulated glass unit IGU,9.782557484448954,15.042328057883394
244,New Construction,Insulated metal panel IMP,3.0341446034712454,6.908712260888274
244,New Construction,Loose-fill cellulose,0.5993435138347982,0.11267658060094206
244,New Construction,Mineral wool high density,0.41943449363485885,0.7507877436063973
244,New Construction,Mineral wool low density,0.43867439225907917,0.6623983323112096
244,New Construction,Mortar and grout,1.086626559761728,0.23884077940061643
244,New Construction,Other,0.00011365920250570229,0.00026482594183828634
244,New Construction,PVC,0.17027474014040692,0.5278516944352614
244,New Construction,Paint,7.137899368392824e-05,0.00018629917351505265
244,New Construction,Ready mix NW 4000,0.014920179061095228,0.0017767738522446264
244,New Construction,Ready mix NW 5000,0.13588955291341615,0.019354509712468614
244,New Construction,Ready mix unknown,676.0602992048675,86.06498609659381
244,New Construction,Rebar and reinforcement,30.0316399888424,57.380004507943276
244,New Construction,Roll formed metal panel aluminum,3.344193434336016,18.79436710096841
244,New Construction,Roofing and waterproofing - other,0.010080470215869245,0.004868867114264846
244,New Construction,Spray applied cementitious,22.417736020812118,25.556219063725813
244,New Construction,Steel - other,0.22750714013212725,0.9425290686632366
244,New Construction,Steel door,0.03448770691578947,0.08337297077494737
244,New Construction,Steel door frame,0.0012974630147368422,0.0035680232905263157
244,New Construction,Steel sheet,0.3761280486179713,0.9701363539265928
244,New Construction,Stone masonry,0.32071018576103083,0.17895628365465524
245,New Construction,Air and vapor barriers,2.768815,6.534403333333333
245,New Construction,CMU,7.622797083333333,0.9727250000000001
245,New Construction,Cold formed steel framing,2.797515,6.384915
245,New Construction,Extruded polystyrene XPS,0.00019749999999999998,0.010720833333333332
245,New Construction,Glass mat gypsum board,4.093387083333333,1.6337741666666667
245,New Construction,Glazing - other,0.94695,0.95882
245,New Construction,Gypsum board,28.558954583333332,7.601675416666666
245,New Construction,Hot-rolled sections,0.7784583333333334,0.44449958333333334
245,New Construction,Mineral wool high density,1.03648875,0.6504416666666667
245,New Construction,Mineral wool low density,5.167462916666667,0.6946179166666666
245,New Construction,Mortar and grout,0.8493250000000001,0.39552208333333333
245,New Construction,Precast,76.86,10.000219583333333
245,New Construction,Ready mix unknown,1469.685,228.10485541666668
245,New Construction,Rebar and reinforcement,80.96625,42.53644791666666
245,New Construction,Roofing and waterproofing - other,0.5266320833333333,0.44581666666666664
245,New Construction,Steel sheet,4.661857083333333,12.544247083333333
246,New Construction,Aluminum storefront or curtain wall,8.850222222222222,32.16665634920635
246,New Construction,Brick clay,0.0003968253968253968,8.333333333333333e-05
246,New Construction,CMU,7.755520634920635,0.7286103174603176
246,New Construction,Cladding - other,0.016676190476190476,0.06348333333333334
246,New Construction,Cold formed steel framing,1.2109857142857143,1.5953761904761905
246,New Construction,Decking,20.92628571428571,45.69054523809523
246,New Construction,EPDM,0.2774880952380952,0.8672865079365079
246,New Construction,Extruded polystyrene XPS,0.1312984126984127,1.6218507936507935
246,New Construction,Flooring and tile - other,0.9920634920634921,0.33903650793650797
246,New Construction,Glass mat gypsum board,4.077309523809524,1.6115222222222223
246,New Construction,Gypsum board,0.5991888888888889,0.15376666666666666
246,New Construction,Hot-rolled sections,61.05296587301587,105.03801984126984
246,New Construction,Mineral wool high density,3.2705253968253967,2.936426984126984
246,New Construction,Modified bitumen,6.925318253968254,7.039187301587302
246,New Construction,Polyisocyanurate PIR,1.5339285714285715,9.121232539682541
246,New Construction,Precast,6.58552380952381,1.4867484126984127
246,New Construction,Ready mix unknown,698.417980952381,69.32935793650793
246,New Construction,Rebar and reinforcement,10.613853174603175,4.636038095238095
246,New Construction,Resilient flooring rubber,0.2702952380952381,0.6574785714285714
246,New Construction,Roll formed metal panel aluminum,0.4134436507936508,1.8788777777777779
246,New Construction,Wood and composites - other,0.4675873015873016,0.6705492063492063
247,New Construction,Air and vapor barriers,2.2249063829787237,1.2471222695035462
247,New Construction,Aluminum - other,0.3424207092198582,0.41341049645390077
247,New Construction,Aluminum framed window,1.667208510638298,6.128117446808511
247,New Construction,Brick clay,10.825531914893617,2.568510638297872
247,New Construction,CMU,44.592430354609924,5.690322269503546
247,New Construction,Coatings - other,0.09658609929078014,0.17255205673758867
247,New Construction,Cold formed steel framing,8.77161475177305,12.380813617021277
247,New Construction,Extruded polystyrene XPS,1.1829872340425531,6.640292198581561
247,New Construction,Fiberglass blanket,0.5400022695035461,0.4465086524822695
247,New Construction,Fiberglass framed window,3.754125106382979,4.697310070921986
247,New Construction,Flooring and tile - other,2.5162666666666667,0.3027424113475177
247,New Construction,Glass mat gypsum board,2.1405665248226953,0.6968008510638298
247,New Construction,Glazing - other,1.543671489361702,1.721495035460993
247,New Construction,Gypsum board,32.14182439716312,8.535319432624114
247,New Construction,Hot-rolled sections,0.4743404255319149,1.143342695035461
247,New Construction,Mineral wool high density,6.179962553191489,7.246436879432625
247,New Construction,Modified bitumen,1.174870070921986,0.9477824113475177
247,New Construction,PVC,1.1666819858156028,4.084602553191489
247,New Construction,Paint,0.2991736170212766,0.5320666666666666
247,New Construction,Ready mix unknown,1268.4737021276596,160.4510025531915
247,New Construction,Rebar and reinforcement,70.67181588652483,32.07736680851064
247,New Construction,Resilient flooring vinyl,3.5214695035460992,7.101739290780142
247,New Construction,Roll formed metal panel aluminum,3.022458439716312,13.735449361702129
247,New Construction,Roll formed metal panel steel,0.3813106382978724,2.106156879432624
247,New Construction,Roofing and waterproofing - other,0.16127773049645389,0.020957163120567376
247,New Construction,Softwood plywood,0.023014751773049645,0.010428936170212766
247,New Construction,Steel door,0.1565276595744681,0.4156595744680851
247,New Construction,Synthetic composites,0.20806808510638297,0.08253191489361703
247,New Construction,Wood or composite door,2.4133304964539004,2.8687404255319153
248,New Construction,Acoustic ceiling tile fiber,2.217248014265903,3.015457299401628
248,New Construction,Adhesives and sealants,0.02091888555221815,0.04403760577205212
248,New Construction,Air and vapor barriers,0.9885239988030764,0.8421472071620337
248,New Construction,Aluminum - other,0.07703820448056367,0.43295470918076784
248,New Construction,Aluminum door frame,0.16077276972705745,1.4067617351117527
248,New Construction,Aluminum framed window,0.2634712832368854,2.8787679189735917
248,New Construction,Aluminum sheet,1.9380824547267526,10.89202339556435
248,New Construction,Brick clay,18.992228502410793,5.488754037196719
248,New Construction,Carpet,0.6415060464855039,2.6814952743094067
248,New Construction,Ceramic tile,1.6383174010420496,0.4588837315121479
248,New Construction,Coatings - other,0.18257784026939713,1.914310760066372
248,New Construction,Cold formed steel framing,11.51572483692126,28.213525850457092
248,New Construction,Decking,10.326447397093787,24.473680331112277
248,New Construction,Doors and frames - other,0.14304009488669062,0.9234083549415933
248,New Construction,Extruded polystyrene XPS,0.8854976233342053,57.551647330662206
248,New Construction,Extrusion,0.4842248152939539,4.387076826563223
248,New Construction,Fasteners,0.007862764879384405,0.04565488229168802
248,New Construction,Fiberglass blanket,0.004928179283137697,0.010152049323263655
248,New Construction,Flooring and tile - other,0.040864897571714486,0.18112511702298564
248,New Construction,Glass mat gypsum board,7.423957433468707,3.511531866030698
248,New Construction,Glazing - other,1.1369067366294416,1.2560428220230189
248,New Construction,Gypsum board,59.610964555244976,13.735147562906608
248,New Construction,Hardwood,0.27718949778294233,0.31430005084479706
248,New Construction,Hollow structural sections HSS,3.715587855697412,9.10319024645866
248,New Construction,Hot-rolled sections,57.81044247903835,55.96050831970912
248,New Construction,Insulated glass unit IGU,3.568387902977026,4.781639789989216
248,New Construction,Insulation - other,0.0373617192690176,0.20698392475035746
248,New Construction,Medium density fiberboard MDF,0.23609413876900245,0.1662102736933777
248,New Construction,Mineral wool high density,0.5961240033832578,1.0670619660560317
248,New Construction,Mineral wool low density,1.6114979831376666,2.4333619545378764
248,New Construction,Modified bitumen,1.2619581193024545,0.7950336151605463
248,New Construction,Mortar and grout,9.638972216529707,1.5856496422327542
248,New Construction,Other,0.027987629091456606,0.07948486661973678
248,New Construction,Paint,0.6275186180075154,1.5021076371693953
248,New Construction,Polyisocyanurate PIR,0.8621961371091038,2.258953879225852
248,New Construction,Ready mix NW 4000,34.38155545284997,6.371711017123568
248,New Construction,Ready mix NW 5000,818.8939561743339,116.2829417767554
248,New Construction,Rebar and reinforcement,35.76519804825749,68.3115282721718
248,New Construction,Resilient flooring vinyl,0.9310954385929081,2.3463605052541285
248,New Construction,Roll formed metal panel aluminum,1.8988397961876557,12.266505083372255
248,New Construction,Roofing and waterproofing - other,0.09584492045335088,0.046293096578968476
248,New Construction,Softwood framing,0.14134052721119317,0.026211233345174022
248,New Construction,Softwood plywood,0.16622578983623376,0.04388360851676571
248,New Construction,Spray applied cementitious,0.16094361052112657,0.18347571599408433
248,New Construction,Steel - other,0.18008617289992293,0.44121112360481124
248,New Construction,Steel door,0.010874846230130785,0.028818342509846585
248,New Construction,Steel sheet,0.10726876345843872,0.24993621885816217
248,New Construction,Stone masonry,0.22658463121646763,0.12643422421878897
248,New Construction,Stucco finish,1.552384545767843,0.7435921974227966
248,New Construction,Suspension assembly,0.47121779430318916,1.1450592401567499
248,New Construction,Terracotta units,1.0631651275242824,0.30725472185451763
248,New Construction,Wall coverings,0.002519865857238652,0.04547507827442095
248,New Construction,Wood or composite door,1.5618695001587162,1.2375686992669501
249,New Construction,Aluminum storefront or curtain wall,5.355917829457365,23.53621395348837
249,New Construction,Brick clay,13.1455488372093,3.118967441860465
249,New Construction,CMU,46.179716279069766,8.16437984496124
249,New Construction,Cold formed steel framing,9.825443410852714,22.107248062015504
249,New Construction,Cross laminated timber CLT,35.49716279069768,2.122713178294574
249,New Construction,Decking,4.251672868217055,11.979996899224805
249,New Construction,Fiberglass blanket,4.09393488372093,3.6115038759689924
249,New Construction,Glass mat gypsum board,5.463179844961241,1.778382945736434
249,New Construction,Glue laminated timber GLT,33.76408527131783,12.518074418604652
249,New Construction,Gypsum board,2.9500930232558136,0.9612403100775194
249,New Construction,Hollow structural sections HSS,5.344654263565891,11.151063565891473
249,New Construction,Hot-rolled sections,34.72267131782945,39.674551937984496
249,New Construction,Mortar and grout,10.10766511627907,5.195417054263566
249,New Construction,Polyisocyanurate PIR,10.855751937984497,43.53884651162791
249,New Construction,Ready mix LW 4000,74.31394263565892,18.110998449612403
249,New Construction,Ready mix NW 4000,771.0927581395349,108.2469441860465
249,New Construction,Rebar and reinforcement,7.3488992248062015,4.65779534883721
249,New Construction,Roofing and waterproofing - other,0.5617333333333333,1.2245627906976744
249,New Construction,Steel - other,0.855075968992248,2.7069333333333336
249,New Construction,Steel door,0.1322077519379845,0.30387596899224806
249,New Construction,TPO,1.0202325581395348,3.320139534883721
249,New Construction,Wood and composites - other,2.0489906976744185,1.1180046511627908
250,New Construction,Acoustic ceiling tile aluminum,0.011078338089921334,0.07211998096538787
250,New Construction,Acoustic ceiling tile fiber,0.17747263951887243,0.6193795119208649
250,New Construction,Adhesives and sealants,0.30492620914013013,0.09726344428072004
250,New Construction,Aluminum composite panel ACM,2.2875794867492796,18.18625691965677
250,New Construction,Aluminum door,0.235224454805854,1.5313112007861096
250,New Construction,Aluminum door frame,0.04101805112195122,0.35890794731707315
250,New Construction,Aluminum framed window,0.3516163893840815,3.4606753568419824
250,New Construction,Aluminum sheet,0.006085702376201216,0.03420164735425084
250,New Construction,Brick clay,23.690820090774025,6.846647006233694
250,New Construction,CMU,5.084695287023571,0.5694858721466398
250,New Construction,Carpet,0.2175941710853964,1.146721281620039
250,New Construction,Ceramic tile,0.15703181741824399,0.041142336163579915
250,New Construction,Coatings - other,0.2267178181014862,3.376202272537378
250,New Construction,Cold formed steel framing,11.214302729357268,27.47504168692531
250,New Construction,Concrete - other,0.42368896153543123,0.0660979141876083
250,New Construction,Decking,1.7872290687396757,4.492513138043197
250,New Construction,Doors and frames - other,0.4749918502561048,3.0920647209923775
250,New Construction,Extrusion,0.7499699005000919,6.11155812754831
250,New Construction,Fasteners,0.0006235235588263493,0.005402369194278596
250,New Construction,Fiberglass blanket,1.437499576001584,3.3781240036037232
250,New Construction,Flooring and tile - other,0.07101549022684452,0.3934258158567186
250,New Construction,Glazing - other,0.006251805170498081,0.010565550738141756
250,New Construction,Gypsum board,69.77264856098923,14.854291058811032
250,New Construction,Hardwood,0.09791773920975745,0.043181722991503045
250,New Construction,Hollow structural sections HSS,4.125378835714303,10.643477396142899
250,New Construction,Hot-rolled sections,143.78402784935125,161.56378019032172
250,New Construction,Insulated glass unit IGU,3.1103293435570443,4.167841320366439
250,New Construction,Mineral wool high density,3.3519305169524496,4.25695175652961
250,New Construction,Mineral wool low density,1.7814688183421443,2.690017915696638
250,New Construction,Mortar and grout,2.982439397947279,0.7438977545516015
250,New Construction,Paint,0.9249992648823331,2.2199448900011394
250,New Construction,Plate,0.20164154576278376,0.4698248016272861
250,New Construction,Polyisocyanurate PIR,1.0491222002066638,2.748700164541459
250,New Construction,Ready mix LW 5000,242.94255271884518,89.44933108700181
250,New Construction,Ready mix NW 3000,1.280604285437971,0.18128611374066295
250,New Construction,Ready mix NW 4000,59.37810539641962,10.188210782668945
250,New Construction,Ready mix NW 5000,30.591996030486083,6.369207353492735
250,New Construction,Rebar and reinforcement,20.318053360935814,38.80760474579006
250,New Construction,Resilient flooring vinyl,2.9999118681599746,4.160309377199127
250,New Construction,Softwood plywood,1.1121528645898586,0.29360835625172266
250,New Construction,Steel - other,1.0113794209755829,2.4797208463914417
250,New Construction,Steel sheet,0.2971181941593489,0.6922853923912828
250,New Construction,Stone masonry,0.6293040879059989,0.3511516810515474
250,New Construction,Stucco finish,0.10741086236131024,0.05144980307106761
250,New Construction,Suspension assembly,0.07812832279877623,0.18985182440102624
250,New Construction,Wood or composite door,2.903090207655336,0.9654159803925006
251,New Construction,Aluminum storefront or curtain wall,11.351777551020408,42.7304081632653
251,New Construction,Brick clay,0.5334612244897959,0.1265712244897959
251,New Construction,Cold formed steel framing,0.6517967346938776,0.8586893877551021
251,New Construction,Decking,0.7083673469387755,1.5466524489795919
251,New Construction,Extruded polystyrene XPS,0.6455036734693878,8.220219387755103
251,New Construction,Fiberglass blanket,0.42645346938775514,0.5055951020408163
251,New Construction,Glass mat gypsum board,4.4908963265306125,1.785761224489796
251,New Construction,Gypsum board,1.952801836734694,0.5011367346938775
251,New Construction,Hollow structural sections HSS,0.34283673469387754,0.8199179591836735
251,New Construction,Hot-rolled sections,0.12656122448979593,0.217685306122449
251,New Construction,Mineral wool high density,3.855642857142857,4.794668571428572
251,New Construction,Modified bitumen,2.199781224489796,2.235951020408163
251,New Construction,Mortar and grout,0.1292465306122449,0.06487979591836734
251,New Construction,Precast,41.46514285714286,5.118131632653061
251,New Construction,Ready mix unknown,1608.216,198.86171183673468
251,New Construction,Rebar and reinforcement,91.51194448979592,132.32395571428572
251,New Construction,Roll formed metal panel aluminum,0.07182367346938776,0.3264
251,New Construction,Roofing and waterproofing - other,0.5780032653061224,0.702378775510204
252,New Construction,Aluminum - other,9.578075757575759,38.62127196969697
252,New Construction,Aluminum framed window,0.08516136363636365,0.8821166666666667
252,New Construction,CMU,3.011028787878788,0.37866666666666665
252,New Construction,Cold formed steel framing,2.002687121212121,2.9767939393939393
252,New Construction,Cross laminated timber CLT,30.86277424242424,25.64184393939394
252,New Construction,Decking,1.8045075757575757,3.139842424242424
252,New Construction,EPDM,0.09644545454545454,0.290819696969697
252,New Construction,Extruded polystyrene XPS,0.014998484848484848,0.13401666666666667
252,New Construction,Extrusion,3.631668939393939,20.63640227272727
252,New Construction,Fiberglass blanket,1.3532833333333332,4.345283333333334
252,New Construction,Glass mat gypsum board,0.7351962121212121,0.24435984848484849
252,New Construction,Glue laminated timber GLT,30.450409090909094,21.043304545454543
252,New Construction,Gypsum board,7.013547727272728,2.561712121212121
252,New Construction,Hollow structural sections HSS,1.3068613636363635,3.123398484848485
252,New Construction,Hot-rolled sections,16.16901818181818,19.733388636363635
252,New Construction,Polyisocyanurate PIR,0.041027272727272725,0.23035
252,New Construction,Precast,3.212675,0.9895037878787879
252,New Construction,Ready mix NW 4000,478.98718409090907,60.39828712121212
252,New Construction,Ready mix NW 5000,79.70420075757575,12.058581060606059
252,New Construction,Ready mix unknown,0.46184015151515145,1.2332530303030302
252,New Construction,Rebar and reinforcement,40.45751818181818,30.892120454545452
252,New Construction,Roll formed metal panel aluminum,0.1428939393939394,0.5413083333333334
252,New Construction,Softwood plywood,0.4014901515151515,0.13749621212121213
252,New Construction,Steel - other,0.04852045454545455,0.036584848484848484
252,New Construction,Stone masonry,56.81593939393939,11.825478787878788
252,New Construction,Wood and composites - other,0.19317424242424244,0.27497045454545455
252,New Construction,Wood or composite door,0.050272727272727274,0.07481818181818183
253,New Construction,Aluminum - other,0.2044108108108108,2.5097463783783787
253,New Construction,Aluminum framed glass entrances,0.18269513513513513,1.998491027027027
253,New Construction,Aluminum storefront or curtain wall,9.976617405405404,51.983719351351354
253,New Construction,Concrete - other,1.8820629189189189,0.1879895135135135
253,New Construction,Decking,6.112698054054054,16.25977654054054
253,New Construction,Expanded polystyrene EPS,0.15443805405405406,0.4694921081081081
253,New Construction,Extruded polystyrene XPS,0.0009180540540540541,0.022767891891891896
253,New Construction,Extrusion,0.5799047567567568,5.770052108108108
253,New Construction,Fiberglass door,0.0014007567567567566,0.010631891891891893
253,New Construction,Flooring and tile - other,0.33259610810810813,0.22509189189189188
253,New Construction,Glass mat gypsum board,0.04956583783783784,0.01647437837837838
253,New Construction,Glazing - other,0.03227210810810811,0.04614908108108108
253,New Construction,Gypsum board,0.019434594594594595,0.006306162162162163
253,New Construction,Hollow structural sections HSS,0.07927816216216216,0.15221405405405408
253,New Construction,Hot-rolled sections,5.941422378378378,6.773221837837838
253,New Construction,Plate,0.00027243243243243244,0.0004005405405405405
253,New Construction,Ready mix NW 2500,359.14856756756757,89.39775232432432
253,New Construction,Ready mix NW 4000,904.2095047567568,157.8209158918919
253,New Construction,Ready mix unknown,113.28124313513516,13.363040216216216
253,New Construction,Rebar and reinforcement,52.89012086486487,38.91721881081081
253,New Construction,Roll formed metal panel steel,0.07590432432432433,0.2078201081081081
253,New Construction,Softwood plywood,0.05945589189189189,0.03525827027027027
253,New Construction,Steel - other,0.010178162162162163,0.007978378378378378
253,New Construction,Steel door,0.020286486486486486,0.055990594594594593
253,New Construction,Steel sheet,0.7765154594594594,1.1070996756756757
253,New Construction,TPO,0.017464432432432432,0.032626486486486486
255,New Construction,Aluminum storefront or curtain wall,2.778019230769231,16.506615384615387
255,New Construction,Asphalt shingles,10.235048076923078,3.053701923076923
255,New Construction,Closed cell spray polyurethane foam,5.133961538461539,25.667278846153845
255,New Construction,EPDM,0.33679807692307695,0.953125
255,New Construction,Expanded polystyrene EPS,0.4935288461538462,1.5003269230769232
255,New Construction,Extruded polystyrene XPS,0.2617307692307692,6.491038461538462
255,New Construction,Fiberglass blanket,2.4284423076923076,4.905461538461538
255,New Construction,Fiberglass framed window,8.611298076923077,12.919240384615385
255,New Construction,Glass mat gypsum board,1.7810288461538462,0.6924807692307693
255,New Construction,Glue laminated timber GLT,1.4016826923076924,0.5284326923076924
255,New Construction,Gypsum board,6.775586538461539,2.0763557692307693
255,New Construction,Hollow structural sections HSS,3.144375,7.104990384615385
255,New Construction,Hot-rolled sections,0.9004711538461538,1.0265384615384614
255,New Construction,Laminated veneer lumber LVL,7.86573076923077,2.5039038461538463
255,New Construction,Polyisocyanurate PIR,2.8449711538461537,17.428471153846154
255,New Construction,Ready mix NW 3000,247.38745192307692,29.22784615384615
255,New Construction,Ready mix NW 5000,443.16102884615384,73.78964423076924
255,New Construction,Ready mix unknown,7.391346153846154,6.465971153846153
255,New Construction,Rebar and reinforcement,24.746673076923077,22.640124999999998
255,New Construction,Roofing and waterproofing - other,0.1365769230769231,0.2623557692307692
255,New Construction,Softwood framing,14.568201923076924,2.731
255,New Construction,Softwood plywood,17.82564423076923,10.664567307692309
255,New Construction,Steel door,0.11713461538461538,0.2692307692307692
255,New Construction,Wood and composites - other,161.8263173076923,72.39725961538461
256,New Construction,Aluminum - other,0.028206470588235295,0.34631882352941173
256,New Construction,Aluminum storefront or curtain wall,5.043090392156863,23.54326901960784
256,New Construction,CMU,20.0384531372549,4.3683829411764705
256,New Construction,Cold formed steel framing,14.039165686274512,33.39917647058824
256,New Construction,Concrete - other,9.366276470588236,1.3523072549019608
256,New Construction,Decking,6.175807647058823,16.427647647058823
256,New Construction,Doors and frames - other,0.2620521568627451,1.2040233333333334
256,New Construction,Expanded polystyrene EPS,0.3485535294117647,1.0596029411764705
256,New Construction,Extruded polystyrene XPS,0.01396313725490196,0.3462849019607843
256,New Construction,Extrusion,6.538137843137256,48.5282037254902
256,New Construction,Gypsum board,0.21211254901960785,0.06500117647058823
256,New Construction,Hot-rolled sections,27.84141803921569,22.2627737254902
256,New Construction,Insulation - other,0.19325411764705883,0.8358527450980392
256,New Construction,Plate,2.1615198039215686,3.1731111764705884
256,New Construction,Ready mix LW 3000,204.28842176470587,61.82108294117647
256,New Construction,Ready mix NW 4000,246.38321647058825,43.04551921568628
256,New Construction,Ready mix NW 5000,570.1928570588235,99.65268039215687
256,New Construction,Ready mix unknown,1.3444633333333333,0.012155490196078431
256,New Construction,Rebar and reinforcement,21.113381960784313,15.674524509803922
256,New Construction,Roll formed metal panel steel,0.02492078431372549,0.06823784313725491
256,New Construction,Steel door,0.027219607843137254,0.07064705882352941
256,New Construction,Windows and frames - other,1.152507450980392,1.5003056862745097
257,New Construction,Cold formed steel framing,0.02233362068965517,0.033196551724137935
257,New Construction,Decking,12.133062068965517,32.273944827586206
257,New Construction,Expanded polystyrene EPS,5.428532068965517,16.502737413793103
257,New Construction,Extruded polystyrene XPS,0.282706724137931,7.011125862068965
257,New Construction,Extrusion,0.6428851724137931,10.67189396551724
257,New Construction,Fiberglass door,0.0023,0.017456896551724138
257,New Construction,Glazing - other,0.18172758620689655,0.2598706896551724
257,New Construction,Gypsum board,0.03844827586206897,0.011782413793103448
257,New Construction,Hollow structural sections HSS,2.5174413793103447,9.164632931034483
257,New Construction,Hot-rolled sections,7.769037413793103,8.856702586206897
257,New Construction,Open web joists,5.437130344827587,8.046953103448276
257,New Construction,Precast,142.50013655172413,21.16351672413793
257,New Construction,Ready mix NW 4000,432.65720017241375,77.50929344827586
257,New Construction,Ready mix NW 5000,23.79083793103448,5.219186551724138
257,New Construction,Rebar and reinforcement,19.10379327586207,17.477592241379313
257,New Construction,Steel door,0.6483068965517241,3.7593412068965515
257,New Construction,TPO,2.662696724137931,4.9743731034482765
258,New Construction,Aluminum sheet,17.112732173913045,24.340892173913044
258,New Construction,Brick clay,29.47844,0.9082765217391304
258,New Construction,CMU,20.007412173913043,4.361615652173913
258,New Construction,Cold formed steel framing,12.92653043478261,24.51328
258,New Construction,Concrete - other,0.5490626086956522,0.20563478260869567
258,New Construction,Decking,6.469486956521739,17.208838260869566
258,New Construction,Extruded polystyrene XPS,2.0694086956521742,25.63200347826087
258,New Construction,Glass mat gypsum board,9.730831304347825,3.097551304347826
258,New Construction,Gypsum board,5.5067513043478264,1.681031304347826
258,New Construction,Hollow structural sections HSS,2.0687478260869563,4.944306086956521
258,New Construction,Hot-rolled sections,15.33492695652174,14.636867826086956
258,New Construction,Insulated glass unit IGU,15.005641739130436,28.69156695652174
258,New Construction,Mortar and grout,8.377892173913043,4.258620869565217
258,New Construction,PVC,0.10895304347826087,0.3108417391304348
258,New Construction,Polyisocyanurate PIR,1.6943930434782608,6.425984347826087
258,New Construction,Ready mix unknown,413.9496608695652,53.48719304347826
258,New Construction,Rebar and reinforcement,14.003594782608696,9.555986086956521
258,New Construction,Roll formed metal panel steel,1.219026086956522,3.337601739130435
258,New Construction,Roofing and waterproofing - other,0.17136,0.09165739130434783
258,New Construction,Steel door,0.06121739130434783,0.13356521739130434
258,New Construction,TPO,0.5576886956521739,1.9407617391304348
258,New Construction,Windows and frames - other,0.03616869565217391,0.09339130434782608
259,New Construction,Air and vapor barriers,0.11203874999999999,0.34844041666666664
259,New Construction,Aluminum framed window,0.2714266666666667,5.17766375
259,New Construction,Brick clay,26.770117083333336,7.910346666666667
259,New Construction,CMU,21.45916666666667,5.332602916666667
259,New Construction,Closed cell spray polyurethane foam,1.3579745833333332,6.461306666666666
259,New Construction,Cold formed steel framing,4.759879583333333,7.075084583333333
259,New Construction,Decking,1.3246875,4.012947083333333
259,New Construction,EPDM,0.16751875,1.1899620833333333
259,New Construction,Extruded polystyrene XPS,0.22215583333333333,12.613322083333333
259,New Construction,Glass mat gypsum board,0.8264679166666666,0.2746958333333333
259,New Construction,Gypsum board,7.215525,2.3066766666666667
259,New Construction,Hot-rolled sections,1.6199320833333335,2.268016666666667
259,New Construction,Insulated glass unit IGU,0.32519625,0.8780300000000001
259,New Construction,Polyisocyanurate PIR,0.24512124999999998,0.589835
259,New Construction,Precast,2.002,0.2866108333333333
259,New Construction,Ready mix LW 5000,2.217,0.71699875
259,New Construction,Ready mix NW 5000,1196.09866,263.4319995833333
259,New Construction,Rebar and reinforcement,5.5833125,3.9302762500000004
259,New Construction,Roll formed metal panel steel,10.211547916666666,27.961206249999996
259,New Construction,Roofing and waterproofing - other,0.016177083333333335,0.07309166666666667
259,New Construction,Steel - other,42.41895875,31.135515833333333
259,New Construction,TPO,0.005255416666666666,0.01828875
259,New Construction,Wood and composites - other,1.7014683333333331,0.92838375
260,New Construction,Adhesives and sealants,0.36745413361239476,1.0066844279237381
260,New Construction,Air and vapor barriers,1.5995167615465447,2.4792509803971443
260,New Construction,Aluminum door,0.02537303401302028,0.2613422503341089
260,New Construction,Aluminum framed window,0.20111232430010373,2.453570356461265
260,New Construction,Brick clay,55.77896995919634,16.12012231820774
260,New Construction,Closed cell spray polyurethane foam,0.44346418902466506,1.574297871037561
260,New Construction,Coatings - other,0.2438040828281823,0.5319288440113867
260,New Construction,Cold formed steel framing,2.3537228573747027,5.766621000568021
260,New Construction,Copper sheet,25.184368895607214,29.717555296816517
260,New Construction,Cross laminated timber CLT,69.05238327095951,25.618434193525975
260,New Construction,Doors and frames - other,0.17687327085890234,0.42989333293179466
260,New Construction,EPDM,1.6657752392890457,5.130587737010261
260,New Construction,Extrusion,1.3433829965584834,12.171049948819862
260,New Construction,Fasteners,0.017675572244094117,0.09322467388771362
260,New Construction,Glass mat gypsum board,3.5666204017731116,1.6870114500386817
260,New Construction,Glue laminated timber GLT,38.17336480201242,14.162318341546609
260,New Construction,Gypsum board,10.968086253049918,2.67621304574418
260,New Construction,Hardwood,0.20026020870416839,0.1944526626517475
260,New Construction,Hollow structural sections HSS,3.8181043063197504,9.354355550483389
260,New Construction,Hot-rolled sections,5.6613896460149755,5.480225177342496
260,New Construction,Insulated glass unit IGU,5.085540843375947,6.81462473012377
260,New Construction,Mineral wool low density,0.4485096659999019,0.6772495956598519
260,New Construction,Mortar and grout,7.54085096960003,0.8505997238630548
260,New Construction,Paint,0.1686642249710425,0.40479413993050206
260,New Construction,Polyisocyanurate PIR,4.653689106985,12.500396490054639
260,New Construction,Ready mix NW 5000,394.79086728758335,82.1948620977216
260,New Construction,Rebar and reinforcement,15.731974964172707,30.04807218156987
260,New Construction,Roll formed metal panel steel,0.17225691104336036,0.40135860273102963
260,New Construction,Roofing and waterproofing - other,4.607096446848072,2.609150592049248
260,New Construction,Steel - other,0.07712997107111269,0.19680611857669902
260,New Construction,Stone masonry,14.04257787180575,4.311071406644365
260,New Construction,Wood or composite door,0.02997095281116279,0.007912331542146976
261,New Construction,Acoustic ceiling tile fiber,0.027624571176474523,0.03756941680000535
261,New Construction,Adhesives and sealants,0.24512163039981086,0.11215453734317818
261,New Construction,Air and vapor barriers,3.5188551724568633,2.7479225696011125
261,New Construction,Aluminum door,0.19768682237191904,2.036174270430766
261,New Construction,Aluminum door frame,0.005602161369863014,0.049018911986301365
261,New Construction,Brick clay,25.092751962490162,7.251805317159656
261,New Construction,Carpet,1.7986431996373355,8.622011825198593
261,New Construction,Ceramic tile,2.322137754164304,0.620232056548786
261,New Construction,Coatings - other,0.12761275881103262,2.502101340873364
261,New Construction,Cold formed steel framing,5.115797449666768,13.198757420140263
261,New Construction,Cross laminated timber CLT,68.11011065100783,25.268851051523907
261,New Construction,Decking,0.3792573872833479,0.9784840591910375
261,New Construction,Doors and frames - other,0.6273741251873753,1.957140369525838
261,New Construction,Extruded polystyrene XPS,0.5320387954799917,34.57909803123017
261,New Construction,Extrusion,1.3350902555000153,11.650634859668973
261,New Construction,Fasteners,0.04384745707444684,0.17779430257428136
261,New Construction,Fiberglass blanket,0.2412855526163496,0.49704823838968026
261,New Construction,Flooring and tile - other,0.23343663503534223,0.46406817778625
261,New Construction,Glass mat gypsum board,3.178742303521663,1.5035451095657466
261,New Construction,Glazing - other,1.4429984804868874,3.793307283922374
261,New Construction,Glue laminated timber GLT,39.26866607122484,14.568675112424415
261,New Construction,Gypsum board,29.598848288339877,6.879988820874433
261,New Construction,Hardwood,0.13701872275025803,0.13605959169100623
261,New Construction,Heavy timber framing,0.3515816218110466,0.06680050814409885
261,New Construction,Hollow structural sections HSS,4.575677451394911,11.797769595413351
261,New Construction,Hot-rolled sections,10.82036619267502,27.69313514809637
261,New Construction,Insulated glass unit IGU,6.820151647514762,8.730471858208448
261,New Construction,Mineral wool high density,4.984374603806437,8.922030540813521
261,New Construction,Mortar and grout,10.151539454629464,2.0207417085657076
261,New Construction,Paint,0.2698525436763619,0.5758664372066368
261,New Construction,Plate,3.4431873387897416,8.445353126471495
261,New Construction,Polyisocyanurate PIR,5.631186606116645,14.134278381352775
261,New Construction,Precast,35.35509932194192,5.515598784087419
261,New Construction,Ready mix NW 3000,0.28403272910003835,0.038170644235467045
261,New Construction,Ready mix NW 4000,426.43385232282606,68.0011422945244
261,New Construction,Ready mix NW 5000,101.25705874057287,19.569798288909187
261,New Construction,Rebar and reinforcement,27.42440015733748,52.00693955678415
261,New Construction,Roll formed metal panel steel,1.918626092045898,4.470398794466942
261,New Construction,Softwood plywood,7.226674455306921,1.9078420562010272
261,New Construction,Spray applied cementitious,0.12272707797909946,0.13990886889617338
261,New Construction,Steel - other,0.4001034625600745,1.0322669334049923
261,New Construction,Steel door,0.5487822448990685,1.302862432749817
261,New Construction,Steel door frame,0.003118490915068493,0.008575850016438357
261,New Construction,Steel framed window,0.18277979178082193,0.5026444273972603
261,New Construction,Suspension assembly,0.005870876606764959,0.01426623015443885
261,New Construction,TPO,1.107584194307359,3.533193579840475
261,New Construction,Wood or composite door,0.07799579274871232,0.026840687027312217
262,New Construction,Acoustic ceiling tile fiber,0.013525228836385225,0.047203048638984446
262,New Construction,Adhesives and sealants,0.16658565741387815,0.4150503701855678
262,New Construction,Air and vapor barriers,0.42636628624430983,0.8655235610759489
262,New Construction,Aluminum - other,0.07305378119850667,0.19909339369604864
262,New Construction,Aluminum door frame,0.0006877840754716981,0.006018110660377359
262,New Construction,Aluminum sheet,0.3790784214585623,2.13042072859712
262,New Construction,Architectural fiber cement panel,2.887957557456386,1.8627326245593687
262,New Construction,Brick clay,4.1454727128,1.1980416139992
262,New Construction,CMU,23.76188490473759,2.66133110933061
262,New Construction,Carpet,0.3015306860312756,1.4503361387127625
262,New Construction,Ceramic tile,2.7287072940150257,0.7149213110319368
262,New Construction,Coatings - other,0.00943992190960238,0.038632290560357954
262,New Construction,Cold formed steel framing,0.1521535711087844,0.16170629698661299
262,New Construction,Concrete - other,24.089530621364727,3.396997129812678
262,New Construction,Decking,0.10572138301815966,0.2727611681868519
262,New Construction,Extrusion,1.7188216270628207,13.177518577066701
262,New Construction,Fasteners,0.04666698520794715,0.26955957892010596
262,New Construction,Fiberglass blanket,0.03843828835619854,0.07292644386708827
262,New Construction,Flooring and tile - other,0.038182549808409245,0.061965570901400605
262,New Construction,Glass mat gypsum board,1.646879954613117e-05,7.78974218532004e-06
262,New Construction,Glazing - other,0.4248393403162224,2.1114515213716247
262,New Construction,Glue laminated timber GLT,0.36965731480401176,0.13714286379228838
262,New Construction,Gypsum board,66.33452894439726,13.469070585695084
262,New Construction,Hardwood,0.023128521659413103,0.013992831845872652
262,New Construction,Hollow structural sections HSS,0.9300981280943459,2.2787404138311476
262,New Construction,Hot-rolled sections,0.11947408063769543,0.15107052503872404
262,New Construction,Insulated glass unit IGU,0.929719251939397,1.245823797598792
262,New Construction,Loose-fill cellulose,1.5234634680606152,0.28641113199539564
262,New Construction,Medium density fiberboard MDF,1.0249922035854941,0.7215945113241878
262,New Construction,Modified bitumen,1.8273496168449597,1.1794016533566944
262,New Construction,Mortar and grout,31.17168858145487,6.024948656753131
262,New Construction,Other,0.05273308648778469,0.1497619656253085
262,New Construction,Paint,0.8307058663661627,1.9097729609335983
262,New Construction,Plate,0.01545693170891283,0.0360146508817669
262,New Construction,Polyisocyanurate PIR,1.435474939588049,3.603042098366003
262,New Construction,Precast,1.011985880822853,0.1578756162711745
262,New Construction,Ready mix LW 3000,0.09581841794390301,0.021602100106105783
262,New Construction,Ready mix LW 4000,67.8816580046781,18.69920577231641
262,New Construction,Ready mix NW 5000,30.801809470571598,6.126250692844511
262,New Construction,Ready mix NW 6000,106.70338007557494,21.519220168228742
262,New Construction,Rebar and reinforcement,7.6639306324345275,12.575105889771702
262,New Construction,Roll formed metal panel steel,0.0313991530223814,0.07316002654214865
262,New Construction,Softwood framing,9.702674439597315,1.6300493058523489
262,New Construction,Softwood plywood,14.561058854450364,3.844119537574896
262,New Construction,Spray applied cementitious,0.13044504890852845,0.14870735575572244
262,New Construction,Steel - other,1.376643160146165,3.4208170078549562
262,New Construction,Steel sheet,0.01645377110943396,0.03833728668498113
262,New Construction,Stucco finish,2.1391585324179685,1.0246569370282068
262,New Construction,Suspension assembly,0.005629229393070057,0.013679027425160237
262,New Construction,Vinyl framed window,0.41830905358490567,1.1210682636075473
262,New Construction,Wall coverings,0.00598367649936327,0.002786627355134182
262,New Construction,Wood I joists,6.189264621429979,2.847061725857791
262,New Construction,Wood and composites - other,0.16057819312629965,0.037896453577806716
262,New Construction,Wood door frame,0.007019086320754717,0.03088397981132076
263,New Construction,Acoustic ceiling tile fiber,2.5674629297592495,3.4917495844725797
263,New Construction,Air and vapor barriers,0.060393604175102825,0.15823124293876942
263,New Construction,Aluminum - other,0.03913573472510145,0.06418260494916637
263,New Construction,Architectural fiber cement panel,0.0975979738999511,0.06295069316546846
263,New Construction,Ceramic tile,0.06131602462672805,0.01606479845220275
263,New Construction,Coatings - other,0.015397361311431905,0.11332296698040661
263,New Construction,Concrete - other,7.682237615571464,1.0831955037955763
263,New Construction,Extruded polystyrene XPS,0.4512229291166087,29.32658676851847
263,New Construction,Extrusion,0.15674381593717868,1.3149221578756014
263,New Construction,Fasteners,0.03473816934053567,0.14422701501700153
263,New Construction,Fiberglass blanket,0.8308974422681563,1.745752639917396
263,New Construction,Glue laminated timber GLT,0.49119344996873654,0.1822327699384012
263,New Construction,Gypsum board,74.3441490032041,15.093014411195858
263,New Construction,Hardwood,0.05481282131970993,0.05010042486587057
263,New Construction,Hollow structural sections HSS,0.11021159585469477,0.28434591730511255
263,New Construction,Hot-rolled sections,0.02074416226100818,0.02008034906865592
263,New Construction,Insulated glass unit IGU,1.4310924936641507,1.917663941509962
263,New Construction,Laminated strand lumber LSL,0.33616150582036086,0.13177531028158146
263,New Construction,Laminated veneer lumber LVL,0.13764132854761668,0.05092729156261817
263,New Construction,Modified bitumen,2.232439686144561,1.9578496047487794
263,New Construction,Mortar and grout,0.010871193095770547,0.005733838572102097
263,New Construction,Oriented strand board OSB,7.302222199931986,2.8624711023733385
263,New Construction,Other,0.29950777841000364,0.8506020906844101
263,New Construction,Paint,0.13800597914400953,0.3039896710419288
263,New Construction,Polyisocyanurate PIR,0.3152201796594902,0.8663649676600947
263,New Construction,Ready mix NW 4000,0.0012473114877907102,0.0002018196876619668
263,New Construction,Ready mix unknown,381.3334829677084,80.50034918668284
263,New Construction,Rebar and reinforcement,9.698793760622548,9.544966271401705
263,New Construction,Softwood framing,11.151843877201605,1.87350977136987
263,New Construction,Softwood plywood,4.458084391642007,1.1769342793934898
263,New Construction,Steel - other,1.5703399229929762,4.372993615481594
263,New Construction,Stucco finish,6.180059330837438,2.960248419471133
263,New Construction,Synthetic composites,0.008700533583753478,0.01052764563634171
263,New Construction,Vinyl framed window,0.5821841971014492,1.560253648231884
263,New Construction,Wood I joists,4.150342886516698,1.9091577277976806
264,New Construction,Adhesives and sealants,0.02187924700629687,0.05981062771689292
264,New Construction,Air and vapor barriers,1.7771749628011428,3.2141073702075005
264,New Construction,Aluminum - other,0.49091516787025136,2.7589432434308123
264,New Construction,Aluminum sheet,20.59428059051081,115.73985691867077
264,New Construction,Ceramic tile,1.350601150129448,0.3538575013339154
264,New Construction,Coatings - other,0.015314914028119119,0.15853240041040287
264,New Construction,Cold formed steel framing,4.7321894819504475,12.084405254707105
264,New Construction,Cross laminated timber CLT,2.1574213164029103,0.8004033083854799
264,New Construction,Decking,0.19443579177042916,0.5016443427677072
264,New Construction,Extruded polystyrene XPS,0.05728297150686219,3.723024531451566
264,New Construction,Fasteners,0.03965746018420025,0.16061271374601102
264,New Construction,Fiberglass blanket,0.03717219156571189,0.08005164949222567
264,New Construction,Flooring and tile - other,0.0002313664251437781,0.00033548131645847834
264,New Construction,Glass mat gypsum board,4.99607712791527,2.3631444815039226
264,New Construction,Glue laminated timber GLT,0.24444332567444998,0.09068847382522095
264,New Construction,Gypsum board,32.21268569516731,7.43284701964928
264,New Construction,Hollow structural sections HSS,11.438442308757253,29.098350510684252
264,New Construction,Hot-rolled sections,16.34948300074427,15.826299544720452
264,New Construction,Insulation - other,0.021956183234239375,0.12163725511768615
264,New Construction,Mineral wool high density,4.750111021785487,8.502698728996021
264,New Construction,Modified bitumen,0.060101099140172184,0.04940310349322154
264,New Construction,Mortar and grout,1.1826164352655202,0.45842314015793306
264,New Construction,Paint,0.39867455090929915,0.9859519443466976
264,New Construction,Plate,0.9041664891045554,2.106707919613614
264,New Construction,Polyisocyanurate PIR,2.7166215744303392,6.818720151820152
264,New Construction,Ready mix NW 2500,2.886634578894396,0.40807681976917576
264,New Construction,Ready mix NW 4000,45.69046714492279,7.286016203687954
264,New Construction,Ready mix unknown,89.14367434858225,91.81798457903972
264,New Construction,Rebar and reinforcement,2.431516300492054,4.644196133939824
264,New Construction,Softwood framing,1.5497052369885098,0.26035047981406967
264,New Construction,Softwood plywood,0.690166405642399,0.18220393108959335
264,New Construction,Spray applied cementitious,1.9944468763518892,2.2736694390411536
264,New Construction,Steel - other,0.529657750551967,1.3665169964240746
264,New Construction,Stone masonry,16.344051773480995,5.017623894458666
264,New Construction,TPO,0.5741988227118179,1.829075911514963
264,New Construction,Wall coverings,0.0006447682528709594,0.012830888232132093
264,New Construction,Wood I joists,0.2337971086415521,0.10754666997511396
265,New Construction,Adhesives and sealants,0.26181185873672425,0.7173644929386245
265,New Construction,Air and vapor barriers,0.04321441873607635,0.11322177708852006
265,New Construction,Aluminum - other,0.04343416689493339,0.07123203370769077
265,New Construction,Architectural fiber cement panel,1.2904195919864454,0.8323206368312572
265,New Construction,CMU,3.0696026511325822,0.34379549692684924
265,New Construction,Ceramic tile,0.09847929187150778,0.025801574470335036
265,New Construction,Coatings - other,0.0028601820073573857,0.03019869131133777
265,New Construction,Concrete - other,26.037078649326055,3.671228089554973
265,New Construction,Decking,0.012879468358862934,0.030524340010505156
265,New Construction,Extruded polystyrene XPS,0.5021801721076267,32.63847965256642
265,New Construction,Extrusion,0.9221277159083078,6.980250279547473
265,New Construction,Fasteners,0.03228515359894079,0.14601248704467934
265,New Construction,Fiberglass blanket,0.518218766737107,1.1463116437405163
265,New Construction,Glue laminated timber GLT,0.7774940338269474,0.2884502865497975
265,New Construction,Gypsum board,73.46522323050493,14.9134403157925
265,New Construction,Hardwood,1.0028938927254099,0.5918204885708919
265,New Construction,Hollow structural sections HSS,0.4922003186182427,1.2168181490244576
265,New Construction,Hot-rolled sections,0.2370165847557001,0.22943205404351769
265,New Construction,Insulated glass unit IGU,1.655599840830752,2.2185037867132076
265,New Construction,Laminated strand lumber LSL,0.21098600614200666,0.08270651440766659
265,New Construction,Laminated veneer lumber LVL,0.34620622786192073,0.12809630430891064
265,New Construction,Modified bitumen,2.6936002916934463,1.9832042095298212
265,New Construction,Mortar and grout,1.9307256718256478,0.373958763366028
265,New Construction,Oriented strand board OSB,8.098866127928817,3.1747555221480965
265,New Construction,Other,0.21288212364258086,0.6045852311449298
265,New Construction,Paint,0.25433273382708405,0.575827818294803
265,New Construction,Polyisocyanurate PIR,1.0719221081747274,2.910042902558623
265,New Construction,Ready mix unknown,394.44923210798856,73.71436224136002
265,New Construction,Rebar and reinforcement,11.062693942162333,10.832055428455526
265,New Construction,Roll formed metal panel steel,0.002402442067798169,0.005597690017969733
265,New Construction,Softwood framing,11.924759658637415,2.003359622651086
265,New Construction,Softwood plywood,1.6482070981297405,0.43512667390625154
265,New Construction,Steel - other,2.2056936075061913,5.740680569708484
265,New Construction,Stucco finish,4.392620991581841,2.1040654549677016
265,New Construction,Vinyl framed window,0.5696301084444441,1.5266086906311103
265,New Construction,Wood I joists,6.304795681874291,2.9002060136621743
266,New Construction,Adhesives and sealants,0.23592735642986834,0.644666171813124
266,New Construction,Air and vapor barriers,0.18132108581531017,0.14052384150686537
266,New Construction,Aluminum composite panel ACM,1.0412201025890844,8.27769981558322
266,New Construction,Ceramic tile,0.7702455657335234,0.20180433822218316
266,New Construction,Coatings - other,0.5410127696290616,6.953390893685241
266,New Construction,Concrete - other,29.610177037017603,8.379680101475982
266,New Construction,Extruded polystyrene XPS,0.043203292044707964,2.8079359692896766
266,New Construction,Extrusion,1.9423847742151779,16.999059947850547
266,New Construction,Fasteners,0.13639240717989784,0.5558483641009457
266,New Construction,Fiberglass blanket,1.0099218840225406,1.752151600579738
266,New Construction,Glass mat gypsum board,1.7096183010035273,0.8086494563746685
266,New Construction,Glazing - other,2.843224844806147,14.130827478686554
266,New Construction,Gypsum board,49.5957484294971,10.067936931187912
266,New Construction,Hollow structural sections HSS,1.084991826001166,2.6826926825008743
266,New Construction,Hot-rolled sections,0.17373652532225847,0.1681769565119462
266,New Construction,Insulated glass unit IGU,4.29877316235348,5.760356037553662
266,New Construction,Laminated veneer lumber LVL,23.594739971919992,8.730053789610398
266,New Construction,Mortar and grout,0.3509856249724549,0.23033157621587586
266,New Construction,PVC,0.6054337250994767,1.8768445478083788
266,New Construction,Paint,0.4215920533075236,1.0118209279380563
266,New Construction,Parallel strand lumber PSL,2.489842434312144,0.9212417006954934
266,New Construction,Plate,7.254370673990869,16.912249792600523
266,New Construction,Polyisocyanurate PIR,2.9887834342749104,7.830612597800265
266,New Construction,Ready mix NW 4000,70.17845448144406,11.355137752424126
266,New Construction,Ready mix NW 5000,2.353698675425,0.4250737848260878
266,New Construction,Ready mix unknown,1725.314048221607,565.090325951085
266,New Construction,Rebar and reinforcement,2.949845058442392,4.154402901724296
266,New Construction,Resilient flooring vinyl,0.10069701019661,0.1389618740713218
266,New Construction,Roll formed metal panel steel,4.500640760517553,10.4864929720059
266,New Construction,Softwood framing,12.73331973639994,2.13919771571519
266,New Construction,Softwood plywood,10.923923372572759,2.8839157703592084
266,New Construction,Steel - other,6.082548777234027,14.184985422212929
266,New Construction,Wood I joists,0.0012450224452847899,0.0005727103248310033
268,New Construction,Aluminum framed window,3.4009813580246915,67.83910962962963
268,New Construction,Aluminum storefront or curtain wall,0.0077209876543209875,0.09389962962962962
268,New Construction,Brick clay,11.113629012345678,0.36815987654320986
268,New Construction,CMU,35.04469135802469,9.176330740740742
268,New Construction,Closed cell spray polyurethane foam,3.6847780246913584,11.482054197530864
268,New Construction,Cold formed steel framing,4.626205925925926,6.90741987654321
268,New Construction,Gypsum board,17.719563950617285,6.458438271604939
268,New Construction,Hot-rolled sections,18.316666666666666,17.783594567901236
268,New Construction,Polyisocyanurate PIR,0.2450848148148148,0.6340628395061728
268,New Construction,Precast,255.9623525925926,68.78236308641975
268,New Construction,Ready mix NW 4000,3.9674074074074075,0.6943588888888889
268,New Construction,Ready mix unknown,376.0201481481481,67.04438666666667
268,New Construction,Rebar and reinforcement,11.620907407407408,6.223405925925926
268,New Construction,Steel sheet,4.3257801234567905,4.9591087654320996
268,New Construction,Stone masonry,0.2552887654320988,0.052142592592592595
268,New Construction,TPO,0.05436481481481482,0.1819356790123457
269,New Construction,Acoustic ceiling tile aluminum,0.4757715708737765,3.0972729263882837
269,New Construction,Acoustic ceiling tile fiber,1.0553386609972368,1.435260578956242
269,New Construction,Adhesives and sealants,0.03791126077095633,0.10387685451242035
269,New Construction,Air and vapor barriers,3.0220824222333733,2.510055030941354
269,New Construction,Aluminum door,0.15228994209882354,0.7294688226533649
269,New Construction,Aluminum framed window,0.22059638678823532,2.3755525882150588
269,New Construction,Coatings - other,1.0431879046298418,16.686765972823757
269,New Construction,Cold formed steel framing,12.946323680404584,32.69570803808771
269,New Construction,Doors and frames - other,0.4676713758508235,2.6127145356230965
269,New Construction,Fasteners,0.7853054429046764,4.161367157043366
269,New Construction,Fiberglass blanket,3.8879913991478485,8.009262282244569
269,New Construction,Flooring and tile - other,0.590476389368032,1.173857316776093
269,New Construction,Gypsum board,29.044878611680094,7.086950381249943
269,New Construction,Hot-rolled sections,46.00744736725137,44.535209051499336
269,New Construction,Insulated glass unit IGU,1.3437203675823528,1.8005852925603532
269,New Construction,Insulated metal panel IMP,6.383648829980173,19.076480815163567
269,New Construction,Paint,0.5887975195146453,1.3866374120932958
269,New Construction,Polyisocyanurate PIR,5.327592700016206,14.299022386266515
269,New Construction,Ready mix NW 5000,232.49083493626327,53.20887045634618
269,New Construction,Rebar and reinforcement,9.056244660133045,8.458532512564265
269,New Construction,Roll formed metal panel steel,6.956039972346874,16.207573135568214
269,New Construction,Softwood plywood,2.4061967455857793,0.6352359408346459
269,New Construction,Steel - other,1.9129183022673486,4.935329219849759
269,New Construction,Steel door,2.5809625799999996,9.03336903
269,New Construction,Steel door frame,0.06903971011764706,0.18985920282352942
269,New Construction,Steel sheet,3.6270271645663237,8.450973293439533
269,New Construction,Suspension assembly,0.40739932861542505,0.9899803685354829
269,New Construction,Synthetic composites,0.2273593638382397,0.22963295747662207
269,New Construction,Wood or composite door,0.8956645464282353,0.32870888853916236
27,New Construction,Adhesives and sealants,0.010392904273124946,0.02847655770836235
27,New Construction,Aluminum sheet,0.2559365697525959,1.4383635220095892
27,New Construction,CMU,11.960016590433874,1.339521858128594
27,New Construction,Coatings - other,0.24784859353708874,3.5036267646646118
27,New Construction,Cold formed steel framing,0.08493523315034696,0.23341257666974224
27,New Construction,Decking,0.1510613839984967,0.38973837071612144
27,New Construction,Doors and frames - other,0.03683076703310769,0.27816143514003694
27,New Construction,Extrusion,0.0020873846153846155,0.015676258461538466
27,New Construction,Gypsum board,0.3141936986607756,0.06568176750392396
27,New Construction,Hollow structural sections HSS,5.54463489753941,13.586761082155167
27,New Construction,Hot-rolled sections,9.521536711701472,9.216847536927023
27,New Construction,Modified bitumen,0.44957283207730325,0.3695488679675432
27,New Construction,Mortar and grout,13.731570153662428,2.525592518789517
27,New Construction,PVC,0.026747975375324397,0.08291872366350561
27,New Construction,Paint,0.005852192092996288,0.014045261023191091
27,New Construction,Polyisocyanurate PIR,0.022715855618773956,0.057016797603122636
27,New Construction,Precast,1.5517787820406155,0.34915022595913847
27,New Construction,Ready mix NW 4000,19.378677454128518,3.5913247962584465
27,New Construction,Ready mix NW 5000,811.7610882127312,182.64624484786424
27,New Construction,Rebar and reinforcement,136.10647111754852,127.13062202141018
27,New Construction,Softwood plywood,0.29630426325746395,0.07822432549997048
27,New Construction,Steel - other,0.02198351286828081,0.05724249906854849
27,New Construction,Steel door,0.16361297302153846,0.3820225173430154
27,New Construction,Steel sheet,1.7205167602874054,4.008804051469655
27,New Construction,Synthetic composites,0.001723878461538456,0.00973991330769228
270,New Construction,Air and vapor barriers,0.05613090909090909,0.05383272727272727
270,New Construction,Carpet,0.33864,0.5581054545454546
270,New Construction,Cold formed steel framing,1.3412545454545455,2.3063890909090907
270,New Construction,Decking,1.0592763636363638,2.549781818181818
270,New Construction,Extrusion,1.5634654545454545,11.830265454545454
270,New Construction,Fiberglass blanket,1.276949090909091,5.640203636363636
270,New Construction,Fiberglass door,0.4364509090909091,0.2667709090909091
270,New Construction,Fiberglass framed window,2.2275636363636364,6.709094545454545
270,New Construction,Glass mat gypsum board,1.082050909090909,0.4207090909090909
270,New Construction,Glazing - other,0.35444363636363635,0.5068581818181818
270,New Construction,Gypsum board,53.70218909090909,17.49798909090909
270,New Construction,Hot-rolled sections,0.22218181818181817,0.53244
270,New Construction,Laminated veneer lumber LVL,0.7470727272727272,0.3700909090909091
270,New Construction,Mineral wool high density,9.341905454545454,13.12916
270,New Construction,Modified bitumen,4.019221818181818,2.5444836363636365
270,New Construction,Oriented strand board OSB,12.827556363636363,5.018883636363637
270,New Construction,Other,0.43202545454545455,0.9172399999999999
270,New Construction,Plate,0.34465090909090906,0.5059490909090909
270,New Construction,Ready mix LW 5000,49.88345818181818,12.056832727272727
270,New Construction,Ready mix NW 5000,292.48623272727275,43.57923272727273
270,New Construction,Ready mix unknown,8.061250909090909,7.945647272727273
270,New Construction,Rebar and reinforcement,3.7214327272727274,3.760181818181818
270,New Construction,Resilient flooring vinyl,4.729767272727273,9.491439999999999
270,New Construction,Roll formed metal panel steel,1.2666472727272728,3.4683272727272727
270,New Construction,Roofing and waterproofing - other,0.21098545454545453,0.38114545454545457
270,New Construction,Softwood framing,43.01157818181818,4.2162690909090905
270,New Construction,Softwood plywood,1.5085199999999999,0.5166145454545454
270,New Construction,Steel - other,0.10270545454545454,0.7035490909090909
270,New Construction,Steel door,1.477501818181818,4.430254545454546
270,New Construction,TPO,0.16536,0.5247527272727273
270,New Construction,Wood or composite door,24.135465454545454,14.739025454545455
271,New Construction,Aluminum storefront or curtain wall,0.0908010752688172,0.9578064516129032
271,New Construction,Brick clay,31.50051075268817,7.4739408602150545
271,New Construction,Cold formed steel framing,2.7191129032258066,6.118005376344086
271,New Construction,Cross laminated timber CLT,52.97424193548387,3.1678333333333333
271,New Construction,Extrusion,8.138811827956989,80.9811559139785
271,New Construction,Glass mat gypsum board,7.233548387096774,2.404241935483871
271,New Construction,Glue laminated timber GLT,0.6828548387096773,0.26070967741935486
271,New Construction,Gypsum board,4.486930107526882,1.461994623655914
271,New Construction,Hollow structural sections HSS,12.193344086021504,24.717043010752686
271,New Construction,Hot-rolled sections,27.681569892473117,37.16303225806452
271,New Construction,Insulated glass unit IGU,3.7752311827956992,7.218435483870969
271,New Construction,Plate,4.87733870967742,7.159930107526882
271,New Construction,Polyisocyanurate PIR,11.099532258064517,43.26409139784946
271,New Construction,Ready mix NW 4000,493.26119892473116,61.76246774193549
271,New Construction,Rebar and reinforcement,0.24386559139784944,0.1371236559139785
271,New Construction,Roofing and waterproofing - other,0.8778333333333332,1.6863655913978495
271,New Construction,Steel - other,2.932048387096774,9.108182795698925
271,New Construction,Steel door,0.12921505376344086,0.5918279569892473
271,New Construction,TPO,0.5707741935483871,1.857462365591398
272,New Construction,Aluminum composite panel ACM,2.9787374301675977,25.597837988826814
272,New Construction,Aluminum storefront or curtain wall,13.54758659217877,126.35330726256983
272,New Construction,Cold formed steel framing,7.231687150837988,16.271301675977654
272,New Construction,Decking,17.054815642458102,51.66508379888268
272,New Construction,Extruded polystyrene XPS,0.8726424581005586,10.808670391061453
272,New Construction,Glass mat gypsum board,11.205988826815643,4.356977653631285
272,New Construction,Gypsum board,10.798743016759776,3.5514469273743017
272,New Construction,Hollow structural sections HSS,19.2441843575419,45.99361452513966
272,New Construction,Hot-rolled sections,34.14498882681564,39.60818994413408
272,New Construction,Mineral wool low density,5.054508379888269,5.033167597765363
272,New Construction,Open web joists,4.635832402234636,6.397446927374302
272,New Construction,Polyisocyanurate PIR,8.3936312849162,20.19759776536313
272,New Construction,Ready mix NW 4000,744.9272011173184,93.27420670391062
272,New Construction,Rebar and reinforcement,13.618072625698325,8.026111731843574
272,New Construction,Steel - other,7.742977653631285,23.765709497206704
272,New Construction,Steel door,0.2030949720670391,0.4692737430167598
272,New Construction,Stone masonry,39.058905027932965,7.6280167597765365
272,New Construction,TPO,3.5449608938547486,11.321
272,New Construction,Wood and composites - other,11.966748603351954,6.52949720670391
273,New Construction,Aluminum framed window,0.044074999999999996,0.20071538461538463
273,New Construction,Aluminum storefront or curtain wall,0.5809365384615385,3.875382692307692
273,New Construction,Brick clay,25.993519230769227,9.01961153846154
273,New Construction,Cold formed steel framing,3.2100384615384616,7.0657826923076925
273,New Construction,Decking,10.816434615384615,24.012482692307692
273,New Construction,Fiberglass blanket,0.10200192307692307,0.08104038461538463
273,New Construction,Gypsum board,3.4885923076923078,1.0738365384615385
273,New Construction,Hollow structural sections HSS,3.681076923076923,7.284751923076923
273,New Construction,Hot-rolled sections,36.740982692307696,46.753205769230775
273,New Construction,Masonry - other,179.34274423076923,23.837640384615383
273,New Construction,Mortar and grout,85.32873269230768,42.15725769230769
273,New Construction,Open web joists,12.212101923076924,10.245953846153846
273,New Construction,Paint,0.6101346153846154,1.4316807692307691
273,New Construction,Plate,0.48848461538461535,0.7170942307692307
273,New Construction,Polyisocyanurate PIR,5.1993596153846156,12.511219230769232
273,New Construction,Ready mix NW 4000,934.0507884615384,130.52252884615385
273,New Construction,Rebar and reinforcement,59.96142115384615,31.048136538461538
273,New Construction,Steel - other,1.939626923076923,5.931955769230769
273,New Construction,Steel door,0.425,0.49365384615384617
273,New Construction,TPO,0.8331711538461538,2.3265480769230766
274,New Construction,Acoustic ceiling tile aluminum,0.02223742456,0.14476563388560001
274,New Construction,Acoustic ceiling tile fiber,2.5340970846800004,3.4463720351648006
274,New Construction,Acoustic ceilings - other,0.06298763101333334,0.11400761213413332
274,New Construction,Adhesives and sealants,0.29616779238273333,0.5851839867871623
274,New Construction,Air and vapor barriers,0.098061871504,0.07943011591824001
274,New Construction,Aluminum - other,0.028724657178666665,0.04710843777301334
274,New Construction,Aluminum composite panel ACM,0.014463756446666667,0.11498686375099999
274,New Construction,Aluminum door frame,0.1715545718,1.50110250325
274,New Construction,Aluminum framed window,0.0082840576,0.072485504
274,New Construction,Aluminum sheet,0.12054433300113335,0.6776101919680694
274,New Construction,Aluminum storefront or curtain wall,0.770095772944,7.70095772944
274,New Construction,CMU,10.774902438353333,1.2067890730955733
274,New Construction,Carpet,0.057600659316666664,0.24077075594366665
274,New Construction,Ceramic tile,0.21069154746666666,0.05520118543626667
274,New Construction,Coatings - other,0.07965057996506666,0.7720427012606287
274,New Construction,Cold formed steel framing,2.731327124206,4.765776385622546
274,New Construction,Concrete - other,0.03812751145333333,0.008726029214439514
274,New Construction,Decking,2.2366140930666667,5.386577041752
274,New Construction,Doors and frames - other,0.4867724050018,2.9017737515983075
274,New Construction,EPDM,0.5012103964264667,1.6138974764932228
274,New Construction,Extruded polystyrene XPS,0.5917118959900667,38.45746556738652
274,New Construction,Extrusion,0.41017198167900004,3.7070743756739004
274,New Construction,Fasteners,0.0112022770158,0.05311792240085733
274,New Construction,Fiberglass blanket,0.730816346224,1.1488466604388865
274,New Construction,Flooring and tile - other,0.009721467116466667,0.030226244462658668
274,New Construction,Glass mat gypsum board,0.11059444920000001,0.0523111744716
274,New Construction,Glazing - other,1.377518567912,2.46256353317224
274,New Construction,Gypsum board,51.1205072647042,11.598086273716783
274,New Construction,Hardwood,0.01735071964666667,0.0076343166445333325
274,New Construction,Hollow structural sections HSS,1.2987970317254667,3.2693545827673454
274,New Construction,Hot-rolled sections,8.487028775972666,8.340744689046367
274,New Construction,Insulated glass unit IGU,1.4539373429313334,1.9482760395279866
274,New Construction,Insulation - other,1.1765117070506665,6.517874857060693
274,New Construction,Intumescent,0.18711707587606666,0.47340620196644856
274,New Construction,Mineral wool low density,0.24466514303586664,0.358818717625848
274,New Construction,Mortar and grout,13.535170966848666,2.58240757158979
274,New Construction,Oriented strand board OSB,4.141311152412067,1.6233939717455301
274,New Construction,Other,0.10216888925666665,0.23805351196803332
274,New Construction,Paint,0.6189370350430666,1.4798228027253426
274,New Construction,Polyisocyanurate PIR,0.0061953869800666665,0.017852815961422665
274,New Construction,Ready mix LW 3000,12.497120013126667,3.54902475171672
274,New Construction,Ready mix NW 3000,91.09355322846667,11.389461357384864
274,New Construction,Ready mix NW 4000,174.26119895086669,25.31181241614484
274,New Construction,Ready mix NW 5000,918.9723057272333,155.26272244150377
274,New Construction,Rebar and reinforcement,75.11264847039,73.41791182986437
274,New Construction,Roll formed metal panel aluminum,0.012325924440800001,0.07962547188756801
274,New Construction,Roll formed metal panel steel,0.22410864633333333,0.5221731459566666
274,New Construction,Softwood plywood,0.26923694672,0.07107855393408
274,New Construction,Spray applied cementitious,1.1801202094666667,1.345337038792
274,New Construction,Steel - other,1.0766954100330668,2.8773565102778664
274,New Construction,Steel door,0.5551082848326667,1.2883423013115733
274,New Construction,Steel door frame,0.0068038241706666665,0.018710516469333333
274,New Construction,Steel framed window,0.0018931575039999999,0.00831096144256
274,New Construction,Steel sheet,0.009926631836,0.02312905217788
274,New Construction,Stucco finish,0.23801228968413335,0.5974108471071746
274,New Construction,Suspension assembly,0.547114471046,1.32948816464178
274,New Construction,Synthetic composites,0.45411691923933334,1.6248242431277766
274,New Construction,TPO,0.5009098408474667,1.595782871629472
274,New Construction,Wall coverings,0.22449973986666666,0.1677013056804
274,New Construction,Wood or composite door,2.0484255982793336,0.78564886789763
275,New Construction,Acoustic ceiling tile fiber,1.5846084833050846,2.155067537294915
275,New Construction,Adhesives and sealants,0.14585911389347458,0.1036514464432195
275,New Construction,Aluminum - other,0.010774383889830508,0.09707719884737288
275,New Construction,Aluminum composite panel ACM,0.03982220470338983,0.31658652739194915
275,New Construction,Aluminum door,0.20478243970254237,0.8410514539640848
275,New Construction,Aluminum sheet,0.03299851889830508,0.18545167620847458
275,New Construction,Aluminum storefront or curtain wall,1.0401774553461016,10.401774553461017
275,New Construction,CMU,31.24274147635593,3.4991870453518645
275,New Construction,Carpet,0.3537934693135593,1.5164624022688136
275,New Construction,Ceramic tile,0.6906746037627118,0.18273068151075422
275,New Construction,Closed cell spray polyurethane foam,0.5555156351313559,1.7498742506637712
275,New Construction,Coatings - other,0.04642405234694915,0.7439270953448661
275,New Construction,Cold formed steel framing,3.463645394578983,8.485931216718509
275,New Construction,Concrete - other,0.3045997127118644,0.047519306614541776
275,New Construction,Decking,10.362433167728813,24.558966607517288
275,New Construction,Doors and frames - other,0.6279768069229661,1.5300370529015805
275,New Construction,Extruded polystyrene XPS,0.31925579128194914,20.749572019117238
275,New Construction,Extrusion,0.007053048872881356,0.05296839703533898
275,New Construction,Fasteners,0.006942129583227018,0.0322906004132581
275,New Construction,Flooring and tile - other,0.01973334614237288,0.10932273762874575
275,New Construction,GFRC general,1.4113374991491525,0.7644194841528966
275,New Construction,Glass mat gypsum board,20.32948678154034,9.61584724766858
275,New Construction,Glazing - other,0.6700100215766102,0.759083524398
275,New Construction,Gypsum board,18.30198008438195,4.465683140589196
275,New Construction,Hardwood,0.00040984675711864404,0.0004426344976881356
275,New Construction,Hollow structural sections HSS,41.058676732498306,30.516204890493754
275,New Construction,Hot-rolled sections,11.927863993559322,11.481375944738813
275,New Construction,Insulated glass unit IGU,3.1899399689372876,4.2745195583759665
275,New Construction,Intumescent,0.2789549633898305,0.7057560573762711
275,New Construction,Mineral wool low density,1.9580618449152543,2.956673385822034
275,New Construction,Mortar and grout,39.598656059104236,6.960310381932508
275,New Construction,Open web joists,3.3800638225762714,4.664488075155255
275,New Construction,Other,0.08396694594915255,0.19564298406152542
275,New Construction,Paint,0.2871310035786441,0.6902750872253338
275,New Construction,Polyisocyanurate PIR,4.390020207576271,12.84834365704644
275,New Construction,Ready mix LW 4000,96.3984027375678,21.8624704337575
275,New Construction,Ready mix NW 4000,743.6138846810509,107.5107769521045
275,New Construction,Rebar and reinforcement,30.492252352729068,29.484902022049898
275,New Construction,Resilient flooring vinyl,0.31313262720338986,0.5915307913669492
275,New Construction,Roll formed metal panel aluminum,0.13465185613737288,0.868455608054439
275,New Construction,Roll formed metal panel steel,0.08979591994067798,0.20922449346177965
275,New Construction,Softwood plywood,0.01264669993220339,0.003338728782101695
275,New Construction,Steel - other,0.023511898601694916,0.05760415157415255
275,New Construction,Steel door,0.3608015529144068,0.751870711563339
275,New Construction,Steel door frame,0.00959918866440678,0.026397768827118646
275,New Construction,Steel sheet,0.25447728572881356,0.5929320757481356
275,New Construction,Suspension assembly,0.28907647326271185,0.7024558300283898
275,New Construction,Synthetic composites,0.08132520272881356,0.23746959196813558
275,New Construction,TPO,0.0640862554820339,0.20443515498768813
275,New Construction,Wood door frame,0.004530455932203389,0.019934006101694917
275,New Construction,Wood or composite door,1.033048354868644,0.33040712578145764
275,New Construction,Zinc sheet,0.05095127225423729,0.28838420095898304
276,New Construction,Acoustic ceiling tile fiber,0.21667738089638555,0.29468123801908436
276,New Construction,Adhesives and sealants,0.13241581428684338,0.7686923656597677
276,New Construction,Air and vapor barriers,0.3731601951027952,0.45030478211599373
276,New Construction,Aluminum door,0.28952164098891564,1.835784712244935
276,New Construction,Aluminum door frame,0.0002547099759036144,0.0022287122891566265
276,New Construction,Aluminum storefront or curtain wall,0.005111122307951807,0.05111122307951807
276,New Construction,Brick clay,1.9863312798554216,0.5740497398782168
276,New Construction,CMU,8.159761685638555,0.9138933087915181
276,New Construction,Ceramic tile,0.585074409146988,0.15328949519651083
276,New Construction,Coatings - other,0.015479191730265062,0.2278316539689923
276,New Construction,Cold formed steel framing,1.6762541341763855,4.143520748499701
276,New Construction,Concrete - other,0.9734386766303615,0.1608594003085299
276,New Construction,Decking,0.0055943381797590366,0.014433392503778314
276,New Construction,Doors and frames - other,0.33792562828303613,1.3141014389759749
276,New Construction,EPDM,0.18985853851759035,0.6113444940266409
276,New Construction,Extruded polystyrene XPS,1.0988131673023134,71.2242990767077
276,New Construction,Extrusion,0.3729072509286747,3.5196870814489496
276,New Construction,Fasteners,0.014611997911036144,0.05999231626195566
276,New Construction,Flooring and tile - other,7.085796168674699,2.763460505783133
276,New Construction,Glass mat gypsum board,1.8048412475797593,0.8536899101052261
276,New Construction,Gypsum board,12.30184978009253,2.6794375209191568
276,New Construction,Hardwood,0.0028381730978313253,0.003065226945657831
276,New Construction,Hollow structural sections HSS,54.089495942108336,139.35477931701362
276,New Construction,Hot-rolled sections,4.540322444141205,4.383192224224751
276,New Construction,Insulated glass unit IGU,0.3869562897168193,0.8139452483020819
276,New Construction,Mortar and grout,9.94772519632588,2.0151524552444062
276,New Construction,Open web joists,0.3827486983084337,0.5281932036656386
276,New Construction,Other,0.01928391840626506,0.05476632827379277
276,New Construction,Paint,0.12204251495812049,0.29454581743775615
276,New Construction,Ready mix NW 3000,75.86481322879037,9.890712620156664
276,New Construction,Ready mix NW 5000,231.29953642889157,41.77228393969985
276,New Construction,Rebar and reinforcement,13.219225250387037,25.26624008731857
276,New Construction,Roll formed metal panel steel,0.11491718793590361,0.2677570478906554
276,New Construction,Softwood plywood,0.007698429551807229,0.0020323854016771085
276,New Construction,Steel - other,0.03992471431518072,0.09884212328050121
276,New Construction,Steel door,0.2561232044915662,0.5806712015357108
276,New Construction,Steel door frame,0.009407252701686747,0.025869944929638553
276,New Construction,Steel sheet,0.5673220073614458,1.3352908587126264
276,New Construction,Stucco finish,7.810508519354217,3.7412335807706696
276,New Construction,Suspension assembly,0.046049082843373494,0.11189927130939759
276,New Construction,Synthetic composites,17.684229095869878,51.57112422337026
276,New Construction,TPO,5.843870388915662,19.284772283421688
276,New Construction,Wall coverings,0.02194611523879518,0.010775542582248434
276,New Construction,Wood and composites - other,0.0035132862250602413,0.0016231382359778316
276,New Construction,Wood or composite door,0.018009847539277108,0.010975752652431808
277,New Construction,Cold formed steel framing,0.06569365079365079,0.09764708994708994
277,New Construction,Decking,6.140205291005291,16.332946031746033
277,New Construction,Expanded polystyrene EPS,2.7472296296296297,8.351578306878306
277,New Construction,Extruded polystyrene XPS,0.007812698412698412,0.19375132275132276
277,New Construction,Extrusion,1.3057301587301586,21.67512222222222
277,New Construction,Fiberglass door,0.010582010582010581,0.08031746031746032
277,New Construction,Glass mat gypsum board,0.1104031746031746,0.033938624338624344
277,New Construction,Glazing - other,0.24363756613756613,0.3484015873015873
277,New Construction,Hollow structural sections HSS,2.3260185185185183,8.467766137566137
277,New Construction,Hot-rolled sections,0.2517232804232804,0.28696455026455026
277,New Construction,Open web joists,7.7583126984126976,11.482302645502644
277,New Construction,Precast,183.1767365079365,27.204632804232805
277,New Construction,Ready mix NW 4000,442.62377566137565,79.29477671957672
277,New Construction,Ready mix NW 5000,34.10247301587302,7.481332804232804
277,New Construction,Rebar and reinforcement,22.378759788359787,20.47377830687831
277,New Construction,Roll formed metal panel steel,0.02879047619047619,0.07882592592592592
277,New Construction,Steel door,0.7079164021164022,4.0478343915343915
277,New Construction,TPO,1.3475169312169313,2.5173920634920632
278,New Construction,Aluminum - other,0.1682745142857143,2.0660662857142857
278,New Construction,Aluminum composite panel ACM,0.017758628571428573,0.06577279999999999
278,New Construction,Brick clay,25.819903999999998,6.1261376
278,New Construction,CMU,49.8128,7.6350144
278,New Construction,Cold formed steel framing,1.5325174857142856,2.277933942857143
278,New Construction,Expanded polystyrene EPS,0.5021122285714286,2.197826742857143
278,New Construction,Extruded polystyrene XPS,0.02549737142857143,0.3158144
278,New Construction,Extrusion,0.014996571428571429,0.12507154285714284
278,New Construction,Fiberglass blanket,3.5038214857142855,7.077720457142857
278,New Construction,Glass mat gypsum board,3.516970742857143,1.2540208000000002
278,New Construction,Glazing - other,1.3266651428571428,1.8865177142857141
278,New Construction,Gypsum board,58.23158354285714,19.501674057142857
278,New Construction,Hollow structural sections HSS,0.8524706285714285,1.7280377142857142
278,New Construction,Hot-rolled sections,0.47757074285714285,0.5826365714285714
278,New Construction,Insulation - other,0.024452571428571428,0.018256685714285716
278,New Construction,Plate,0.044036571428571425,0.07882537142857143
278,New Construction,Polyisocyanurate PIR,0.28205394285714286,1.1312256
278,New Construction,Ready mix NW 2500,2.3275885714285716,0.2711252571428571
278,New Construction,Ready mix NW 4000,109.81906285714285,13.750719314285714
278,New Construction,Ready mix NW 5000,382.3412352,56.9672512
278,New Construction,Ready mix unknown,70.55103360000001,12.375559314285713
278,New Construction,Rebar and reinforcement,23.48789645714286,21.257190171428572
278,New Construction,Roll formed metal panel aluminum,0.012585371428571428,0.04767542857142857
278,New Construction,Softwood framing,25.744938285714284,3.5326527999999997
278,New Construction,Softwood plywood,5.802026057142857,2.6291328
278,New Construction,Steel - other,0.5053915428571428,0.39616594285714285
278,New Construction,Steel door,0.4693508571428572,1.3769890285714286
278,New Construction,Steel door frame,0.19885714285714284,0.4076571428571429
278,New Construction,Synthetic composites,0.09827451428571428,0.21330537142857142
278,New Construction,TPO,0.24357645714285714,0.8476459428571429
278,New Construction,Wood I joists,2.6325696000000005,1.1949682285714285
278,New Construction,Wood or composite door,1.5853165714285715,1.8851040000000001
279,New Construction,Acoustic ceiling tile fiber,1.3679194879746834,4.774039013031647
279,New Construction,Adhesives and sealants,0.39180058458227845,0.5826446691648292
279,New Construction,Air and vapor barriers,0.9587133449120253,1.0838383722363356
279,New Construction,Aluminum - other,0.0331408075443038,0.10803903259443037
279,New Construction,Aluminum door,0.12845080067721518,0.516372218722405
279,New Construction,Aluminum sheet,0.1283447443607595,0.7212974633074684
279,New Construction,Brick clay,30.098814663044305,8.698557437619804
279,New Construction,Carpet,0.792828195556962,4.581482627071772
279,New Construction,Ceramic tile,0.3792543653797468,0.09936464372949368
279,New Construction,Closed cell spray polyurethane foam,0.009921649537974683,0.03522185585981012
279,New Construction,Coatings - other,0.025057635475949365,0.41458729529603167
279,New Construction,Cold formed steel framing,7.894815835068987,19.33512457388864
279,New Construction,Concrete - other,2.6283092449367085,0.41003135484282904
279,New Construction,Decking,9.19387688670886,23.72020236770886
279,New Construction,Doors and frames - other,0.23607748098481013,1.5312044771646012
279,New Construction,EPDM,1.3488051364911393,4.5912439396881775
279,New Construction,Extruded polystyrene XPS,0.5256177402613924,34.161770761575745
279,New Construction,Extrusion,0.863924287777848,7.827154047267303
279,New Construction,Fiberglass blanket,0.6640145967278481,1.1487452523391772
279,New Construction,Flooring and tile - other,0.3402576004063291,0.6764264939587974
279,New Construction,Glass mat gypsum board,11.460950032949368,5.421029365585051
279,New Construction,Glazing - other,2.6051303954556957,3.8838280680594934
279,New Construction,Gypsum board,37.49781169406329,9.046620992265368
279,New Construction,Hardwood,0.7150021053417721,0.43615128425848104
279,New Construction,Hollow structural sections HSS,9.328508736727848,22.85484640498323
279,New Construction,Hot-rolled sections,20.475902001962027,19.820673137899238
279,New Construction,Insulated glass unit IGU,3.9212904305829115,4.560654630968038
279,New Construction,Mortar and grout,6.133666760918987,0.6342106698489608
279,New Construction,Open web joists,3.1396417955696205,4.332705677886076
279,New Construction,Other,0.3533812564556962,1.003602768334177
279,New Construction,Paint,1.3558738911525317,3.2790960963337783
279,New Construction,Polyisocyanurate PIR,2.867734501746835,7.703052939714683
279,New Construction,Precast,2.657304957594937,0.41455485274125575
279,New Construction,Ready mix LW 3000,2.77314725,0.7875389065694652
279,New Construction,Ready mix NW 3000,19.30714720379747,3.0120259788203305
279,New Construction,Ready mix NW 4000,123.72100009936709,23.42388214781265
279,New Construction,Ready mix NW 5000,378.169861730443,86.54961039141985
279,New Construction,Rebar and reinforcement,19.963038991329114,38.129404473438605
279,New Construction,Softwood plywood,0.5091981797974684,0.13442831946653166
279,New Construction,Steel - other,0.42610475886139243,0.7821810276914519
279,New Construction,Steel door,0.09930188387974684,0.22594801360189876
279,New Construction,Steel framed window,0.5354206262658228,2.2273498052658227
279,New Construction,Steel sheet,1.8431410007594937,4.29451853176962
279,New Construction,Stucco finish,10.937531287341772,5.239077486636709
279,New Construction,Suspension assembly,0.569331039050633,1.3834744248930382
279,New Construction,Wood or composite door,0.4407949228481013,0.22700938526677214
28,New Construction,Acoustic ceiling tile fiber,1.4705035147236913,2.1694669606011163
28,New Construction,Adhesives and sealants,0.37287799324024784,0.3916506946248465
28,New Construction,Air and vapor barriers,0.6761410437097313,0.8672333876837806
28,New Construction,Aluminum - other,1.961339500273904,11.022727991539341
28,New Construction,Aluminum door frame,0.14364373609470213,1.2568826908286437
28,New Construction,Aluminum sheet,0.04163605858391422,0.23704967987004402
28,New Construction,Aluminum storefront or curtain wall,1.521710898017507,15.21710898017507
28,New Construction,Architectural fiber cement panel,0.37503095967792577,0.2418949689922621
28,New Construction,Carpet,0.7550694767117695,3.1561904126551967
28,New Construction,Ceramic tile,2.4748043196723066,0.6483987317541444
28,New Construction,Coatings - other,0.11873431463555836,1.251294339561814
28,New Construction,Cold formed steel framing,4.509558577398068,11.048418514625268
28,New Construction,Concrete - other,9.816261315337186,2.2086587959508672
28,New Construction,Decking,0.19708847527062784,0.47172708953992004
28,New Construction,Doors and frames - other,0.5423490099352591,2.299774751533551
28,New Construction,EPDM,0.01914935666446531,0.06644826762569461
28,New Construction,Extruded polystyrene XPS,0.7013703575264515,45.58455991395495
28,New Construction,Extrusion,1.7068496816483436,12.81844110917906
28,New Construction,Fasteners,0.025325399383229173,0.11490112215032626
28,New Construction,Fiberglass blanket,1.0775899742840929,1.9950225473545957
28,New Construction,Flooring and tile - other,0.15154028395099334,0.435360545608502
28,New Construction,Glass mat gypsum board,6.442748629434118,3.047420101722338
28,New Construction,Glazing - other,1.002818250490602,1.5407611127389398
28,New Construction,Gypsum board,39.07807411790359,9.16409105740435
28,New Construction,Hardwood,0.004533238452115346,0.003173266916480742
28,New Construction,Hollow structural sections HSS,4.56043755144217,12.312219373009064
28,New Construction,Hot-rolled sections,2.156823231914717,2.087804888493446
28,New Construction,Insulated glass unit IGU,3.8601392953425,5.17258665575895
28,New Construction,Mineral wool high density,3.3158848763960305,5.52290190368894
28,New Construction,Mortar and grout,0.48088624021136955,0.2767839701022187
28,New Construction,Other,0.2077889850405748,0.5370999255688038
28,New Construction,Paint,0.6189441649766626,1.4752571901285005
28,New Construction,Plate,5.645416527914294,13.153820510040305
28,New Construction,Polyisocyanurate PIR,0.018044713603195095,0.04529223114401969
28,New Construction,Precast,0.20997502926431344,0.03359600468229019
28,New Construction,Ready mix NW 3000,160.52213359660215,25.68354137545636
28,New Construction,Ready mix NW 4000,1331.242619675142,246.71057357718868
28,New Construction,Rebar and reinforcement,57.58888551888967,109.99477134107929
28,New Construction,Roll formed metal panel steel,2.4695458556666074,5.754041843703196
28,New Construction,Softwood framing,0.015474207526629249,0.0029555736375861865
28,New Construction,Softwood plywood,0.1104725968802846,0.02916476557639514
28,New Construction,Steel - other,5.296582986736799,13.490840932392492
28,New Construction,Steel door,0.3187199580923077,0.731339698608
28,New Construction,Steel door frame,0.019318364676923078,0.053125502861538464
28,New Construction,Steel sheet,0.005635166621219827,0.013129938227442198
28,New Construction,Stucco finish,2.1423645405569616,1.0261926149267846
28,New Construction,Suspension assembly,0.32873294798585384,0.7988210636056249
28,New Construction,TPO,0.3509116805559688,1.1053717937513015
28,New Construction,Wall coverings,0.010456826680421982,0.005134301900087192
28,New Construction,Wood and composites - other,1.4706912202767386,1.779536376534854
28,New Construction,Wood or composite door,1.6067977392516923,0.589694770305371
280,New Construction,Air and vapor barriers,0.055437037037037035,0.1724089947089947
280,New Construction,Aluminum - other,0.3977132275132275,1.603683597883598
280,New Construction,Aluminum composite panel ACM,0.04598941798941799,0.3952095238095238
280,New Construction,Aluminum sheet,0.8877465608465608,1.6468338624338623
280,New Construction,Aluminum storefront or curtain wall,0.26124920634920634,2.0833814814814815
280,New Construction,Brick clay,19.788231746031748,4.695038095238095
280,New Construction,CMU,351.09089682539684,76.53781587301587
280,New Construction,Closed cell spray polyurethane foam,0.0007513227513227513,0.00431058201058201
280,New Construction,Cold formed steel framing,1.0851989417989416,1.6130396825396827
280,New Construction,Decking,8.013220105820107,22.57896296296296
280,New Construction,Doors and frames - other,0.652999470899471,3.0002666666666666
280,New Construction,EPDM,1.1039566137566137,3.7449132275132277
280,New Construction,Extrusion,1.2837037037037036,18.07839470899471
280,New Construction,Fiberglass blanket,4.1882386243386245,10.438913227513227
280,New Construction,Fiberglass framed window,1.5102089947089947,4.238457671957672
280,New Construction,Glass mat gypsum board,0.6816560846560846,0.26503386243386245
280,New Construction,Hollow structural sections HSS,2.282625396825397,3.869436507936508
280,New Construction,Hot-rolled sections,73.10075343915344,96.41103386243387
280,New Construction,Other,0.028207407407407407,0.4201708994708995
280,New Construction,Plate,0.3038444444444444,0.4466513227513227
280,New Construction,Ready mix LW 4000,1.129078306878307,0.25943862433862436
280,New Construction,Ready mix NW 3000,197.08525238095237,21.618610052910054
280,New Construction,Ready mix NW 4000,847.6607576719578,91.48152751322752
280,New Construction,Ready mix NW 5000,27.766690476190472,3.442143915343915
280,New Construction,Rebar and reinforcement,24.50358783068783,19.57296666666667
280,New Construction,Roll formed metal panel steel,3.357186243386243,9.192630158730159
280,New Construction,Softwood plywood,0.6011502645502645,0.272405291005291
280,New Construction,Steel door,0.7093518518518518,1.0259925925925926
280,New Construction,Stone masonry,10.69717037037037,2.08910582010582
280,New Construction,Wood and composites - other,0.02095238095238095,0.0631962962962963
280,New Construction,Wood or composite door,0.09076772486772487,0.1319058201058201
281,New Construction,Aluminum composite panel ACM,1.6476124031007753,14.219810852713177
281,New Construction,CMU,97.98945968992248,13.838300775193797
281,New Construction,Cold formed steel framing,4.1184658914728685,6.121686821705426
281,New Construction,Decking,2.3141813953488373,5.570448062015504
281,New Construction,Extruded polystyrene XPS,0.6375883720930232,3.0142937984496125
281,New Construction,Extrusion,9.20725503875969,69.14648992248063
281,New Construction,Fiberglass blanket,0.3063728682170543,0.8930697674418605
281,New Construction,Glass mat gypsum board,6.194135658914728,2.2070891472868217
281,New Construction,Glazing - other,12.231191472868218,17.49060465116279
281,New Construction,Gypsum board,2.5309457364341084,0.8246674418604651
281,New Construction,Hollow structural sections HSS,8.604394573643411,17.44191550387597
281,New Construction,Hot-rolled sections,64.70966976744185,78.94579457364341
281,New Construction,Insulated glass unit IGU,0.01648217054263566,0.04184031007751938
281,New Construction,Other,13.549543410852714,0.2578868217054263
281,New Construction,Ready mix NW 4000,0.466977519379845,0.06077131782945737
281,New Construction,Ready mix unknown,682.5354984496124,55.29710387596899
281,New Construction,Rebar and reinforcement,3.515813953488372,3.184890697674419
281,New Construction,Roofing and waterproofing - other,0.15144806201550387,0.5896170542635659
281,New Construction,Stone masonry,7.023657364341085,1.6930193798449613
281,New Construction,TPO,0.4733426356589147,1.6472333333333333
283,New Construction,Air and vapor barriers,0.013975651168810579,0.03661620606228372
283,New Construction,Aluminum - other,0.1774809257127473,0.5785878178235563
283,New Construction,Aluminum sheet,2.46277172322572,17.534934669367125
283,New Construction,Brick clay,0.8797594342310057,0.2542504764927606
283,New Construction,CMU,5.813537502019983,0.651116200226238
283,New Construction,Cold formed steel framing,0.7121417148642467,1.8373256243497567
283,New Construction,Decking,14.49541514355635,37.39817107037538
283,New Construction,Fasteners,0.009005376016479872,0.03647177286674348
283,New Construction,Gypsum board,0.04462946737640074,0.010889590039841782
283,New Construction,Hollow structural sections HSS,6.7152935595143175,17.32545738354694
283,New Construction,Hot-rolled sections,69.73196315129013,179.90846493032853
283,New Construction,Insulated glass unit IGU,6.801014891912262,7.780514024241204
283,New Construction,Mineral wool low density,0.2925744225702138,0.44178737808102303
283,New Construction,Mortar and grout,7.276351978814663,1.37565985905545
283,New Construction,Ready mix NW 4000,619.0010973167009,106.20941190464777
283,New Construction,Ready mix NW 6000,17.03083179406857,3.636039469799558
283,New Construction,Rebar and reinforcement,23.489967809355303,21.93962993393786
283,New Construction,Softwood plywood,0.3022841898735828,0.07980302612662588
283,New Construction,Spray applied cementitious,22.04369950166249,25.12981743189524
283,New Construction,Steel - other,0.01468724896294471,0.03789310232439735
283,New Construction,Steel sheet,0.016453411087082467,0.03833644783290217
283,New Construction,Stone masonry,0.14501136532791029,0.08091634185297394
283,New Construction,Wall coverings,0.016513749788231776,0.1218714734371505
283,New Construction,Zinc sheet,0.6195859953627626,3.506856733753236
284,New Construction,Acoustic ceiling tile fiber,46.27827976331361,52.75723893491125
284,New Construction,Air and vapor barriers,0.03253431952662722,0.10118189349112428
284,New Construction,Cold formed steel framing,0.05499325443786983,0.08174189349112426
284,New Construction,Decking,12.210201183431954,34.404855147929
284,New Construction,Extruded polystyrene XPS,0.05385431952662721,1.335587573964497
284,New Construction,Extrusion,0.8545798816568048,5.6145898224852075
284,New Construction,Glass mat gypsum board,0.3206925443786982,0.11426887573964496
284,New Construction,Glazing - other,7.78015100591716,11.12561597633136
284,New Construction,Gypsum board,0.27570852071005914,0.08659940828402367
284,New Construction,Hot-rolled sections,42.89734911242604,55.03155408284024
284,New Construction,Mineral wool high density,0.22082011834319526,0.310341775147929
284,New Construction,Open web joists,3.210899408284024,4.395636094674556
284,New Construction,Other,0.2808544378698225,0.0954905325443787
284,New Construction,Polyisocyanurate PIR,0.4548616568047337,1.8243003550295858
284,New Construction,Ready mix NW 4000,1798.416,289.55597562130174
284,New Construction,Ready mix NW 6000,206.71242603550297,40.46223479289941
284,New Construction,Ready mix NW 8000,10.976946745562131,2.496615029585799
284,New Construction,Rebar and reinforcement,72.44714792899408,91.28340639053255
284,New Construction,Roll formed metal panel aluminum,0.07003810650887574,0.24124544378698226
284,New Construction,Roofing and waterproofing - other,1.0149872189349112,0.43547680473372785
284,New Construction,TPO,0.034650650887573964,0.1205842603550296
286,New Construction,Acoustic ceiling tile fiber,0.07300695367630058,0.12042382162508669
286,New Construction,Acoustic ceilings - other,0.05344002569364162,0.08390084033901735
286,New Construction,Adhesives and sealants,0.012461458457803469,0.03245313581978613
286,New Construction,Air and vapor barriers,0.2904457063618497,0.23526102215309827
286,New Construction,Aluminum door,0.07531361034682081,0.5038480532202313
286,New Construction,Aluminum storefront or curtain wall,0.9083932425433526,9.083932425433526
286,New Construction,Coatings - other,0.14122032257976877,2.6881179684265315
286,New Construction,Cold formed steel framing,2.8793237462477457,7.05512445016085
286,New Construction,Concrete - other,0.6020122005780346,0.09391736482701019
286,New Construction,Decking,8.800517587728324,22.705335376339075
286,New Construction,Doors and frames - other,0.03845219313317919,0.20423334598945897
286,New Construction,Extruded polystyrene XPS,0.4796063793289017,31.171328384531563
286,New Construction,Extrusion,1.4665018896127169,13.286507119891215
286,New Construction,Fasteners,0.004311994954219653,0.017463579564589594
286,New Construction,Fiberglass blanket,0.00030432340774566477,0.0006269062199560693
286,New Construction,Glass mat gypsum board,2.317172960017341,1.0960228100882023
286,New Construction,Glazing - other,0.01933220558381503,0.02126542614219654
286,New Construction,Gypsum board,25.41672761026763,5.159595704884329
286,New Construction,Hollow structural sections HSS,6.361252940126532,15.805723340223645
286,New Construction,Hot-rolled sections,49.89957734008861,48.55443825648971
286,New Construction,Insulated glass unit IGU,5.316219460809249,7.123734077484394
286,New Construction,Mineral wool low density,1.1544739329232947,1.743255638714175
286,New Construction,Paint,0.2580027541302312,0.6192066099125549
286,New Construction,Plate,4.83126018700578,9.213716473895953
286,New Construction,Ready mix LW 4000,1.4234307439306357,0.4220294470893522
286,New Construction,Ready mix NW 4000,377.382025506763,60.17910791109952
286,New Construction,Rebar and reinforcement,18.77365329960058,18.37940658030897
286,New Construction,Roll formed metal panel steel,0.1255900166398844,0.29262473877093065
286,New Construction,Roofing and waterproofing - other,0.06664406573121388,0.0643781674963526
286,New Construction,Softwood framing,0.30935151402312133,0.05197105435588439
286,New Construction,Spray applied cementitious,19.901004939803467,22.68714563137595
286,New Construction,Steel door,0.32789592819768787,0.7175861981787399
286,New Construction,Steel door frame,0.007393006221965318,0.020330767110404623
286,New Construction,Steel sheet,0.4221700213872832,0.9836561498323699
286,New Construction,Stone tile,4.893598990570521,4.389558294541756
286,New Construction,Suspension assembly,0.017536655025433525,0.04261407171180347
286,New Construction,Synthetic composites,4.202605919075144e-05,0.00012229583224508672
286,New Construction,TPO,0.18446125337456648,0.5884313982648671
286,New Construction,Wood and composites - other,0.22672672554913295,0.05350750722959537
287,New Construction,Acoustic ceiling tile fiber,0.45997126581000003,0.7697356736607001
287,New Construction,Adhesives and sealants,0.08713001284920001,0.10712206189244801
287,New Construction,Air and vapor barriers,1.9549535247810002,2.399508149496888
287,New Construction,Aluminum - other,0.1862905197192,0.605216823513888
287,New Construction,Aluminum door,0.291123288728,1.94761480159032
287,New Construction,Aluminum door frame,0.019949039802,0.1745540982675
287,New Construction,Aluminum framed window,0.0019117056,0.016727424
287,New Construction,Aluminum storefront or curtain wall,0.6816552333,6.816552333
287,New Construction,CMU,6.6622839983999995,0.7461758078208001
287,New Construction,Carpet,0.165091346942,0.6900818302175601
287,New Construction,Ceramic tile,0.6723748843,0.1761622196866
287,New Construction,Closed cell spray polyurethane foam,0.041851785508,0.8008297016864
287,New Construction,Coatings - other,0.0388147059124,0.12511512701015598
287,New Construction,Cold formed steel framing,1.3561539358362,3.501281748959676
287,New Construction,Concrete - other,2.6971861421,0.4944997312827169
287,New Construction,Doors and frames - other,0.460492427439,0.9340951645397979
287,New Construction,EPDM,0.9756866180000001,3.00511478344
287,New Construction,Expanded polystyrene EPS,0.15889407855999998,0.51640575532
287,New Construction,Extruded polystyrene XPS,3.3363510501706,216.6913488988622
287,New Construction,Extrusion,0.516228238022,3.87360129424072
287,New Construction,Fasteners,0.0032720239056,0.015463465769508
287,New Construction,Flooring and tile - other,0.0082545673482,0.045730303109028
287,New Construction,Glass mat gypsum board,4.876396540726001,2.306535563763398
287,New Construction,Glazing - other,2.315952409558,9.79002905326502
287,New Construction,Gypsum board,16.700322343646,3.909300714081164
287,New Construction,Hardwood,2.6123504712659997,1.15380121978204
287,New Construction,Hollow structural sections HSS,26.73654239006,68.9802793663548
287,New Construction,Hot-rolled sections,102.724773466,265.02991554228004
287,New Construction,Insulated glass unit IGU,0.487214376006,0.61876225752762
287,New Construction,Insulation - other,0.339899721404,1.88304445657816
287,New Construction,Laminated veneer lumber LVL,0.19922728004,0.0737140936148
287,New Construction,Mineral wool high density,0.32545778472000003,0.41333138659440005
287,New Construction,Mineral wool low density,0.3046147570224,0.455045410298952
287,New Construction,Modified bitumen,0.03852875122,0.03378971481994
287,New Construction,Mortar and grout,9.4924676463752,1.7594647998450026
287,New Construction,Paint,0.2043074251708,0.48161100160549203
287,New Construction,Plate,0.05799215518,0.1351217215694
287,New Construction,Precast,5.2023707192,1.1906373416383857
287,New Construction,Ready mix LW 3000,7.11543057324,1.9123509562390075
287,New Construction,Ready mix LW 4000,65.5588350448,19.437376229051893
287,New Construction,Ready mix NW 2500,1.2623727608,0.17845870251710313
287,New Construction,Ready mix NW 4000,3.078473586,0.5828420592761364
287,New Construction,Rebar and reinforcement,0.8569504229420001,1.49170496273376
287,New Construction,Resilient flooring vinyl,0.0875342796,0.22058638459200003
287,New Construction,Roll formed metal panel steel,0.057641759674,0.13430530004042002
287,New Construction,Softwood framing,0.04139862548,0.00790713746668
287,New Construction,Softwood plywood,2.773064218728,0.732088953744192
287,New Construction,Steel - other,25.797561766546,66.40023445218868
287,New Construction,Steel sheet,1.32262687676,4.3761947232542
287,New Construction,Stone masonry,0.08541136536,0.04765954187088
287,New Construction,Suspension assembly,0.24824045806199999,0.60322431309066
287,New Construction,Synthetic composites,0.007847241832,0.02291394614944
287,New Construction,Wall coverings,0.0123823935,0.03838541985
287,New Construction,Wood and composites - other,0.03693767846,0.044694590936600005
287,New Construction,Wood or composite door,0.011276570996,0.002977014742944
288,New Construction,CMU,46.3886036036036,11.713126126126125
288,New Construction,Cold formed steel framing,4.160675675675676,9.371693693693695
288,New Construction,Decking,4.081108108108108,9.823603603603605
288,New Construction,Extrusion,6.374738738738738,105.8205945945946
288,New Construction,Fiberglass blanket,5.319288288288289,4.692459459459459
288,New Construction,Glass mat gypsum board,24.498171171171172,8.223918918918919
288,New Construction,Glue laminated timber GLT,4.791243243243243,1.8292612612612613
288,New Construction,Hollow structural sections HSS,4.565837837837838,9.255378378378378
288,New Construction,Hot-rolled sections,15.740666666666668,22.341243243243245
288,New Construction,Insulated glass unit IGU,5.758207207207207,10.447297297297297
288,New Construction,Mortar and grout,9.962018018018018,5.046963963963964
288,New Construction,PVC,3.678054054054054,12.44881081081081
288,New Construction,Paint,0.09403603603603604,0.18148648648648646
288,New Construction,Polyisocyanurate PIR,8.324612612612613,20.031504504504504
288,New Construction,Ready mix NW 4000,577.7271801801802,75.18397297297298
288,New Construction,Rebar and reinforcement,14.043387387387387,7.896441441441441
288,New Construction,Roofing and waterproofing - other,2.5434684684684683,4.6159009009009
288,New Construction,Softwood framing,16.143810810810812,3.2326486486486488
288,New Construction,Steel - other,1.1638108108108107,3.615288288288288
288,New Construction,Steel door,0.4816396396396396,2.268108108108108
288,New Construction,Stone masonry,21.080522522522525,5.08136036036036
288,New Construction,Wood I joists,0.3914594594594594,0.17982882882882884
289,New Construction,Aluminum storefront or curtain wall,0.48718543046357615,4.951976158940397
289,New Construction,Cold formed steel framing,7.311969536423842,16.451929801324503
289,New Construction,Cross laminated timber CLT,36.78352317880795,2.1996357615894038
289,New Construction,Decking,4.018948344370861,10.690402649006622
289,New Construction,EPDM,1.2951509933774834,4.390651655629139
289,New Construction,Expanded polystyrene EPS,0.5212927152317881,2.0451258278145694
289,New Construction,Extrusion,9.13263311258278,90.86969933774833
289,New Construction,Fiberglass blanket,3.0466993377483447,2.6876741721854303
289,New Construction,Glass mat gypsum board,3.81196821192053,1.2408781456953641
289,New Construction,Glue laminated timber GLT,23.36544105960265,8.920749668874171
289,New Construction,Gypsum board,2.1954543046357617,0.7153536423841059
289,New Construction,Hollow structural sections HSS,2.36661059602649,4.797340397350993
289,New Construction,Hot-rolled sections,17.594577483443707,24.887449006622514
289,New Construction,Insulated glass unit IGU,4.506467549668875,8.616602649006623
289,New Construction,Mineral wool high density,2.2506900662251654,2.015523178807947
289,New Construction,Paint,0.19337483443708608,0.5472887417218543
289,New Construction,Polyisocyanurate PIR,6.4925735099337745,26.039573509933774
289,New Construction,Precast,125.11015099337749,39.2041298013245
289,New Construction,Ready mix NW 4000,424.69418940397355,55.268639735099335
289,New Construction,Rebar and reinforcement,6.2383072847682115,3.507733774834437
289,New Construction,Roofing and waterproofing - other,0.9897006622516558,1.7833629139072846
289,New Construction,Steel - other,0.9770529801324503,3.0351364238410596
289,New Construction,Steel door,0.32953907284768214,1.6351801324503312
289,New Construction,Wood and composites - other,1.5248543046357614,0.8320172185430463
29,New Construction,Acoustic ceiling tile fiber,0.9189725678178505,3.2072142616842987
29,New Construction,Acoustic ceiling tile steel,0.5246291172413637,1.505685566482714
29,New Construction,Adhesives and sealants,0.5982867913296767,1.293898411269123
29,New Construction,Air and vapor barriers,0.11679542243359106,0.13615214020333613
29,New Construction,Aluminum door,0.08861368726470983,0.35622702280413354
29,New Construction,Aluminum sheet,6.351729859117403,35.69672180823981
29,New Construction,Architectural fiber cement panel,1.564072698746985,2.830971584732043
29,New Construction,CMU,174.47636116279082,19.541352450232576
29,New Construction,Carpet,0.2409641541646161,1.0072301644080948
29,New Construction,Ceramic tile,3.1546963320289887,0.8265304389915951
29,New Construction,Coatings - other,1.735772190915608,24.187686731504233
29,New Construction,Cold formed steel framing,5.418229353187668,14.865381502215298
29,New Construction,Concrete - other,4.051135238504465,0.9115054286635051
29,New Construction,Decking,16.79652778858345,43.3350416945453
29,New Construction,Doors and frames - other,0.44333229546381747,3.19737017523747
29,New Construction,Extrusion,1.6616861131532725,13.949152702231675
29,New Construction,Fasteners,0.10414668017209525,0.6019678113947106
29,New Construction,Fiberglass blanket,1.7691627141245052,3.649653608371065
29,New Construction,Flooring and tile - other,1.1268374041935814,1.4998142256926978
29,New Construction,Glass mat gypsum board,2.744464676252624,1.298131791867491
29,New Construction,Glazing - other,1.0199465929574445,1.5503188212953156
29,New Construction,Gypsum board,39.863382629276835,9.295673884517111
29,New Construction,Hollow structural sections HSS,25.02097928928508,61.48686894336109
29,New Construction,Hot-rolled sections,31.517845757464396,30.509274693225535
29,New Construction,Insulated glass unit IGU,4.061605507009172,6.125296859273937
29,New Construction,Insulated metal panel IMP,3.1725329479295548,7.268127065327753
29,New Construction,Insulation - other,0.006610138588561954,0.03662016778063322
29,New Construction,Mineral wool low density,1.7720579535794059,2.675807509904903
29,New Construction,Mortar and grout,200.84754543967307,37.180721320570875
29,New Construction,PVC,1.1128990849111617,3.449987163224602
29,New Construction,Paint,0.6536063604853876,1.561362096354277
29,New Construction,Plate,0.370747946908796,0.8638427162974945
29,New Construction,Polyisocyanurate PIR,3.4103752610154956,9.113966931548775
29,New Construction,Precast,17.739136152850598,3.950274834980124
29,New Construction,Ready mix NW 5000,643.9791594516247,144.89531087661567
29,New Construction,Rebar and reinforcement,84.16895607574936,85.45290044159195
29,New Construction,Roll formed metal panel aluminum,1.3787442051512568,8.90668756527712
29,New Construction,Softwood plywood,0.6396736390071276,0.16887384069788172
29,New Construction,Spray applied cementitious,8.343694409958621,9.511811627352827
29,New Construction,Steel - other,6.836889753114935,17.647661684446867
29,New Construction,Steel door,1.3776826063172414,2.9956232527133797
29,New Construction,Steel door frame,0.0599134324137931,0.16476193913793102
29,New Construction,Steel framed window,0.03910724137931035,0.10754491379310345
29,New Construction,Steel sheet,3.2425164421529558,10.187992176024466
29,New Construction,Suspension assembly,0.3824783634173149,0.9294224231040756
29,New Construction,Synthetic composites,0.22450947672057356,0.8479468773047656
29,New Construction,Wall coverings,0.23055428653527266,1.921293429086772
291,New Construction,Acoustic ceiling tile fiber,0.9013296219277108,1.2258082858216865
291,New Construction,Adhesives and sealants,0.10022690795831324,0.15274892219213976
291,New Construction,Air and vapor barriers,0.5349346456361446,1.0859173306413734
291,New Construction,Aluminum - other,0.839792173253012,4.719632013681927
291,New Construction,Aluminum door,0.024889778144578312,0.25636471488915663
291,New Construction,Aluminum storefront or curtain wall,0.004111799004819277,0.041117990048192776
291,New Construction,Architectural fiber cement panel,5.355110660939759,9.639199189691567
291,New Construction,CMU,171.95334311084338,19.25877442841446
291,New Construction,Carpet,0.11355682659518072,0.4746675351678554
291,New Construction,Ceramic tile,2.0234902524289153,0.530154446136376
291,New Construction,Coatings - other,0.08824137958289156,0.7004353919591783
291,New Construction,Cold formed steel framing,3.219863207933976,7.888664859438242
291,New Construction,Concrete - other,0.7920835120481928,0.12356958231587685
291,New Construction,Decking,7.8870910709156625,20.34869496296241
291,New Construction,Doors and frames - other,0.12637322645975904,0.921222434984641
291,New Construction,Extrusion,0.46533103340000004,4.620737161662
291,New Construction,Fasteners,0.01589811658072289,0.0643873721519277
291,New Construction,Flooring and tile - other,0.005677841329156627,0.03145524096352771
291,New Construction,Glass mat gypsum board,8.033756047349398,3.799966610396265
291,New Construction,Glazing - other,0.2613772037349397,0.4425632568440964
291,New Construction,Gypsum board,21.262429211089156,4.851423827488494
291,New Construction,Hollow structural sections HSS,13.546789487865059,30.8123031792453
291,New Construction,Hot-rolled sections,22.959988098118796,22.225268478978993
291,New Construction,Insulated glass unit IGU,1.646211802386024,2.352263781421783
291,New Construction,Mineral wool high density,6.60601357406747,11.82476429758077
291,New Construction,Mineral wool low density,0.27949807157301204,0.4136571459280578
291,New Construction,Modified bitumen,0.023742277720481927,0.019516152286236144
291,New Construction,Mortar and grout,200.48604795140818,34.437916206233666
291,New Construction,Open web joists,7.165015475060241,9.887721355583132
291,New Construction,Paint,0.43704802671734944,1.080542720562841
291,New Construction,Polyisocyanurate PIR,1.4249860570240964,3.676464027122169
291,New Construction,Ready mix NW 2500,208.01350250843376,25.01497601893452
291,New Construction,Ready mix NW 4000,72.39913612481928,11.040723397886575
291,New Construction,Ready mix NW 5000,89.81418143253012,16.220281054323532
291,New Construction,Rebar and reinforcement,16.451582960593733,31.422523454734034
291,New Construction,Resilient flooring vinyl,2.009221851855422,5.063239066675663
291,New Construction,Softwood framing,0.09020805501204819,0.015154953242024096
291,New Construction,Softwood plywood,0.022310169089156624,0.00588988463953735
291,New Construction,Steel - other,1.0648437695686748,2.608867235443253
291,New Construction,Steel door,0.43479828782409635,0.9544036289199518
291,New Construction,Steel door frame,0.024497493320481928,0.06736810663132531
291,New Construction,Steel sheet,2.213496743855422,5.1574474131831325
291,New Construction,Suspension assembly,0.19155392342168676,0.46547603391469883
291,New Construction,TPO,0.9440981287638555,3.0116730307566995
291,New Construction,Wood or composite door,0.34900459699036146,0.11923842962885783
3,New Construction,Acoustic ceiling tile fiber,3.878686673070519,12.3976436855943
3,New Construction,Aluminum door,0.27807190043076496,1.81024807180428
3,New Construction,Aluminum door frame,0.08853934541575625,0.7747192723878671
3,New Construction,Aluminum framed window,0.019377464615384615,0.1695528153846154
3,New Construction,Aluminum sheet,0.12505749045725495,0.712416728901548
3,New Construction,Aluminum storefront or curtain wall,1.4536832656123093,14.536832656123094
3,New Construction,CMU,8.676104576816739,0.9717237126034746
3,New Construction,Coatings - other,0.04365502267209153,0.2800195258308352
3,New Construction,Cold formed steel framing,7.963952947920927,19.511684722406272
3,New Construction,Decking,0.2623743472064196,0.6769258157925627
3,New Construction,Doors and frames - other,0.3610304635455681,2.0530989735456946
3,New Construction,EPDM,2.633475309080227,9.138159322508384
3,New Construction,Fasteners,0.3939966627044442,1.602158277249135
3,New Construction,Fiberglass blanket,1.169402449054982,2.408969045053263
3,New Construction,Glass mat gypsum board,20.633705906305217,9.759742893682368
3,New Construction,Glazing - other,2.4423568742742297,3.8943532022052096
3,New Construction,Gypsum board,42.681316924529845,10.351102636785997
3,New Construction,Hardwood,0.5425813274277038,0.3244636338017669
3,New Construction,Hollow structural sections HSS,1.0974379153457778,2.6887228925971556
3,New Construction,Hot-rolled sections,4.545499215018256,4.400043240137672
3,New Construction,Insulated glass unit IGU,2.033336099925859,2.724670373900651
3,New Construction,Mineral wool low density,1.462305801462656,2.2080817602086102
3,New Construction,Mortar and grout,1.4427627095729,0.1425449557058025
3,New Construction,Other,0.009925774083079,0.02818919839594436
3,New Construction,Paint,0.6411405198799439,1.5387372477118655
3,New Construction,Plate,0.1301347128685627,0.30321388098375107
3,New Construction,Polyisocyanurate PIR,4.0572522294598,10.630000841184675
3,New Construction,Precast,416.4386091769243,84.95347627209233
3,New Construction,Ready mix NW 3000,99.11210221476759,14.56947902557083
3,New Construction,Ready mix NW 4000,1165.9198282618745,196.1908778431576
3,New Construction,Rebar and reinforcement,35.24394001674141,53.235077370165705
3,New Construction,Steel - other,0.23640303565640267,0.5791874373581865
3,New Construction,Steel door,0.7295586103587691,2.319554337854751
3,New Construction,Steel door frame,0.03354499846153847,0.09224874576923077
3,New Construction,Stucco finish,0.20480894707831038,0.09810348565051065
3,New Construction,Suspension assembly,1.3752264344530203,3.3418002357208394
3,New Construction,Wood door frame,0.0077724,0.03419856
3,New Construction,Wood or composite door,0.7522877261907692,0.19860395971436307
31,New Construction,Acoustic ceiling tile fiber,0.5956162661032736,2.078700768700425
31,New Construction,Adhesives and sealants,0.5240523598338028,1.3915595237986855
31,New Construction,Air and vapor barriers,0.05884701285203137,0.04766608041014542
31,New Construction,Aluminum door frame,0.11143804675324674,0.975082909090909
31,New Construction,Aluminum framed window,0.1937602498684464,1.7366316577774772
31,New Construction,Aluminum sheet,0.15115006832652833,0.8494633839950892
31,New Construction,Architectural fiber cement panel,0.6527752237258234,1.1749954027064822
31,New Construction,CMU,332.4324227799926,37.23243135135917
31,New Construction,Coatings - other,1.2422910304030195,15.190091749684719
31,New Construction,Cold formed steel framing,2.0681552949981015,5.70810861419476
31,New Construction,Decking,8.155822810881153,21.042022852073377
31,New Construction,Doors and frames - other,0.1996150453541818,1.5075767344554727
31,New Construction,EPDM,0.9155001787596773,2.9479105756061617
31,New Construction,Fasteners,0.003381916214982978,0.019257029336248288
31,New Construction,Fiberglass blanket,0.40373089001841284,0.8316856334379306
31,New Construction,Glass mat gypsum board,0.10737262783943417,0.050787252968052365
31,New Construction,Gypsum board,24.647490631624976,5.392053089691868
31,New Construction,Hollow structural sections HSS,19.468467348600768,47.74136868495736
31,New Construction,Hot-rolled sections,26.24625404501543,25.40637391557493
31,New Construction,Insulated glass unit IGU,3.1038412340030535,4.04018157915008
31,New Construction,Mineral wool low density,2.3718954838618527,3.5815621806313973
31,New Construction,Mortar and grout,381.88644318147635,70.25206885933898
31,New Construction,PVC,0.49160567249678705,1.5239775847400403
31,New Construction,Paint,0.1778735849523822,0.42689660388571726
31,New Construction,Polyisocyanurate PIR,4.883571371997955,13.107437478040888
31,New Construction,Precast,178.05829202338867,39.372300725416196
31,New Construction,Ready mix NW 5000,528.0207525920355,118.80466933320803
31,New Construction,Rebar and reinforcement,75.84625273023634,71.00918520559686
31,New Construction,Roll formed metal panel aluminum,0.23356879906855083,1.5088544419828378
31,New Construction,Softwood plywood,0.37522037506170913,0.09905817901629121
31,New Construction,Steel - other,0.2485881794809978,0.6413575030609744
31,New Construction,Steel door,0.8888976768181818,2.0800205637545455
31,New Construction,Steel door frame,0.03140829111688312,0.08637280057142857
31,New Construction,Steel framed window,0.08724405194805195,0.23992114285714283
31,New Construction,Steel sheet,9.953267760845819,25.11403097367985
31,New Construction,Suspension assembly,0.24789677370333196,0.6023891600990967
31,New Construction,Wall coverings,0.11126945506393124,0.8211685783718126
33,New Construction,Adhesives and sealants,0.03310658262817204,0.09064377819486882
33,New Construction,Aluminum door,0.10334152068387097,0.6913547733750968
33,New Construction,Aluminum door frame,0.005501967741935484,0.048142217741935486
33,New Construction,Aluminum framed window,0.0328663897583871,0.24764454187534088
33,New Construction,CMU,3.7515764962365594,0.6310184722680612
33,New Construction,Coatings - other,0.5185162065417205,10.473548106873613
33,New Construction,Cold formed steel framing,1.0838009557672044,2.5902842842836185
33,New Construction,Concrete - other,0.5390684344086022,0.08409777538140661
33,New Construction,Decking,6.928570758274731,16.420712697111114
33,New Construction,Doors and frames - other,0.08483116341301075,0.4073345356967785
33,New Construction,Extruded polystyrene XPS,0.37218150198333333,24.189402637229588
33,New Construction,Extrusion,0.44997754967795695,4.326907582866628
33,New Construction,Fasteners,0.3577578542807527,2.0681015218134045
33,New Construction,Glass mat gypsum board,0.04566924639247312,0.021601553543639785
33,New Construction,Glazing - other,0.0763191340860215,0.12363699721935484
33,New Construction,Gypsum board,5.458275235858602,1.331819157549499
33,New Construction,Hollow structural sections HSS,7.904223286976881,7.0203339183749724
33,New Construction,Hot-rolled sections,55.658500072882795,53.87742807055054
33,New Construction,Insulated glass unit IGU,1.2253010311827957,1.6419033817849462
33,New Construction,Insulated metal panel IMP,4.188018158915054,16.131939822534363
33,New Construction,Intumescent,1.517955071396613,3.8404263306334308
33,New Construction,Mortar and grout,4.571458488978495,0.7837441426155914
33,New Construction,Paint,0.07973510960913978,0.19139729596951288
33,New Construction,Plate,1.013450932911828,2.614703406912516
33,New Construction,Ready mix LW 3000,0.7045704177419355,0.15884420785127912
33,New Construction,Ready mix LW 4000,455.4966736663226,117.35568006655878
33,New Construction,Ready mix LW 5000,646.0472344115784,180.6915287597959
33,New Construction,Ready mix NW 2500,0.0070840827956989245,0.0006770774333260914
33,New Construction,Ready mix NW 3000,24.030936283333332,3.014680902800554
33,New Construction,Ready mix NW 8000,52.047958825268815,11.310174935709156
33,New Construction,Rebar and reinforcement,55.95457800494457,106.10265542972498
33,New Construction,Spray applied cementitious,2.5439002241489246,2.900046255529774
33,New Construction,Steel - other,0.09243573989247311,0.22646756273655919
33,New Construction,Steel sheet,0.37802976768817204,0.8808093587134408
33,New Construction,Stucco finish,0.03241560932258065,0.08136317939967742
33,New Construction,TPO,0.1582974307903226,0.504968804221129
34,New Construction,Aluminum - other,0.007770852713178295,0.0697813953488372
34,New Construction,CMU,20.27096620155039,4.419070697674418
34,New Construction,Cold formed steel framing,1.9919693023255816,4.56559007751938
34,New Construction,Extrusion,4.582060775193798,49.022277209302324
34,New Construction,Flooring and tile - other,2.5564322480620154,1.6444493023255813
34,New Construction,Hot-rolled sections,14.918817364341084,18.634358449612403
34,New Construction,Insulated glass unit IGU,5.845519069767442,7.608050852713179
34,New Construction,Insulated metal panel IMP,0.12061147286821705,0.5017683720930233
34,New Construction,Mineral wool high density,2.299887751937985,3.157380465116279
34,New Construction,Mortar and grout,0.45964496124031007,0.19764744186046512
34,New Construction,Polyisocyanurate PIR,1.0656337984496125,2.564234728682171
34,New Construction,Ready mix unknown,1019.4978713178294,116.19359131782946
34,New Construction,Resilient flooring rubber,0.05947100775193798,0.20595472868217055
34,New Construction,Roofing and waterproofing - other,0.4201860465116279,1.051495503875969
34,New Construction,Softwood plywood,1.8680192248062015,0.4524920930232558
34,New Construction,Steel - other,2.025201860465116,5.721428837209302
34,New Construction,Steel sheet,6.06406511627907,6.866204341085271
34,New Construction,Stone masonry,12.550104806201551,2.4509748837209298
34,New Construction,TPO,0.4905137984496124,1.7069879069767442
35,New Construction,CMU,27.647158387096777,6.027080483870968
35,New Construction,Fiberglass blanket,0.0038430645161290325,0.012016774193548387
35,New Construction,Hot-rolled sections,8.623485161290322,22.711281451612905
35,New Construction,Modified bitumen,0.037920967741935485,0.038544516129032265
35,New Construction,Ready mix NW 4000,211.05522048387095,29.228509838709677
35,New Construction,Ready mix NW 5000,420.0762427419355,70.88261516129032
35,New Construction,Ready mix NW 6000,458.31933177419353,86.10283935483871
35,New Construction,Rebar and reinforcement,26.735072741935483,18.3455885483871
35,New Construction,Steel - other,4.049428225806452,11.078547419354837
35,New Construction,Steel sheet,0.03362725806451613,0.0808958064516129
36,New Construction,Acoustic ceiling tile fiber,1.8787902044937501,6.556977813683187
36,New Construction,Adhesives and sealants,0.8617426026539375,2.3803829612106284
36,New Construction,Air and vapor barriers,0.7567293475131875,0.848893012741932
36,New Construction,Aluminum - other,0.000362165184875,0.00326310831572375
36,New Construction,Aluminum composite panel ACM,0.010616581890625,0.08440182603046875
36,New Construction,Aluminum door,0.143698940234375,1.20938524501035
36,New Construction,Aluminum door frame,0.029272367526875002,0.25613321586015625
36,New Construction,Aluminum framed window,0.2147509779519375,1.4944372383431088
36,New Construction,Aluminum sheet,0.08233418905937498,0.58621942610275
36,New Construction,Aluminum storefront or curtain wall,1.108570623908125,11.085706239081249
36,New Construction,Brick clay,144.10109503919688,41.645216466327895
36,New Construction,CMU,277.96392933485004,31.131960085503202
36,New Construction,Carpet,0.010858873112499999,0.04539008961025
36,New Construction,Ceramic tile,0.048904465875,0.01281297005925
36,New Construction,Coatings - other,0.09791714399553125,0.617480304195229
36,New Construction,Cold formed steel framing,2.5530040329804686,6.088216094853658
36,New Construction,Concrete - other,1.2055080959968751,0.18859107986697485
36,New Construction,Decking,18.3686994860125,47.391244673912254
36,New Construction,Doors and frames - other,0.16501076465503126,1.0931476083474503
36,New Construction,Expanded polystyrene EPS,0.002307554084375,0.00749955077421875
36,New Construction,Extruded polystyrene XPS,2.65150776185125,172.33094204136867
36,New Construction,Extrusion,0.06286610915890625,0.4679659255934172
36,New Construction,Fasteners,0.0121993784355,0.0515471496223575
36,New Construction,Fiberglass blanket,0.5424762813225,1.5086648844159127
36,New Construction,Flooring and tile - other,0.000974609729375,0.0053993379007375
36,New Construction,Glass mat gypsum board,16.776231105853125,7.935157313068529
36,New Construction,Glazing - other,3.4888452891287502,15.468242083445542
36,New Construction,Gypsum board,7.711673380870687,1.5797741309910933
36,New Construction,Hardwood,3.4109533732775,4.213531735377888
36,New Construction,Hollow structural sections HSS,11.31534959915575,27.722606517931588
36,New Construction,Hot-rolled sections,42.0479009358825,44.20283897910426
36,New Construction,Insulated glass unit IGU,2.2812035297835003,3.543187469177896
36,New Construction,Intumescent,0.9820034949490626,2.484468842221128
36,New Construction,Mineral wool high density,2.173522501584375,3.873279598658344
36,New Construction,Mineral wool low density,0.12014872701562501,0.1807541653275
36,New Construction,Modified bitumen,5.55958605326875,3.51176743133925
36,New Construction,Mortar and grout,75.97391485418345,15.526602969408474
36,New Construction,Open web joists,5.6091209142825,7.740586861709849
36,New Construction,Paint,0.4841476060666875,0.9794942868753665
36,New Construction,Plate,0.50096963169625,1.1672592418522625
36,New Construction,Ready mix LW 3000,430.50249563745,104.1521847562335
36,New Construction,Ready mix LW 4000,2.470413981875,0.6791736556818163
36,New Construction,Ready mix NW 3000,17.199210452125,2.2973774144694983
36,New Construction,Ready mix NW 5000,50.34039729934375,9.008959701856195
36,New Construction,Rebar and reinforcement,14.228962238904469,19.193436672385474
36,New Construction,Resilient flooring vinyl,1.7683441872124999,2.5049260234451247
36,New Construction,Roll formed metal panel steel,0.38684804943749995,0.9013559551893751
36,New Construction,Softwood plywood,0.7923760734375,0.20918728338750003
36,New Construction,Spray applied cementitious,40.97534631496244,46.71189479905718
36,New Construction,Steel - other,0.12279321607500002,0.3168064974735
36,New Construction,Steel door,0.016346768919374997,0.0359758333063125
36,New Construction,Steel door frame,0.016939928020625,0.04658480205671875
36,New Construction,Steel sheet,1.1616671399375,2.706684436054375
36,New Construction,Stucco finish,0.1116401768659375,0.2802168439335031
36,New Construction,Suspension assembly,0.724404377365875,1.7603026369990762
36,New Construction,Synthetic composites,0.20361492353125002,1.0974844378334376
36,New Construction,Wall coverings,0.19932229705718751,1.4794625513925688
36,New Construction,Wood or composite door,0.5987544267009375,0.21734949509308907
37,New Construction,CMU,4.490958130841122,0.5189551401869159
37,New Construction,Cold formed steel framing,0.5351626168224299,0.7954657943925233
37,New Construction,Decking,7.827663551401868,17.690519626168225
37,New Construction,Expanded polystyrene EPS,0.4158242990654205,1.8201304672897196
37,New Construction,Extrusion,0.3181839252336449,2.885927850467289
37,New Construction,Fiberglass blanket,3.0411315887850465,7.579823177570093
37,New Construction,Glass mat gypsum board,0.43953869158878506,0.15661607476635514
37,New Construction,Glazing - other,0.0009786915887850468,0.0022314018691588786
37,New Construction,Gypsum board,0.3498347663551402,0.11026579439252338
37,New Construction,Hollow structural sections HSS,9.482443738317757,18.870060186915886
37,New Construction,Hot-rolled sections,25.27800934579439,30.83917121495327
37,New Construction,Insulated metal panel IMP,9.695645607476635,41.62499214953271
37,New Construction,Open web joists,13.161495327102804,15.925409345794392
37,New Construction,Ready mix NW 4000,1.5822459813084113,0.2039581308411215
37,New Construction,Ready mix unknown,593.6747140186916,76.75335813084111
37,New Construction,Rebar and reinforcement,11.72043738317757,15.119363738317755
37,New Construction,Roofing and waterproofing - other,0.006277757009345794,0.0026721495327102804
38,New Construction,Adhesives and sealants,0.014227678125256093,0.009572446435818099
38,New Construction,Air and vapor barriers,0.22287721671591038,0.4360769311508765
38,New Construction,Aluminum door,0.21055181158890726,0.8464182825874069
38,New Construction,Aluminum door frame,0.008082169565217392,0.07071898369565217
38,New Construction,Aluminum framed window,0.10408351698117685,1.0774829136578266
38,New Construction,Aluminum sheet,0.5656056723053311,3.2490787231858795
38,New Construction,Aluminum storefront or curtain wall,2.0411567416993437,20.41156741699344
38,New Construction,Brick clay,40.87941473749903,11.81415085913722
38,New Construction,CMU,20.612762338608462,2.3086293819241477
38,New Construction,Carpet,0.037493931557113044,0.1567246339087325
38,New Construction,Ceramic tile,0.9004353768495565,0.23591406873458381
38,New Construction,Coatings - other,0.1554856756406187,0.8228660527676679
38,New Construction,Cold formed steel framing,7.831216988054341,19.186481620733137
38,New Construction,Concrete - other,0.7621534239090609,0.12194454782544957
38,New Construction,Decking,1.563796706650683,4.034595503158762
38,New Construction,Doors and frames - other,0.14163942880610023,0.9379199609331512
38,New Construction,Extruded polystyrene XPS,3.477111125177284,9.283886704223328
38,New Construction,Fasteners,0.10235257777191265,0.45086118766049876
38,New Construction,Fiberglass blanket,0.6437811343295288,1.1137413623900847
38,New Construction,Glass mat gypsum board,12.390121903323582,5.860527660272053
38,New Construction,Glazing - other,0.8542655885959061,1.2984836946657772
38,New Construction,Glue laminated timber GLT,18.480831930452183,6.85638864619776
38,New Construction,Gypsum board,28.159885343215347,6.393138759102488
38,New Construction,Hardwood,0.5232848678924531,0.2612299221038826
38,New Construction,Heavy timber framing,5.774492418666852,1.0971535595467021
38,New Construction,Hollow structural sections HSS,19.578341962950738,48.00113308572347
38,New Construction,Hot-rolled sections,7.045696757566146,6.814942763367615
38,New Construction,Insulated glass unit IGU,7.505385779940121,9.550231838680359
38,New Construction,Mineral wool high density,5.062240672538882,9.0614108038446
38,New Construction,Modified bitumen,1.2344561768765918,0.777707391432253
38,New Construction,Mortar and grout,18.27086491468263,2.7501709056826518
38,New Construction,Paint,0.5526922038737898,1.366500843276838
38,New Construction,Plate,0.3730979986523434,0.8693183368599601
38,New Construction,Polyisocyanurate PIR,0.00035888525137252173,0.0010479449340077636
38,New Construction,Precast,3.6661905052671915,0.586590480842753
38,New Construction,Ready mix NW 3000,457.36618586166423,73.17858973786628
38,New Construction,Ready mix NW 4000,285.3166186768331,52.875881228954945
38,New Construction,Ready mix NW 5000,7.460556684966209,1.6786252541173965
38,New Construction,Rebar and reinforcement,22.64507449126625,43.361145766160064
38,New Construction,Roll formed metal panel aluminum,0.07398901847543914,0.47796905935133677
38,New Construction,Roll formed metal panel steel,0.5102977117827656,1.188993668453844
38,New Construction,Softwood framing,1.2620597400098355,0.2120260363216524
38,New Construction,Softwood plywood,6.291374676702914,1.6609229146495696
38,New Construction,Steel - other,3.708683029917152,4.444319278877291
38,New Construction,Steel door,0.14350845538550724,0.49584141317727537
38,New Construction,Steel door frame,0.018991468092753625,0.05222653725507247
38,New Construction,Steel sheet,1.4928499371775237,3.4783403536236306
38,New Construction,TPO,0.44379304704446915,1.3979480981900778
38,New Construction,Wood or composite door,0.5462343296890435,0.21927609036699827
39,New Construction,Aluminum - other,0.03471457286432161,0.4262221105527638
39,New Construction,Aluminum framed window,0.10703517587939698,0.5181748743718593
39,New Construction,Aluminum storefront or curtain wall,0.2727427135678392,1.3377226130653266
39,New Construction,CMU,0.7762090452261307,0.16921356783919597
39,New Construction,Cold formed steel framing,0.28173768844221103,0.41877487437185923
39,New Construction,Decking,8.160104020100503,14.501266331658291
39,New Construction,Fiberglass blanket,4.264481909547738,13.362647236180905
39,New Construction,Glass mat gypsum board,0.10906432160804021,0.04353015075376884
39,New Construction,Gypsum board,0.614824623115578,0.1884110552763819
39,New Construction,Hollow structural sections HSS,2.2596648241206028,4.580552261306533
39,New Construction,Hot-rolled sections,1.8081015075376885,2.272952261306533
39,New Construction,Mineral wool low density,0.12477236180904522,0.17967236180904522
39,New Construction,Mortar and grout,0.720321608040201,0.41346482412060304
39,New Construction,Open web joists,13.721739195979898,11.5125391959799
39,New Construction,PVC,1.7825804020100502,6.249446733668342
39,New Construction,Ready mix NW 3000,60.764822110552764,5.114372361809045
39,New Construction,Ready mix NW 4000,1124.2875236180905,109.32089497487436
39,New Construction,Rebar and reinforcement,46.25707638190954,41.90315125628141
39,New Construction,Roll formed metal panel steel,0.005816582914572864,0.015926633165829145
39,New Construction,Steel door,0.17358090452261307,0.7077793969849246
39,New Construction,Windows and frames - other,0.0032211055276381907,0.030859798994974874
39,New Construction,Wood or composite door,0.016410050251256282,0.017873366834170856
4,New Construction,Acoustic ceiling tile fiber,0.11767305777777777,0.1600353585777778
4,New Construction,Acoustic ceiling tile steel,0.000880286155,0.0025264212648499996
4,New Construction,Adhesives and sealants,0.08318595771277779,0.2254008658251139
4,New Construction,Aluminum - other,0.009821407113166664,0.05519630797599667
4,New Construction,Aluminum door frame,0.030061916,0.263041765
4,New Construction,Aluminum sheet,0.014991122267222223,0.08425010714178889
4,New Construction,CMU,59.06166309745,6.614906266914399
4,New Construction,Carpet,0.0042510677738888895,0.022403127168394443
4,New Construction,Ceramic tile,1.7111228263333333,0.44831418049933336
4,New Construction,Closed cell spray polyurethane foam,0.4248027938333333,1.338128800575
4,New Construction,Coatings - other,0.030827234526222224,0.24120683612432056
4,New Construction,Cold formed steel framing,0.5789602835177778,1.5625147052656778
4,New Construction,Concrete - other,7.092330992222223,1.0499122934531522
4,New Construction,Doors and frames - other,0.18276069513077778,0.8021878865231883
4,New Construction,Expanded polystyrene EPS,0.35472494466111115,1.1528560701486112
4,New Construction,Extrusion,1.5955167421268888,14.196717250930217
4,New Construction,Fasteners,0.0012326877932222224,0.006267634527738333
4,New Construction,Fiberglass blanket,0.2411575892752222,0.49678463390695776
4,New Construction,Glass mat gypsum board,0.20575118088888888,0.09732030856044445
4,New Construction,Glazing - other,2.833813376033333,3.1171947136366676
4,New Construction,Gypsum board,10.763887473885555,2.1850691571987677
4,New Construction,Hollow structural sections HSS,0.32205000621111113,0.8308890160246667
4,New Construction,Hot-rolled sections,0.02744129046666667,0.070798529404
4,New Construction,Insulated glass unit IGU,4.8382001997215,9.35338074414292
4,New Construction,Mineral wool low density,0.011282704344444444,0.016698402429777777
4,New Construction,Modified bitumen,0.3142248525388889,0.23849666307701667
4,New Construction,Mortar and grout,67.81455403882222,12.732128930795271
4,New Construction,Other,0.021822094938888887,0.06197474962644444
4,New Construction,Paint,0.11262883374111111,0.26700664586342776
4,New Construction,Precast,6.61414585,1.0318447835725972
4,New Construction,Ready mix LW 4000,0.13357408538888887,0.02911912142711648
4,New Construction,Ready mix NW 4000,793.9289432790112,85.16287051033643
4,New Construction,Ready mix NW 5000,3.0090563522222222,0.3831385629751941
4,New Construction,Ready mix NW 8000,197.8702400336111,29.244862150314443
4,New Construction,Rebar and reinforcement,64.0542887864785,122.34369158217393
4,New Construction,Roll formed metal panel aluminum,0.029300760635,0.18928291370210001
4,New Construction,Steel - other,0.093971114,0.24244547412
4,New Construction,Steel door,0.13467307260555558,0.2966401830118555
4,New Construction,Steel door frame,0.00058529728,0.00160956752
4,New Construction,Stucco finish,7.616605638475444,3.9820919934722823
4,New Construction,Suspension assembly,0.02500831588333333,0.060770207596499995
4,New Construction,TPO,0.002614928805,0.00823702573575
4,New Construction,Wood or composite door,0.3290625676611111,0.2678569300761444
40,New Construction,Acoustic ceiling tile aluminum,0.19449557092631578,1.3128451037526314
40,New Construction,Acoustic ceiling tile fiber,1.6345211381326317,5.4055971264784635
40,New Construction,Adhesives and sealants,1.0926637640332633,2.358026373254922
40,New Construction,Air and vapor barriers,1.200746590785263,2.1540864642582105
40,New Construction,Aluminum - other,0.011764186997894737,0.06611473092816841
40,New Construction,Aluminum door,0.19146405990105264,1.9720798169808422
40,New Construction,Aluminum framed window,0.0009522248715789474,0.007374114204126316
40,New Construction,Aluminum sheet,0.6979449029473684,3.9224503545642104
40,New Construction,Brick clay,54.07491228189474,15.62764964946758
40,New Construction,CMU,5.681312589684211,1.1447271614938797
40,New Construction,Carpet,0.01277886251368421,0.0534156453072
40,New Construction,Ceramic tile,4.319087018235789,1.1316007987777768
40,New Construction,Coatings - other,0.185273867044,2.9006485414610883
40,New Construction,Cold formed steel framing,6.898395627926315,16.979841653290737
40,New Construction,Copper sheet,0.009630600432842105,0.011364108510753684
40,New Construction,Decking,11.124214083578948,28.70047233563368
40,New Construction,Doors and frames - other,0.5842465347865263,2.4868473827528486
40,New Construction,Extruded polystyrene XPS,0.12004383149473682,7.802076563901787
40,New Construction,Extrusion,1.1673306572631579,10.044004445204
40,New Construction,Fasteners,0.19908925408757894,1.1326066699099053
40,New Construction,Fiberglass blanket,0.0016148148018947368,0.002793629607277895
40,New Construction,Flooring and tile - other,0.03649788237284211,0.07100480897498526
40,New Construction,Glazing - other,1.435669765936842,2.0909416891814736
40,New Construction,Gypsum board,52.4928904720821,12.808265275188033
40,New Construction,Hardwood,0.11636881564757895,0.12150467930191156
40,New Construction,Hollow structural sections HSS,6.76181597807579,16.58896556649356
40,New Construction,Hot-rolled sections,29.636014910545263,28.687662433407816
40,New Construction,Insulated glass unit IGU,3.1889765880105263,3.6760696289010877
40,New Construction,Insulated metal panel IMP,2.6371101046378946,21.345384501074115
40,New Construction,Mineral wool high density,24.689481609199998,44.194172080468
40,New Construction,Mortar and grout,14.792195949990106,3.628586812565395
40,New Construction,PVC,2.056499156989474,6.3751473866673685
40,New Construction,Paint,0.07947635561284211,0.19071230077830315
40,New Construction,Plate,0.23289948181473683,0.5426557926283369
40,New Construction,Polyisocyanurate PIR,5.556256053663158,14.335140618450946
40,New Construction,Ready mix NW 3000,436.5681506645895,58.31440995534924
40,New Construction,Ready mix NW 4000,106.13819108665264,16.290865519522143
40,New Construction,Ready mix NW 5000,186.14655077221053,33.31294277584564
40,New Construction,Ready mix NW 8000,0.08295547609263158,0.01716488945915104
40,New Construction,Rebar and reinforcement,9.886379411557263,9.233878370394484
40,New Construction,Resilient flooring vinyl,2.795299142042105,4.077108345624211
40,New Construction,Roll formed metal panel steel,0.23023063915789474,0.5364373892378947
40,New Construction,Steel - other,0.36194103848589476,0.5919130750525263
40,New Construction,Steel door,0.08911357389473684,0.2276034021776842
40,New Construction,Steel door frame,0.04852292796631579,0.1334380519073684
40,New Construction,Stone tile,0.3069920395789474,0.2753718595023158
40,New Construction,Suspension assembly,0.7163505357663158,1.7407318019121474
40,New Construction,Synthetic composites,0.5128535853452632,2.124697620008463
40,New Construction,Wood or composite door,2.312411266431579,0.8486549347803894
41,New Construction,Acoustic ceiling tile fiber,0.13246389261744965,0.15100885906040268
41,New Construction,Aluminum storefront or curtain wall,1.0052010738255033,4.455485100671141
41,New Construction,Carpet,0.043316510067114095,0.2707280536912752
41,New Construction,Cold formed steel framing,0.15467194630872483,0.22990442953020135
41,New Construction,Decking,8.152485637583894,25.80353342281879
41,New Construction,Extrusion,0.01923973154362416,0.29051838926174495
41,New Construction,Fiberglass blanket,2.987984697986577,7.447357583892618
41,New Construction,Flooring and tile - other,0.06915973154362416,0.09535221476510067
41,New Construction,Gypsum board,1.032743087248322,0.3184212080536913
41,New Construction,Hollow structural sections HSS,2.0676504697986577,5.318165369127517
41,New Construction,Open web joists,12.180629530201342,16.67495865771812
41,New Construction,Paint,0.51359677852349,0.9912418791946309
41,New Construction,Ready mix unknown,1344.379114362416,179.76984483221474
41,New Construction,Rebar and reinforcement,12.197068456375838,10.228969664429531
41,New Construction,Softwood framing,0.01421234899328859,0.0013932885906040267
41,New Construction,Steel door,0.8037409395973155,2.3656246979865774
41,New Construction,Synthetic composites,0.01316026845637584,0.13647677852348994
41,New Construction,TPO,1.480744697986577,5.152991409395973
41,New Construction,Wood or composite door,0.05304161073825503,0.06625234899328859
46,New Construction,Adhesives and sealants,0.03530361162422008,0.09580260780238223
46,New Construction,Air and vapor barriers,0.02762260231714797,0.2955618447934833
46,New Construction,Aluminum - other,0.4883290024103779,0.8008595639530198
46,New Construction,Aluminum sheet,1.0707342756251705,6.017526629013458
46,New Construction,Coatings - other,0.00012952543686559878,0.00017615459413721434
46,New Construction,Cold formed steel framing,0.48115959295174593,1.2413917498155045
46,New Construction,Extrusion,0.9568585752313381,8.662814436426267
46,New Construction,Fiberglass blanket,0.03625935664509134,0.08520948811596465
46,New Construction,Gypsum board,0.19064846648069417,0.04651822582128937
46,New Construction,Hardwood,0.0014336784996573921,0.0014910256396436878
46,New Construction,Hollow structural sections HSS,0.22482201793995588,0.5800408062850861
46,New Construction,Insulated glass unit IGU,5.2830085961067175,7.0792315187830015
46,New Construction,Mineral wool high density,5.531847107308121,9.902006322081538
46,New Construction,Paint,0.018239086334830488,0.042818473855964746
46,New Construction,Ready mix unknown,1404.788282103429,169.34366679853778
46,New Construction,Rebar and reinforcement,56.63571072393817,105.84372356019911
46,New Construction,Softwood plywood,0.006167644367030596,0.0016282581128960773
46,New Construction,Steel sheet,5.177351330112251e-06,1.2063228599161544e-05
46,New Construction,Stucco finish,0.5058305151377426,0.24229281675097872
46,New Construction,TPO,0.1555274487667706,0.4961325615659982
47,New Construction,Acoustic ceiling tile fiber,0.310182,0.119743
47,New Construction,Air and vapor barriers,1.44654,4.4987379999999995
47,New Construction,Aluminum composite panel ACM,1.036784,8.861641
47,New Construction,Aluminum framed window,0.036836,0.11334200000000001
47,New Construction,Aluminum storefront or curtain wall,0.981657,3.912524
47,New Construction,Asphalt shingles,11.843993,4.7562489999999995
47,New Construction,Carpet,0.134996,0.843727
47,New Construction,Cold formed steel framing,0.47445800000000005,0.850545
47,New Construction,Cross laminated timber CLT,0.350044,0.138283
47,New Construction,Fiberglass blanket,0.889914,0.930264
47,New Construction,Flooring and tile - other,0.180039,0.164525
47,New Construction,Gypsum board,1.883246,0.546442
47,New Construction,Hollow structural sections HSS,1.4486379999999999,2.8613049999999998
47,New Construction,Open web joists,14.372301,19.620623000000002
47,New Construction,Oriented strand board OSB,15.511137,5.115454
47,New Construction,Other,0.150503,0.68019
47,New Construction,Paint,0.43576099999999995,0.8410200000000001
47,New Construction,Ready mix NW 3000,22.114324000000003,3.1459349999999997
47,New Construction,Ready mix NW 4000,826.00468,134.308324
47,New Construction,Ready mix NW 5000,2.2155099999999996,0.375009
47,New Construction,Ready mix unknown,635.531979,15.687815
47,New Construction,Rebar and reinforcement,16.130152,12.545266999999999
47,New Construction,Softwood framing,11.2038,1.115024
47,New Construction,Steel - other,0.44039300000000003,0.634664
47,New Construction,Steel door,0.29408,3.0789999999999997
47,New Construction,Suspension assembly,0.08971599999999999,0.024222999999999998
47,New Construction,Wood or composite door,0.09078,0.11339
48,New Construction,Acoustic ceiling tile fiber,0.04615448275862069,0.05261609195402299
48,New Construction,Aluminum storefront or curtain wall,1.1902137931034484,5.275542988505747
48,New Construction,Carpet,0.010927816091954022,0.06829977011494252
48,New Construction,Cold formed steel framing,0.23680643678160918,0.5010763218390805
48,New Construction,Extrusion,0.04588045977011494,0.6927972413793103
48,New Construction,Flooring and tile - other,0.11643862068965517,0.16053655172413794
48,New Construction,Gypsum board,8.05048367816092,0.16593425287356323
48,New Construction,Hollow structural sections HSS,2.4984078160919543,5.221671724137931
48,New Construction,Open web joists,12.578460689655174,17.219578850574713
48,New Construction,Oriented strand board OSB,5.9599278160919535,2.046303448275862
48,New Construction,Paint,0.5055218390804598,0.9756574712643677
48,New Construction,Ready mix NW 3000,62.17051540229885,5.830110804597701
48,New Construction,Ready mix NW 4000,422.3295581609196,62.997492413793104
48,New Construction,Ready mix unknown,475.0331903448276,44.55917425287356
48,New Construction,Rebar and reinforcement,12.719564137931034,9.959418850574712
48,New Construction,Softwood framing,3.956857931034483,0.38787632183908044
48,New Construction,Steel door,0.7791034482758621,2.2052326436781606
48,New Construction,Synthetic composites,0.07643494252873563,0.7926597701149425
48,New Construction,TPO,1.4744924137931035,5.131233563218391
48,New Construction,Wood or composite door,0.041737931034482756,0.05213333333333334
49,New Construction,Acoustic ceiling tile aluminum,0.1366417159483871,0.9223315826516129
49,New Construction,Acoustic ceiling tile fiber,1.2302770592929033,4.293666936932232
49,New Construction,Adhesives and sealants,0.09285541681376343,0.4922125437893957
49,New Construction,Aluminum - other,1.5892604753942365,3.3751021848682976
49,New Construction,Aluminum composite panel ACM,2.1539453002808604,17.123865137232837
49,New Construction,Aluminum door frame,0.01632399006451613,0.14283491306451612
49,New Construction,Aluminum framed window,0.2391902936851613,1.950018028994159
49,New Construction,Aluminum sheet,0.2159135689462366,1.2134342574778496
49,New Construction,Aluminum storefront or curtain wall,0.9080687972333333,9.080687972333333
49,New Construction,CMU,0.06291237453763442,0.007046185948215054
49,New Construction,Carpet,0.005958307298924732,0.024905724509505376
49,New Construction,Ceramic tile,0.2152524606451613,0.05639614468903226
49,New Construction,Coatings - other,0.15393380825169892,2.2602774960422773
49,New Construction,Cold formed steel framing,8.064063304121548,20.80505085119206
49,New Construction,Concrete - other,0.5667023924086022,0.08840883172313586
49,New Construction,Decking,8.383544122843011,21.62954383693497
49,New Construction,Doors and frames - other,0.6567014687458925,3.959654750808956
49,New Construction,Expanded polystyrene EPS,0.29172304117531184,0.9480998838197634
49,New Construction,Extrusion,0.38149272709470966,2.8650103804812694
49,New Construction,Fasteners,0.030246911411225805,0.13568476069380087
49,New Construction,Fiberglass blanket,0.9609108409428817,1.702797873643096
49,New Construction,Flooring and tile - other,0.001125161814967742,0.0016314846317032259
49,New Construction,Glass mat gypsum board,1.3064545290451612,0.6179529922383613
49,New Construction,Glazing - other,1.0067939678425808,3.4083343644328514
49,New Construction,Gypsum board,75.72612266474796,15.39289559980902
49,New Construction,Hardwood,0.098248329816,0.04578570791197248
49,New Construction,Hollow structural sections HSS,3.6479062115727743,8.937983610756996
49,New Construction,Hot-rolled sections,66.09832735032559,63.983180875115174
49,New Construction,Insulated glass unit IGU,5.113504891563268,8.55826883021338
49,New Construction,Mineral wool low density,1.0596172103630108,1.599948176161901
49,New Construction,Mortar and grout,0.11214253244344086,0.03967158570057419
49,New Construction,PVC,0.2728040208713979,0.8456924647013333
49,New Construction,Paint,0.5842534383935915,1.4022082521446193
49,New Construction,Plate,14.195767826873118,36.625080993332645
49,New Construction,Ready mix LW 3000,110.08100302950537,27.659664335727175
49,New Construction,Ready mix LW 4000,0.03547129236989247,0.009751874579471742
49,New Construction,Ready mix NW 3000,3.0132169449462367,0.4367968999074946
49,New Construction,Ready mix NW 4000,419.8262889778666,69.75556670984712
49,New Construction,Rebar and reinforcement,12.887628901901634,24.615371202632122
49,New Construction,Resilient flooring vinyl,1.6579555442331182,4.178047971467458
49,New Construction,Softwood plywood,0.009456146898924732,0.0024964227813161297
49,New Construction,Spray applied cementitious,35.29310558516538,40.23414036708853
49,New Construction,Steel - other,0.056571673058064514,0.14595491648980646
49,New Construction,Steel door,2.400278246503226,5.77327068120437
49,New Construction,Steel door frame,0.09869985193617205,0.2714245928244731
49,New Construction,Steel sheet,0.4375892794688602,1.116418717905107
49,New Construction,Stone tile,1.9607571538752688,1.7587991670261163
49,New Construction,Suspension assembly,0.5560313411901076,1.3511561590919612
49,New Construction,Wall coverings,0.003135582948774194,0.06239810068060645
49,New Construction,Wood or composite door,0.8812451919316129,0.7155686663040537
5,New Construction,Acoustic ceiling tile aluminum,0.4042437212258987,2.728645118274816
5,New Construction,Acoustic ceiling tile fiber,2.857980597520261,3.886853612627554
5,New Construction,Air and vapor barriers,0.7801470671258998,0.9137045576007952
5,New Construction,Aluminum - other,0.5973351424036442,1.9473125642358802
5,New Construction,Aluminum door,0.0738579167999904,0.48081503836793765
5,New Construction,Aluminum door frame,0.0024225662337662335,0.021197454545454544
5,New Construction,Aluminum sheet,7.06491759850787e-05,0.0005030221330137603
5,New Construction,CMU,29.08351074134317,3.2573532030304357
5,New Construction,Coatings - other,0.2651972553970367,4.4282181443625195
5,New Construction,Cold formed steel framing,6.5209990810283625,16.784315004696786
5,New Construction,Doors and frames - other,0.07215187915636136,0.41245418853277155
5,New Construction,Extrusion,15.06568204017306,115.6108033369864
5,New Construction,Fasteners,0.008496030581686125,0.045477973690873065
5,New Construction,Fiberglass blanket,0.6265670487171201,1.2907281203572674
5,New Construction,Glass mat gypsum board,7.981075836276425,3.775048870558749
5,New Construction,Glazing - other,1.2807930020793874,1.8034144924433826
5,New Construction,Gypsum board,20.671031390802465,4.781828536957563
5,New Construction,Hollow structural sections HSS,2.7564233310982016,6.753237161190594
5,New Construction,Hot-rolled sections,0.0390184660975286,0.037769875182407694
5,New Construction,Insulated glass unit IGU,0.7986924792810041,1.0702479222365455
5,New Construction,Mineral wool low density,0.39669880172836924,0.5990151906098375
5,New Construction,Modified bitumen,3.045279392670338,1.9185260173823129
5,New Construction,Mortar and grout,1.2970377117855758,0.1281473259244149
5,New Construction,Other,0.16521913748175673,0.469222350448189
5,New Construction,Paint,0.36509608899769824,0.8711440470881033
5,New Construction,Plate,6.457884198575193,15.046870182680198
5,New Construction,Polyisocyanurate PIR,1.2234043755569117,3.2053194639591087
5,New Construction,Precast,307.0112402908356,62.63029301933057
5,New Construction,Ready mix LW 4000,78.53735273163169,23.3255937612946
5,New Construction,Ready mix NW 4000,807.2062081434179,137.65237828760792
5,New Construction,Rebar and reinforcement,38.25609430842966,38.903765196276176
5,New Construction,Roll formed metal panel aluminum,0.8814905018231886,5.694428641777799
5,New Construction,Roll formed metal panel steel,0.015002544210017559,0.03495592800934091
5,New Construction,Roofing and waterproofing - other,0.23128704248129092,0.1117116415184635
5,New Construction,Steel - other,0.03128170019008185,0.07967097233119291
5,New Construction,Steel door,0.5080559591688312,1.0663275196238962
5,New Construction,Steel door frame,0.021659599958441557,0.05956389988571428
5,New Construction,Steel sheet,3.905488889003948,9.0997891113792
5,New Construction,Stucco finish,3.4893897111584042,1.834403990497236
5,New Construction,Suspension assembly,0.6073886658866596,1.475954458104583
5,New Construction,Synthetic composites,2.598160366385899,7.5686136358036995
5,New Construction,Wall coverings,0.016639927417805518,0.008170204362142509
5,New Construction,Wood or composite door,0.07384271448436364,0.021358199441873456
51,New Construction,Acoustic ceiling tile fiber,0.001730035759154848,0.0023528486324505935
51,New Construction,Adhesives and sealants,0.04904722358569646,0.13438939262480828
51,New Construction,Air and vapor barriers,0.00029725967098821743,0.0007788203379891295
51,New Construction,Aluminum - other,0.18428622139906764,1.3994350328047256
51,New Construction,Aluminum sheet,0.0021794380980283325,0.012248442110919227
51,New Construction,Architectural fiber cement panel,2.1138033032151835,1.3634031305737937
51,New Construction,Brick clay,9.592928115317264,2.772356225326689
51,New Construction,CMU,5.104738157649605,0.5717306736567558
51,New Construction,Ceramic tile,1.5027687646699586,0.3937254163435292
51,New Construction,Closed cell spray polyurethane foam,8.039848392212238e-06,2.532552243546855e-05
51,New Construction,Coatings - other,0.0020068281679092056,0.020847505342788872
51,New Construction,Cold formed steel framing,0.33755945148476824,0.8270836438639976
51,New Construction,Concrete - other,22.247035934267025,3.2065616053653003
51,New Construction,Doors and frames - other,0.0008534502037661539,0.007689586335933046
51,New Construction,Extruded polystyrene XPS,0.19897097635728409,12.931833083000896
51,New Construction,Extrusion,0.6913769732333268,5.349247418054353
51,New Construction,Fasteners,0.007309802855339359,0.040920729694253796
51,New Construction,Fiberglass blanket,1.4079639320900714,2.9451768339338695
51,New Construction,Glass mat gypsum board,0.1098987751621788,0.05198212065171057
51,New Construction,Gypsum board,53.62827569002999,11.391627684315406
51,New Construction,Hardwood,0.5145572780936919,0.34115147537611773
51,New Construction,Hollow structural sections HSS,9.034656168124414,22.146697755227503
51,New Construction,Hot-rolled sections,1.7839099656187463,1.7268248467189464
51,New Construction,Insulated glass unit IGU,1.4656906572481083,1.9640254807124653
51,New Construction,Medium density fiberboard MDF,0.10468088571422408,0.07369534354281376
51,New Construction,Mineral wool low density,0.07471658026343787,0.11058053878988805
51,New Construction,Modified bitumen,1.4868098569552672,1.1157273322673236
51,New Construction,Mortar and grout,3.718239957888539,0.802312707289547
51,New Construction,Oriented strand board OSB,0.01707457355553282,0.006693232833768863
51,New Construction,Other,0.4637445363504771,1.317034483235355
51,New Construction,Paint,0.7451573252532077,1.7570091202002562
51,New Construction,Plate,0.29686234804311523,0.7659048579512373
51,New Construction,Polyisocyanurate PIR,0.3076655740992522,0.8123309088563939
51,New Construction,Precast,0.4676336902311973,0.07295354454390582
51,New Construction,Ready mix NW 3000,24.225254619243035,3.4276823005510098
51,New Construction,Ready mix NW 4000,168.8986792936832,27.356973780289227
51,New Construction,Ready mix NW 5000,5.646396317282921,1.144477474102239
51,New Construction,Rebar and reinforcement,5.663235502813198,10.659967156756542
51,New Construction,Roll formed metal panel steel,0.09772696868913436,0.22770383704568306
51,New Construction,Roofing and waterproofing - other,0.25038880134949654,0.43066873832113406
51,New Construction,Softwood framing,11.62626023835294,1.953211720043294
51,New Construction,Softwood plywood,8.798527286201345,2.322811203557155
51,New Construction,Spray applied cementitious,0.37928203962752877,0.43238152517538275
51,New Construction,Steel - other,1.1063016937987948,2.6589200172746374
51,New Construction,Stucco finish,16.819725412267875,8.056648472476311
51,New Construction,Synthetic composites,0.032237640735507694,0.150872158642176
51,New Construction,Vinyl framed window,0.3723332594871795,0.997853135425641
51,New Construction,Wood I joists,1.391822484404089,0.6402383428258812
51,New Construction,Wood and composites - other,0.03517286837584632,0.01596996064416883
52,New Construction,CMU,13.467541785714287,2.697275
52,New Construction,Cold formed steel framing,17.078124285714285,25.38492392857143
52,New Construction,Decking,8.11066357142857,25.386377023809523
52,New Construction,Extrusion,8.411013571428573,76.2525057142857
52,New Construction,Fiberglass blanket,0.01079845238095238,0.020798095238095237
52,New Construction,Fiberglass door,0.0380952380952381,0.28914285714285715
52,New Construction,Glass mat gypsum board,1.0726744047619048,0.3654586904761905
52,New Construction,Glazing - other,3.6367346428571428,5.200530476190476
52,New Construction,Gypsum board,14.031848452380952,4.319195833333334
52,New Construction,Hollow structural sections HSS,2.807952738095238,6.7110071428571425
52,New Construction,Hot-rolled sections,51.299137142857134,62.01929595238096
52,New Construction,Mineral wool high density,1.1120916666666667,0.7828755952380952
52,New Construction,Mineral wool low density,3.1216276190476187,2.497655238095238
52,New Construction,Mortar and grout,4.235688571428572,2.1646783333333333
52,New Construction,Other,0.4834208333333333,0.4390894047619048
52,New Construction,Polyisocyanurate PIR,0.31364297619047615,1.144612380952381
52,New Construction,Raised access floor system,1.5234329761904761,1.478377738095238
52,New Construction,Ready mix LW 3000,10.390664642857143,2.2946382142857145
52,New Construction,Ready mix LW 4000,64.06969714285714,15.528835476190475
52,New Construction,Ready mix NW 3000,74.27104333333332,9.582331547619047
52,New Construction,Ready mix NW 5000,23.543435357142855,4.126605
52,New Construction,Rebar and reinforcement,9.125846428571428,12.848303452380952
52,New Construction,Roll formed metal panel aluminum,1.4589765476190475,5.526876904761905
52,New Construction,Roofing and waterproofing - other,0.21668952380952378,0.09223714285714286
52,New Construction,Steel - other,0.19973488095238096,0.8723521428571429
52,New Construction,Steel door,0.3100952380952381,0.6765714285714286
52,New Construction,Steel sheet,0.03175535714285714,0.08744797619047619
52,New Construction,TPO,0.056885000000000005,0.15922214285714287
53,New Construction,Acoustic ceiling tile fiber,0.9876835721424051,1.3432496581136708
53,New Construction,Adhesives and sealants,0.05719342876898734,0.15666211678479428
53,New Construction,Air and vapor barriers,0.28077028470063287,0.2678730984591456
53,New Construction,Aluminum door frame,0.13600223421265825,1.1900195493607595
53,New Construction,Aluminum framed window,0.030582500253164557,0.2675968772151899
53,New Construction,Aluminum sheet,0.10629018034556963,0.5973508135421013
53,New Construction,Aluminum storefront or curtain wall,0.30766060449759497,3.0766060449759496
53,New Construction,CMU,16.399880868544304,1.8367866572769622
53,New Construction,Ceramic tile,0.24300074860759494,0.06366619613518987
53,New Construction,Coatings - other,0.03307099315329114,0.3476173155271006
53,New Construction,Cold formed steel framing,1.3236347734741138,3.2467867092872122
53,New Construction,Concrete - other,2.866138454873418,0.6559569963139426
53,New Construction,Decking,4.127803092943038,10.649731979793037
53,New Construction,Doors and frames - other,0.20083310809044305,1.535916803396928
53,New Construction,Expanded polystyrene EPS,0.24312128797898735,0.7901441859317089
53,New Construction,Fasteners,0.0035582238213924047,0.020664934523425316
53,New Construction,Fiberglass blanket,0.6615987279606962,1.554757010707636
53,New Construction,Glass mat gypsum board,4.39168124420886,2.0772652285107913
53,New Construction,Glazing - other,3.4982291706359496,16.258777054245986
53,New Construction,Gypsum board,16.421783295742404,4.0069151241611465
53,New Construction,Hollow structural sections HSS,5.984037852783545,14.660892739319683
53,New Construction,Hot-rolled sections,17.06246805544367,20.050156587545423
53,New Construction,Insulated glass unit IGU,0.012124063215189874,0.01624624470835443
53,New Construction,Insulation - other,0.004068306440443039,0.02253841768005443
53,New Construction,Intumescent,0.0011905585664556961,0.0030121131731329106
53,New Construction,Loose-fill cellulose,1.9986249262120253,3.3976623745604426
53,New Construction,Mortar and grout,1.772512357741772,0.3256195234266874
53,New Construction,Paint,0.046200579681392406,0.09505833196833988
53,New Construction,Plate,1.6826502920227848,4.171861507612456
53,New Construction,Polyisocyanurate PIR,2.7753982088607594e-05,9.269830017594936e-05
53,New Construction,Ready mix LW 3000,110.13513269911645,31.276991144536275
53,New Construction,Ready mix LW 4000,2.120340024683544,0.5879641675823013
53,New Construction,Ready mix NW 3000,330.8752219052152,47.96377885329496
53,New Construction,Ready mix NW 4000,659.9558658594475,109.65391314249165
53,New Construction,Rebar and reinforcement,36.454215524212465,66.5761251250234
53,New Construction,Steel - other,0.14838144039873416,0.3479564032346203
53,New Construction,Steel door,0.04283682734936709,0.10386628960724051
53,New Construction,Steel door frame,0.008106815756962024,0.02229374333164557
53,New Construction,Steel sheet,0.17185506906968356,0.4013401441640975
53,New Construction,Suspension assembly,0.2099061861613924,0.5100720323721836
53,New Construction,Synthetic composites,0.032202248505696196,0.11590483004463291
53,New Construction,TPO,0.21718976149936708,0.6841477487230062
53,New Construction,Wall coverings,0.000640770991772152,0.0020568748835886074
53,New Construction,Wood or composite door,1.4011740917265822,0.522171996094662
55,New Construction,Acoustic ceiling tile aluminum,0.008502346964332268,0.055350278737803064
55,New Construction,Adhesives and sealants,0.35578682929943306,0.9748559122804465
55,New Construction,Aluminum - other,11.735612041904334,64.56192381644493
55,New Construction,Aluminum door,0.037337661227754,0.24069433364036996
55,New Construction,Aluminum door frame,0.014130900822491186,0.12364538219679788
55,New Construction,Aluminum framed window,0.010130626415872,0.07780048584843008
55,New Construction,Aluminum sheet,3.411615360584765,19.8638180722924
55,New Construction,CMU,77.21733559730316,8.648341586897953
55,New Construction,Coatings - other,0.0011394897993434988,0.012192540852975435
55,New Construction,Cold formed steel framing,0.8245749089886344,2.1274032651906767
55,New Construction,Decking,8.37332608872582,21.588211788034165
55,New Construction,Doors and frames - other,0.008602853144259301,0.06279798179181749
55,New Construction,Extrusion,1.4523211821190407,13.158029909998508
55,New Construction,Fasteners,0.004760334388908355,0.020312254041639388
55,New Construction,Fiberglass blanket,0.1805615047059707,0.4243195360590312
55,New Construction,Glazing - other,0.2881568839535576,0.4668141520047633
55,New Construction,Gypsum board,2.0929670326629366,0.5106839559697566
55,New Construction,Hollow structural sections HSS,2.522291867843525,1.8513622309971474
55,New Construction,Hot-rolled sections,13.421963816851324,10.068291198769899
55,New Construction,Insulated glass unit IGU,2.1004781061288167,2.8146406622126143
55,New Construction,Mineral wool high density,13.360060995493262,23.914509181932935
55,New Construction,Mortar and grout,91.82835632984663,17.382247258975
55,New Construction,Open web joists,6.097362090949945,8.414359685510924
55,New Construction,PVC,1.2210766859647237,3.785337726490645
55,New Construction,Paint,0.00774557778876064,0.02021595802866527
55,New Construction,Ready mix unknown,1366.4947653024235,254.48840712486174
55,New Construction,Rebar and reinforcement,39.95656380730359,76.31703687194984
55,New Construction,Roll formed metal panel steel,0.2117915035144042,0.49347420318856183
55,New Construction,Steel - other,0.01118659485605088,0.028861414728611274
55,New Construction,Suspension assembly,0.003272380962217227,0.007951885738187862
56,New Construction,Acoustic ceiling tile fiber,0.013568635884753497,0.018453344803264757
56,New Construction,Adhesives and sealants,0.00596633010029083,0.03770720623383804
56,New Construction,Aluminum - other,0.31666650798040674,1.032332816016126
56,New Construction,Aluminum composite panel ACM,0.26958620035461367,2.1432102928191785
56,New Construction,Aluminum sheet,0.08233870868325686,0.46274354279990354
56,New Construction,CMU,0.09667549669054326,0.010827655629340845
56,New Construction,Ceramic tile,0.013081152978789718,0.0034272620804429053
56,New Construction,Coatings - other,0.00038682920140399466,0.0004603267496707536
56,New Construction,Cold formed steel framing,0.41675253623478836,1.075221543485754
56,New Construction,Cross laminated timber CLT,0.050597806692969184,0.01877178628309157
56,New Construction,Decking,0.20616556259430374,0.5319071514933037
56,New Construction,Doors and frames - other,0.012400277700757118,0.04896738054056169
56,New Construction,Extrusion,0.40712307359815836,3.613400225541236
56,New Construction,Fasteners,0.010395486629110683,0.06008591271625974
56,New Construction,Glazing - other,1.405000198979364,1.5455002188773006
56,New Construction,Gypsum board,0.3878169926464976,0.09462734620574544
56,New Construction,Hollow structural sections HSS,12.19176732588193,29.869829948410732
56,New Construction,Hot-rolled sections,0.666301465874444,0.6449798189664618
56,New Construction,Insulated metal panel IMP,0.16889612596453554,0.3924226743344402
56,New Construction,Insulation - other,0.24624109876841468,1.3641756871770174
56,New Construction,Intumescent,0.13225483475491467,0.33460473192993406
56,New Construction,Mineral wool high density,0.027761579482774638,0.049693227274166606
56,New Construction,Mortar and grout,0.01057552944526348,0.0029717237741190383
56,New Construction,Paint,0.006596236872472882,0.01568045645128204
56,New Construction,Polyisocyanurate PIR,0.005405101961592903,0.014161367139373406
56,New Construction,Ready mix unknown,618.0449799518107,107.37118532330477
56,New Construction,Rebar and reinforcement,26.674801587118058,50.948871031395484
56,New Construction,Softwood framing,0.022419655968000867,0.0037665022026241468
56,New Construction,Softwood plywood,0.13010179352372528,0.034346873490263476
56,New Construction,Steel - other,0.10002939499721289,0.24507201774317153
56,New Construction,Steel sheet,0.06442701176098518,0.1501149374030955
56,New Construction,Suspension assembly,0.0028836569622246516,0.007007286418205904
56,New Construction,Wood or composite door,0.021258756048711008,0.005612311596859706
57,New Construction,Acoustic ceiling tile fiber,3.1768907692307695,0.010038461538461538
57,New Construction,Air and vapor barriers,2.011511153846154,6.255798846153846
57,New Construction,Aluminum sheet,0.012865384615384615,0.05552153846153846
57,New Construction,Aluminum storefront or curtain wall,0.44185846153846153,2.302328076923077
57,New Construction,Carpet,0.03045384615384615,0.3883846153846154
57,New Construction,Cold formed steel framing,0.9400734615384615,2.2373738461538464
57,New Construction,Decking,0.019230769230769232,0.046290384615384615
57,New Construction,Extrusion,0.37925499999999995,2.848205
57,New Construction,Fiberglass blanket,0.18106192307692306,0.3657453846153846
57,New Construction,Flooring and tile - other,0.3039019230769231,0.22792653846153846
57,New Construction,Glazing - other,0.034045769230769234,0.04868538461538461
57,New Construction,Gypsum board,2.34438,0.7638780769230769
57,New Construction,Hollow structural sections HSS,4.653846153846154,9.433780769230768
57,New Construction,Hot-rolled sections,1.090266923076923,1.3705673076923077
57,New Construction,Open web joists,20.192307692307693,28.614385384615385
57,New Construction,Polyisocyanurate PIR,7.611797307692308,29.115651538461535
57,New Construction,Ready mix NW 3000,124.944,14.535151923076924
57,New Construction,Ready mix NW 4000,695.1830769230769,93.70198884615385
57,New Construction,Rebar and reinforcement,8.840307692307693,8.008217692307692
57,New Construction,Resilient flooring vinyl,0.0019273076923076924,0.0038676923076923077
57,New Construction,Softwood plywood,17.68573153846154,8.014121153846153
57,New Construction,Steel door,1.0238461538461539,3.104262307692308
57,New Construction,TPO,1.4877826923076922,5.177483846153846
57,New Construction,Wood or composite door,0.027646153846153845,0.028615384615384615
58,New Construction,Acoustic ceiling tile fiber,1.2999025247633744,1.7678674336781892
58,New Construction,Adhesives and sealants,0.21061737745822162,0.1673567800612066
58,New Construction,Air and vapor barriers,0.0012061857004827536,0.0031602065352648143
58,New Construction,Aluminum - other,0.008031496067851055,0.026182677181194436
58,New Construction,Aluminum composite panel ACM,0.5551712824648565,4.41361169559561
58,New Construction,Aluminum door,0.15459189311742555,0.6214594103320507
58,New Construction,Aluminum door frame,0.01588459839195945,0.1389902359296452
58,New Construction,Aluminum framed window,0.15220881972498312,1.4160673007192306
58,New Construction,CMU,3.3241054361405076,0.37229980884773684
58,New Construction,Carpet,1.4499360294169914,6.9451935809073895
58,New Construction,Ceramic tile,4.403713307687374,1.1537728866140922
58,New Construction,Coatings - other,0.02990755772542517,0.28577960355547094
58,New Construction,Cold formed steel framing,3.5739554506543842,8.756190854103242
58,New Construction,Concrete - other,7.339280171466849,1.5908008053301252
58,New Construction,Decking,0.04088982342762995,0.10549574444328529
58,New Construction,Doors and frames - other,0.24183013134930637,1.580781861251805
58,New Construction,Extrusion,3.8296831795953943,34.544520722775076
58,New Construction,Fasteners,0.0424568473787842,0.1731113183694364
58,New Construction,Fiberglass blanket,0.6476195115879659,1.1485250762188537
58,New Construction,Flooring and tile - other,0.0284440838619376,0.056603726885255806
58,New Construction,Glass mat gypsum board,1.5973395212581498,0.7555415935551048
58,New Construction,Glazing - other,0.4455911610491805,0.693424742934175
58,New Construction,Gypsum board,37.7402005883531,7.932834231956984
58,New Construction,Hardwood,0.10496202810343165,0.04628825439361336
58,New Construction,Hollow structural sections HSS,1.188058231753262,2.910742667795492
58,New Construction,Hot-rolled sections,0.015827705202736728,0.015321218636249152
58,New Construction,Insulated glass unit IGU,3.6287715036229127,4.862553814854704
58,New Construction,Insulation - other,0.003009845253357975,0.028051757761296328
58,New Construction,Medium density fiberboard MDF,0.23764872835274523,0.16730470476033266
58,New Construction,Mortar and grout,4.943472149652231,1.198924692041203
58,New Construction,Other,0.04371703843811245,0.12415638916423935
58,New Construction,PVC,0.21661760876800754,0.6715145871808234
58,New Construction,Paint,0.3718269754532754,0.8883365129254838
58,New Construction,Polyisocyanurate PIR,0.7971093417398483,2.000744447767019
58,New Construction,Precast,1.9766508002004124,0.30836889046397364
58,New Construction,Ready mix NW 5000,1.0128037350588954,0.21086420744019443
58,New Construction,Ready mix unknown,1338.18139910716,226.0452822011835
58,New Construction,Rebar and reinforcement,32.43458607836943,62.01489825404652
58,New Construction,Roll formed metal panel steel,0.059279693163076984,0.13812168506996939
58,New Construction,Softwood framing,0.40098355820519554,0.06736523777847285
58,New Construction,Softwood plywood,0.22195486797302363,0.05859608514487824
58,New Construction,Steel - other,0.06284607486620886,0.15580773106773552
58,New Construction,Steel door,0.08257072803376883,0.2499626692096643
58,New Construction,Steel door frame,0.049156225342713564,0.1351796196924623
58,New Construction,Steel sheet,0.8221380705648921,1.9155817044161985
58,New Construction,Stucco finish,0.9020596818897584,0.43208658762519425
58,New Construction,Suspension assembly,0.27626011911479675,0.6713120894489562
58,New Construction,Vinyl framed window,0.0022300944723618143,0.005976653185929663
58,New Construction,Wood and composites - other,0.332624411181014,0.402475537529027
58,New Construction,Wood or composite door,1.676662035549107,0.554974029784524
59,New Construction,Acoustic ceiling tile fiber,2.211768458431,3.00800510346616
59,New Construction,Adhesives and sealants,0.2668200455193618,0.7310869247230514
59,New Construction,Air and vapor barriers,0.2033047091724384,0.4127085596200501
59,New Construction,Aluminum door,0.06505507551838036,0.26152140358388903
59,New Construction,Aluminum door frame,0.03553657983429673,0.3109450735500964
59,New Construction,Aluminum framed window,0.0058654603636363635,0.051322778181818185
59,New Construction,Coatings - other,0.05886530933597054,1.1890792485866046
59,New Construction,Cold formed steel framing,3.222849945661167,8.31495285980581
59,New Construction,Decking,10.926087265262701,28.18930514437777
59,New Construction,Doors and frames - other,0.2193744845390299,1.158012046748917
59,New Construction,Extruded polystyrene XPS,4.708039613304264,12.523385371389335
59,New Construction,Extrusion,1.1280376324372745,10.22002094988171
59,New Construction,Fasteners,0.18138311626441161,0.7386265029244472
59,New Construction,Fiberglass blanket,0.8247157264168156,1.2865565332102324
59,New Construction,GFRC general,0.6382203796274436,0.15700221338835113
59,New Construction,Glass mat gypsum board,2.2963963807429293,1.0861954880914058
59,New Construction,Glazing - other,0.16323297156224476,0.24811411677461198
59,New Construction,Gypsum board,34.631040143148056,8.31975635550179
59,New Construction,Hollow structural sections HSS,2.4034801393440115,5.895535041411288
59,New Construction,Hot-rolled sections,35.470369969301466,34.33531813028382
59,New Construction,Insulated glass unit IGU,2.155729863196473,2.8886780166832735
59,New Construction,Other,0.03276653818089,0.0930569684337276
59,New Construction,Paint,0.1132406408142428,0.27177753795418275
59,New Construction,Plate,0.3318066254341718,0.7731094372616204
59,New Construction,Precast,154.34063338969835,35.33640052789462
59,New Construction,Ready mix NW 3000,377.05572798166105,61.083027933028944
59,New Construction,Rebar and reinforcement,8.197409534591083,15.67494375553214
59,New Construction,Roll formed metal panel steel,1.3011231826811853,3.031617015647162
59,New Construction,Roofing and waterproofing - other,0.5564495366899813,0.537530252442522
59,New Construction,Softwood framing,0.2848583524900869,0.0478562032183346
59,New Construction,Softwood plywood,2.2793280881225746,0.6017426152643599
59,New Construction,Steel - other,0.2913300262224533,0.7516314676539295
59,New Construction,Steel door,0.27154004577512725,0.9025753810039854
59,New Construction,Steel door frame,0.027422157730909093,0.07541093375999999
59,New Construction,Steel framed window,0.002026975418181818,0.008898422085818182
59,New Construction,Stucco finish,0.6761064807700727,0.3238550042888648
59,New Construction,Suspension assembly,0.47005325871778547,1.142229418684219
59,New Construction,TPO,1.2345405091194357,3.938184224091
59,New Construction,Wall coverings,0.0033000584882182074,0.0016203287177151398
59,New Construction,Wood and composites - other,0.9078230681575015,1.098465912470577
59,New Construction,Wood or composite door,0.2984052401384727,0.16525013986152262
6,New Construction,Air and vapor barriers,0.894475,2.78180625
6,New Construction,Aluminum storefront or curtain wall,0.60519375,7.01615
6,New Construction,Brick clay,2.8181625,0.08683125
6,New Construction,CMU,5.6393812500000005,1.4013874999999998
6,New Construction,Carpet,1.41670625,4.9608625
6,New Construction,Cold formed steel framing,76.60838125000001,180.79348124999999
6,New Construction,Concrete - other,0.16555625,0.02245
6,New Construction,Cross laminated timber CLT,85.61398750000001,19.2288125
6,New Construction,Decking,0.7638312500000001,2.03179375
6,New Construction,Expanded polystyrene EPS,0.239225,0.72724375
6,New Construction,Extruded polystyrene XPS,0.45053125,11.1731
6,New Construction,Fiberglass blanket,6.380725,7.538868750000001
6,New Construction,Fiberglass door,0.12040624999999999,0.9138875
6,New Construction,Glass mat gypsum board,3.8779562499999995,1.28893125
6,New Construction,Glazing - other,0.46403125,0.5995
6,New Construction,Glue laminated timber GLT,0.053393750000000004,0.02013125
6,New Construction,Gypsum board,64.24629374999999,21.9966375
6,New Construction,Hardwood,51.650225,4.11029375
6,New Construction,Hollow structural sections HSS,12.46748125,36.948575000000005
6,New Construction,Hot-rolled sections,5.6047875000000005,6.9434875
6,New Construction,Insulated glass unit IGU,4.59924375,5.70785625
6,New Construction,Mineral wool high density,21.371068750000003,29.229043750000002
6,New Construction,Oriented strand board OSB,0.00433125,0.0013625
6,New Construction,Polyisocyanurate PIR,0.10060625,0.24208125
6,New Construction,Precast,0.99561875,0.1471875
6,New Construction,Ready mix LW 3000,93.77987499999999,19.29279375
6,New Construction,Ready mix LW 4000,283.532175,63.828837500000006
6,New Construction,Ready mix NW 4000,18.83116875,2.72335
6,New Construction,Ready mix NW 5000,81.21016875000001,17.79933125
6,New Construction,Ready mix NW 6000,45.01486875,7.4258875
6,New Construction,Ready mix unknown,24.86968125,0.722225
6,New Construction,Rebar and reinforcement,12.183206250000001,35.34254375
6,New Construction,Softwood framing,9.4987625,1.3122937499999998
6,New Construction,Softwood plywood,11.0043875,3.19168125
6,New Construction,Steel door,0.1619125,0.44686875000000004
6,New Construction,TPO,7.0403062499999995,24.50026875
6,New Construction,Windows and frames - other,0.01206875,0.17495000000000002
6,New Construction,Wood and composites - other,22.1684875,9.90560625
6,New Construction,Wood or composite door,0.27409375,0.298375
60,New Construction,Acoustic ceiling tile fiber,0.6552875967307248,0.8911911315537858
60,New Construction,Adhesives and sealants,0.1636779821086627,0.22492911409955535
60,New Construction,Aluminum door,0.047990769954935716,0.21087986173159018
60,New Construction,Aluminum door frame,0.009279342385321104,0.08119424587155966
60,New Construction,Aluminum sheet,0.3217334862075236,1.8081421924862826
60,New Construction,Carpet,0.5731162014636129,2.7452266050107057
60,New Construction,Ceramic tile,1.0763123368650827,0.28199383225865166
60,New Construction,Coatings - other,0.07453871478784446,0.4272145582540219
60,New Construction,Cold formed steel framing,7.40537676299841,18.143173069346105
60,New Construction,Concrete - other,1.7100211783277708,0.3847547651237486
60,New Construction,Decking,0.013275972056132386,0.03425200790482155
60,New Construction,Doors and frames - other,0.4891794794076555,2.875258624442546
60,New Construction,Extrusion,0.4436155577130971,3.865705601164565
60,New Construction,Fasteners,0.00932065657290008,0.03842693368349032
60,New Construction,Fiberglass blanket,0.3805028536601818,0.6582699368321144
60,New Construction,Glass mat gypsum board,5.31665226573504,2.514776521692674
60,New Construction,Glazing - other,0.02948991134974239,0.04777365638658267
60,New Construction,Gypsum board,60.94004365849942,12.402822940270461
60,New Construction,Hollow structural sections HSS,0.7279676946803798,1.8210831948044712
60,New Construction,Hot-rolled sections,0.2780459269987567,0.2691484573347964
60,New Construction,Insulated glass unit IGU,3.030169024027298,4.06042649219658
60,New Construction,Mineral wool high density,2.023650768645397,2.570036476179655
60,New Construction,Mortar and grout,0.2057486351096568,0.13714861902845504
60,New Construction,Other,0.6158029649945441,1.7420134201378472
60,New Construction,Paint,0.7497083418338005,1.7467844279460392
60,New Construction,Polyisocyanurate PIR,0.006742784359624009,0.017396383647829944
60,New Construction,Precast,0.4302250611956257,0.0688360097913001
60,New Construction,Ready mix LW 5000,0.13816262679767521,0.05167282242233065
60,New Construction,Ready mix unknown,861.5193876830193,173.27526145126518
60,New Construction,Rebar and reinforcement,21.38859447096297,40.85221543953928
60,New Construction,Resilient flooring vinyl,2.7058205216509155,3.8781096835693307
60,New Construction,Roll formed metal panel steel,0.2419957661592375,0.5638501351510236
60,New Construction,Softwood framing,0.00498273605316322,0.000837099656931421
60,New Construction,Spray applied cementitious,0.17456453818478634,0.19900357353065642
60,New Construction,Steel - other,0.03529104923155541,0.09105090701741297
60,New Construction,Steel door,1.761590965121176,6.058372186469044
60,New Construction,Steel door frame,0.08367405393027505,0.23010364830825644
60,New Construction,Steel framed window,0.18427881238274488,0.5970633521200934
60,New Construction,Stucco finish,12.768771777098967,6.116241681230404
60,New Construction,Suspension assembly,0.13926415717996424,0.33841190194731313
60,New Construction,Vinyl framed window,0.7588960733944954,2.0338414766972477
60,New Construction,Wall coverings,0.06647281473644964,0.03263815203559678
60,New Construction,Wood or composite door,0.6322033120927724,0.20080347638691753
61,New Construction,Acoustic ceiling tile aluminum,1.4507860589386175,9.79280589783567
61,New Construction,Acoustic ceiling tile fiber,1.1919354887274007,1.6210322646692654
61,New Construction,Aluminum door,0.16394830167625932,0.6590721727385624
61,New Construction,Aluminum door frame,0.14242444832214826,1.2462139228187972
61,New Construction,Ceramic tile,1.1902670715909551,0.3118499727568302
61,New Construction,Coatings - other,0.7965774010313307,13.219553100229794
61,New Construction,Cold formed steel framing,8.031538043760019,19.677268207212045
61,New Construction,Concrete - other,0.8144603758389262,0.18640096777028237
61,New Construction,Decking,12.956290323990766,33.427229035896175
61,New Construction,Doors and frames - other,0.24979382818792387,1.4750457021651144
61,New Construction,Extrusion,0.8955665102234436,8.037785216045336
61,New Construction,Fasteners,0.3070487106926282,1.253957809188661
61,New Construction,Fiberglass blanket,0.19381198043378955,0.3147758935030427
61,New Construction,Glass mat gypsum board,6.288204873250554,2.9743209050475112
61,New Construction,Gypsum board,52.2289784030329,10.60248261581568
61,New Construction,Hollow structural sections HSS,14.955408601170246,36.640751072867104
61,New Construction,Hot-rolled sections,46.17932975219715,44.70159120012684
61,New Construction,Insulated glass unit IGU,2.4637234284391343,3.30138939410844
61,New Construction,Mortar and grout,0.22753230359609194,0.15166925022824876
61,New Construction,Other,0.006413060999355705,0.014942432128498793
61,New Construction,PVC,0.3078222180849871,0.9542488760634602
61,New Construction,Paint,0.6001702337921871,1.4404085611012492
61,New Construction,Polyisocyanurate PIR,7.091134818037823,18.55908151829715
61,New Construction,Ready mix unknown,400.1929147692896,64.58323913163467
61,New Construction,Rebar and reinforcement,7.418555036761816,14.21608995845573
61,New Construction,Roll formed metal panel steel,14.369546617525362,33.48104361883409
61,New Construction,Softwood plywood,4.6659598281016725,1.2318133946188414
61,New Construction,Spray applied cementitious,57.14444281494243,65.14466480903437
61,New Construction,Steel - other,2.952238393493254,7.635294679684861
61,New Construction,Steel door,0.6700709698791946,2.124124974517047
61,New Construction,Steel door frame,0.004961898523489933,0.013645220939597316
61,New Construction,Stucco finish,0.1144367854366235,0.287236331445925
61,New Construction,Suspension assembly,0.7354749150013226,1.7872040434532137
61,New Construction,Wood door frame,0.004520859060402685,0.019891779865771814
61,New Construction,Wood or composite door,0.3023526319248322,0.14813831173317585
62,New Construction,Acoustic ceiling tile fiber,0.10438651603101994,0.3643089409482595
62,New Construction,Adhesives and sealants,0.09143228627919839,0.12675976301811023
62,New Construction,Air and vapor barriers,0.13289254188062866,0.11429731044423291
62,New Construction,Aluminum door,0.08163164282058907,0.31999603985670916
62,New Construction,Aluminum framed window,0.004690425477707007,0.057223190828025475
62,New Construction,Aluminum sheet,0.14537048408770661,0.8169821205729113
62,New Construction,Built up roofing,2.9983660942731847,1.1903513394264544
62,New Construction,CMU,8.476233850000522,0.9493381912000585
62,New Construction,Carpet,0.15321786754191336,0.6404506863251979
62,New Construction,Ceramic tile,1.3661518619831055,0.3579317878395737
62,New Construction,Coatings - other,0.038915575472171934,0.34316761469303236
62,New Construction,Cold formed steel framing,0.2639230179940334,0.6466113940853818
62,New Construction,Concrete - other,2.4818052592330764,0.5515656670937212
62,New Construction,Decking,0.2573069627845927,0.6638519639842492
62,New Construction,Doors and frames - other,0.051332307919198086,0.30532692442883913
62,New Construction,Extruded polystyrene XPS,0.776556310085214,50.47116300791794
62,New Construction,Extrusion,0.35782108282112457,3.280151213344915
62,New Construction,Fasteners,0.02085467784803281,0.08446144528453287
62,New Construction,Fiberglass blanket,0.25370858532819346,0.5287022581906913
62,New Construction,Flooring and tile - other,0.01146196970667916,0.02280931971629153
62,New Construction,Glass mat gypsum board,1.6158204612863996,0.764283078188467
62,New Construction,Glazing - other,0.014201710195248917,0.015621881214773809
62,New Construction,Glue laminated timber GLT,0.7844303971398809,0.2910236773388958
62,New Construction,Gypsum board,5.217153365017598,1.2072206927740676
62,New Construction,Hardwood,0.9596769285081138,1.0470600215942887
62,New Construction,Hollow structural sections HSS,1.179443153733455,3.3170574875798273
62,New Construction,Hot-rolled sections,0.9097250410514889,1.2562668852958696
62,New Construction,Insulated glass unit IGU,0.8475758241768248,1.1357516043969451
62,New Construction,Mortar and grout,1.1697742930940296,0.45491017376092285
62,New Construction,Other,0.0358980489562565,0.1012283361180791
62,New Construction,Paint,0.09775235317279149,0.21521668714610517
62,New Construction,Plate,0.05773637143674121,0.13452574544760704
62,New Construction,Polyisocyanurate PIR,0.7278557422113783,1.8778678149053563
62,New Construction,Ready mix LW 4000,46.97950282736606,13.952912339727707
62,New Construction,Ready mix NW 4000,675.5274234548831,119.80020522041687
62,New Construction,Rebar and reinforcement,43.151886637123404,82.54826676608886
62,New Construction,Roll formed metal panel steel,0.46230992392118037,1.0771821227363503
62,New Construction,Roofing and waterproofing - other,0.199507824286933,0.10351239254040057
62,New Construction,Softwood framing,5.455500140267699,0.9165240235649734
62,New Construction,Softwood plywood,1.7183413157908083,0.4536421073687734
62,New Construction,Steel - other,0.12032448027085295,0.29355919591661306
62,New Construction,Steel door,0.09875533978089171,0.29970026601844585
62,New Construction,Steel door frame,0.004348034771974522,0.011957095622929936
62,New Construction,Steel sheet,0.07765389079557398,0.19105398175242197
62,New Construction,Stucco finish,0.7115059210964915,0.3408113362052194
62,New Construction,Suspension assembly,0.04344589295977049,0.10557351989224228
62,New Construction,Synthetic composites,0.4075023341057767,1.189906815588868
62,New Construction,TPO,0.17285684566966086,0.551413337686218
62,New Construction,Wall coverings,0.0034728422535717273,0.001705165546503718
62,New Construction,Wood I joists,0.11390120678022025,0.05239455511890131
62,New Construction,Wood and composites - other,0.022237435187355208,0.010273695056558108
62,New Construction,Wood door frame,0.024783928662420383,0.10904928611464967
62,New Construction,Wood or composite door,0.24218065062848407,0.0945076787631837
63,New Construction,Air and vapor barriers,1.1905496183206106,3.7026106870229007
63,New Construction,Aluminum - other,0.21928244274809158,1.3641832061068702
63,New Construction,Aluminum framed window,1.096206106870229,5.618030534351146
63,New Construction,Aluminum storefront or curtain wall,1.3790992366412214,6.223068702290076
63,New Construction,Extrusion,1.0135343511450383,5.56718320610687
63,New Construction,Fiberglass blanket,3.1869541984732823,6.138152671755725
63,New Construction,Flooring and tile - other,9.933114503816794,21.788129770992366
63,New Construction,Glass mat gypsum board,9.717824427480917,3.1620305343511452
63,New Construction,Glue laminated timber GLT,5.551824427480916,1.7540458015267177
63,New Construction,Hollow structural sections HSS,2.2693435114503817,3.855564885496183
63,New Construction,Hot-rolled sections,6.668625954198474,20.45146564885496
63,New Construction,Laminated veneer lumber LVL,33.72666412213741,16.70774809160305
63,New Construction,Oriented strand board OSB,12.268786259541987,12.064618320610688
63,New Construction,Ready mix NW 4000,819.208534351145,82.0334961832061
63,New Construction,Rebar and reinforcement,49.078687022900766,26.109870229007637
63,New Construction,Roofing and waterproofing - other,0.592854961832061,2.0714809160305347
63,New Construction,Softwood framing,51.58793129770993,7.078770992366413
63,New Construction,Softwood plywood,15.899564885496183,7.204732824427481
63,New Construction,Steel door,2.8929541984732823,8.914832061068703
63,New Construction,Steel door frame,0.061068702290076333,0.1251908396946565
63,New Construction,Steel sheet,0.36340458015267174,0.8761221374045802
63,New Construction,Synthetic composites,0.2646946564885496,0.9474885496183206
64,New Construction,Acoustic ceiling tile fiber,2.2858240792396693,3.1087207477659504
64,New Construction,Adhesives and sealants,0.28193502370495865,0.3129920883702289
64,New Construction,Aluminum - other,0.09903983385123967,0.556603866243967
64,New Construction,Aluminum composite panel ACM,0.0158334411107438,0.12587585683041322
64,New Construction,Aluminum storefront or curtain wall,0.6512597447659504,6.5125974476595045
64,New Construction,Carpet,0.7274637353867768,3.0407984139167272
64,New Construction,Ceramic tile,0.22366897636363636,0.058601271807272724
64,New Construction,Coatings - other,0.01037548820429752,0.10559711570131239
64,New Construction,Cold formed steel framing,4.86354956682281,12.24813561878417
64,New Construction,Concrete - other,2.7359495719008264,0.5517679118056543
64,New Construction,Decking,0.06107253095867768,0.15304057757900827
64,New Construction,Extruded polystyrene XPS,0.098613761252562,6.409259900876732
64,New Construction,Extrusion,0.2980808717190082,2.6490217594727277
64,New Construction,Fiberglass blanket,1.1729233392884297,2.4209265207943473
64,New Construction,Flooring and tile - other,0.08059165966942149,0.1893904002231405
64,New Construction,GFRC general,16.73221571418182,4.116125065688728
64,New Construction,Glass mat gypsum board,3.343188852694215,1.5813283273243637
64,New Construction,Glazing - other,1.568343637523967,2.3271386530628764
64,New Construction,Gypsum board,35.409266831173554,8.593305735310132
64,New Construction,Hollow structural sections HSS,4.887761076228099,11.892560391790116
64,New Construction,Hot-rolled sections,0.05025663862975206,0.04864842619359999
64,New Construction,Insulated glass unit IGU,2.7608703893933884,3.699566321787141
64,New Construction,Insulation - other,0.01933124523966942,0.18016720563371902
64,New Construction,Mineral wool high density,2.074732319669421,3.713770852208264
64,New Construction,Modified bitumen,2.599526765619835,1.637701862340496
64,New Construction,Mortar and grout,0.05631598332231405,0.029702973220644628
64,New Construction,Paint,0.8056034222552066,1.6042112228256842
64,New Construction,Polyisocyanurate PIR,2.0344478400231405,5.339599071794182
64,New Construction,Precast,0.4994256614876033,0.07791327486198045
64,New Construction,Ready mix LW 3000,11.175741132727273,2.8394823640042275
64,New Construction,Ready mix LW 4000,2.744733305785124,0.6224859441876556
64,New Construction,Ready mix LW 5000,0.41391581669421484,0.12561988027602178
64,New Construction,Ready mix NW 5000,68.85262594603306,9.8065582602259
64,New Construction,Ready mix NW 6000,511.70262192127274,74.82104460765636
64,New Construction,Ready mix unknown,598.5289827506343,54.14639260708057
64,New Construction,Rebar and reinforcement,63.28089690289967,59.21021088560962
64,New Construction,Softwood framing,0.27067578033057854,0.045473531095537194
64,New Construction,Softwood plywood,0.2424098376528926,0.06399619714036366
64,New Construction,Steel - other,7.0626956117355375,18.221754678277684
64,New Construction,Steel sheet,1.5053086476198347,3.5073691489542145
64,New Construction,Suspension assembly,0.4857918345950413,1.1804741580659504
65,New Construction,Air and vapor barriers,0.08581204819277108,0.2668746987951807
65,New Construction,Aluminum - other,3.879610843373494,16.508981927710842
65,New Construction,Aluminum storefront or curtain wall,5.76565843373494,32.729151204819274
65,New Construction,CMU,4.149969879518072,0.9046933734939759
65,New Construction,Closed cell spray polyurethane foam,0.3751277108433735,1.1553927710843375
65,New Construction,Cold formed steel framing,1.5527060240963855,3.56185421686747
65,New Construction,Concrete - other,3.259260843373494,1.0090210843373495
65,New Construction,Extruded polystyrene XPS,0.07987590361445783,1.9809277108433736
65,New Construction,Glass mat gypsum board,1.1880367469879518,0.40876204819277107
65,New Construction,Gypsum board,1.0903608433734941,0.3424801204819277
65,New Construction,Mineral wool high density,1.8544759036144578,2.1359602409638554
65,New Construction,Mineral wool low density,3.3389277108433735,2.2152560240963854
65,New Construction,Mortar and grout,1.2399608433734939,0.6302927710843373
65,New Construction,Other,0.16691204819277108,0.5425975903614458
65,New Construction,PVC,0.1509198795180723,0.5092018072289156
65,New Construction,Precast,11.868512048192772,3.6058385542168674
65,New Construction,Ready mix NW 4000,41.672845180722895,5.188423493975904
65,New Construction,Ready mix NW 6000,707.996221686747,115.55606987951808
65,New Construction,Ready mix NW 8000,434.74615722891565,68.87621445783132
65,New Construction,Ready mix unknown,21.35226686746988,2.772794578313253
65,New Construction,Rebar and reinforcement,95.11173493975903,85.41813313253012
65,New Construction,Roll formed metal panel aluminum,0.2098855421686747,0.7950867469879518
65,New Construction,Roofing and waterproofing - other,0.12483915662650602,0.2869066265060241
65,New Construction,Steel - other,0.008279518072289157,0.03187590361445783
65,New Construction,Stone masonry,2.063320481927711,2.223139759036145
65,New Construction,Synthetic composites,0.08560843373493976,0.050237349397590364
65,New Construction,Windows and frames - other,0.14929879518072287,1.2128753012048192
66,New Construction,Acoustic ceiling tile fiber,0.09881096296296296,0.059327407407407405
66,New Construction,Air and vapor barriers,0.2614180740740741,0.8130103703703703
66,New Construction,CMU,6.207428444444444,1.3532192592592593
66,New Construction,Carpet,0.6981445925925926,0.863805925925926
66,New Construction,Coatings - other,0.06942992592592592,0.15771851851851854
66,New Construction,Cold formed steel framing,2.203770370370371,3.768447111111111
66,New Construction,Cross laminated timber CLT,18.94292148148148,8.372175703703704
66,New Construction,Extruded polystyrene XPS,0.028493333333333332,1.2301188148148148
66,New Construction,Extrusion,1.2697194074074076,11.516354074074073
66,New Construction,Fiberglass blanket,0.0005573333333333333,0.0027401481481481482
66,New Construction,Flooring and tile - other,0.6379786666666667,0.4342204444444445
66,New Construction,Glass mat gypsum board,6.321645333333333,2.062671111111111
66,New Construction,Glazing - other,0.40331407407407405,0.7527721481481482
66,New Construction,Glue laminated timber GLT,10.446491555555557,4.101147851851851
66,New Construction,Gypsum board,2.2072237037037037,0.6140755555555556
66,New Construction,Hot-rolled sections,36.915725925925926,42.82224207407407
66,New Construction,Insulated glass unit IGU,2.112683851851852,4.039561777777777
66,New Construction,Insulation - other,0.9669422222222221,1.0384945185185184
66,New Construction,Mineral wool high density,0.5016551111111112,0.6948637037037038
66,New Construction,Mortar and grout,3.493757925925926,2.005416888888889
66,New Construction,PVC,0.14814933333333333,0.46749362962962965
66,New Construction,Paint,0.1372785185185185,0.26494755555555555
66,New Construction,Ready mix NW 5000,493.9364183703704,46.19247911111111
66,New Construction,Ready mix NW 6000,789.9720595555555,110.1675751111111
66,New Construction,Ready mix unknown,35.80127792592592,3.1325549629629625
66,New Construction,Rebar and reinforcement,114.29545274074076,82.97849866666667
66,New Construction,Resilient flooring rubber,0.19456888888888887,0.3293045925925926
66,New Construction,Resilient flooring vinyl,0.021239407407407408,0.049627555555555564
66,New Construction,Roll formed metal panel aluminum,0.33894607407407407,1.2839911111111113
66,New Construction,Roofing and waterproofing - other,1.4975685925925926,1.4238565925925928
66,New Construction,Steel door,0.20234903703703702,2.044538962962963
66,New Construction,Steel door frame,0.08430755555555555,0.730666962962963
66,New Construction,Steel sheet,0.24264177777777776,0.3234225185185185
66,New Construction,Wood and composites - other,0.02060977777777778,0.0020592592592592594
67,New Construction,Acoustic ceiling tile fiber,1.3637349397590361,1.2402409638554217
67,New Construction,Air and vapor barriers,0.14620481927710843,0.45469879518072287
67,New Construction,CMU,6.199759036144578,1.351566265060241
67,New Construction,Carpet,2.2642168674698797,2.8015060240963856
67,New Construction,Coatings - other,0.03614457831325301,0.07253012048192771
67,New Construction,Cold formed steel framing,3.336084337349398,5.704698795180723
67,New Construction,Cross laminated timber CLT,39.91397590361446,17.640722891566266
67,New Construction,Extruded polystyrene XPS,0.05391566265060241,1.337289156626506
67,New Construction,Extrusion,2.9821084337349397,27.047530120481927
67,New Construction,Fiberglass blanket,0.31439759036144577,0.9851807228915662
67,New Construction,Flooring and tile - other,1.7686144578313252,1.6305421686746988
67,New Construction,Glass mat gypsum board,1.9339156626506024,0.6393373493975905
67,New Construction,Glazing - other,1.0266265060240962,2.0962048192771086
67,New Construction,Glue laminated timber GLT,29.118674698795182,10.704578313253013
67,New Construction,Gypsum board,5.0648795180722885,1.4156024096385542
67,New Construction,Hot-rolled sections,45.8255421686747,53.15765060240964
67,New Construction,Insulated glass unit IGU,5.05132530120482,9.65843373493976
67,New Construction,Insulation - other,0.2989759036144578,0.24596385542168675
67,New Construction,Loose-fill cellulose,0.03536144578313253,0.01
67,New Construction,Mineral wool high density,2.1106626506024098,2.6169277108433735
67,New Construction,Mineral wool low density,0.10168674698795181,0.1463855421686747
67,New Construction,PVC,0.21162650602409638,0.6677710843373494
67,New Construction,Paint,0.33506024096385545,0.6466265060240964
67,New Construction,Ready mix NW 5000,629.4036746987952,58.478554216867465
67,New Construction,Ready mix NW 6000,558.4382530120482,80.02024096385543
67,New Construction,Ready mix unknown,87.65921686746988,3.056265060240964
67,New Construction,Rebar and reinforcement,66.39716867469879,48.20433734939759
67,New Construction,Resilient flooring rubber,0.2127710843373494,0.30710843373493973
67,New Construction,Resilient flooring vinyl,0.01957831325301205,0.03927710843373494
67,New Construction,Roll formed metal panel aluminum,0.5841566265060241,2.213012048192771
67,New Construction,Roofing and waterproofing - other,0.7173493975903614,0.6358433734939759
67,New Construction,Steel door,0.4196987951807229,4.240783132530121
67,New Construction,Steel door frame,0.35542168674698793,0.7286144578313254
67,New Construction,Steel sheet,0.08759036144578314,0.11674698795180723
67,New Construction,TPO,0.00819277108433735,0.02855421686746988
67,New Construction,Wood and composites - other,0.05698795180722892,0.00572289156626506
68,New Construction,Air and vapor barriers,3.9958444444444448,8.372955555555555
68,New Construction,Aluminum sheet,0.11542962962962963,1.2155185185185184
68,New Construction,Applied fireproofing - other,5.337266666666667,3.3144444444444443
68,New Construction,Cross laminated timber CLT,76.6327925925926,32.348592592592595
68,New Construction,Doors and frames - other,0.4574666666666667,1.2136814814814816
68,New Construction,Extruded polystyrene XPS,1.8700518518518519,13.281444444444446
68,New Construction,Extrusion,0.5280148148148148,4.116903703703704
68,New Construction,Fiberglass blanket,3.513192592592593,8.7564
68,New Construction,Gypsum board,83.78707407407407,27.300659259259263
68,New Construction,Hollow structural sections HSS,11.296466666666666,29.4164
68,New Construction,Hot-rolled sections,0.6988518518518518,0.8526
68,New Construction,Insulated glass unit IGU,3.9522814814814815,4.904948148148148
68,New Construction,Mortar and grout,2.116911111111111,0.910274074074074
68,New Construction,Other,0.010459259259259258,0.019451851851851852
68,New Construction,Paint,0.06419259259259259,0.1925777777777778
68,New Construction,Ready mix NW 4000,496.1883111111111,53.260637037037036
68,New Construction,Ready mix unknown,0.8682740740740741,0.1050074074074074
68,New Construction,Rebar and reinforcement,52.02855555555556,29.255103703703703
68,New Construction,Softwood framing,0.1660888888888889,0.023896296296296294
68,New Construction,Steel - other,1.833237037037037,2.722103703703704
68,New Construction,Steel sheet,3.9060962962962966,5.145311111111111
69,New Construction,Aluminum sheet,0.6627378378378379,1.2294261261261263
69,New Construction,Coatings - other,0.222209009009009,0.21614954954954957
69,New Construction,Cold formed steel framing,1.7675864864864865,2.652311711711712
69,New Construction,Decking,0.03351171171171171,0.08914054054054055
69,New Construction,Extruded polystyrene XPS,0.031656756756756756,0.7850864864864865
69,New Construction,Extrusion,3.137589189189189,24.184303603603603
69,New Construction,Fiberglass blanket,3.1202702702702703,7.874034234234234
69,New Construction,Glass mat gypsum board,7.197852252252252,3.1899414414414413
69,New Construction,Glazing - other,4.193505405405406,7.468832432432432
69,New Construction,Gypsum board,7.347409009009009,2.2515900900900903
69,New Construction,Hot-rolled sections,1.166708108108108,0.8457135135135135
69,New Construction,Mineral wool high density,0.003939639639639639,0.005396396396396396
69,New Construction,Modified bitumen,0.012065765765765766,0.012263963963963963
69,New Construction,Other,0.33765495495495496,0.3173324324324324
69,New Construction,Ready mix NW 6000,1557.913753153153,260.18102882882886
69,New Construction,Ready mix NW 8000,318.12287027027025,60.50034234234235
69,New Construction,Ready mix unknown,9.66225045045045,6.769724324324325
69,New Construction,Rebar and reinforcement,125.22083603603603,70.41904054054054
69,New Construction,Roll formed metal panel aluminum,0.2605279279279279,4.62652972972973
69,New Construction,Roll formed metal panel steel,0.42707567567567567,1.1693
69,New Construction,Roofing and waterproofing - other,0.2762243243243243,0.3669747747747748
69,New Construction,Softwood plywood,0.030727027027027027,0.011367567567567568
69,New Construction,Steel door,0.08934234234234234,0.2465837837837838
69,New Construction,Steel sheet,0.17640090090090088,0.3382486486486487
69,New Construction,Wood or composite door,0.028643243243243244,0.042073873873873874
7,New Construction,Acoustic ceiling tile fiber,2.2876432431006943,6.7993432028627385
7,New Construction,Aluminum - other,0.3072261472400172,1.001557240002456
7,New Construction,Aluminum door,0.06975469919999999,0.454103091792
7,New Construction,Aluminum door frame,0.07403340539999988,0.647792297249999
7,New Construction,Aluminum framed window,0.00593159071744,0.045690575560601604
7,New Construction,Aluminum sheet,0.00574235476200016,0.040885565905441124
7,New Construction,Aluminum storefront or curtain wall,2.2101822140818714,22.10182214081872
7,New Construction,Architectural fiber cement panel,4.6142821072819995,2.97621195919689
7,New Construction,CMU,6.987466877970436,0.782596290332689
7,New Construction,Coatings - other,0.061369935194843975,0.6129216964334516
7,New Construction,Cold formed steel framing,3.7330801679608356,9.146046411504047
7,New Construction,Decking,3.684340418788092,9.214789726851551
7,New Construction,Doors and frames - other,0.2567270193443728,1.116951203946223
7,New Construction,EPDM,3.0757323477084215,10.672791246548222
7,New Construction,Extrusion,0.985516192497492,7.401226605656164
7,New Construction,Fasteners,0.46777435416327556,1.9169470444895225
7,New Construction,Fiberglass blanket,0.6562730380704147,1.3519224584250544
7,New Construction,Glass mat gypsum board,20.68134056696482,9.78227408817436
7,New Construction,Glazing - other,3.667779083604184,5.892985255868109
7,New Construction,Gypsum board,22.39387705240277,5.417696795353911
7,New Construction,Hollow structural sections HSS,0.668093851142611,1.6368299352993971
7,New Construction,Hot-rolled sections,10.358901173850589,10.027416336287368
7,New Construction,Insulated glass unit IGU,1.8414652300142385,2.4675634082190796
7,New Construction,Mineral wool low density,1.2761204633896173,1.9269418997183223
7,New Construction,Mortar and grout,1.1619565620323953,0.11480130832880066
7,New Construction,Other,0.0715059803788624,0.2030769842759692
7,New Construction,Paint,0.3632727324964342,0.8554292881164838
7,New Construction,Polyisocyanurate PIR,5.043668920923916,13.21441257282066
7,New Construction,Precast,501.66530178053154,102.33972156322852
7,New Construction,Ready mix NW 3000,105.77935350448566,15.549564965159368
7,New Construction,Ready mix NW 4000,1050.5382313892017,176.7754633106322
7,New Construction,Rebar and reinforcement,35.87081265274997,53.862984311260035
7,New Construction,Roll formed metal panel steel,0.004218409355164,0.00982889379753212
7,New Construction,Softwood plywood,1.166387977118508,0.30792642595928615
7,New Construction,Steel - other,0.026470261874747086,0.06504407921879034
7,New Construction,Steel door,0.313429308624,1.02432088554768
7,New Construction,Steel door frame,0.014918919616,0.041027028943999996
7,New Construction,Stucco finish,1.475458178739272,0.7067444676161112
7,New Construction,Suspension assembly,0.7034670769222732,1.7094249969211242
7,New Construction,Wood or composite door,0.6019540993152,0.1589158822192128
70,New Construction,Aluminum sheet,0.5426891304347826,1.6301760869565218
70,New Construction,Cold formed steel framing,0.9404043478260868,1.3978152173913043
70,New Construction,Decking,1.1228391304347827,2.7027804347826088
70,New Construction,Extrusion,2.077471739130435,15.743541304347826
70,New Construction,Glass mat gypsum board,2.878304347826087,1.3820760869565218
70,New Construction,Glazing - other,4.619395652173914,6.605736956521739
70,New Construction,Gypsum board,13.084404347826087,4.123602173913044
70,New Construction,Hollow structural sections HSS,0.5286565217391305,1.376641304347826
70,New Construction,Hot-rolled sections,81.20826304347825,59.04721304347826
70,New Construction,Medium density fiberboard MDF,0.26774130434782606,0.19657608695652173
70,New Construction,Mortar and grout,33.97416739130435,8.014402173913043
70,New Construction,Polyisocyanurate PIR,1.9465891304347824,11.92489347826087
70,New Construction,Ready mix NW 2500,39.88325217391304,4.417532608695653
70,New Construction,Ready mix NW 4000,171.4488043478261,17.052726086956522
70,New Construction,Ready mix NW 6000,51.78776956521739,8.61554347826087
70,New Construction,Ready mix unknown,605.2158217391304,59.540582608695644
70,New Construction,Rebar and reinforcement,37.85603043478261,21.28604347826087
70,New Construction,Roll formed metal panel aluminum,0.002839130434782609,0.010754347826086957
70,New Construction,Roll formed metal panel steel,0.6808195652173913,1.864032608695652
70,New Construction,Roofing and waterproofing - other,0.508704347826087,0.6758326086956522
70,New Construction,Softwood plywood,0.88445,0.25984565217391303
70,New Construction,Steel - other,12.140978260869565,9.154297826086955
70,New Construction,Steel door,0.22066304347826085,0.6090282608695653
70,New Construction,Steel sheet,0.08198695652173914,0.282195652173913
71,New Construction,Acoustic ceiling tile aluminum,0.014226952732582442,0.09261746228911173
71,New Construction,Acoustic ceiling tile fiber,0.03775618044463913,0.05134840540470923
71,New Construction,Acoustic ceiling tile steel,0.02196015773319071,0.0650020668902445
71,New Construction,Adhesives and sealants,0.29202719409077715,0.2763938521170518
71,New Construction,Aluminum door,0.05065870880763667,0.20364800940669942
71,New Construction,Aluminum door frame,0.009625740455688992,0.08422522898727869
71,New Construction,Aluminum framed window,0.24521893862400002,2.67077146254336
71,New Construction,Aluminum sheet,0.016111555536905117,0.11471427542276443
71,New Construction,Architectural fiber cement panel,0.10366672815,0.06686503965675
71,New Construction,Carpet,0.059594837376,0.28545927103103996
71,New Construction,Coatings - other,0.06228993324499044,0.21371314502791144
71,New Construction,Cold formed steel framing,2.8290647281543273,6.931208583978102
71,New Construction,Concrete - other,0.6783070206367953,0.10581979544716985
71,New Construction,Decking,0.029465536775380788,0.07602108488048243
71,New Construction,Doors and frames - other,0.06196472631807844,0.4191989350654256
71,New Construction,Expanded polystyrene EPS,0.4074988476181344,1.3243712547589366
71,New Construction,Extrusion,0.27053799321937694,2.34125440809108
71,New Construction,Fasteners,0.0017075193658702703,0.008844778788381136
71,New Construction,Fiberglass blanket,1.520191525309064,3.121571259495506
71,New Construction,Flooring and tile - other,0.0049060608,0.027179576832
71,New Construction,Gypsum board,36.21814368249586,7.826639942947363
71,New Construction,Hollow structural sections HSS,0.6678712586588825,1.6362845837142623
71,New Construction,Hot-rolled sections,0.0222742038386,0.021561429315764796
71,New Construction,Insulated glass unit IGU,1.391944147655389,1.8652051578582216
71,New Construction,Modified bitumen,0.880151163654654,0.554495233102432
71,New Construction,Other,0.3511759492855738,0.9973396959710297
71,New Construction,Paint,0.49983625766828016,1.1512748998144482
71,New Construction,Polyisocyanurate PIR,0.18761919006333688,0.5741147215938108
71,New Construction,Precast,3.4142876093674173,0.5326484990261174
71,New Construction,Ready mix unknown,1226.9652199761085,175.44092134547498
71,New Construction,Rebar and reinforcement,33.478971679012155,63.94483590691321
71,New Construction,Resilient flooring vinyl,2.35631736,3.46376109888
71,New Construction,Steel - other,0.15920976847132642,0.3861878617594783
71,New Construction,Steel door,0.1347644244,0.42720322534800004
71,New Construction,Steel door frame,0.011302689599999999,0.0310823964
71,New Construction,Steel sheet,0.5061078746485702,1.1792313479311687
71,New Construction,Stucco finish,12.680820424502723,6.074112983336804
71,New Construction,Suspension assembly,0.01656291817208844,0.04024789115817491
71,New Construction,Wood door frame,0.0015392,0.00677248
71,New Construction,Wood or composite door,0.28688101120000004,0.0935232096512
72,New Construction,Coatings - other,0.05124137931034482,0.254151724137931
72,New Construction,Cold formed steel framing,32.78742068965517,55.81343448275863
72,New Construction,Cross laminated timber CLT,80.9942448275862,34.189672413793105
72,New Construction,Doors and frames - other,0.003124137931034483,0.007610344827586207
72,New Construction,Extruded polystyrene XPS,0.945,2.4944655172413794
72,New Construction,Extrusion,0.1195758620689655,0.7856068965517242
72,New Construction,Fiberglass blanket,1.8735,4.669579310344828
72,New Construction,Glass mat gypsum board,12.558768965517242,4.956937931034483
72,New Construction,Gypsum board,75.4026,23.115237931034482
72,New Construction,Hot-rolled sections,6.163313793103448,7.519241379310345
72,New Construction,Insulated glass unit IGU,1.5256275862068964,2.9170758620689656
72,New Construction,Intumescent,0.16645172413793102,0.9171551724137931
72,New Construction,Modified bitumen,2.2939517241379312,1.4983137931034483
72,New Construction,Other,0.001386206896551724,0.002579310344827586
72,New Construction,Ready mix NW 3000,348.56167586206897,43.15193793103449
72,New Construction,Ready mix NW 4000,242.5591,26.58043448275862
72,New Construction,Ready mix unknown,36.027496551724134,4.825096551724139
72,New Construction,Rebar and reinforcement,31.208675862068965,17.471803448275864
72,New Construction,Steel - other,0.11127931034482758,0.08723103448275862
72,New Construction,Steel sheet,0.789648275862069,0.9947206896551724
72,New Construction,Windows and frames - other,0.18660344827586206,0.6507689655172414
72,New Construction,Wood and composites - other,5.370137931034483,0.5365896551724137
73,New Construction,Aluminum storefront or curtain wall,1.9263142857142856,12.85022619047619
73,New Construction,Cold formed steel framing,1.2379416666666667,1.8400761904761904
73,New Construction,Glazing - other,3.049007142857143,4.360080952380953
73,New Construction,Gypsum board,3.276652380952381,1.0676440476190476
73,New Construction,Hollow structural sections HSS,2.6186416666666665,6.258552380952381
73,New Construction,Mineral wool low density,0.5822190476190476,0.8383952380952381
73,New Construction,Other,1.9833642857142855,1.801482142857143
73,New Construction,Polyisocyanurate PIR,1.8724571428571428,11.470754761904761
73,New Construction,Ready mix NW 5000,588.0034452380953,128.0598
73,New Construction,Ready mix NW 6000,1199.0752511904761,275.0378869047619
73,New Construction,Ready mix unknown,1.0801166666666666,0.9448904761904762
73,New Construction,Rebar and reinforcement,0.1767392857142857,0.09937738095238095
73,New Construction,Roll formed metal panel aluminum,0.035227380952380954,0.1564047619047619
73,New Construction,Roofing and waterproofing - other,0.21845119047619047,0.4196559523809524
73,New Construction,Stone masonry,4.153422619047619,1.0011630952380952
73,New Construction,TPO,0.43504880952380953,1.5139714285714287
74,New Construction,CMU,9.429678000000001,1.0852066666666667
74,New Construction,Decking,0.898112888888889,2.0566784444444446
74,New Construction,Flooring and tile - other,0.6697542222222221,0.5023155555555556
74,New Construction,Hollow structural sections HSS,1.4126935555555555,2.863661555555556
74,New Construction,Hot-rolled sections,0.20285822222222225,0.23531533333333335
74,New Construction,Mineral wool high density,0.1284931111111111,0.10729022222222223
74,New Construction,Ready mix NW 4000,803.9021057777777,108.35595511111111
74,New Construction,Ready mix NW 5000,362.14381888888886,57.01803555555556
74,New Construction,Ready mix NW 8000,97.79741733333334,18.599031333333333
74,New Construction,Rebar and reinforcement,46.76985377777778,42.36766377777778
74,New Construction,Roll formed metal panel aluminum,0.15579377777777778,0.5366293333333333
75,New Construction,Cold formed steel framing,2.3080686274509805,3.43071568627451
75,New Construction,Decking,9.883970588235293,27.85020588235294
75,New Construction,Extrusion,15.715352941176471,103.24986274509803
75,New Construction,Gypsum board,5.001519607843138,1.6448823529411765
75,New Construction,Hot-rolled sections,62.015950980392155,47.13730392156862
75,New Construction,Insulated glass unit IGU,2.284676470588235,5.7037941176470595
75,New Construction,Mineral wool low density,4.636019607843137,1.1251176470588236
75,New Construction,Ready mix unknown,832.6652156862745,95.64505882352941
75,New Construction,Softwood plywood,15.635372549019609,13.259264705882352
75,New Construction,Steel - other,16.78486274509804,45.92053921568627
75,New Construction,TPO,1.556529411764706,3.7668039215686275
76,New Construction,Cold formed steel framing,0.37479459459459463,0.5570936936936937
76,New Construction,Extrusion,6.920587387387388,45.476866666666666
76,New Construction,Glazing - other,1.1983855855855854,2.057672072072072
76,New Construction,Gypsum board,0.003068468468468469,0.001009009009009009
76,New Construction,Hot-rolled sections,32.92895135135135,25.678774774774773
76,New Construction,Insulated glass unit IGU,0.7949369369369369,1.8060702702702705
76,New Construction,Mineral wool high density,0.00011711711711711712,0.00016576576576576578
76,New Construction,Ready mix NW 4000,2104.309300900901,191.8214936936937
76,New Construction,Roll formed metal panel aluminum,1.7969981981981982,6.807372972972972
76,New Construction,Roll formed metal panel steel,6.601340540540541,17.52816216216216
76,New Construction,Steel - other,0.23356936936936937,0.6390054054054054
76,New Construction,Steel door,2.3591891891891894,6.275106306306306
76,New Construction,Windows and frames - other,0.022497297297297297,0.22610090090090088
77,New Construction,Cold formed steel framing,6.343822988505747,9.429458620689655
77,New Construction,Extrusion,25.277158620689654,167.5334264367816
77,New Construction,Glazing - other,0.37930114942528736,0.6296390804597701
77,New Construction,Gypsum board,0.8088701149425287,0.25134597701149425
77,New Construction,Hot-rolled sections,44.8639540229885,34.100344827586206
77,New Construction,Insulated glass unit IGU,0.7722862068965517,1.9604206896551724
77,New Construction,Ready mix unknown,753.8715781609195,71.78390000000002
77,New Construction,Roll formed metal panel aluminum,1.7438724137931034,6.606110344827586
77,New Construction,Roll formed metal panel steel,5.719673563218391,15.660032183908045
77,New Construction,Steel - other,2.0766298850574714,5.681868965517242
77,New Construction,Steel door,1.3037770114942528,0.5700068965517241
78,New Construction,CMU,1.610390769230769,0.3510652071005917
78,New Construction,Decking,13.288974319526629,21.649172307692307
78,New Construction,Extrusion,4.664253846153846,35.31319798816568
78,New Construction,Fiberglass blanket,0.2804350295857988,0.5664788165680473
78,New Construction,Glass mat gypsum board,1.4669532544378698,0.5798010650887574
78,New Construction,Glazing - other,7.179744852071005,10.267035147928993
78,New Construction,Hollow structural sections HSS,7.059938816568048,13.996868047337276
78,New Construction,Hot-rolled sections,74.18824745562131,90.50966177514793
78,New Construction,Precast,14.729317751479291,2.5707098224852074
78,New Construction,Ready mix NW 3000,67.53738816568047,7.288409822485207
78,New Construction,Ready mix NW 4000,885.9782818934912,82.93858071005917
78,New Construction,Ready mix NW 5000,319.53545775147927,36.78517313609468
78,New Construction,Rebar and reinforcement,30.319701183431953,42.796427928994085
79,New Construction,Aluminum storefront or curtain wall,7.428883720930233,36.248818023255815
79,New Construction,Brick clay,3.057429069767442,0.7254186046511628
79,New Construction,Cold formed steel framing,2.872731976744186,4.270028488372093
79,New Construction,Concrete - other,3.8550290697674416,1.1442941860465117
79,New Construction,Cross laminated timber CLT,39.79216627906977,13.27130930232558
79,New Construction,Expanded polystyrene EPS,0.3912872093023256,1.189513953488372
79,New Construction,Fiberglass blanket,1.4789697674418605,3.6862366279069767
79,New Construction,Glass mat gypsum board,0.9556732558139535,0.3814331395348837
79,New Construction,Glazing - other,0.2880813953488372,1.0801651162790697
79,New Construction,Glue laminated timber GLT,29.33814941860465,8.256429069767442
79,New Construction,Gypsum board,6.3742872093023255,2.088372093023256
79,New Construction,Hollow structural sections HSS,0.8943941860465117,2.137602906976744
79,New Construction,Hot-rolled sections,0.4540936046511628,0.5708377906976744
79,New Construction,Mineral wool high density,0.29565697674418606,0.5744186046511628
79,New Construction,Mineral wool low density,1.5076174418604653,2.1709697674418607
79,New Construction,PVC,0.3073424418604651,1.0676116279069767
79,New Construction,Ready mix NW 2500,6.116438953488372,0.6550197674418605
79,New Construction,Ready mix NW 3000,100.79480290697674,11.725795930232557
79,New Construction,Ready mix NW 4000,863.322701744186,116.36510813953488
79,New Construction,Ready mix NW 5000,9.486802325581396,1.4936575581395348
79,New Construction,Ready mix NW 8000,90.77063953488373,16.18316976744186
79,New Construction,Rebar and reinforcement,59.23971744186046,56.83707732558139
79,New Construction,Roll formed metal panel steel,0.5761546511627907,1.5776232558139536
79,New Construction,Steel door,0.10783197674418604,0.24784883720930231
79,New Construction,Synthetic composites,1.6046523255813954,1.2089889534883722
79,New Construction,TPO,0.10475755813953488,0.3645552325581395
79,New Construction,Windows and frames - other,0.04100697674418605,0.3928453488372093
79,New Construction,Wood and composites - other,0.3125290697674419,0.4448645348837209
79,New Construction,Wood or composite door,0.20801802325581395,0.3095819767441861
8,New Construction,Air and vapor barriers,0.883561038961039,2.7478727272727275
8,New Construction,Aluminum storefront or curtain wall,0.36641038961038963,2.0427012987012985
8,New Construction,Brick clay,153.37421558441557,4.725706493506493
8,New Construction,CMU,171.7652103896104,49.35575844155844
8,New Construction,Carpet,1.6175324675324676,6.97047012987013
8,New Construction,Cold formed steel framing,6.214698701298701,11.26572987012987
8,New Construction,Concrete - other,4.630077922077922,0.6279038961038961
8,New Construction,Cross laminated timber CLT,61.95510649350649,13.915049350649351
8,New Construction,Decking,71.66791948051947,190.6366649350649
8,New Construction,Expanded polystyrene EPS,0.4583792207792208,1.3934675324675325
8,New Construction,Extruded polystyrene XPS,0.45961298701298703,11.398376623376624
8,New Construction,Fiberglass blanket,10.619293506493506,14.115948051948052
8,New Construction,Flooring and tile - other,0.001207792207792208,0.008283116883116884
8,New Construction,Glazing - other,0.03544155844155844,0.06166753246753246
8,New Construction,Glue laminated timber GLT,0.5519896103896104,0.2081012987012987
8,New Construction,Gypsum board,106.95019740259741,35.265335064935066
8,New Construction,Hardwood,76.18114805194804,6.062454545454545
8,New Construction,Hollow structural sections HSS,7.819322077922078,22.371488311688314
8,New Construction,Hot-rolled sections,1.210451948051948,0.9486623376623377
8,New Construction,Insulated glass unit IGU,1.962864935064935,2.5006649350649353
8,New Construction,Mineral wool high density,22.046893506493507,30.14472987012987
8,New Construction,Mortar and grout,6.160163636363636,3.221974025974026
8,New Construction,Oriented strand board OSB,3.847036363636364,1.213012987012987
8,New Construction,Polyisocyanurate PIR,0.13013246753246754,0.3131376623376623
8,New Construction,Precast,2.4940675324675325,0.36871168831168827
8,New Construction,Ready mix LW 4000,102.54781818181817,23.470516883116883
8,New Construction,Ready mix LW 5000,155.79587792207792,41.20210649350649
8,New Construction,Ready mix NW 3000,10.413792207792207,1.2141428571428572
8,New Construction,Ready mix NW 4000,13.735779220779222,1.9864545454545457
8,New Construction,Ready mix NW 5000,34.086480519480524,7.470942857142857
8,New Construction,Ready mix NW 6000,79.05051428571429,13.040587012987013
8,New Construction,Ready mix unknown,43.272096103896104,2.448664935064935
8,New Construction,Rebar and reinforcement,12.351555844155843,35.83090909090909
8,New Construction,Softwood framing,15.501885714285713,2.4631142857142856
8,New Construction,Softwood plywood,18.94396883116883,6.921529870129871
8,New Construction,Steel door,4.464176623376623,12.32111948051948
8,New Construction,Steel sheet,4.404176623376624,16.8504987012987
8,New Construction,TPO,7.037784415584415,24.49148831168831
8,New Construction,Wood and composites - other,28.848233766233765,12.890337662337663
8,New Construction,Wood or composite door,5.3773012987012985,5.846376623376624
80,New Construction,CMU,66.3490843373494,14.46409638554217
80,New Construction,Cold formed steel framing,2.17366265060241,3.716951807228916
80,New Construction,Decking,8.525349397590361,24.022
80,New Construction,Extruded polystyrene XPS,0.07622891566265061,3.2907831325301204
80,New Construction,Glass mat gypsum board,13.347313253012048,4.343024096385542
80,New Construction,Gypsum board,0.5550481927710843,0.1536265060240964
80,New Construction,Hot-rolled sections,45.72757831325301,53.04398795180723
80,New Construction,Mortar and grout,77.02343373493976,44.211457831325305
80,New Construction,Paint,0.047228915662650604,0.09114457831325302
80,New Construction,Ready mix NW 5000,833.4569156626505,78.48385542168674
80,New Construction,Ready mix NW 6000,1246.8692289156627,183.59449397590362
80,New Construction,Rebar and reinforcement,132.67521686746989,96.32220481927712
80,New Construction,Roll formed metal panel aluminum,1.4728795180722891,5.57955421686747
80,New Construction,Roofing and waterproofing - other,0.5068192771084338,0.498710843373494
80,New Construction,Steel door,0.8853253012048194,8.94533734939759
80,New Construction,Steel door frame,0.22187951807228917,1.9229397590361446
81,New Construction,Acoustic ceiling tile fiber,0.09597432310538531,0.13052507942332406
81,New Construction,Adhesives and sealants,0.3370829780561343,0.09759377912455086
81,New Construction,Air and vapor barriers,0.5218961877154205,1.0594492610623034
81,New Construction,Aluminum door,0.13665659168903996,0.5493594985899406
81,New Construction,Aluminum door frame,0.026573057616787958,0.23251425414689464
81,New Construction,Aluminum framed window,0.5836082572000514,6.322429333707827
81,New Construction,Architectural fiber cement panel,0.91318424893664,0.5890038405641328
81,New Construction,Built up roofing,1.7796707632346835,0.7065292930041694
81,New Construction,CMU,5.961552092672633,0.6676938343793349
81,New Construction,Carpet,0.02291521174769789,0.10976386427147286
81,New Construction,Closed cell spray polyurethane foam,1.044965866406299,3.2916424791798415
81,New Construction,Coatings - other,0.09999671612892073,0.31027157010679357
81,New Construction,Cold formed steel framing,7.936199844304348,19.443689618545655
81,New Construction,Decking,0.07858653453998674,0.20275325911316583
81,New Construction,Doors and frames - other,0.8709722267648634,5.3146862545071665
81,New Construction,Extrusion,1.239835310983672,10.092145828178039
81,New Construction,Fasteners,0.025139948505630748,0.12726293459228807
81,New Construction,Fiberglass blanket,2.8158156984257134,5.80058033875697
81,New Construction,Flooring and tile - other,2.560596763056231,5.0955875584819
81,New Construction,Glass mat gypsum board,1.203843188487731,0.5694178281546968
81,New Construction,Gypsum board,94.4297204010663,19.16923324141646
81,New Construction,Hardwood,0.20851881312715678,0.09195679658907614
81,New Construction,Hollow structural sections HSS,26.0807523720941,67.12435736198213
81,New Construction,Hot-rolled sections,0.2492220729728422,0.6429929482699329
81,New Construction,Insulated glass unit IGU,3.4136782484280386,4.574328852893572
81,New Construction,Mortar and grout,7.223842519071936,1.35219373805792
81,New Construction,Other,0.5822293800882813,1.6535314394507186
81,New Construction,Paint,0.9641655309561702,2.30031477039252
81,New Construction,Polyisocyanurate PIR,1.4988237291629547,4.720127291840186
81,New Construction,Ready mix unknown,2041.2292193192689,293.79518582067163
81,New Construction,Rebar and reinforcement,49.45405735211649,94.45724954254251
81,New Construction,Resilient flooring vinyl,0.11102557532237187,0.2797844498123771
81,New Construction,Roll formed metal panel aluminum,0.26537947185809885,1.4914326318425155
81,New Construction,Roofing and waterproofing - other,0.10963064249905628,0.05295160032704419
81,New Construction,Softwood plywood,1.3559523785838816,0.3579714279461448
81,New Construction,Spray applied cementitious,0.5648083123606733,0.6438814760911675
81,New Construction,Steel - other,1.1897768706123475,2.795491051061284
81,New Construction,Steel door,0.4108234736180653,0.8597451929312036
81,New Construction,Steel door frame,0.018888840446231157,0.05194431122713568
81,New Construction,Stucco finish,12.29654893119453,6.464407903936697
81,New Construction,Suspension assembly,0.00950939047518593,0.023107818854701808
81,New Construction,Synthetic composites,0.0021667476279160804,0.01131042261772194
81,New Construction,Wood door frame,0.5719063999999999,2.5163881599999995
81,New Construction,Wood or composite door,3.0650160129286372,0.8091642274131602
82,New Construction,Adhesives and sealants,0.0126161638714943,0.03267586442717023
82,New Construction,Air and vapor barriers,0.9264111637148946,2.427197248933024
82,New Construction,Aluminum door,0.2497439173846154,1.670786807303077
82,New Construction,Aluminum framed window,0.8798461763741539,10.203647195939446
82,New Construction,Coatings - other,0.6928284750824969,13.995135196666437
82,New Construction,Doors and frames - other,0.4480224091643077,3.383653568659477
82,New Construction,Extrusion,0.23924816727565154,2.167588395517403
82,New Construction,Fasteners,0.34144861143851674,1.6679282428970694
82,New Construction,Fiberglass blanket,9.523051663249408,19.61748642629378
82,New Construction,Glass mat gypsum board,13.247356223713862,6.265999493816656
82,New Construction,Gypsum board,85.3212061424298,17.330446778863344
82,New Construction,Insulated glass unit IGU,7.612012547656615,11.087775234742958
82,New Construction,Paint,1.106869285094752,2.587317567609872
82,New Construction,Polyisocyanurate PIR,0.3823007702178346,1.0016280179707269
82,New Construction,Ready mix NW 4000,1267.668268608348,234.92875080147755
82,New Construction,Rebar and reinforcement,47.9268232239973,44.76365289121348
82,New Construction,Roll formed metal panel steel,13.059217924470785,30.42797776401693
82,New Construction,Softwood framing,60.45133520342939,10.155824314176138
82,New Construction,Softwood plywood,20.589777696234574,5.4357013118059285
82,New Construction,Steel - other,3.2064518252126795,8.272645709048712
82,New Construction,Steel door,1.5945377538461538,5.580882138461538
82,New Construction,Steel door frame,0.1713238596923077,0.4711406141538461
82,New Construction,Steel framed window,0.30872394830769234,1.3552981330707692
82,New Construction,Synthetic composites,0.6956649215907778,3.9305068069878946
82,New Construction,TPO,0.15503963034163737,0.4883748355761578
83,New Construction,Acoustic ceiling tile aluminum,0.005621049816091954,0.03794208625862069
83,New Construction,Acoustic ceiling tile fiber,1.2516638484091955,4.368306830948092
83,New Construction,Adhesives and sealants,0.1941357461061609,0.28847153440106965
83,New Construction,Air and vapor barriers,0.14941106448634484,0.3033044609072799
83,New Construction,Aluminum - other,0.5861883221057471,3.294378370234299
83,New Construction,Aluminum door,0.03399564815172414,0.1332629407547586
83,New Construction,Aluminum door frame,0.03243324248275862,0.2837908717241379
83,New Construction,Aluminum framed window,0.00038453848275862065,0.003364711724137931
83,New Construction,Aluminum sheet,0.6873409284188506,3.86285601771394
83,New Construction,Aluminum storefront or curtain wall,1.6010494828993105,16.010494828993103
83,New Construction,Carpet,0.3048288331816092,1.2772872069499082
83,New Construction,Ceramic tile,4.145270569425287,1.0860608891894252
83,New Construction,Closed cell spray polyurethane foam,0.3180306321503448,1.0017964912735862
83,New Construction,Coatings - other,0.058302025376459767,0.6184094504944718
83,New Construction,Cold formed steel framing,4.595085483718897,11.180678223126966
83,New Construction,Concrete - other,1.7502912452873562,0.2730554983426234
83,New Construction,Decking,17.660241797508046,45.56342383757076
83,New Construction,Doors and frames - other,0.21719398383227587,1.2022323634931775
83,New Construction,EPDM,0.26037141899641375,0.8383959691684524
83,New Construction,Expanded polystyrene EPS,0.11512568663034482,0.3741584815486207
83,New Construction,Extrusion,0.41538677591954026,3.1280390507343676
83,New Construction,Fasteners,0.012050166471770115,0.05001903116252276
83,New Construction,Glass mat gypsum board,2.2703030672297473,1.0738533507996704
83,New Construction,Glazing - other,0.008265878905747126,0.01256413593673563
83,New Construction,Gypsum board,37.451918524387125,8.008126341702905
83,New Construction,Hollow structural sections HSS,1.389614626514023,3.404555834959356
83,New Construction,Hot-rolled sections,103.82383075984184,100.5014681755269
83,New Construction,Insulated glass unit IGU,10.343120929855449,15.98957558898972
83,New Construction,Mineral wool low density,1.0866716623143449,1.6408742100946605
83,New Construction,Modified bitumen,0.15021298629885058,0.09463418136827587
83,New Construction,Mortar and grout,0.1832880038243678,0.09547991203820966
83,New Construction,Other,0.02198643809287356,0.06244148418376092
83,New Construction,Paint,0.2766267455137931,0.6617929293668395
83,New Construction,Plate,2.6168582187908047,6.097279649782575
83,New Construction,Precast,22.41912400045977,3.7444980131949936
83,New Construction,Ready mix LW 4000,336.91187429521835,99.17164402203304
83,New Construction,Ready mix NW 3000,0.7059787044597702,0.09339218863564924
83,New Construction,Ready mix NW 4000,31.481160881839084,5.401598798176346
83,New Construction,Ready mix NW 5000,60.911816057314944,12.68174807424237
83,New Construction,Ready mix NW 6000,432.3369390059126,92.30284189791078
83,New Construction,Rebar and reinforcement,36.269103589631264,69.44387744021158
83,New Construction,Resilient flooring vinyl,0.40873296384827584,1.030007068897655
83,New Construction,Roll formed metal panel aluminum,0.008223480772413793,0.04621596194096552
83,New Construction,Roll formed metal panel steel,0.8793331878620689,2.048846327718621
83,New Construction,Softwood framing,0.043762660878160914,0.007352127027531035
83,New Construction,Spray applied cementitious,29.011951025985287,33.07362416962322
83,New Construction,Steel - other,0.11731082310344827,0.2929235284349425
83,New Construction,Steel door,0.6139376888418391,1.7177313155708045
83,New Construction,Steel sheet,2.220918707493793,7.464535636727205
83,New Construction,Stucco finish,0.4536693257333334,0.21730760702626667
83,New Construction,Suspension assembly,0.5228133148243678,1.2704363550232138
83,New Construction,Synthetic composites,0.4979723609195402,0.6025465567126437
84,New Construction,Adhesives and sealants,0.08561097036315903,0.23289594875037858
84,New Construction,Air and vapor barriers,0.08525073969200088,0.21893755331481504
84,New Construction,Aluminum - other,0.06380534584515608,0.10603352610708824
84,New Construction,Aluminum door,0.08586087549954968,0.703659080935007
84,New Construction,Aluminum framed window,0.048893964246917505,0.38964106163096557
84,New Construction,Aluminum sheet,0.03335835768367299,0.1961750672469769
84,New Construction,Built up roofing,2.285428635551963,0.9930928219226947
84,New Construction,CMU,16.170107004221283,1.8110519844727841
84,New Construction,Ceramic tile,0.03905087326530686,0.010231328795510397
84,New Construction,Coatings - other,0.03238134027184018,0.25702021133049785
84,New Construction,Cold formed steel framing,0.4173441327498471,1.0224931252371254
84,New Construction,Concrete - other,0.3991097171750744,0.06385755474801186
84,New Construction,Decking,0.036737817779177256,0.09478356987027735
84,New Construction,Doors and frames - other,0.3232458049118839,2.501614204938483
84,New Construction,Extrusion,0.2576979060675163,2.3285127143517066
84,New Construction,Fasteners,0.02237197505620889,0.09888329758341373
84,New Construction,Fiberglass blanket,1.366246864340988,2.363607075309909
84,New Construction,Flooring and tile - other,0.0017946686549010573,0.009942464348151856
84,New Construction,GFRC general,33.10701164792347,8.144324865389173
84,New Construction,Glass mat gypsum board,7.398257031799451,3.4993755760411402
84,New Construction,Glazing - other,0.04600853473944524,0.07775442370966244
84,New Construction,Gypsum board,60.976227411062226,12.378623110615244
84,New Construction,Hardwood,0.37391855918909134,0.15980117227761986
84,New Construction,Hollow structural sections HSS,4.124883404288283,10.551912519307608
84,New Construction,Hot-rolled sections,0.6731709476716692,0.5270294167059006
84,New Construction,Insulated glass unit IGU,3.361071493745604,4.310309727389436
84,New Construction,Loose-fill cellulose,0.639948367152427,1.087912224159126
84,New Construction,Mineral wool high density,0.061909242652465404,0.11081754434791308
84,New Construction,Mortar and grout,18.831015344428867,3.282839555600049
84,New Construction,Other,0.6152743907655336,1.747379269774115
84,New Construction,Paint,0.692163644275013,1.6540364063221185
84,New Construction,Plate,0.00018446066955478386,0.0004297933600626464
84,New Construction,Precast,3.0756029390794106,0.49209647025270564
84,New Construction,Ready mix LW 3000,3.552731139148153,1.382012413128633
84,New Construction,Ready mix NW 3000,51.457697073713604,8.233231531794173
84,New Construction,Ready mix NW 4000,151.5394593055373,28.083826623556746
84,New Construction,Ready mix NW 5000,74.49728357037176,16.761888803333683
84,New Construction,Ready mix NW 6000,260.5456078582056,59.925489807387216
84,New Construction,Rebar and reinforcement,38.52330354038322,73.45396360909801
84,New Construction,Resilient flooring vinyl,0.09870677601955825,0.13621535090699036
84,New Construction,Roofing and waterproofing - other,0.13299011971178182,0.06423422782079061
84,New Construction,Softwood framing,16.29409906067884,2.7374086421940453
84,New Construction,Softwood plywood,9.949699428866571,2.6267206492207746
84,New Construction,Steel - other,3.8187035609485656,9.691339297990194
84,New Construction,Steel door,0.594645012580646,1.479183847037421
84,New Construction,Steel door frame,0.05140728614193548,0.14137003689032257
84,New Construction,Steel framed window,0.006892806193548387,0.03025941918967742
84,New Construction,Steel sheet,0.2785707227741935,0.649069784063871
84,New Construction,Stucco finish,21.26081238579864,10.76647496283411
84,New Construction,Synthetic composites,0.6788305998710435,1.9821853516234476
84,New Construction,TPO,0.3764790039698227,1.1986876354384766
84,New Construction,Vinyl framed window,0.6520556903225807,1.7475092500645162
84,New Construction,Wall coverings,0.06196692078424287,0.030425758105063247
84,New Construction,Wood I joists,0.7557779536251807,0.3476578586675831
84,New Construction,Wood and composites - other,0.030449592526139324,0.014275612104680705
84,New Construction,Wood or composite door,0.602146558451613,0.1589666914312258
86,New Construction,Adhesives and sealants,0.00024829384900436677,0.00021949176251986023
86,New Construction,Aluminum door,0.051167850252545125,0.2403082757905307
86,New Construction,Aluminum framed window,0.01884051223163871,0.17324641136311328
86,New Construction,Aluminum storefront or curtain wall,0.44496430131137427,4.449643013113742
86,New Construction,CMU,190.32535747330158,21.316440037009777
86,New Construction,Ceramic tile,0.25100682888862935,0.0657637891688209
86,New Construction,Coatings - other,0.8120342273421151,8.721174909971333
86,New Construction,Cold formed steel framing,2.12137522731436,5.197369306920181
86,New Construction,Concrete - other,0.8144559333580336,0.13031294933728543
86,New Construction,Decking,11.397028638068226,29.404333886216023
86,New Construction,Doors and frames - other,0.11426201830172904,0.87920974738344
86,New Construction,EPDM,0.3566090876619968,1.237433534187129
86,New Construction,Expanded polystyrene EPS,0.7387001450831452,2.400775471520222
86,New Construction,Fasteners,1.102076536975327,6.2754892339221495
86,New Construction,Glass mat gypsum board,4.397024673113955,2.0797926703829006
86,New Construction,Glazing - other,0.03974686119290355,0.06438991513250374
86,New Construction,Gypsum board,5.67705100598198,1.3371767858387589
86,New Construction,Hollow structural sections HSS,11.453404890872402,8.945600985787133
86,New Construction,Hot-rolled sections,40.737273426682314,39.43368067702848
86,New Construction,Insulated glass unit IGU,1.5465477279380468,2.0723739554369827
86,New Construction,Insulated metal panel IMP,14.926066609986576,40.7618730070843
86,New Construction,Mortar and grout,224.72123968607906,41.72931763544044
86,New Construction,Open web joists,2.1116786856167837,2.9141165861511613
86,New Construction,Paint,0.23970006719534231,0.49867464541175927
86,New Construction,Ready mix NW 4000,33.84820137359073,6.226701158164839
86,New Construction,Ready mix NW 5000,31.751825485835425,7.144160734312967
86,New Construction,Ready mix NW 6000,1251.4359605057646,281.08342704157883
86,New Construction,Rebar and reinforcement,104.37531593997218,195.09720718852984
86,New Construction,Softwood framing,0.005722397301272516,0.0010929778845430508
86,New Construction,Steel - other,5.940530416427785,15.333665851928377
86,New Construction,Steel door,0.34242553783225804,0.982593647712
86,New Construction,Steel door frame,0.0245397952,0.0674844368
86,New Construction,Steel sheet,0.5684742021045621,1.32454489090363
86,New Construction,Wood or composite door,0.12518285057032258,0.04080960928592517
87,New Construction,Adhesives and sealants,0.5346188900340855,1.4648557586933937
87,New Construction,Air and vapor barriers,1.329583542819157,2.0287219640446277
87,New Construction,Aluminum door,0.89704078656,3.6061039619711996
87,New Construction,Aluminum storefront or curtain wall,1.693491079857454,16.93491079857454
87,New Construction,CMU,90.74160547967696,10.163059813723823
87,New Construction,Ceramic tile,0.9460399916127555,0.247862477802542
87,New Construction,Coatings - other,0.16255615669858964,1.7380949744425127
87,New Construction,Cold formed steel framing,5.4252446031745105,13.743403840587911
87,New Construction,Concrete - other,0.3481728768694368,0.049092375638590584
87,New Construction,Decking,7.358020426932013,18.983692701484596
87,New Construction,Doors and frames - other,0.40921197727333336,2.3855819696867333
87,New Construction,EPDM,1.5755578161233403,5.467185621947991
87,New Construction,Fasteners,0.0020269908985755002,0.008209313139230774
87,New Construction,Glass mat gypsum board,19.426780839579028,9.18886733712088
87,New Construction,Glazing - other,6.249872439223627,30.55442111822769
87,New Construction,Gypsum board,17.099437598142977,3.9984251275644045
87,New Construction,Hollow structural sections HSS,9.101650242916861,22.29904309514631
87,New Construction,Hot-rolled sections,66.07344822099822,63.95909787792628
87,New Construction,Insulated glass unit IGU,1.632379530933333,2.1873885714506667
87,New Construction,Insulated metal panel IMP,0.1822620052669271,1.614043556110393
87,New Construction,Mineral wool high density,0.5220492047523062,0.9344680765066278
87,New Construction,Mineral wool low density,0.2344822946113118,0.11231701911881833
87,New Construction,Mortar and grout,110.12283267381441,20.670394055150503
87,New Construction,Open web joists,5.999893059783487,8.27985242250121
87,New Construction,Paint,0.5757686642383875,0.9399587511029668
87,New Construction,Plate,0.1023747683683118,0.23853321029816646
87,New Construction,Polyisocyanurate PIR,4.805072444926053,12.872586440905076
87,New Construction,Ready mix NW 6000,686.6106695500914,157.92045399652108
87,New Construction,Rebar and reinforcement,7.787982145418004,14.87504589774839
87,New Construction,Softwood plywood,0.015057335106327709,0.003975136468070515
87,New Construction,Steel door,0.15132765433333334,0.5219343862366667
87,New Construction,Steel door frame,0.027532076,0.075713209
87,New Construction,Steel framed window,0.030955826666666665,0.09500377239999999
87,New Construction,Steel sheet,0.8468380825341828,1.9731327323046457
87,New Construction,Wood or composite door,0.44995006784,0.1725916999772
88,New Construction,Adhesives and sealants,0.0012891051541762137,0.00019981129889731308
88,New Construction,Air and vapor barriers,0.8859416675310483,1.3921723975227083
88,New Construction,Aluminum - other,10.078538142059317,56.641384358373365
88,New Construction,Aluminum door frame,0.05633329230769231,0.49291630769230765
88,New Construction,Aluminum sheet,4.244842643806523,23.856015658192657
88,New Construction,Architectural fiber cement panel,28.51574061403128,51.32833310525631
88,New Construction,CMU,63.104171474044655,7.067667205093001
88,New Construction,Carpet,0.9132731725735539,4.412670706621885
88,New Construction,Ceramic tile,1.2133935905122855,0.31790912071421884
88,New Construction,Coatings - other,0.9567546056260441,15.050144730026911
88,New Construction,Cold formed steel framing,4.952076239336439,12.128301637519687
88,New Construction,Decking,12.634057299827779,32.595867833555666
88,New Construction,Doors and frames - other,0.1572330243808547,1.01604222421146
88,New Construction,Extrusion,12.549227301629266,113.69599935276118
88,New Construction,Fasteners,0.0008218938650371282,0.007446358417236383
88,New Construction,Fiberglass blanket,0.5698538442118768,1.1738989190764664
88,New Construction,Flooring and tile - other,0.1581415618399186,0.3011404198937345
88,New Construction,Glass mat gypsum board,0.40846138153092565,0.19320223346412785
88,New Construction,Glazing - other,3.939541726677111,7.712468902610363
88,New Construction,Gypsum board,37.08176674826646,9.047951086577017
88,New Construction,Hollow structural sections HSS,2.0131294623047538,1.477637025331689
88,New Construction,Hot-rolled sections,16.23418209511177,15.71468826806819
88,New Construction,Insulated glass unit IGU,2.697007464039032,3.6139900018123035
88,New Construction,Mineral wool high density,1.6667163759314745,2.98342231291734
88,New Construction,Mineral wool low density,0.06535382104494812,0.09868426977787162
88,New Construction,Mortar and grout,73.79752102544781,13.995776842604839
88,New Construction,Open web joists,10.877123251211975,15.010430086672525
88,New Construction,Paint,0.6981359638478886,1.5781844147667725
88,New Construction,Plate,1.0870004364363846,2.532711016896776
88,New Construction,Polyisocyanurate PIR,4.788426532220607,12.54567751441799
88,New Construction,Ready mix LW 3000,9.75256924827017,3.793749437577094
88,New Construction,Ready mix NW 5000,15.71825435252863,3.536607229318949
88,New Construction,Ready mix NW 6000,462.8693991436869,106.45996180304802
88,New Construction,Rebar and reinforcement,20.91200018760274,39.941920358321234
88,New Construction,Steel - other,0.38142356566135144,0.934487735870311
88,New Construction,Steel door,0.9352559182905983,3.273395714017094
88,New Construction,Steel sheet,0.2215542290825752,1.050167045851407
88,New Construction,Wall coverings,0.04096097680410975,0.8151234384017839
89,New Construction,Air and vapor barriers,1.3728639450637035,2.1279391148487403
89,New Construction,Aluminum sheet,0.9723158712647921,5.464415196508132
89,New Construction,Aluminum storefront or curtain wall,0.8477584739711881,8.477584739711881
89,New Construction,CMU,237.40348727665244,26.589190574985075
89,New Construction,Ceramic tile,2.9185765921544373,0.7646670671444626
89,New Construction,Coatings - other,0.45134195419132317,5.122555616819674
89,New Construction,Cold formed steel framing,3.8881790666957268,10.59393103053315
89,New Construction,Concrete - other,3.5844974226241018,0.573519587619856
89,New Construction,Decking,10.937446847916,28.218612867623275
89,New Construction,Doors and frames - other,0.11054219772325424,0.7992306481074041
89,New Construction,Extruded polystyrene XPS,0.013159426787517949,0.8552780601456947
89,New Construction,Fasteners,0.03182827646695042,0.1593863589728105
89,New Construction,Fiberglass blanket,1.3544599999002562,2.790187599794528
89,New Construction,Glass mat gypsum board,10.708074844450357,5.064919401425019
89,New Construction,Glazing - other,0.10023470020816475,0.15235674431641044
89,New Construction,Gypsum board,11.10839716072564,2.6671447867835254
89,New Construction,Hardwood,3.372507164257052,1.6727685711172458
89,New Construction,Hollow structural sections HSS,7.121237793369676,17.50785463065032
89,New Construction,Hot-rolled sections,6.504376593275171,6.296236542290366
89,New Construction,Insulated glass unit IGU,1.806230342835534,2.8488128517841873
89,New Construction,Mineral wool low density,0.39835318506714035,0.6015133094513819
89,New Construction,Mortar and grout,11.37979153169737,1.5741810541839532
89,New Construction,Open web joists,5.283101796808729,7.290680479596045
89,New Construction,Paint,0.3090909908509627,0.5635932948079896
89,New Construction,Plate,7.7378560711478475,18.029204645774485
89,New Construction,Polyisocyanurate PIR,1.440894543434395,3.775143703798115
89,New Construction,Ready mix NW 3000,408.73164872226437,65.39706379556237
89,New Construction,Ready mix NW 4000,17.902193269275255,3.31769754399117
89,New Construction,Rebar and reinforcement,7.2403470779231975,13.829062918833309
89,New Construction,Softwood framing,0.8123414682046864,0.13647336665838733
89,New Construction,Steel door,0.49205839258983053,1.0818000211960679
89,New Construction,Steel door frame,0.0437602393220339,0.12034065813559322
89,New Construction,Steel sheet,2.5019086101694916,5.829447061694915
89,New Construction,Stucco finish,0.01933476586839017,0.04853026232965932
89,New Construction,Synthetic composites,0.6494021654156525,0.7857766201529395
89,New Construction,TPO,0.703710316354356,2.2448359091703947
89,New Construction,Wood and composites - other,1.6377265557749712,1.981649132487715
9,New Construction,Acoustic ceiling tile fiber,2.2460364347747745,3.0546095512936935
9,New Construction,Adhesives and sealants,0.2533186585313513,0.4150331466677472
9,New Construction,Air and vapor barriers,0.419498962372973,0.6502233916781082
9,New Construction,Aluminum composite panel ACM,2.562930769300901,20.37529961594216
9,New Construction,Aluminum door frame,0.05002649305405406,0.43773181422297297
9,New Construction,Aluminum framed window,0.015859119279279278,0.1387672936936937
9,New Construction,Aluminum sheet,0.0049043462,0.03223187856156757
9,New Construction,Aluminum storefront or curtain wall,0.0030085314270270266,0.03008531427027027
9,New Construction,CMU,27.78903684778919,7.091709182073496
9,New Construction,Ceramic tile,2.1406023788315314,0.6083397753932721
9,New Construction,Coatings - other,0.5014742743450451,9.765007470323772
9,New Construction,Cold formed steel framing,4.695512244636666,12.581370268821392
9,New Construction,Concrete - other,1.1868516018018018,0.18515567421210874
9,New Construction,Doors and frames - other,0.9906053647042342,4.806315435326062
9,New Construction,Expanded polystyrene EPS,0.810344643963964,2.633620092882883
9,New Construction,Extruded polystyrene XPS,0.14190457074594592,9.222883941154691
9,New Construction,Extrusion,2.374231877081982,20.556655805924073
9,New Construction,Fasteners,0.023604984256126126,0.10140264911177838
9,New Construction,Fiberglass blanket,2.312035566964955,5.417520718632769
9,New Construction,Flooring and tile - other,0.012635313785855857,0.01832120498949099
9,New Construction,Glass mat gypsum board,2.366576595044144,1.11939072945588
9,New Construction,Glazing - other,0.5251353682414415,0.6338542519120721
9,New Construction,Gypsum board,90.24202701172928,18.319777278335142
9,New Construction,Hollow structural sections HSS,62.138395389018015,45.60958221553923
9,New Construction,Hot-rolled sections,12.425823888822523,32.05862563316211
9,New Construction,Insulated glass unit IGU,5.911247524549189,9.011803803466325
9,New Construction,Medium density fiberboard MDF,1.0934823396936937,0.7698115671443604
9,New Construction,Mineral wool low density,0.5767728776173874,0.870927045202255
9,New Construction,Mortar and grout,4.688094232207748,1.1432495693260531
9,New Construction,Paint,0.9510179346188288,2.2584775273424413
9,New Construction,Plate,0.9260033864144144,2.389088736949189
9,New Construction,Ready mix NW 4000,489.80790775574775,52.540529950779444
9,New Construction,Ready mix NW 6000,175.22129568675675,29.59936625442406
9,New Construction,Ready mix NW 8000,94.09572613532433,13.907177447674112
9,New Construction,Rebar and reinforcement,28.36033454036288,44.606762852630304
9,New Construction,Resilient flooring vinyl,2.5485581193757656,6.42236646082693
9,New Construction,Softwood framing,0.2270016902798198,0.04335732284344559
9,New Construction,Spray applied cementitious,21.8317714479918,24.888219450710654
9,New Construction,Steel - other,0.08022051754594595,0.20696893526854054
9,New Construction,Steel door,0.1409482656135135,0.31468056860636934
9,New Construction,Steel door frame,0.10658432757657657,0.2931069008355856
9,New Construction,Steel framed window,0.0037684318702702704,0.016543415910486484
9,New Construction,Steel sheet,0.8322973613513514,1.9392528519486487
9,New Construction,Stone tile,6.031048157792792,5.15893071717527
9,New Construction,Stucco finish,5.671833816594595,2.7168083981488107
9,New Construction,Suspension assembly,0.47733601664864866,1.1599265204562164
9,New Construction,Wall coverings,0.03521189035045045,0.7007166179739639
9,New Construction,Wood or composite door,2.732102588045946,2.1363779587980054
90,New Construction,Adhesives and sealants,0.7852754317470034,2.15165468298679
90,New Construction,Air and vapor barriers,1.184618552827164,0.9595410277900029
90,New Construction,Architectural fiber cement panel,30.345703593914223,54.6222664690456
90,New Construction,Coatings - other,0.33837812128087874,6.253584740053148
90,New Construction,Cold formed steel framing,6.0064685420300155,15.423029745641763
90,New Construction,Doors and frames - other,0.3985232560828231,3.125407570804232
90,New Construction,Extrusion,1.2108421014266297,9.09342418171399
90,New Construction,Fasteners,0.000510291415026,0.0029494843788502806
90,New Construction,Gypsum board,61.57381402158248,12.499484246381243
90,New Construction,Hollow structural sections HSS,16.223482961676755,39.89802263586652
90,New Construction,Hot-rolled sections,59.98440129870144,60.81882369289631
90,New Construction,Insulated glass unit IGU,4.280860884301799,5.777902123696659
90,New Construction,Mineral wool low density,12.004142164859228,18.126254668937435
90,New Construction,PVC,2.0210450668281297,6.265239707167203
90,New Construction,Paint,0.3228510809093991,0.7524578237038688
90,New Construction,Plate,0.6366544519771162,1.6425684861009597
90,New Construction,Polyisocyanurate PIR,4.94882362003411,12.767964939688001
90,New Construction,Ready mix NW 4000,2150.683269317584,370.33337312646745
90,New Construction,Rebar and reinforcement,171.8641200659222,330.31577257228633
90,New Construction,Softwood framing,49.69896311388895,8.349425803133345
90,New Construction,Softwood plywood,7.7900670941631835,2.056577712859081
90,New Construction,Steel - other,20.791638134329453,53.64242638656999
90,New Construction,Steel door,1.5885547735482333,3.339316043935195
90,New Construction,Steel door frame,0.017916801411764705,0.04927120388235294
90,New Construction,Steel sheet,3.750565250317753,8.738817033240364
90,New Construction,Synthetic composites,1.5876071705414883,1.9210046763552004
91,New Construction,Aluminum sheet,2.2493306402858577,12.641238198406523
91,New Construction,Coatings - other,0.8803436859961044,17.782942457121308
91,New Construction,Cold formed steel framing,9.276306905238192,23.932871815514535
91,New Construction,Glass mat gypsum board,19.4251394178947,9.188090944664193
91,New Construction,Hot-rolled sections,33.27759409210373,32.212711081156414
91,New Construction,Ready mix LW 4000,309.22687357656844,103.28177577457369
91,New Construction,Rebar and reinforcement,10.649936196044438,20.341378134444877
92,New Construction,Acoustic ceiling tile fiber,0.8128970996365824,1.1055400555057522
92,New Construction,Adhesives and sealants,0.09458804646111454,0.2471743578444325
92,New Construction,Air and vapor barriers,0.5659737339412512,1.482851182926078
92,New Construction,Aluminum door frame,0.06537617374634491,0.5720415202805178
92,New Construction,Aluminum framed window,0.345263919370821,3.608439018042638
92,New Construction,Architectural fiber cement panel,0.3718931212502225,0.23987106320639354
92,New Construction,CMU,9.650184455974058,1.0808206590690947
92,New Construction,Ceramic tile,1.6695227228519902,0.43741495338722136
92,New Construction,Coatings - other,0.024894694053708807,0.03385678391304397
92,New Construction,Cold formed steel framing,0.39633705570094707,1.0225496037084434
92,New Construction,Concrete - other,2.6132675029223136,0.5879851881575215
92,New Construction,Decking,0.21134258045677842,0.5452638575784882
92,New Construction,Doors and frames - other,0.9205685725214118,6.952520838004518
92,New Construction,EPDM,0.04326206243206372,0.13930384103124518
92,New Construction,Extrusion,1.198120417563127,10.608741835990767
92,New Construction,Fasteners,0.06797925465699645,0.38625001613258847
92,New Construction,Fiberglass blanket,4.381975606621215,9.026869749639705
92,New Construction,Glass mat gypsum board,14.039781408481346,6.6408166062116765
92,New Construction,Gypsum board,62.727708418390144,12.740714522028698
92,New Construction,Hardwood,0.27555195708303626,0.2865740353663577
92,New Construction,Hollow structural sections HSS,1.4652342795959976,3.3702417090767844
92,New Construction,Hot-rolled sections,0.861238205577276,0.8336785829988032
92,New Construction,Insulated glass unit IGU,4.555173421610013,5.613882500571078
92,New Construction,Mortar and grout,11.933585665403461,2.2755863702647323
92,New Construction,Other,0.049963194191058824,0.11641424246516706
92,New Construction,Paint,0.7964432724365185,1.832836387009395
92,New Construction,Polyisocyanurate PIR,1.7163636669835882,4.496872807497002
92,New Construction,Ready mix NW 4000,449.69803593448165,83.33962475525675
92,New Construction,Rebar and reinforcement,12.212415956810515,11.406396503661023
92,New Construction,Roll formed metal panel aluminum,2.0038036530527648,12.94457159872086
92,New Construction,Softwood framing,30.985298786964645,5.205530196210061
92,New Construction,Softwood plywood,11.574134327751134,3.0555714625262995
92,New Construction,Steel - other,1.4168267502365548,3.655413015610311
92,New Construction,Steel door,4.042539163482353,13.956212178601412
92,New Construction,Steel door frame,0.052368704,0.144013936
92,New Construction,Steel sheet,0.9947895328963176,2.3178596116484194
92,New Construction,Suspension assembly,0.17275991491327747,0.4198065932392643
92,New Construction,TPO,0.9828625805866552,3.0960171288479637
92,New Construction,Wood I joists,6.132419278661647,2.8209128681843567
93,New Construction,Adhesives and sealants,0.21700397521201303,0.5945908920809158
93,New Construction,Air and vapor barriers,0.8525059911118913,1.3229184764339226
93,New Construction,Aluminum - other,0.5507448751394437,3.095186198283674
93,New Construction,Aluminum door,0.030238107455424733,0.11853338122526495
93,New Construction,Aluminum sheet,0.007254291682494443,0.040769119255618776
93,New Construction,Coatings - other,0.11835010451104276,1.9991662184243255
93,New Construction,Cold formed steel framing,1.9609141874460254,4.810150704177173
93,New Construction,Decking,0.9850748765974731,2.5414931816214796
93,New Construction,Doors and frames - other,0.03552090074017656,0.2518470222790301
93,New Construction,Extruded polystyrene XPS,0.10243232688841528,0.2734943127920688
93,New Construction,Extrusion,2.11397923935118,15.875984087527359
93,New Construction,Fasteners,0.008153745455475227,0.04186725928812589
93,New Construction,Glass mat gypsum board,4.625508666156287,2.187865599091924
93,New Construction,Gypsum board,4.511041854013689,1.0829140553166732
93,New Construction,Hollow structural sections HSS,5.082914872823905,12.453141438418566
93,New Construction,Hot-rolled sections,3.202590982776846,3.1606366272501933
93,New Construction,Insulated glass unit IGU,8.688154296388976,9.870543237123357
93,New Construction,Mineral wool high density,2.3124413553083856,4.139270026002011
93,New Construction,Mineral wool low density,0.07228910689660678,0.10915655141387623
93,New Construction,Mortar and grout,0.24618350762907593,0.06056114287675267
93,New Construction,Oriented strand board OSB,2.4763646645237847,0.9707349484933236
93,New Construction,Other,0.42245932636359135,1.1997844868725995
93,New Construction,PVC,0.5584980706815614,1.7313440191128404
93,New Construction,Paint,0.06690352178734718,0.1605684522896332
93,New Construction,Plate,0.3501870644527742,0.8159358601749639
93,New Construction,Ready mix NW 4000,586.8439185400166,59.67740981441251
93,New Construction,Ready mix NW 5000,666.4311832004526,135.95196137289227
93,New Construction,Ready mix unknown,226.75591455141372,38.67295529003949
93,New Construction,Rebar and reinforcement,130.16258886646588,248.62398033198397
93,New Construction,Roll formed metal panel aluminum,0.15671119048696222,0.8807168905367277
93,New Construction,Roll formed metal panel steel,0.054000299043941186,0.12582069677238297
93,New Construction,Steel - other,0.10763254045517065,0.4645612292571852
93,New Construction,Steel door,0.1176086210612057,0.28149693324182323
93,New Construction,Steel door frame,0.002146421264516129,0.005902658477419356
93,New Construction,Stone masonry,7.0706067594912465,2.170676275163813
93,New Construction,Stucco finish,8.717048070179295,4.175466025615881
93,New Construction,Terracotta units,4.5375315084825205,1.3113466059514483
94,New Construction,Adhesives and sealants,0.15221468649398356,0.04624715344558684
94,New Construction,Air and vapor barriers,0.05646528328916929,0.04573687946422712
94,New Construction,Aluminum door,0.05878763422317909,0.23935485085664382
94,New Construction,Aluminum sheet,0.004957957496011475,0.035184539464465384
94,New Construction,Architectural fiber cement panel,0.8963850962256441,1.622457024168416
94,New Construction,Built up roofing,0.051585736510062256,0.2899118391865499
94,New Construction,CMU,6.540146869790991,0.732496449416591
94,New Construction,Carpet,0.042025249507853406,0.1756655429428272
94,New Construction,Ceramic tile,1.758766671574195,0.4778314682731157
94,New Construction,Coatings - other,0.037501213014576804,0.6752431788289817
94,New Construction,Cold formed steel framing,1.9891538654712007,4.973759660354215
94,New Construction,Concrete - other,16.989580221072476,2.415753563571882
94,New Construction,Decking,0.3976489159388056,0.955545876757774
94,New Construction,Doors and frames - other,0.3226463432933754,2.2325904884520034
94,New Construction,Extruded polystyrene XPS,0.11111752595095398,7.2219241444213385
94,New Construction,Extrusion,0.4840119871823845,4.672480866468038
94,New Construction,Fasteners,0.017732047858064162,0.0912367307669287
94,New Construction,Fiberglass blanket,1.795745090030809,3.6992348854634667
94,New Construction,Flooring and tile - other,0.03010253057340314,0.1667680193766534
94,New Construction,Glass mat gypsum board,1.322524923701536,0.6255542889108264
94,New Construction,Glazing - other,0.06412113598755173,0.09804070982083693
94,New Construction,Glue laminated timber GLT,0.08260093223887288,0.030644945860621844
94,New Construction,Gypsum board,55.31895232292079,11.479112005890789
94,New Construction,Hollow structural sections HSS,2.9213707696989335,6.814525053531946
94,New Construction,Hot-rolled sections,1.1598216277954811,2.4374117177993875
94,New Construction,Insulated glass unit IGU,2.0066598291242594,2.6917022037062774
94,New Construction,Intumescent,0.0064075733974697366,0.01621116069559843
94,New Construction,Laminated veneer lumber LVL,0.830484148215745,0.30727913483982566
94,New Construction,Mortar and grout,8.202600360294651,1.4320091004262947
94,New Construction,Open web joists,0.015552914468565172,0.021463021966619936
94,New Construction,Other,0.2980401458886302,0.791250668874124
94,New Construction,Paint,0.3044623622093842,0.7293454410837502
94,New Construction,Plate,0.08428664542970388,0.13974730111761346
94,New Construction,Precast,4.106425621210356,0.6821941608167742
94,New Construction,Ready mix LW 3000,2.505673050551091,0.9747068166643728
94,New Construction,Ready mix LW 4000,2.459816475826534,0.8215787029260649
94,New Construction,Ready mix LW 5000,2.1233138609536315,0.7941193839966576
94,New Construction,Ready mix NW 4000,84.77714549523486,15.711199357837625
94,New Construction,Ready mix NW 5000,374.21316789226324,84.19796277575925
94,New Construction,Rebar and reinforcement,31.97338985315992,61.07895055086833
94,New Construction,Resilient flooring vinyl,1.6556391815371705,2.284782070521294
94,New Construction,Roll formed metal panel aluminum,0.0157175227409209,0.10153519690634903
94,New Construction,Roll formed metal panel steel,0.00411868715709889,0.009596541076040414
94,New Construction,Softwood framing,9.010314638393869,1.5137328592501698
94,New Construction,Softwood plywood,7.875389907229244,2.0791029355085207
94,New Construction,Steel - other,0.9799260958481539,2.1970369259234577
94,New Construction,Steel door,0.6531678231417721,2.207473040992973
94,New Construction,Steel door frame,0.023920175680000003,0.06578048312
94,New Construction,Steel framed window,0.029890864048586388,0.13122089317329425
94,New Construction,Steel sheet,0.35928793029978656,1.0436949245887714
94,New Construction,Stucco finish,4.001723845084671,2.088661880462677
94,New Construction,Synthetic composites,0.10422290080779757,0.3038812795769858
94,New Construction,TPO,0.1499371677672442,0.478299565177509
94,New Construction,Vinyl framed window,0.26441745759162305,0.7086387863455498
94,New Construction,Wall coverings,0.01911934899504176,0.009387600356565502
94,New Construction,Wood I joists,5.260593091533774,2.4198728221055363
94,New Construction,Wood door frame,0.132775667434555,0.584212936712042
94,New Construction,Wood or composite door,1.1718105387927475,0.3699637506789573
95,New Construction,Acoustic ceiling tile fiber,0.23367310120125054,0.3177954176337008
95,New Construction,Air and vapor barriers,0.8592266743521074,1.7442301489347785
95,New Construction,Aluminum door,0.7239855655535483,4.499960386949884
95,New Construction,Aluminum framed window,0.07176711285578474,0.5460390227555292
95,New Construction,CMU,147.59052083045697,16.53013833301118
95,New Construction,Ceramic tile,0.06985280173885097,0.018301434055578956
95,New Construction,Coatings - other,0.3124867191613551,5.903267659831072
95,New Construction,Cold formed steel framing,4.306383494498978,10.550639561522496
95,New Construction,Concrete - other,1.189770808651312,0.1856110872659101
95,New Construction,Decking,14.129996688435774,35.99282100971142
95,New Construction,Doors and frames - other,0.5544080566343226,3.4446288033821006
95,New Construction,Expanded polystyrene EPS,2.567571473946301,8.344607290325477
95,New Construction,Extrusion,0.3651847368979237,2.7425373741034065
95,New Construction,Fasteners,0.2591519631459435,1.0552201820791216
95,New Construction,Fiberglass blanket,1.3803509663446096,2.843522990669896
95,New Construction,Glass mat gypsum board,0.02880479408278484,0.013624667601157226
95,New Construction,Gypsum board,22.094753387773892,5.351429369647492
95,New Construction,Hot-rolled sections,21.01012844748305,20.33780433716359
95,New Construction,Insulated glass unit IGU,0.924579472377418,1.23893649298574
95,New Construction,Mortar and grout,184.8419317271452,34.957332476178124
95,New Construction,Other,0.0031753316311731398,0.009017941832531715
95,New Construction,Paint,0.5552230664038084,1.3760374198300571
95,New Construction,Ready mix NW 3000,119.66190510926667,18.667945246377645
95,New Construction,Ready mix NW 4000,341.28571069925874,64.61503107581828
95,New Construction,Ready mix NW 5000,222.47211289017042,50.91594186139817
95,New Construction,Rebar and reinforcement,21.23163083481664,39.936338143817146
95,New Construction,Roll formed metal panel steel,6.115182594734992,14.248375445732528
95,New Construction,Roofing and waterproofing - other,0.471732291801157,0.45569339387991764
95,New Construction,Softwood plywood,0.2658001401659166,0.07017123700380197
95,New Construction,Steel - other,6.667488681673369,17.20212079871729
95,New Construction,Steel door,1.2868486229677418,3.614754144046452
95,New Construction,Steel door frame,0.0673075310107527,0.1850957102795699
95,New Construction,Steel sheet,0.8343444984946226,1.94402268149247
95,New Construction,Stucco finish,0.03275998035829204,0.015692030591621893
95,New Construction,Suspension assembly,0.04966107653612925,0.12067641598279408
95,New Construction,Wood or composite door,0.436596338043871,0.16023085606210064
96,New Construction,Acoustic ceiling tile fiber,1.07822819216,1.4663903413376
96,New Construction,Adhesives and sealants,0.21721674696,0.09883361986679999
96,New Construction,Aluminum door frame,0.0417844224,0.365613696
96,New Construction,Aluminum storefront or curtain wall,2.8563666906064,28.563666906064
96,New Construction,Architectural fiber cement panel,10.12797809832,18.3316403579592
96,New Construction,Carpet,0.63273945776,2.6448509334368
96,New Construction,Coatings - other,0.054678088435199994,0.6222782179783201
96,New Construction,Cold formed steel framing,1.5129330144504,3.862923822256856
96,New Construction,Cross laminated timber CLT,64.93087082160001,24.0893530748136
96,New Construction,Decking,0.2568352404,0.6626349202320001
96,New Construction,Doors and frames - other,1.336822501288,3.06767809595544
96,New Construction,EPDM,1.04976235064,3.6426753567207997
96,New Construction,Extrusion,4.342959143912,32.96003134647872
96,New Construction,Fasteners,0.1995026743848,0.8808569698433439
96,New Construction,Fiberglass blanket,0.557538842552,1.14853001565712
96,New Construction,Flooring and tile - other,0.031636972888,0.17526882979952
96,New Construction,Glass mat gypsum board,7.1458512145599995,3.37998762448688
96,New Construction,Glazing - other,0.977124993808,1.57892908666816
96,New Construction,Glue laminated timber GLT,36.395225780240004,13.50262876446904
96,New Construction,Gypsum board,71.77088497364,14.569489649648922
96,New Construction,Hollow structural sections HSS,6.198236098472,15.1856784412564
96,New Construction,Hot-rolled sections,9.1278232836,8.8357329385248
96,New Construction,Insulated glass unit IGU,6.368266032959999,8.5334764841664
96,New Construction,Insulation - other,4.7554587135999995,26.345241273344
96,New Construction,Mineral wool high density,3.13798816376,5.6169988131304
96,New Construction,Paint,0.0399572790608,0.09589746974592
96,New Construction,Polyisocyanurate PIR,3.1785172888,7.978078394888
96,New Construction,Ready mix LW 3000,26.971800864000002,6.777109018786421
96,New Construction,Ready mix NW 3000,150.85501503999998,21.86799162120939
96,New Construction,Ready mix NW 4000,1214.837855704,201.84944418684458
96,New Construction,Ready mix NW 6000,235.82941837599998,46.340845059408686
96,New Construction,Rebar and reinforcement,46.65554197424,89.1120851707984
96,New Construction,Roll formed metal panel steel,0.028104282904,0.06548297916632
96,New Construction,Steel - other,0.009836499016,0.02537816746128
96,New Construction,Steel sheet,0.4093870228,0.953871763124
96,New Construction,Suspension assembly,0.229149065536,0.55683222925248
96,New Construction,Wood door frame,0.06022848,0.265005312
97,New Construction,Acoustic ceiling tile fiber,0.04433718994046075,0.1474186151902077
97,New Construction,Adhesives and sealants,0.1033355077810477,0.10685458487982262
97,New Construction,Air and vapor barriers,0.01919370339025745,0.04258441476622289
97,New Construction,Aluminum - other,0.1910413017602608,1.0736521158926657
97,New Construction,Aluminum composite panel ACM,0.010737539379995255,0.08536343807096226
97,New Construction,Aluminum door,0.005680025506285715,0.03697696604592
97,New Construction,Aluminum door frame,0.1222946494107133,1.0700781823437413
97,New Construction,Aluminum framed window,0.31925306385628766,3.2073751188863118
97,New Construction,Aluminum sheet,0.00028449457645026257,0.0015988595196504756
97,New Construction,Architectural fiber cement panel,0.23035974121987773,0.14858203308682116
97,New Construction,CMU,2.259337700289623,0.2530458224324378
97,New Construction,Carpet,0.2533115966727324,1.3569309086778063
97,New Construction,Ceramic tile,1.235753294397247,0.32486109446320866
97,New Construction,Closed cell spray polyurethane foam,0.03352506481608343,0.11901398009709618
97,New Construction,Coatings - other,0.05246792669546336,0.9621164152300562
97,New Construction,Cold formed steel framing,8.395711954433674,20.570946375205388
97,New Construction,Concrete - other,6.079229473880676,0.8700238430837217
97,New Construction,Decking,0.027710775606792658,0.07149380106552507
97,New Construction,Doors and frames - other,0.10577314854821865,0.64747082591359
97,New Construction,Expanded polystyrene EPS,0.18354168698133874,0.5965104826893508
97,New Construction,Extruded polystyrene XPS,0.38878223000886003,25.26834313303797
97,New Construction,Extrusion,1.266781828961221,9.71015595221526
97,New Construction,Fasteners,0.0069258679959216885,0.0339347742793446
97,New Construction,Fiberglass blanket,0.011065193352918943,0.026003204379359515
97,New Construction,Flooring and tile - other,0.011586391035019876,0.0641886063340101
97,New Construction,GFRC general,0.029277253198612574,0.016746588829606394
97,New Construction,Glass mat gypsum board,1.6090175821171842,0.761065316341428
97,New Construction,Glazing - other,0.0007995772003149057,0.0012153573444786566
97,New Construction,Gypsum board,88.25694385449745,17.91743386046117
97,New Construction,Hollow structural sections HSS,0.5572988731050496,1.4378310926110278
97,New Construction,Hot-rolled sections,0.283447198640145,0.7290061874105223
97,New Construction,Insulated glass unit IGU,2.4130131518230247,3.2330902038033686
97,New Construction,Laminated veneer lumber LVL,0.00158832258581098,0.0005876793567500626
97,New Construction,Loose-fill cellulose,0.0019164440579252772,0.00036029148288995203
97,New Construction,Modified bitumen,0.11928409292516459,0.09805152438448529
97,New Construction,Mortar and grout,3.1102135334108696,0.6685516943652726
97,New Construction,Other,0.028505750153983378,0.08095633043731279
97,New Construction,PVC,0.7544117566923828,2.338676445746387
97,New Construction,Paint,0.1596037716876525,0.38201686709083527
97,New Construction,Polyisocyanurate PIR,0.05265173013928426,0.13215584264960348
97,New Construction,Precast,86.70201215787658,13.872321945260257
97,New Construction,Ready mix NW 3000,773.7663914126783,107.55352840636246
97,New Construction,Ready mix NW 4000,38.657335903410825,6.441246203720029
97,New Construction,Ready mix NW 5000,121.87950218691967,23.158147914133323
97,New Construction,Ready mix NW 8000,18.148950696110038,3.9201733503597684
97,New Construction,Rebar and reinforcement,43.51482846987242,83.11332237745631
97,New Construction,Resilient flooring vinyl,0.0670735314914818,0.1710109067943847
97,New Construction,Roll formed metal panel aluminum,0.002780314149500863,0.017960829405775577
97,New Construction,Softwood plywood,2.00582560127997,0.5295379587379122
97,New Construction,Spray applied cementitious,0.015844279083268145,0.018062478154925683
97,New Construction,Steel - other,0.21102216750997738,0.5090033336252566
97,New Construction,Steel door,0.06898306866953142,0.16265735347542584
97,New Construction,Steel door frame,0.0011176817159682829,0.003073624718912778
97,New Construction,Steel framed window,0.021390261366857143,0.09390324740050286
97,New Construction,Steel sheet,0.0126490632611832,0.04129167850687569
97,New Construction,Stone masonry,0.237740410401356,0.13265914900395664
97,New Construction,Stucco finish,0.7942968523119011,0.3804681922574006
97,New Construction,Suspension assembly,0.01775344293952133,0.043140866343036835
97,New Construction,Synthetic composites,0.8920948674460888,5.040336001070402
97,New Construction,TPO,0.19167046519799752,0.6037619653736922
97,New Construction,Wall coverings,0.0028709362655083255,0.0014096297063645878
97,New Construction,Wood framed window,0.0034134277589285716,0.015019082139285714
97,New Construction,Wood or composite door,0.7322998514189124,0.25104827004624547
98,New Construction,Acoustic ceiling tile fiber,1.0268855222046875,2.010259971553825
98,New Construction,Adhesives and sealants,0.536707270233925,1.3977961924589943
98,New Construction,Aluminum door,0.020709414802285678,0.08325184750518842
98,New Construction,Aluminum door frame,0.08024105472857143,0.702109228875
98,New Construction,Aluminum framed window,0.03194340285714286,0.3897095148571429
98,New Construction,Aluminum sheet,0.02139252561924086,0.12022599398013362
98,New Construction,Brick clay,28.653376410240746,8.280825782559575
98,New Construction,Carpet,0.2213654105992184,0.9743230497743613
98,New Construction,Ceramic tile,0.6346715593006236,0.18342008063788018
98,New Construction,Coatings - other,0.1581440389007257,0.44039425388029635
98,New Construction,Cold formed steel framing,4.643891607261264,11.377534437790098
98,New Construction,Concrete - other,25.163098327035517,3.5812669641051924
98,New Construction,Decking,5.455601782775234,14.075452599560105
98,New Construction,Doors and frames - other,0.20890340524770223,1.3901360460211805
98,New Construction,Expanded polystyrene EPS,0.7155537251948654,2.3255496068833126
98,New Construction,Fasteners,0.010793185818877764,0.05664614214805941
98,New Construction,Flooring and tile - other,0.3571625932240057,0.7954931443877917
98,New Construction,Glass mat gypsum board,2.54256382542157,1.2026326894244026
98,New Construction,Glazing - other,0.04810576406333706,0.05291634046967076
98,New Construction,Glue laminated timber GLT,6.790703529716318,2.519351009524754
98,New Construction,Gypsum board,35.4479225771842,7.799061558539213
98,New Construction,Hardwood,7.59642166062027,6.781731765460685
98,New Construction,Heavy timber framing,4.3150193547476645,0.8198536774020566
98,New Construction,Hollow structural sections HSS,4.904027245803959,12.630804662761026
98,New Construction,Hot-rolled sections,40.32854035642581,39.03802706502018
98,New Construction,Insulated glass unit IGU,5.618307945886315,7.528532647487661
98,New Construction,Laminated strand lumber LSL,2.4035826909422715,0.9422044148493703
98,New Construction,Mineral wool low density,2.7772550383233146,4.193655107868205
98,New Construction,Mortar and grout,6.042865899639751,0.7338381673546079
98,New Construction,Oriented strand board OSB,3.1395584908818073,1.2307069284256684
98,New Construction,Other,0.011211970398756892,0.03184199593246957
98,New Construction,Paint,0.3476150482757708,0.8364854587066459
98,New Construction,Polyisocyanurate PIR,0.24831835674331124,0.6492873673174181
98,New Construction,Ready mix LW 5000,1.7615512516859109,0.5795503618046642
98,New Construction,Ready mix NW 3000,1.1623977524380358,0.1197269685011175
98,New Construction,Ready mix NW 4000,0.3394471427879393,0.0389229931211675
98,New Construction,Ready mix NW 5000,883.2635891095255,121.89037529711455
98,New Construction,Rebar and reinforcement,24.726837576030352,46.42551280107668
98,New Construction,Roll formed metal panel steel,0.17145979000693284,0.3995013107161536
98,New Construction,Roofing and waterproofing - other,1.1236072026519786,0.8854024756897589
98,New Construction,Softwood plywood,0.4810317939785638,0.1269923936103409
98,New Construction,Spray applied cementitious,9.939422939304476,11.330942150807102
98,New Construction,Steel - other,0.8792879201086492,2.7185231870845334
98,New Construction,Steel door,0.2672441383217143,0.78076217653704
98,New Construction,Steel door frame,0.0046757771428571435,0.012858387142857143
98,New Construction,Steel sheet,1.0257524030487433,2.4433184118275717
98,New Construction,Stone tile,0.38994334830736427,0.21758838835550928
98,New Construction,Stucco finish,7.389308288637643,3.539478670257431
98,New Construction,Suspension assembly,0.509072185706519,1.2370454112668412
98,New Construction,Synthetic composites,0.3103147829620471,1.4522731842623806
98,New Construction,Wall coverings,0.02904292141397625,0.088733386281916
98,New Construction,Wood and composites - other,0.37479496901173215,0.16640896624120907
98,New Construction,Wood door frame,0.0028302857142857144,0.012453257142857143
98,New Construction,Wood framed window,0.11755755708705357,0.5172532511830358
98,New Construction,Wood or composite door,1.314257817127622,0.5109550414337218
