project_index,bldg_proj_type,mat_group,mui,eci,bldg_prim_use_recat
1,New Construction,Acoustic ceilings,4.49532824446899,8.7450928173031,Residential: Multifamily (5 or more units)
1,New Construction,Adhesives and sealants,0.0872588851780618,0.2286555204494854,Residential: Multifamily (5 or more units)
1,New Construction,Air and vapor barriers,0.0842328030853608,0.1809584646060845,Residential: Multifamily (5 or more units)
1,New Construction,Aluminum,4.363677871539835,27.315811938265565,Residential: Multifamily (5 or more units)
1,New Construction,Cladding,1.622682350686598,12.887487346500166,Residential: Multifamily (5 or more units)
1,New Construction,Coatings,0.547523960314433,2.1359440892412924,Residential: Multifamily (5 or more units)
1,New Construction,Concrete,1440.561578358901,262.06564897177185,Residential: Multifamily (5 or more units)
1,New Construction,Doors and frames,2.32544135900334,4.792191619191808,Residential: Multifamily (5 or more units)
1,New Construction,Flooring and tile,1.2183878504172372,3.1041414870408226,Residential: Multifamily (5 or more units)
1,New Construction,Glazing,2.1574247498694845,3.675739883568387,Residential: Multifamily (5 or more units)
1,New Construction,Gypsum,33.01904050609588,7.134760486393564,Residential: Multifamily (5 or more units)
1,New Construction,Insulation,2.0672497352271546,8.125065085885197,Residential: Multifamily (5 or more units)
1,New Construction,Masonry,27.92362227030431,4.3724303712847465,Residential: Multifamily (5 or more units)
1,New Construction,Other metals,0.004101929614701,0.0216577307139981,Residential: Multifamily (5 or more units)
1,New Construction,Roofing and waterproofing,0.7075475541920206,1.2512442965049757,Residential: Multifamily (5 or more units)
1,New Construction,Steel,56.37784696007549,113.95594355126654,Residential: Multifamily (5 or more units)
1,New Construction,Windows and frames,0.4352947302068041,4.756791332817954,Residential: Multifamily (5 or more units)
1,New Construction,Wood and composites,0.1170984943484536,0.0534892122468577,Residential: Multifamily (5 or more units)
100,New Construction,Acoustic ceilings,5.12283368933849,25.465078960804323,Education
100,New Construction,Adhesives and sealants,0.0479262131059591,0.1232280113899277,Education
100,New Construction,Air and vapor barriers,0.9643424315002448,1.732216080847302,Education
100,New Construction,Aluminum,1.8499151595661636,15.398226547253511,Education
100,New Construction,Applied fireproofing,45.88887519416082,52.31331772134333,Education
100,New Construction,Cladding,1.709378730332245,4.215318189096588,Education
100,New Construction,Coatings,0.8857266470945715,3.4207653507708757,Education
100,New Construction,Concrete,679.3190642493129,116.79550136417907,Education
100,New Construction,Doors and frames,0.9516211213659592,2.5911569807502466,Education
100,New Construction,Flooring and tile,0.0514133517900408,0.2714554545265649,Education
100,New Construction,Glazing,7.716137542501429,9.129959909541142,Education
100,New Construction,Gypsum,49.43087245319061,11.535583091694216,Education
100,New Construction,Insulation,12.281194822387183,171.28547382072048,Education
100,New Construction,Masonry,0.0110013674297959,0.005901504527784,Education
100,New Construction,Other,0.0021527200991836,0.0061137250816816,Education
100,New Construction,Other metals,0.0043695025530612,0.0229293256271097,Education
100,New Construction,Roofing and waterproofing,0.6362924365771429,1.5371513586692491,Education
100,New Construction,Steel,122.9868545419582,238.31989307817207,Education
100,New Construction,Wood and composites,3.0119352460285715,1.2434677609901388,Education
102,New Construction,Acoustic ceilings,2.693538837728375,7.444593783544226,Public Assembly
102,New Construction,Adhesives and sealants,0.1646647759695,0.2038609547538675,Public Assembly
102,New Construction,Air and vapor barriers,0.48836482310725,0.8679988169752699,Public Assembly
102,New Construction,Aluminum,0.829233422848375,6.206823273384063,Public Assembly
102,New Construction,Applied fireproofing,35.63211625380375,40.62061252933628,Public Assembly
102,New Construction,Cladding,0.2350732660675,1.4790308061146626,Public Assembly
102,New Construction,Coatings,0.445451008356875,2.711435275279721,Public Assembly
102,New Construction,Concrete,871.6506310315588,144.97866228355065,Public Assembly
102,New Construction,Doors and frames,0.831095049835,1.9345815535260924,Public Assembly
102,New Construction,Flooring and tile,5.34318627421875,3.977062046775068,Public Assembly
102,New Construction,Glazing,2.00023159773625,2.6082805019444963,Public Assembly
102,New Construction,Gypsum,36.8642938595625,11.6591517663228,Public Assembly
102,New Construction,Insulation,10.158615138972126,87.35065176636755,Public Assembly
102,New Construction,Masonry,104.115684890715,15.304042112412212,Public Assembly
102,New Construction,Other metals,0.0457791050725,0.192484458046545,Public Assembly
102,New Construction,Roofing and waterproofing,2.35508381365125,2.1321762547891274,Public Assembly
102,New Construction,Steel,123.30514622971874,205.11386871259936,Public Assembly
102,New Construction,Wood and composites,0.019581096125,0.005169409377,Public Assembly
105,New Construction,Acoustic ceilings,46.10276875,2.71310625,Education
105,New Construction,Aluminum,1.90383125,14.770968749999998,Education
105,New Construction,Cladding,0.276075,1.04581875,Education
105,New Construction,Coatings,0.84485625,1.630575,Education
105,New Construction,Concrete,790.0046249999999,103.89411875,Education
105,New Construction,Doors and frames,2.9445062500000003,9.136475,Education
105,New Construction,Flooring and tile,3.80656875,3.71119375,Education
105,New Construction,Glazing,8.020468750000001,14.8380125,Education
105,New Construction,Gypsum,55.407625,18.90578125,Education
105,New Construction,Insulation,18.50735625,44.43435624999999,Education
105,New Construction,Masonry,2.5635875,0.32433125,Education
105,New Construction,Other,11.8417625,10.75583125,Education
105,New Construction,Roofing and waterproofing,8.22479375,17.3517875,Education
105,New Construction,Steel,137.97399375,259.71784375,Education
105,New Construction,Synthetic composites,0.5390312500000001,0.34706875,Education
105,New Construction,Windows and frames,0.02609375,0.2167374999999999,Education
105,New Construction,Wood and composites,3.61754375,1.63465625,Education
106,New Construction,Acoustic ceilings,1.5219606657216396,2.35529962929392,Public Assembly
106,New Construction,Air and vapor barriers,0.3821509952188441,0.7757665202942533,Public Assembly
106,New Construction,Applied fireproofing,14.699325565600788,16.757231144784896,Public Assembly
106,New Construction,Coatings,0.9711798857240658,1.810128673481488,Public Assembly
106,New Construction,Concrete,1355.7601376547248,204.59815998493585,Public Assembly
106,New Construction,Doors and frames,2.6116156004396243,6.396996752802997,Public Assembly
106,New Construction,Glazing,8.380481633477824,11.470789810992404,Public Assembly
106,New Construction,Gypsum,54.54109937533004,15.544415390734851,Public Assembly
106,New Construction,Insulation,4.687383288977687,11.329089339710194,Public Assembly
106,New Construction,Other metals,0.8250679336377449,4.668074932595861,Public Assembly
106,New Construction,Roofing and waterproofing,8.661596857512656,5.515120589099774,Public Assembly
106,New Construction,Steel,91.5067375322009,166.78945698030802,Public Assembly
106,New Construction,Synthetic composites,2.521481305535552,3.519329600050962,Public Assembly
106,New Construction,Wood and composites,144.83663139477034,58.24328272222231,Public Assembly
109,New Construction,Acoustic ceilings,0.3022400952318033,0.6191146251708558,Public Assembly
109,New Construction,Adhesives and sealants,0.0277472312426229,0.0707414038654516,Public Assembly
109,New Construction,Air and vapor barriers,0.4467973172950819,0.3555888022682787,Public Assembly
109,New Construction,Aluminum,1.21972844841459,7.378391504878549,Public Assembly
109,New Construction,Cladding,5.19900927559082,22.05806992844177,Public Assembly
109,New Construction,Coatings,1.565272101092131,12.83602055587764,Public Assembly
109,New Construction,Concrete,1055.6697106023116,218.7212145395075,Public Assembly
109,New Construction,Doors and frames,0.5416335646896722,2.3323461542782264,Public Assembly
109,New Construction,Flooring and tile,0.1963151470737704,0.4607679891783442,Public Assembly
109,New Construction,Glazing,2.911328825191803,3.5596201357263606,Public Assembly
109,New Construction,Gypsum,14.5869301323,3.2720938664679573,Public Assembly
109,New Construction,Insulation,4.841273863967213,295.4947829391786,Public Assembly
109,New Construction,Masonry,93.17554103259688,13.125959173603038,Public Assembly
109,New Construction,Other metals,0.5229679000081967,3.022754462047377,Public Assembly
109,New Construction,Roofing and waterproofing,3.8037250146229504,3.4187446647816397,Public Assembly
109,New Construction,Steel,204.37755200096933,358.3446241819777,Public Assembly
109,New Construction,Windows and frames,0.0016460709540983,0.0164607095409836,Public Assembly
109,New Construction,Wood and composites,0.11014576276,0.0477478040773168,Public Assembly
11,New Construction,Acoustic ceilings,0.6241141297017544,0.965843475086228,Office
11,New Construction,Aluminum,2.8810885213378947,25.35550249853168,Office
11,New Construction,Cladding,0.2280024707542982,0.1718386522539596,Office
11,New Construction,Coatings,0.3201075520530702,1.136326990850121,Office
11,New Construction,Concrete,1316.688755491558,183.54459509759727,Office
11,New Construction,Doors and frames,1.58816957348693,2.6827032811260176,Office
11,New Construction,Flooring and tile,0.5146745444736842,0.1348447306521052,Office
11,New Construction,Glazing,7.1431081707964905,9.24817450498271,Office
11,New Construction,Gypsum,23.45552037565342,4.761746410034844,Office
11,New Construction,Insulation,1.2380542767933334,3.477486900100407,Office
11,New Construction,Masonry,77.62468147059562,11.833839949297602,Office
11,New Construction,Other,0.0105423659070175,0.0299403191759298,Office
11,New Construction,Other metals,0.0021990367592982,0.0092348065932342,Office
11,New Construction,Steel,102.56181832375668,198.92138836748475,Office
110,New Construction,Acoustic ceilings,1.0794782353580246,1.6705390256282222,Residential: Multifamily (5 or more units)
110,New Construction,Adhesives and sealants,0.0647780547061111,0.0331315730181685,Residential: Multifamily (5 or more units)
110,New Construction,Air and vapor barriers,0.4811040471529012,0.5303797159431722,Residential: Multifamily (5 or more units)
110,New Construction,Aluminum,2.6054724409201238,17.29578342158851,Residential: Multifamily (5 or more units)
110,New Construction,Applied fireproofing,1.8364560447111111,2.0935598909706665,Residential: Multifamily (5 or more units)
110,New Construction,Cladding,5.743011539403765,8.490564513493108,Residential: Multifamily (5 or more units)
110,New Construction,Coatings,0.9429998933214816,3.685854003575775,Residential: Multifamily (5 or more units)
110,New Construction,Concrete,941.2605698251816,161.65170330306012,Residential: Multifamily (5 or more units)
110,New Construction,Doors and frames,4.204726055495865,14.227594032573096,Residential: Multifamily (5 or more units)
110,New Construction,Flooring and tile,2.566144539738642,4.551006778010735,Residential: Multifamily (5 or more units)
110,New Construction,Glazing,1.816193487103704,2.437302582160074,Residential: Multifamily (5 or more units)
110,New Construction,Gypsum,70.16638039375309,15.12935713485405,Residential: Multifamily (5 or more units)
110,New Construction,Insulation,2.716646576725741,31.3223116927131,Residential: Multifamily (5 or more units)
110,New Construction,Masonry,2.0619068609746294,0.5688666527531232,Residential: Multifamily (5 or more units)
110,New Construction,Other metals,0.0705875346548765,0.3332870355290901,Residential: Multifamily (5 or more units)
110,New Construction,Roofing and waterproofing,0.3087799021234568,1.0907752424980186,Residential: Multifamily (5 or more units)
110,New Construction,Steel,99.281365911226,141.76530645979946,Residential: Multifamily (5 or more units)
110,New Construction,Synthetic composites,0.0037201778753086,0.0152899310675185,Residential: Multifamily (5 or more units)
110,New Construction,Wall coverings,0.003656221393395,0.0720866364950827,Residential: Multifamily (5 or more units)
110,New Construction,Windows and frames,0.8232771338985184,8.232771338985186,Residential: Multifamily (5 or more units)
110,New Construction,Wood and composites,1.8687398507602468,1.0551851307814717,Residential: Multifamily (5 or more units)
111,New Construction,Acoustic ceilings,0.2557738324984523,0.5476387158799536,Laboratory
111,New Construction,Adhesives and sealants,0.1156956602663095,0.2852952696569214,Laboratory
111,New Construction,Air and vapor barriers,0.7536049255670239,0.6751739366365893,Laboratory
111,New Construction,Aluminum,2.4621135106690475,18.83109635280323,Laboratory
111,New Construction,Applied fireproofing,0.1058704743725,0.2678523001624249,Laboratory
111,New Construction,Cladding,0.7365557508757142,2.9305514712029472,Laboratory
111,New Construction,Coatings,0.3091775321333333,3.0662210885136365,Laboratory
111,New Construction,Concrete,1478.8975307587975,270.8137646855,Laboratory
111,New Construction,Doors and frames,2.280282459600238,8.589060812907682,Laboratory
111,New Construction,Flooring and tile,2.3022766287379763,0.7480069545480297,Laboratory
111,New Construction,Glazing,7.740649706810953,11.214128833745,Laboratory
111,New Construction,Gypsum,9.35716402995476,4.276497262925031,Laboratory
111,New Construction,Insulation,4.357753656395714,98.48355214489082,Laboratory
111,New Construction,Masonry,237.77865899085523,32.91369341102373,Laboratory
111,New Construction,Other metals,0.0696574201728571,0.3607934752100166,Laboratory
111,New Construction,Roofing and waterproofing,0.9392268646080952,1.248440267790374,Laboratory
111,New Construction,Steel,110.9977056336237,164.98012335195963,Laboratory
111,New Construction,Synthetic composites,0.2878105219047619,0.3482507315047619,Laboratory
111,New Construction,Wall coverings,0.0055264562769047,0.1099764799104047,Laboratory
111,New Construction,Windows and frames,0.1295703374095238,1.0348109172535238,Laboratory
111,New Construction,Wood and composites,0.9918257949523808,0.4785961043240476,Laboratory
113,New Construction,Acoustic ceilings,0.0897550135702857,0.2852845795903657,Laboratory
113,New Construction,Adhesives and sealants,0.1028719782366285,0.2797396920484837,Laboratory
113,New Construction,Air and vapor barriers,0.0282183664105142,0.0685353995371274,Laboratory
113,New Construction,Aluminum,3.768744267175143,26.965991027239266,Laboratory
113,New Construction,Applied fireproofing,23.574501795928,26.87493204735792,Laboratory
113,New Construction,Cladding,0.0945596435576,0.237344705329576,Laboratory
113,New Construction,Coatings,2.4486666417687712,22.68142096638085,Laboratory
113,New Construction,Concrete,720.9681629190571,127.10674941754844,Laboratory
113,New Construction,Doors and frames,1.1930005644849142,4.84788578719788,Laboratory
113,New Construction,Flooring and tile,0.4150199023983428,0.1124195417172737,Laboratory
113,New Construction,Glazing,11.087464882454055,14.76766765239983,Laboratory
113,New Construction,Gypsum,23.84355830682557,5.165178911739989,Laboratory
113,New Construction,Insulation,7.287573988952143,17.531972121727282,Laboratory
113,New Construction,Masonry,50.05715407154286,7.373932743783315,Laboratory
113,New Construction,Other metals,2.6090166559695427,12.591559830835632,Laboratory
113,New Construction,Roofing and waterproofing,0.7230649932585714,1.1868161969457836,Laboratory
113,New Construction,Steel,333.5945776944411,363.6098857420397,Laboratory
113,New Construction,Wall coverings,2.35063424e-05,0.0004677762137599,Laboratory
113,New Construction,Windows and frames,0.1192820067939142,1.1619852831606656,Laboratory
113,New Construction,Wood and composites,0.5326315168754857,0.3672392164362091,Laboratory
114,New Construction,Aluminum,13.86335616438356,84.19483561643835,Office
114,New Construction,Cladding,3.5423917808219176,13.419241095890412,Office
114,New Construction,Concrete,1173.1885643835617,108.068498630137,Office
114,New Construction,Doors and frames,0.2906301369863013,1.015953424657534,Office
114,New Construction,Glazing,4.221208219178082,6.036328767123288,Office
114,New Construction,Gypsum,24.88198082191781,9.697723287671232,Office
114,New Construction,Insulation,11.757484931506848,42.78530410958904,Office
114,New Construction,Masonry,128.5905917808219,20.43017808219178,Office
114,New Construction,Roofing and waterproofing,3.899419178082192,6.279991780821918,Office
114,New Construction,Steel,254.6581698630137,489.39328493150686,Office
116,New Construction,Acoustic ceilings,0.0137796,0.0036899,Warehouse and Storage
116,New Construction,Air and vapor barriers,0.0137065,0.0426273999999999,Warehouse and Storage
116,New Construction,Aluminum,0.9561431,9.3718598,Warehouse and Storage
116,New Construction,Cladding,0.0225246,0.0979573,Warehouse and Storage
116,New Construction,Concrete,687.9105393,89.0122001,Warehouse and Storage
116,New Construction,Doors and frames,0.4426721999999999,1.3088354,Warehouse and Storage
116,New Construction,Flooring and tile,0.0106338,0.0146609999999999,Warehouse and Storage
116,New Construction,Glazing,0.3011184,0.5540579,Warehouse and Storage
116,New Construction,Gypsum,0.8602158,0.2751721,Warehouse and Storage
116,New Construction,Insulation,5.477218999999999,22.9829419,Warehouse and Storage
116,New Construction,Masonry,3.5471608,1.4144767,Warehouse and Storage
116,New Construction,Roofing and waterproofing,1.8772652,5.2956336,Warehouse and Storage
116,New Construction,Steel,45.0197678,69.5464407,Warehouse and Storage
116,New Construction,Windows and frames,0.0181271,0.0706384,Warehouse and Storage
117,New Construction,Acoustic ceilings,2.266463209734744,3.3595811964441453,Education
117,New Construction,Aluminum,0.2363436200128763,1.5558032423516617,Education
117,New Construction,Applied fireproofing,6.669583786593262,7.603325516716318,Education
117,New Construction,Cladding,6.51321622170736,3.386604904871665,Education
117,New Construction,Coatings,0.058969433308212,0.1641098706701076,Education
117,New Construction,Concrete,479.5703967743707,84.90648344475693,Education
117,New Construction,Doors and frames,0.4020162467322535,3.8659034702232993,Education
117,New Construction,Glazing,7.755913267073372,11.708759218834004,Education
117,New Construction,Gypsum,8.181460482675464,2.068115866420124,Education
117,New Construction,Insulation,1.9626588706791208,52.3139008538267,Education
117,New Construction,Masonry,12.439379150111424,3.107195510658952,Education
117,New Construction,Other,0.3086689671601396,0.8766198667347965,Education
117,New Construction,Other metals,0.0043237331389601,0.0175111192127884,Education
117,New Construction,Roofing and waterproofing,0.3276300164519088,1.1368761570881238,Education
117,New Construction,Steel,48.26065758913629,82.44214302997295,Education
117,New Construction,Wall coverings,0.025590423248471,0.5068425587754127,Education
117,New Construction,Windows and frames,3.2390601053479484,23.37546637780357,Education
117,New Construction,Wood and composites,136.5261859250108,51.10818690596248,Education
119,New Construction,Acoustic ceilings,0.0363684705882352,0.04146,Warehouse and Storage
119,New Construction,Coatings,0.4980135294117647,0.9611661176470588,Warehouse and Storage
119,New Construction,Concrete,881.8977405882353,125.08357752941176,Warehouse and Storage
119,New Construction,Doors and frames,0.7008795294117647,2.073886588235294,Warehouse and Storage
119,New Construction,Flooring and tile,0.0603503529411764,0.1444697647058823,Warehouse and Storage
119,New Construction,Gypsum,0.186393294117647,0.0574698823529411,Warehouse and Storage
119,New Construction,Insulation,3.2016689411764703,7.979951764705882,Warehouse and Storage
119,New Construction,Roofing and waterproofing,1.4873876470588234,5.176108823529412,Warehouse and Storage
119,New Construction,Steel,39.49830894117647,65.209502,Warehouse and Storage
119,New Construction,Windows and frames,0.3310025882352941,1.4671467058823529,Warehouse and Storage
12,New Construction,Acoustic ceilings,4.44943914993534,16.207148937241087,Office
12,New Construction,Adhesives and sealants,0.1851320346102524,0.1481319862438656,Office
12,New Construction,Aluminum,0.3013371738990291,1.941257386871806,Office
12,New Construction,Applied fireproofing,9.507487178979048,10.936818332781389,Office
12,New Construction,Cladding,0.7692285303278835,4.684134137752805,Office
12,New Construction,Coatings,0.3052398009848349,1.0104011918452167,Office
12,New Construction,Concrete,1014.4757320353724,155.05426271107785,Office
12,New Construction,Doors and frames,0.4811839242148349,0.879224754704346,Office
12,New Construction,Flooring and tile,1.3878158395718834,4.065556529681253,Office
12,New Construction,Glazing,7.051345744962136,31.58567577686673,Office
12,New Construction,Gypsum,10.720441344195727,2.448484796146648,Office
12,New Construction,Insulation,0.800202133570699,8.678541304695512,Office
12,New Construction,Masonry,22.272565413696626,3.606104814288604,Office
12,New Construction,Other,0.2848667017708738,0.7463507586396894,Office
12,New Construction,Other metals,0.0080259216452621,0.0345117510086497,Office
12,New Construction,Roofing and waterproofing,0.1027285876116504,0.5773346623774758,Office
12,New Construction,Steel,130.99866576519133,223.8461698805876,Office
12,New Construction,Wall coverings,0.0135014693245242,0.15820628105558,Office
12,New Construction,Windows and frames,2.4969913756234954,24.969913756234952,Office
12,New Construction,Wood and composites,0.0122131701429126,0.0131429243813592,Office
120,New Construction,Coatings,0.3423563909774436,0.660747969924812,Warehouse and Storage
120,New Construction,Concrete,980.0684583458648,173.91760932330828,Warehouse and Storage
120,New Construction,Doors and frames,0.6293100751879699,1.8214526315789477,Warehouse and Storage
120,New Construction,Insulation,3.006566315789473,7.493671278195489,Warehouse and Storage
120,New Construction,Masonry,3.8313224060150377,1.0566018045112782,Warehouse and Storage
120,New Construction,Roofing and waterproofing,1.4899612030075189,5.185064962406015,Warehouse and Storage
120,New Construction,Steel,38.81239187969925,65.8900547368421,Warehouse and Storage
120,New Construction,Windows and frames,0.2536965413533834,1.124492932330827,Warehouse and Storage
121,New Construction,Acoustic ceilings,2.104858088995606,3.365306777835979,Education
121,New Construction,Adhesives and sealants,0.0630209677856689,0.1942275213292836,Education
121,New Construction,Air and vapor barriers,0.8477632156430801,0.787812762717319,Education
121,New Construction,Aluminum,4.3116017603691486,31.4165531879632,Education
121,New Construction,Cladding,2.27860070403098,11.372945098244635,Education
121,New Construction,Coatings,0.550867920533337,2.0503613497301427,Education
121,New Construction,Concrete,1539.3971831902186,244.2540765621974,Education
121,New Construction,Doors and frames,1.4265159064903024,2.3446433090865675,Education
121,New Construction,Flooring and tile,0.6245800508043086,0.3979661060560194,Education
121,New Construction,Glazing,5.972668340949033,9.553908881484167,Education
121,New Construction,Gypsum,39.63876241065222,8.617242255076011,Education
121,New Construction,Insulation,6.315004377686165,38.96444175436088,Education
121,New Construction,Masonry,0.1021006648747764,0.0538330158611981,Education
121,New Construction,Other metals,0.0029120583479367,0.0123099824465111,Education
121,New Construction,Roofing and waterproofing,3.0046046966699693,4.665143002444207,Education
121,New Construction,Steel,76.39652483581938,149.91097182497657,Education
121,New Construction,Synthetic composites,0.1068435874320115,0.3109148394271535,Education
121,New Construction,Wall coverings,0.0102343612502154,0.203663788879287,Education
121,New Construction,Windows and frames,0.0222062503292067,0.1905863342161751,Education
121,New Construction,Wood and composites,5.355470336476834,2.9533586492558803,Education
123,New Construction,Acoustic ceilings,0.4211265865818877,0.6517115163366152,Education
123,New Construction,Adhesives and sealants,0.978206914382072,2.128566096235981,Education
123,New Construction,Aluminum,0.8741753789893882,6.816213385992769,Education
123,New Construction,Coatings,0.02304701171276,0.0523825655514511,Education
123,New Construction,Concrete,1171.5740822979362,217.61422966258075,Education
123,New Construction,Doors and frames,1.819106603486526,7.687532787000227,Education
123,New Construction,Flooring and tile,1.0391670088514675,3.3002739606412157,Education
123,New Construction,Glazing,5.978351181811563,7.200137138885536,Education
123,New Construction,Gypsum,65.2601535522957,15.226149389154802,Education
123,New Construction,Insulation,6.031189285397466,18.48688033507154,Education
123,New Construction,Masonry,65.38634597342475,19.589906426062853,Education
123,New Construction,Other metals,0.0302320023927284,0.1748587566484313,Education
123,New Construction,Roofing and waterproofing,2.68429774192185,8.938711480599762,Education
123,New Construction,Steel,62.82454025562413,71.57987405451942,Education
123,New Construction,Wood and composites,0.0164656486527641,0.0043469312443297,Education
124,New Construction,Concrete,1372.960009708738,127.0103427184466,Public Assembly
124,New Construction,Doors and frames,0.2075728155339805,0.5739805825242719,Public Assembly
124,New Construction,Flooring and tile,4.823028155339806,4.435347572815534,Public Assembly
124,New Construction,Glazing,2.2135679611650487,3.06237572815534,Public Assembly
124,New Construction,Gypsum,4.168570873786408,1.1616184466019417,Public Assembly
124,New Construction,Insulation,22.404079611650484,49.67498252427185,Public Assembly
124,New Construction,Masonry,5.963098058252427,1.1563126213592234,Public Assembly
124,New Construction,Roofing and waterproofing,5.950225242718446,9.492353398058253,Public Assembly
124,New Construction,Steel,100.3648427184466,117.67683689320388,Public Assembly
124,New Construction,Windows and frames,7.095377669902913,19.33856990291262,Public Assembly
124,New Construction,Wood and composites,155.88851844660195,41.1622854368932,Public Assembly
125,New Construction,Acoustic ceilings,3.2581688536145164,5.0421565195028535,Education
125,New Construction,Air and vapor barriers,1.5245733545006297,1.2349044171455104,Education
125,New Construction,Aluminum,0.9442360479579036,5.65350112475628,Education
125,New Construction,Cladding,1.6720242465888893,9.345572740721046,Education
125,New Construction,Coatings,0.0523737859829537,1.0343435726827954,Education
125,New Construction,Concrete,1207.8308048648555,205.3668452768637,Education
125,New Construction,Doors and frames,0.2338017882433719,1.039813360944949,Education
125,New Construction,Glazing,5.287879880836911,13.731834357611335,Education
125,New Construction,Gypsum,11.896021478903982,2.902629240852572,Education
125,New Construction,Insulation,6.140078596184756,15.310847291173408,Education
125,New Construction,Masonry,52.33059517106828,14.586652906790984,Education
125,New Construction,Other metals,0.0028711476142856,0.0165952332105712,Education
125,New Construction,Roofing and waterproofing,2.5140204662357486,2.204795948888752,Education
125,New Construction,Steel,71.94890079466886,80.0906864559001,Education
125,New Construction,Windows and frames,0.191254702320204,1.6734786453017851,Education
127,New Construction,Acoustic ceilings,0.1327841330546028,0.7532054260982148,Public Assembly
127,New Construction,Adhesives and sealants,0.2210562534926596,0.6280814385136136,Public Assembly
127,New Construction,Aluminum,2.910074774765148,22.3412757156737,Public Assembly
127,New Construction,Cladding,6.008366671380916,7.653740235943652,Public Assembly
127,New Construction,Coatings,1.4350853953381348,4.032633814645641,Public Assembly
127,New Construction,Concrete,985.6497746764456,117.5197233235264,Public Assembly
127,New Construction,Doors and frames,0.1322773110179129,1.261950464586942,Public Assembly
127,New Construction,Glazing,4.948755702797818,6.631332641749077,Public Assembly
127,New Construction,Gypsum,18.37897036595772,6.081424897193912,Public Assembly
127,New Construction,Insulation,10.472652634762362,21.92820838631077,Public Assembly
127,New Construction,Masonry,215.7826914926636,43.76324118389682,Public Assembly
127,New Construction,Other metals,0.1067309525475851,0.6169049057250423,Public Assembly
127,New Construction,Roofing and waterproofing,1.2952289241984407,4.274255449854855,Public Assembly
127,New Construction,Steel,173.14847358359935,170.2470860732272,Public Assembly
127,New Construction,Synthetic composites,0.866466223367481,1.0484241302746518,Public Assembly
127,New Construction,Windows and frames,0.0111850442966953,0.1118504429669536,Public Assembly
127,New Construction,Wood and composites,5.31265127012665,1.9068737166719776,Public Assembly
128,New Construction,Adhesives and sealants,0.1714931665389296,0.0780293907752129,Public Assembly
128,New Construction,Coatings,1.207502616168343,5.3979283567496426,Public Assembly
128,New Construction,Concrete,763.8134509287858,87.17796766398081,Public Assembly
128,New Construction,Flooring and tile,0.499549388973934,2.282940707610878,Public Assembly
128,New Construction,Glazing,3.810166953125182,5.749883786231257,Public Assembly
128,New Construction,Gypsum,63.33821503025821,15.916653534998108,Public Assembly
128,New Construction,Insulation,10.851552775739007,31.010355416365773,Public Assembly
128,New Construction,Other metals,0.0911636975652376,0.5269261719270736,Public Assembly
128,New Construction,Roofing and waterproofing,16.523420183699336,28.420282715962852,Public Assembly
128,New Construction,Steel,38.03014548526976,71.76573321633539,Public Assembly
128,New Construction,Windows and frames,1.4493249469714256,14.493249469714256,Public Assembly
128,New Construction,Wood and composites,144.36276541496605,34.07112842013115,Public Assembly
129,New Construction,Acoustic ceilings,1.237853320946246,6.693789991618718,Transportation Hub
129,New Construction,Adhesives and sealants,0.4021640136435021,0.9521143411307113,Transportation Hub
129,New Construction,Air and vapor barriers,0.770695906277416,0.6921391035829897,Transportation Hub
129,New Construction,Aluminum,7.004318246371816,46.19546491967784,Transportation Hub
129,New Construction,Applied fireproofing,0.604142072301445,1.5284794429226556,Transportation Hub
129,New Construction,Cladding,17.184504452519604,63.79369751861964,Transportation Hub
129,New Construction,Coatings,2.7269555781251764,29.722776676887488,Transportation Hub
129,New Construction,Concrete,815.3612800586858,145.36099095284803,Transportation Hub
129,New Construction,Doors and frames,2.048571478403985,8.411134495414982,Transportation Hub
129,New Construction,Flooring and tile,7.713326002757486,2.094550582756304,Transportation Hub
129,New Construction,Glazing,7.991760277618781,10.401184929962634,Transportation Hub
129,New Construction,Gypsum,34.12184980411461,8.632558359615,Transportation Hub
129,New Construction,Insulation,9.256216351195247,47.05376078229961,Transportation Hub
129,New Construction,Masonry,66.44438307458928,10.974392806712563,Transportation Hub
129,New Construction,Other metals,0.178106901149605,0.9943383047244712,Transportation Hub
129,New Construction,Roofing and waterproofing,1.5445569509656267,0.9730708791083448,Transportation Hub
129,New Construction,Steel,190.77725831715043,301.31181616916024,Transportation Hub
129,New Construction,Synthetic composites,0.0822454624964309,0.443303042855763,Transportation Hub
129,New Construction,Windows and frames,0.4656028726392364,4.841482346218871,Transportation Hub
129,New Construction,Wood and composites,133.56828287490043,46.23891808049139,Transportation Hub
13,New Construction,Acoustic ceilings,0.06447,0.0552666666666666,Warehouse and Storage
13,New Construction,Air and vapor barriers,1.3971437037037036,4.3451170370370376,Warehouse and Storage
13,New Construction,Coatings,0.2924588888888889,0.5644455555555555,Warehouse and Storage
13,New Construction,Concrete,893.7442825925926,113.86208148148148,Warehouse and Storage
13,New Construction,Doors and frames,0.4257585185185185,4.856814814814816,Warehouse and Storage
13,New Construction,Flooring and tile,0.0125496296296296,0.0094122222222222,Warehouse and Storage
13,New Construction,Gypsum,2.5012974074074075,0.697014074074074,Warehouse and Storage
13,New Construction,Insulation,3.2555762962962964,5.3262862962962965,Warehouse and Storage
13,New Construction,Roofing and waterproofing,1.548237037037037,4.12279962962963,Warehouse and Storage
13,New Construction,Steel,35.367840370370374,55.34872962962963,Warehouse and Storage
13,New Construction,Synthetic composites,0.0491896296296296,0.1475088888888888,Warehouse and Storage
13,New Construction,Windows and frames,0.368567037037037,1.6336485185185186,Warehouse and Storage
130,New Construction,Acoustic ceilings,2.039195065656677,3.170285125828565,Education
130,New Construction,Adhesives and sealants,0.4374724251826349,0.840227564841212,Education
130,New Construction,Air and vapor barriers,0.3901755915128942,0.8419008502224703,Education
130,New Construction,Aluminum,0.7649071307411957,6.181551873126649,Education
130,New Construction,Cladding,0.8601848118071557,2.004230611510673,Education
130,New Construction,Coatings,0.8509654576023141,3.3554035788249346,Education
130,New Construction,Concrete,460.7403212992497,48.24375008562615,Education
130,New Construction,Doors and frames,1.192520789680426,3.66625836017032,Education
130,New Construction,Flooring and tile,5.476507769054906,5.984274434676337,Education
130,New Construction,Glazing,2.408955981647721,3.1902672278379494,Education
130,New Construction,Gypsum,60.95515988192604,15.024577569310717,Education
130,New Construction,Insulation,4.39211171323692,9.450103509513012,Education
130,New Construction,Masonry,37.25943935179016,10.500992322472614,Education
130,New Construction,Other,0.0020888160962491,0.0048669415042604,Education
130,New Construction,Other metals,0.0705743405482471,0.287195960463988,Education
130,New Construction,Roofing and waterproofing,3.691193726250493,2.1432794501674595,Education
130,New Construction,Steel,43.49355603696552,69.64822203615995,Education
130,New Construction,Synthetic composites,2.45699475339475,9.38838767711534,Education
130,New Construction,Wall coverings,0.002554530273976,0.0289121752931464,Education
130,New Construction,Windows and frames,0.1167317162407253,1.1382308938466137,Education
130,New Construction,Wood and composites,73.4153627967119,27.42605461381593,Education
131,New Construction,Adhesives and sealants,0.0037181369669956,0.0234986256314125,Education
131,New Construction,Air and vapor barriers,0.030649522948699,0.052808227316184,Education
131,New Construction,Aluminum,1.561014863007801,12.982194438930732,Education
131,New Construction,Applied fireproofing,4.0613443082377465,4.630269978968604,Education
131,New Construction,Cladding,0.8487087163231842,4.069256985807863,Education
131,New Construction,Coatings,0.2210126455676378,2.269412152683607,Education
131,New Construction,Concrete,444.4165018461139,69.02468555635797,Education
131,New Construction,Doors and frames,0.2304544344556647,0.8587743081298603,Education
131,New Construction,Glazing,6.6869239070923605,10.58015139226226,Education
131,New Construction,Gypsum,11.008550252737288,3.84451865527646,Education
131,New Construction,Insulation,6.676859821409838,14.077885582806887,Education
131,New Construction,Masonry,32.41774878807395,9.181702646521323,Education
131,New Construction,Other metals,0.0082445108967762,0.037368618757928,Education
131,New Construction,Roofing and waterproofing,0.4654896082216733,0.2884283139508128,Education
131,New Construction,Steel,26.22971282535941,41.72715896124079,Education
131,New Construction,Windows and frames,0.1697285873417721,2.07068876556962,Education
131,New Construction,Wood and composites,107.66385149265952,39.94328890377668,Education
132,New Construction,Air and vapor barriers,0.1637486419753086,0.1026592592592592,Office
132,New Construction,Aluminum,0.0557925925925925,0.0673595061728395,Office
132,New Construction,Cladding,1.4606597530864198,5.414439506172839,Office
132,New Construction,Coatings,0.1745901234567901,2.0925274074074074,Office
132,New Construction,Concrete,1436.554301234568,194.68111703703704,Office
132,New Construction,Doors and frames,0.8954202469135802,2.4274074074074075,Office
132,New Construction,Flooring and tile,23.90688,23.74477333333333,Office
132,New Construction,Glazing,10.39191111111111,11.662427654320988,Office
132,New Construction,Gypsum,13.08033135802469,3.9734824691358015,Office
132,New Construction,Insulation,3.9503086419753086,10.732726419753083,Office
132,New Construction,Masonry,68.18470518518518,10.896813827160496,Office
132,New Construction,Other,0.0064296296296296,0.0147535802469135,Office
132,New Construction,Roofing and waterproofing,3.212711111111111,3.780202962962963,Office
132,New Construction,Steel,85.50497925925926,51.40529580246913,Office
132,New Construction,Windows and frames,11.238864197530864,41.31041975308642,Office
132,New Construction,Wood and composites,0.7513402469135801,0.0550548148148148,Office
133,New Construction,Cladding,1.074023076923077,4.0686,Residential: Multifamily (5 or more units)
133,New Construction,Concrete,957.8853146853148,113.10814615384616,Residential: Multifamily (5 or more units)
133,New Construction,Doors and frames,0.0372727272727272,0.1036363636363636,Residential: Multifamily (5 or more units)
133,New Construction,Glazing,0.1350314685314685,0.1868104895104895,Residential: Multifamily (5 or more units)
133,New Construction,Gypsum,5.173833566433567,1.4417454545454549,Residential: Multifamily (5 or more units)
133,New Construction,Insulation,5.659294405594405,10.775925874125877,Residential: Multifamily (5 or more units)
133,New Construction,Masonry,43.99149580419581,8.752028671328672,Residential: Multifamily (5 or more units)
133,New Construction,Other,0.0488741258741258,0.1082692307692307,Residential: Multifamily (5 or more units)
133,New Construction,Roofing and waterproofing,1.5452748251748252,1.7147993006993008,Residential: Multifamily (5 or more units)
133,New Construction,Steel,46.8017986013986,41.33655664335664,Residential: Multifamily (5 or more units)
133,New Construction,Windows and frames,3.7379888111888113,5.688268531468531,Residential: Multifamily (5 or more units)
133,New Construction,Wood and composites,35.39094685314685,12.701448251748252,Residential: Multifamily (5 or more units)
138,New Construction,Acoustic ceilings,0.0317711917928497,0.049167286604246,Residential: Multifamily (5 or more units)
138,New Construction,Adhesives and sealants,0.0114252587716602,0.0295914202186001,Residential: Multifamily (5 or more units)
138,New Construction,Air and vapor barriers,0.0039275199133251,0.010290102172912,Residential: Multifamily (5 or more units)
138,New Construction,Aluminum,0.0685291842316797,0.1123878621399547,Residential: Multifamily (5 or more units)
138,New Construction,Cladding,0.3951914231087481,0.9207960158433832,Residential: Multifamily (5 or more units)
138,New Construction,Coatings,0.8235009054774793,2.189105627478932,Residential: Multifamily (5 or more units)
138,New Construction,Concrete,653.872536146846,210.3758487071794,Residential: Multifamily (5 or more units)
138,New Construction,Flooring and tile,0.7862169108569023,0.2059888306445083,Residential: Multifamily (5 or more units)
138,New Construction,Glazing,3.100841874365952,4.151033588531775,Residential: Multifamily (5 or more units)
138,New Construction,Gypsum,125.37938596948212,31.449871904750037,Residential: Multifamily (5 or more units)
138,New Construction,Insulation,2.7577465064408253,5.6832378961866405,Residential: Multifamily (5 or more units)
138,New Construction,Masonry,42.76590025270158,10.791735151958887,Residential: Multifamily (5 or more units)
138,New Construction,Other metals,0.014508040374562,0.0611672224375418,Residential: Multifamily (5 or more units)
138,New Construction,Roofing and waterproofing,0.1404046360334687,0.4422746035054266,Residential: Multifamily (5 or more units)
138,New Construction,Steel,23.60419261381263,46.893962412472376,Residential: Multifamily (5 or more units)
138,New Construction,Windows and frames,1.0676904239195806,5.790059391283682,Residential: Multifamily (5 or more units)
138,New Construction,Wood and composites,24.602219817405008,6.554468634453966,Residential: Multifamily (5 or more units)
139,New Construction,Acoustic ceilings,0.0092296742049648,0.0293363414544315,Residential: Multifamily (5 or more units)
139,New Construction,Adhesives and sealants,0.0039895344334435,0.0018152381672168,Residential: Multifamily (5 or more units)
139,New Construction,Aluminum,0.143571237871008,0.9188842768163388,Residential: Multifamily (5 or more units)
139,New Construction,Cladding,0.4004667496240003,0.9330875266239208,Residential: Multifamily (5 or more units)
139,New Construction,Coatings,0.3648800967313435,1.0342115044810969,Residential: Multifamily (5 or more units)
139,New Construction,Concrete,596.7777621853346,219.28006284505105,Residential: Multifamily (5 or more units)
139,New Construction,Doors and frames,2.5622689399218324,2.354504337226648,Residential: Multifamily (5 or more units)
139,New Construction,Flooring and tile,0.7031657221979375,0.2827093056002546,Residential: Multifamily (5 or more units)
139,New Construction,Glazing,2.13799515901407,2.8649135130788537,Residential: Multifamily (5 or more units)
139,New Construction,Gypsum,29.715808875293654,7.242947938102233,Residential: Multifamily (5 or more units)
139,New Construction,Insulation,1.4928114162511412,2.445498986988564,Residential: Multifamily (5 or more units)
139,New Construction,Masonry,23.58830661680304,5.223226156834748,Residential: Multifamily (5 or more units)
139,New Construction,Other metals,0.014868578699568,0.0606407020363633,Residential: Multifamily (5 or more units)
139,New Construction,Roofing and waterproofing,0.0721610432343313,0.2503988200231296,Residential: Multifamily (5 or more units)
139,New Construction,Steel,10.239398034394323,16.960007869591752,Residential: Multifamily (5 or more units)
139,New Construction,Wall coverings,0.0009823493021545,0.0004823335073579,Residential: Multifamily (5 or more units)
139,New Construction,Windows and frames,0.5658284952937624,1.5963049999964471,Residential: Multifamily (5 or more units)
139,New Construction,Wood and composites,0.3048712933330107,0.1148878521193279,Residential: Multifamily (5 or more units)
14,New Construction,Acoustic ceilings,3.205648282409649,10.711236670972298,Education
14,New Construction,Aluminum,1.1513476891072827,7.365769885405004,Education
14,New Construction,Cladding,21.637032477428136,21.872314725466072,Education
14,New Construction,Coatings,1.3738347609687591,8.16295129888619,Education
14,New Construction,Concrete,2621.081139072598,439.27232434379545,Education
14,New Construction,Doors and frames,3.126779687160249,8.40061071106789,Education
14,New Construction,Glazing,2.836121243648942,3.8373592218879327,Education
14,New Construction,Gypsum,74.48979378975253,25.05441087027096,Education
14,New Construction,Insulation,12.346988014133808,27.92600442741656,Education
14,New Construction,Masonry,33.18231701839557,3.653967894730246,Education
14,New Construction,Other,0.4835334827819877,1.3732350911008449,Education
14,New Construction,Other metals,0.8931347554782809,3.965103952898542,Education
14,New Construction,Roofing and waterproofing,4.646617068935356,16.123761229205687,Education
14,New Construction,Steel,77.95062514235742,114.83289026314424,Education
14,New Construction,Windows and frames,3.1864670046331134,31.82617041966447,Education
140,New Construction,Applied fireproofing,0.5905263157894737,0.0903578947368421,Warehouse and Storage
140,New Construction,Concrete,652.6740500000001,64.08493947368422,Warehouse and Storage
140,New Construction,Gypsum,3.3858355263157893,1.1230065789473684,Warehouse and Storage
140,New Construction,Insulation,0.4699710526315789,1.6461802631578948,Warehouse and Storage
140,New Construction,Roofing and waterproofing,1.0120513157894735,0.5823842105263157,Warehouse and Storage
140,New Construction,Steel,79.0624355263158,105.37082631578949,Warehouse and Storage
140,New Construction,Windows and frames,1.7030460526315792,6.686636842105264,Warehouse and Storage
141,New Construction,Concrete,1438.3210680628272,182.86468272251307,Other
141,New Construction,Masonry,64.76409109947643,7.4548680628272255,Other
141,New Construction,Steel,62.19746910994765,41.2350335078534,Other
142,New Construction,Concrete,599.859905376344,87.83815698924731,Residential: Multifamily (5 or more units)
142,New Construction,Doors and frames,0.2110720430107527,0.5495650537634409,Residential: Multifamily (5 or more units)
142,New Construction,Gypsum,3.3390446236559144,0.9216145161290322,Residential: Multifamily (5 or more units)
142,New Construction,Insulation,6.6941225806451605,12.92243870967742,Residential: Multifamily (5 or more units)
142,New Construction,Masonry,25.269666666666662,2.908741935483871,Residential: Multifamily (5 or more units)
142,New Construction,Roofing and waterproofing,3.007247849462366,3.283070967741936,Residential: Multifamily (5 or more units)
142,New Construction,Steel,25.11409677419355,18.174789784946235,Residential: Multifamily (5 or more units)
142,New Construction,Windows and frames,4.130147849462366,5.283231720430107,Residential: Multifamily (5 or more units)
142,New Construction,Wood and composites,34.00673010752688,12.322599462365591,Residential: Multifamily (5 or more units)
145,New Construction,Aluminum,1.076259294117647,9.761672470588236,Residential: Multifamily (5 or more units)
145,New Construction,Concrete,533.8887392941176,96.29834164705882,Residential: Multifamily (5 or more units)
145,New Construction,Doors and frames,0.056496,0.1470978823529411,Residential: Multifamily (5 or more units)
145,New Construction,Gypsum,3.74339105882353,1.2320536470588237,Residential: Multifamily (5 or more units)
145,New Construction,Insulation,22.342894588235293,25.355913411764707,Residential: Multifamily (5 or more units)
145,New Construction,Masonry,12.08692894117647,1.391302588235294,Residential: Multifamily (5 or more units)
145,New Construction,Roofing and waterproofing,0.7114964705882353,1.695220705882353,Residential: Multifamily (5 or more units)
145,New Construction,Steel,32.13951905882353,23.348404235294115,Residential: Multifamily (5 or more units)
145,New Construction,Windows and frames,5.178067294117647,19.732634823529413,Residential: Multifamily (5 or more units)
147,New Construction,Acoustic ceilings,1.1255669598039004,1.741863310189173,Other
147,New Construction,Adhesives and sealants,0.0004146156130732,0.0010738544378597,Other
147,New Construction,Air and vapor barriers,0.0005400930269131,0.0014150437305124,Other
147,New Construction,Aluminum,0.0001719681869892,0.0009664612108794,Other
147,New Construction,Applied fireproofing,0.0986790450020145,0.1124941113022965,Other
147,New Construction,Cladding,0.1013758244801337,0.2362056710387114,Other
147,New Construction,Coatings,0.5643902443297554,1.4702341186473962,Other
147,New Construction,Concrete,574.1603084703171,188.8771842906611,Other
147,New Construction,Flooring and tile,1.02755628981427,0.2692197479313387,Other
147,New Construction,Glazing,0.7588510327968722,1.0168603839478088,Other
147,New Construction,Gypsum,37.723000019046005,9.202530395692625,Other
147,New Construction,Insulation,0.7181572989501508,12.762232354244397,Other
147,New Construction,Masonry,6.270063431484815,1.0607067281242082,Other
147,New Construction,Other metals,0.0033336481471866,0.0135012749961058,Other
147,New Construction,Roofing and waterproofing,0.0050951978778581,0.0160498733152532,Other
147,New Construction,Steel,28.100489710235216,55.87444143008583,Other
147,New Construction,Windows and frames,0.3003230174469015,2.99972135624365,Other
147,New Construction,Wood and composites,0.7600272813005877,0.3218907839100277,Other
148,New Construction,Acoustic ceilings,2.466250614371802,7.833564658813576,Education
148,New Construction,Adhesives and sealants,0.2151603390445544,0.7248347420503315,Education
148,New Construction,Air and vapor barriers,0.1858696446184158,0.3832073177056416,Education
148,New Construction,Aluminum,2.1121896717854654,15.824129880747783,Education
148,New Construction,Applied fireproofing,0.6501969895524752,0.9878610383017028,Education
148,New Construction,Cladding,8.527487073057822,18.411429434610707,Education
148,New Construction,Coatings,0.8574046315211089,5.204923923023985,Education
148,New Construction,Concrete,893.0036051249742,172.30039997712598,Education
148,New Construction,Doors and frames,1.388449238635406,7.2395873192318065,Education
148,New Construction,Flooring and tile,1.329197602620198,0.4674202584639176,Education
148,New Construction,Glazing,15.981025775699406,54.08538264746986,Education
148,New Construction,Gypsum,50.41221433178772,13.57008814632479,Education
148,New Construction,Insulation,7.583285388495367,63.32790674819379,Education
148,New Construction,Masonry,18.40266509215683,2.976946594273978,Education
148,New Construction,Other metals,0.0297157036094257,0.1702322774688467,Education
148,New Construction,Roofing and waterproofing,1.7053352609584158,1.006134350415501,Education
148,New Construction,Steel,130.57065054774614,216.1152609064904,Education
148,New Construction,Wood and composites,2.1215739142815444,0.730155583093944,Education
15,New Construction,Concrete,938.2132931034482,132.85843103448275,Other
15,New Construction,Glazing,4.77548275862069,9.130971264367815,Other
15,New Construction,Gypsum,10.278321839080458,3.169068965517241,Other
15,New Construction,Insulation,18.14690804597701,125.34007471264368,Other
15,New Construction,Masonry,139.1176379310345,25.489741379310345,Other
15,New Construction,Roofing and waterproofing,1.8634022988505747,6.287086206896552,Other
15,New Construction,Steel,80.11375287356321,134.33566666666667,Other
15,New Construction,Windows and frames,0.0887068965517241,1.1929885057471266,Other
152,New Construction,Acoustic ceilings,3.3899252524689656,5.240432137510414,Education
152,New Construction,Adhesives and sealants,0.0011290332404597,0.0014533599746643,Education
152,New Construction,Air and vapor barriers,0.5625484300827586,1.141973313068,Education
152,New Construction,Aluminum,2.9273233458650574,18.00990344885961,Education
152,New Construction,Applied fireproofing,0.7316604264547126,1.8511008789304229,Education
152,New Construction,Cladding,2.5172655611954022,3.1289613313049425,Education
152,New Construction,Coatings,0.8225335542737932,5.839025227568956,Education
152,New Construction,Concrete,1467.7621618001976,288.3027497953736,Education
152,New Construction,Doors and frames,0.9306690846347128,2.3609655646166163,Education
152,New Construction,Flooring and tile,2.0653988049425287,1.2450297477346668,Education
152,New Construction,Glazing,13.42475660502069,59.71792966633301,Education
152,New Construction,Gypsum,46.505815524429885,10.682378942924364,Education
152,New Construction,Insulation,9.924235138,19.77034028245041,Education
152,New Construction,Masonry,0.3936623926043678,0.1658391797110945,Education
152,New Construction,Other metals,0.0427849842694252,0.2461828733966482,Education
152,New Construction,Roofing and waterproofing,0.2606742185770115,0.8346518414415403,Education
152,New Construction,Steel,229.79287994011747,461.516660811974,Education
152,New Construction,Windows and frames,1.696849025907586,16.96849025907586,Education
152,New Construction,Wood and composites,4.989942478336092,1.9431430090227584,Education
153,New Construction,Acoustic ceilings,1.573377982210101,2.434870139349333,Education
153,New Construction,Adhesives and sealants,0.1788698771038384,0.2460839589530087,Education
153,New Construction,Air and vapor barriers,1.719706790588081,3.029267648864149,Education
153,New Construction,Aluminum,0.8419791441939394,7.493614383326062,Education
153,New Construction,Applied fireproofing,0.0518886642242424,0.0591530772156363,Education
153,New Construction,Cladding,1.1512875576979795,1.4272976381524305,Education
153,New Construction,Coatings,0.8673324936521212,2.270753436443879,Education
153,New Construction,Concrete,301.2805281296768,50.87322401925454,Education
153,New Construction,Doors and frames,2.5643176851270706,4.874520049250734,Education
153,New Construction,Flooring and tile,5.18145522299394,5.196167068035293,Education
153,New Construction,Glazing,6.29303970310909,8.753354866384363,Education
153,New Construction,Gypsum,69.65222043023878,18.78365670376428,Education
153,New Construction,Insulation,15.99685829906424,32.67033031983274,Education
153,New Construction,Masonry,0.7085501831688888,0.3736789765847802,Education
153,New Construction,Other metals,0.2010968978630303,0.8375380633905313,Education
153,New Construction,Roofing and waterproofing,0.5654032110260605,1.8036362431731328,Education
153,New Construction,Steel,39.89843959598424,72.02522364523661,Education
153,New Construction,Wall coverings,0.0026342172141414,0.0524209225614141,Education
153,New Construction,Windows and frames,0.0900261570323232,0.9002615703232324,Education
153,New Construction,Wood and composites,112.82005288337372,41.07880815093901,Education
154,New Construction,Acoustic ceilings,1.5541860108570122,2.405169737740661,Public Order and Safety
154,New Construction,Air and vapor barriers,2.9168802395826288,2.6756073554716835,Public Order and Safety
154,New Construction,Aluminum,16.864713024382432,119.01451919485385,Public Order and Safety
154,New Construction,Applied fireproofing,2.398902016135401,3.33892676637251,Public Order and Safety
154,New Construction,Coatings,1.1104187657732347,5.45808875517646,Public Order and Safety
154,New Construction,Concrete,852.8727640846027,183.88593227413372,Public Order and Safety
154,New Construction,Doors and frames,2.9909699368225167,6.540991937589382,Public Order and Safety
154,New Construction,Glazing,6.746902244013939,9.18703830776193,Public Order and Safety
154,New Construction,Gypsum,59.23223648979632,15.64070932946098,Public Order and Safety
154,New Construction,Insulation,13.801252056895452,34.188289715368015,Public Order and Safety
154,New Construction,Other metals,0.1602222803259929,0.7063129264688157,Public Order and Safety
154,New Construction,Roofing and waterproofing,7.345383788855176,5.284238493910027,Public Order and Safety
154,New Construction,Steel,153.05960765304116,220.50636502357216,Public Order and Safety
154,New Construction,Windows and frames,0.8544138239687249,5.704972331394566,Public Order and Safety
154,New Construction,Wood and composites,13.28890990592991,2.2834590453736547,Public Order and Safety
156,New Construction,Adhesives and sealants,0.3487679691859108,0.9403752315461074,Office
156,New Construction,Air and vapor barriers,2.6079545274427613,4.443027937619581,Office
156,New Construction,Aluminum,12.954431489502092,76.7020703913288,Office
156,New Construction,Cladding,2.6798713648069805,6.244100280000266,Office
156,New Construction,Coatings,0.6794843974461515,7.794803820519916,Office
156,New Construction,Concrete,792.2294740997947,178.1825231513066,Office
156,New Construction,Doors and frames,0.5248141170086453,1.5560725109642992,Office
156,New Construction,Glazing,2.773378469037667,3.216410599829322,Office
156,New Construction,Gypsum,38.76900116934517,10.07189235235377,Office
156,New Construction,Insulation,14.999494798587063,31.698333977822838,Office
156,New Construction,Other metals,0.2165624301714643,0.8823133961728826,Office
156,New Construction,Roofing and waterproofing,1.1721491649241935,3.7365625842792576,Office
156,New Construction,Steel,165.58955824637513,291.69266299601725,Office
156,New Construction,Synthetic composites,3.2953404050061192,15.157434237270758,Office
156,New Construction,Windows and frames,0.1401964835813011,1.5912758369904745,Office
156,New Construction,Wood and composites,79.75781825687439,24.18160551475225,Office
157,New Construction,Acoustic ceilings,0.1117459624658829,0.1729316860144951,Public Order and Safety
157,New Construction,Adhesives and sealants,0.0001639465411765,2.541171388235809e-05,Public Order and Safety
157,New Construction,Air and vapor barriers,0.0241739505822119,0.0195808999715917,Public Order and Safety
157,New Construction,Aluminum,1.936161326705488,17.367803129479597,Public Order and Safety
157,New Construction,Cladding,2.5025697860422085,5.830987601478347,Public Order and Safety
157,New Construction,Coatings,1.0260342856036715,6.170347773724218,Public Order and Safety
157,New Construction,Concrete,1935.8606621461888,376.5273625095032,Public Order and Safety
157,New Construction,Doors and frames,2.476040483877988,8.907293973594825,Public Order and Safety
157,New Construction,Flooring and tile,1.6672596544159084,0.4387106936113214,Public Order and Safety
157,New Construction,Glazing,5.585421523470693,7.146190189494957,Public Order and Safety
157,New Construction,Gypsum,38.509744818726894,12.575755117076891,Public Order and Safety
157,New Construction,Insulation,10.832183185670573,24.03895442924772,Public Order and Safety
157,New Construction,Masonry,0.4486048741660209,0.2990325498320447,Public Order and Safety
157,New Construction,Other,0.0024615953501651,0.0057355171658848,Public Order and Safety
157,New Construction,Other metals,0.0974216442202852,0.4066583058255381,Public Order and Safety
157,New Construction,Roofing and waterproofing,0.5770088689401868,3.24278984344385,Public Order and Safety
157,New Construction,Steel,210.57667362450016,322.5055073350047,Public Order and Safety
157,New Construction,Synthetic composites,0.7140471697354784,3.0704277471687527,Public Order and Safety
157,New Construction,Windows and frames,0.2368737132324839,2.4709779402472627,Public Order and Safety
157,New Construction,Wood and composites,7.093573985695744,1.6822071680703494,Public Order and Safety
158,New Construction,Acoustic ceilings,1.1749982270246515,1.818360323536992,Education
158,New Construction,Adhesives and sealants,0.3028415851678934,0.1373369261098469,Education
158,New Construction,Air and vapor barriers,0.0143523263720113,0.022392100701183,Education
158,New Construction,Aluminum,4.491811744158815,31.233047326151368,Education
158,New Construction,Applied fireproofing,0.2966303614913285,0.3381586121001144,Education
158,New Construction,Cladding,0.1569559433365143,0.7930987608762227,Education
158,New Construction,Coatings,0.5541222717037323,4.248859764010136,Education
158,New Construction,Concrete,1088.4937062858571,163.73650417167798,Education
158,New Construction,Doors and frames,1.7495236654518866,13.470655732274237,Education
158,New Construction,Flooring and tile,1.6753968931705698,7.189141414833954,Education
158,New Construction,Glazing,11.634688567149206,15.510464993516488,Education
158,New Construction,Gypsum,35.65143561378752,7.374340196562343,Education
158,New Construction,Insulation,5.087129380782038,11.639002928198854,Education
158,New Construction,Masonry,8.37302064997849,2.380428300451884,Education
158,New Construction,Other metals,0.0047630391683471,0.0196006767103213,Education
158,New Construction,Roofing and waterproofing,2.672132856006145,1.5927493250978737,Education
158,New Construction,Steel,90.11585433348732,176.00070600169676,Education
158,New Construction,Synthetic composites,0.1215368614037045,0.3548876352988172,Education
158,New Construction,Windows and frames,0.1058374457863592,1.0583744578635927,Education
158,New Construction,Wood and composites,1.3716650854131154,1.1227917367999372,Education
159,New Construction,Acoustic ceilings,2.1983620949740543,7.032798325177339,Transportation Hub
159,New Construction,Adhesives and sealants,0.0546255240126741,0.1927514299655311,Transportation Hub
159,New Construction,Air and vapor barriers,0.2755727363614416,0.3701226390386752,Transportation Hub
159,New Construction,Aluminum,2.7322957866116475,20.233393619676708,Transportation Hub
159,New Construction,Applied fireproofing,35.946591989858526,41.58766628429807,Transportation Hub
159,New Construction,Cladding,0.7288027232881399,5.635516891448543,Transportation Hub
159,New Construction,Coatings,0.6876497228213448,4.678291300953332,Transportation Hub
159,New Construction,Concrete,585.8475669759116,98.04246907841126,Transportation Hub
159,New Construction,Doors and frames,0.7870023865350958,2.801685066020536,Transportation Hub
159,New Construction,Flooring and tile,4.81159969751378,1.2707991497833515,Transportation Hub
159,New Construction,Glazing,2.837960230636864,3.896227503789925,Transportation Hub
159,New Construction,Gypsum,43.48653040361362,14.252501901536434,Transportation Hub
159,New Construction,Insulation,2.512889883726788,6.736394281503122,Transportation Hub
159,New Construction,Masonry,86.40105673681022,13.19741852259484,Transportation Hub
159,New Construction,Other metals,0.0039700284712459,0.0211623480122059,Transportation Hub
159,New Construction,Roofing and waterproofing,0.7306054833984242,2.264876998535115,Transportation Hub
159,New Construction,Steel,127.8583597903912,193.0587294534652,Transportation Hub
159,New Construction,Synthetic composites,0.0924342389602683,0.1483673393825357,Transportation Hub
159,New Construction,Windows and frames,0.0386405628,0.290190626628,Transportation Hub
159,New Construction,Wood and composites,1.6457594169444822,0.6060009640922193,Transportation Hub
16,New Construction,Acoustic ceilings,0.5623531182795699,0.2411505376344086,Healthcare
16,New Construction,Aluminum,1.1211243010752687,7.365786236559139,Healthcare
16,New Construction,Concrete,989.386966451613,101.59307612903228,Healthcare
16,New Construction,Doors and frames,0.1670886021505376,0.4094146236559139,Healthcare
16,New Construction,Flooring and tile,2.4771483870967743,4.772898064516129,Healthcare
16,New Construction,Glazing,3.810036559139785,9.671630967741937,Healthcare
16,New Construction,Gypsum,32.110371182795696,9.886005161290324,Healthcare
16,New Construction,Insulation,1.364811182795699,2.0851096774193545,Healthcare
16,New Construction,Masonry,8.136289032258064,2.0218679569892477,Healthcare
16,New Construction,Roofing and waterproofing,0.6027651612903225,0.7263655913978494,Healthcare
16,New Construction,Steel,134.57585333333333,264.57346838709674,Healthcare
16,New Construction,Wood and composites,4.123457204301075,1.0130210752688174,Healthcare
161,New Construction,Acoustic ceilings,2.037394031972566,4.675896952062464,Transportation Hub
161,New Construction,Adhesives and sealants,0.1190347887113223,0.5691169120653697,Transportation Hub
161,New Construction,Aluminum,8.859676623605905,58.65071163837552,Transportation Hub
161,New Construction,Applied fireproofing,49.36628234806842,56.94799227617349,Transportation Hub
161,New Construction,Cladding,4.999531092442144,36.694037685945744,Transportation Hub
161,New Construction,Coatings,1.200969512849234,9.91050059592262,Transportation Hub
161,New Construction,Concrete,782.9396840845934,126.26988813607576,Transportation Hub
161,New Construction,Doors and frames,0.8233140755614452,5.12822750576825,Transportation Hub
161,New Construction,Glazing,7.536537865720862,10.124890083288737,Transportation Hub
161,New Construction,Gypsum,69.74244719190982,18.41913519709213,Transportation Hub
161,New Construction,Insulation,6.446408169180153,22.81826069464995,Transportation Hub
161,New Construction,Masonry,102.62848527879932,13.488268488731515,Transportation Hub
161,New Construction,Other metals,0.0778197674324749,0.4439932458325861,Transportation Hub
161,New Construction,Roofing and waterproofing,0.8755382325764144,2.714874346154632,Transportation Hub
161,New Construction,Steel,183.7632640491004,300.8585095419228,Transportation Hub
161,New Construction,Synthetic composites,0.4370975751632494,0.4435033818129538,Transportation Hub
161,New Construction,Windows and frames,0.0586095108015944,0.4401574261199745,Transportation Hub
164,New Construction,Acoustic ceilings,1.9329218482731785,2.9912797454153077,Public Assembly
164,New Construction,Adhesives and sealants,0.2200658002575321,0.102225229941564,Public Assembly
164,New Construction,Air and vapor barriers,2.9519920796703323,2.768274157167868,Public Assembly
164,New Construction,Aluminum,3.1667251672611374,23.30789267391138,Public Assembly
164,New Construction,Applied fireproofing,29.520315211966658,34.16084049962524,Public Assembly
164,New Construction,Cladding,5.947913655273479,3.1702775990759022,Public Assembly
164,New Construction,Coatings,0.6775312734402262,3.616832451282576,Public Assembly
164,New Construction,Concrete,826.6636878911098,131.3440091337281,Public Assembly
164,New Construction,Doors and frames,1.1630254940621156,1.607244525250533,Public Assembly
164,New Construction,Flooring and tile,1.570902695208443,3.3240771310227437,Public Assembly
164,New Construction,Glazing,6.662071850308035,8.538059220745032,Public Assembly
164,New Construction,Gypsum,59.469416232706216,18.70393386754074,Public Assembly
164,New Construction,Insulation,11.21056656515243,33.733805720346986,Public Assembly
164,New Construction,Masonry,31.77686677405549,17.019493228389717,Public Assembly
164,New Construction,Other metals,1.624514313658996,6.41440024896036,Public Assembly
164,New Construction,Roofing and waterproofing,5.134042380263369,3.2362773812873558,Public Assembly
164,New Construction,Steel,134.0875965629347,190.9894063309595,Public Assembly
164,New Construction,Synthetic composites,0.0060882350594017,0.017777646373453,Public Assembly
164,New Construction,Wall coverings,0.0534133467721262,0.8092693551658455,Public Assembly
164,New Construction,Windows and frames,0.0337361526006643,0.2951925994126543,Public Assembly
164,New Construction,Wood and composites,2.3950142117701776,2.625662523752834,Public Assembly
165,New Construction,Cladding,1.035651063829787,5.270365106382979,Warehouse and Storage
165,New Construction,Coatings,0.3348234042553191,0.6462089361702128,Warehouse and Storage
165,New Construction,Concrete,862.8593817021276,135.4924085106383,Warehouse and Storage
165,New Construction,Doors and frames,0.3157902127659574,2.822460425531915,Warehouse and Storage
165,New Construction,Insulation,5.166136595744681,12.876259148936173,Warehouse and Storage
165,New Construction,Roofing and waterproofing,1.55386085106383,4.137776170212766,Warehouse and Storage
165,New Construction,Steel,36.49389957446809,53.54507106382979,Warehouse and Storage
165,New Construction,Synthetic composites,0.0403021276595744,0.1208574468085106,Warehouse and Storage
165,New Construction,Windows and frames,2.328664255319149,10.321646382978724,Warehouse and Storage
166,New Construction,Adhesives and sealants,0.1159081361221118,0.3175882929745863,Residential: Multifamily (5 or more units)
166,New Construction,Aluminum,0.1375206377250157,0.6625259788784474,Residential: Multifamily (5 or more units)
166,New Construction,Cladding,2.837933450213173,6.612384938996695,Residential: Multifamily (5 or more units)
166,New Construction,Coatings,1.2956196178946542,5.374441400559915,Residential: Multifamily (5 or more units)
166,New Construction,Concrete,1463.7388097309529,297.1828764944974,Residential: Multifamily (5 or more units)
166,New Construction,Doors and frames,4.4391023970891705,6.527800103906658,Residential: Multifamily (5 or more units)
166,New Construction,Flooring and tile,0.0646948434120784,0.0802216058309772,Residential: Multifamily (5 or more units)
166,New Construction,Glazing,4.13319008345612,5.538474711831201,Residential: Multifamily (5 or more units)
166,New Construction,Gypsum,102.55934887738728,24.56236428176217,Residential: Multifamily (5 or more units)
166,New Construction,Insulation,12.897362002978369,148.52721378731886,Residential: Multifamily (5 or more units)
166,New Construction,Masonry,6.230178948297848,0.7311871721892619,Residential: Multifamily (5 or more units)
166,New Construction,Other metals,0.1792359785784034,0.7302084809026143,Residential: Multifamily (5 or more units)
166,New Construction,Roofing and waterproofing,3.5531444021791887,5.148009551895941,Residential: Multifamily (5 or more units)
166,New Construction,Steel,130.02291286091307,236.61762567672704,Residential: Multifamily (5 or more units)
166,New Construction,Synthetic composites,0.9938003432453884,2.8919589988440806,Residential: Multifamily (5 or more units)
166,New Construction,Windows and frames,1.3807711872319564,10.377884318874075,Residential: Multifamily (5 or more units)
166,New Construction,Wood and composites,57.05508455587516,34.82757403989677,Residential: Multifamily (5 or more units)
167,New Construction,Air and vapor barriers,0.1127126468019016,0.1573759686112438,Office
167,New Construction,Aluminum,6.032286452246816,47.62693559005197,Office
167,New Construction,Applied fireproofing,0.0845608946478582,0.2139390634590813,Office
167,New Construction,Cladding,2.243125282764832,5.226481908842058,Office
167,New Construction,Coatings,0.5512710513136027,3.558797118560973,Office
167,New Construction,Concrete,885.5995532014853,151.2036599807321,Office
167,New Construction,Doors and frames,0.7199898190876145,2.022861890075557,Office
167,New Construction,Flooring and tile,2.187866079715213,4.7960039745397935,Office
167,New Construction,Glazing,8.554027407642387,11.3209174824603,Office
167,New Construction,Gypsum,27.16301358868981,7.733056462479971,Office
167,New Construction,Insulation,6.432065087687724,13.347939169581174,Office
167,New Construction,Masonry,1.217928796914713,0.2107312130071261,Office
167,New Construction,Other,0.002884339329387,0.0067205106374718,Office
167,New Construction,Other metals,0.0758057976220453,0.3492239051575635,Office
167,New Construction,Roofing and waterproofing,2.404171040974765,1.7218136948280034,Office
167,New Construction,Steel,69.05469202511348,140.20523922555802,Office
167,New Construction,Synthetic composites,2.228776387095665,6.508027050319341,Office
167,New Construction,Wood and composites,57.2192498369938,14.248044185472764,Office
168,New Construction,Acoustic ceilings,0.535895489593647,1.7033334782447829,Public Assembly
168,New Construction,Air and vapor barriers,0.5074548566746585,0.5664601007232237,Public Assembly
168,New Construction,Aluminum,1.159221324905188,6.941641375359399,Public Assembly
168,New Construction,Cladding,0.4963132626434257,0.3328222370950146,Public Assembly
168,New Construction,Coatings,0.2310701578173879,0.7703470019581463,Public Assembly
168,New Construction,Concrete,840.5895477387722,170.2293922083845,Public Assembly
168,New Construction,Doors and frames,0.8231130019251983,1.6317727935482065,Public Assembly
168,New Construction,Glazing,2.642955422754977,3.704808062424232,Public Assembly
168,New Construction,Gypsum,16.94592367108926,4.454196493806317,Public Assembly
168,New Construction,Insulation,2.016401324389485,51.54939762702104,Public Assembly
168,New Construction,Masonry,6.1408457200362365,1.1649303397477604,Public Assembly
168,New Construction,Other metals,0.0147985611683081,0.0776702587181213,Public Assembly
168,New Construction,Roofing and waterproofing,0.8526400125576115,1.0802287695095074,Public Assembly
168,New Construction,Steel,40.36066135721361,42.77524690027983,Public Assembly
168,New Construction,Windows and frames,0.9058413809283428,8.984784176797088,Public Assembly
168,New Construction,Wood and composites,0.146781664863668,0.037700660423192,Public Assembly
169,New Construction,Acoustic ceilings,0.0180358210475085,0.1217417920706828,Office
169,New Construction,Adhesives and sealants,0.0017239427660694,0.0046068270790295,Office
169,New Construction,Air and vapor barriers,0.2080466614147325,0.3352690989376204,Office
169,New Construction,Aluminum,0.115941195553357,0.6515895190098667,Office
169,New Construction,Coatings,0.0913688533993056,0.2565229238973099,Office
169,New Construction,Concrete,703.7373863337809,126.5282929333342,Office
169,New Construction,Doors and frames,0.1419044271128989,0.571806159840948,Office
169,New Construction,Glazing,3.534228563357772,5.062391315707206,Office
169,New Construction,Gypsum,9.88209432867903,2.301000289989789,Office
169,New Construction,Insulation,2.4307231061180867,28.35302722646332,Office
169,New Construction,Masonry,8.631882328263982,1.8154759422863145,Office
169,New Construction,Other metals,0.0120177637534817,0.0487718294823238,Office
169,New Construction,Roofing and waterproofing,0.0180742044548048,0.0653861640044344,Office
169,New Construction,Steel,40.00239678081528,77.44564042362391,Office
169,New Construction,Windows and frames,0.9287503498009574,9.287503498009574,Office
169,New Construction,Wood and composites,0.0656309365261933,0.0794134331966939,Office
17,New Construction,Acoustic ceilings,1.3137923809523808,1.7001714285714284,Education
17,New Construction,Air and vapor barriers,0.35856,1.1151219047619048,Education
17,New Construction,Concrete,866.5630666666666,114.52491904761904,Education
17,New Construction,Doors and frames,0.6360399999999999,1.2014809523809524,Education
17,New Construction,Flooring and tile,7.943275238095238,13.068290476190477,Education
17,New Construction,Glazing,0.9833933333333332,1.8802990476190475,Education
17,New Construction,Gypsum,45.31718095238095,14.017831428571428,Education
17,New Construction,Insulation,30.76559523809524,44.248514285714286,Education
17,New Construction,Masonry,87.39465714285714,16.20455714285714,Education
17,New Construction,Roofing and waterproofing,1.5326019047619048,2.8315980952380952,Education
17,New Construction,Steel,126.94612285714284,187.9632533333333,Education
17,New Construction,Windows and frames,0.0001990476190476,0.0023028571428571,Education
170,New Construction,Acoustic ceilings,0.2446988514295452,0.6123409629106884,Residential: Multifamily (5 or more units)
170,New Construction,Adhesives and sealants,0.0959790843213333,0.0596758641583309,Residential: Multifamily (5 or more units)
170,New Construction,Air and vapor barriers,0.1717581084436162,0.3195244667636622,Residential: Multifamily (5 or more units)
170,New Construction,Aluminum,1.1859001909543294,9.274746176316462,Residential: Multifamily (5 or more units)
170,New Construction,Applied fireproofing,0.0227952788700186,0.0576720555411472,Residential: Multifamily (5 or more units)
170,New Construction,Cladding,1.1974242597710534,0.7956001226920157,Residential: Multifamily (5 or more units)
170,New Construction,Coatings,0.5726795823763957,1.324460502342828,Residential: Multifamily (5 or more units)
170,New Construction,Concrete,857.8090037840543,172.70414427455094,Residential: Multifamily (5 or more units)
170,New Construction,Doors and frames,2.596247612763517,4.429597745711239,Residential: Multifamily (5 or more units)
170,New Construction,Flooring and tile,3.171661289179471,3.942507940568163,Residential: Multifamily (5 or more units)
170,New Construction,Glazing,1.435883659041293,2.25477293004479,Residential: Multifamily (5 or more units)
170,New Construction,Gypsum,40.175739255467775,9.101278696851764,Residential: Multifamily (5 or more units)
170,New Construction,Insulation,2.962544471871676,7.644082210626127,Residential: Multifamily (5 or more units)
170,New Construction,Masonry,10.21261503086578,1.8991251004679752,Residential: Multifamily (5 or more units)
170,New Construction,Other metals,0.0621190817165061,0.29728745566888,Residential: Multifamily (5 or more units)
170,New Construction,Roofing and waterproofing,0.1776000210559707,0.4033311459311106,Residential: Multifamily (5 or more units)
170,New Construction,Steel,41.98607880007878,79.97684779230877,Residential: Multifamily (5 or more units)
170,New Construction,Synthetic composites,0.1953151502233557,0.5699737494420485,Residential: Multifamily (5 or more units)
170,New Construction,Windows and frames,0.4367251942399727,1.279155570713517,Residential: Multifamily (5 or more units)
170,New Construction,Wood and composites,3.159111840473538,2.001430277175805,Residential: Multifamily (5 or more units)
171,New Construction,Acoustic ceilings,2.944751159998529,9.44606316469028,Residential: Multifamily (5 or more units)
171,New Construction,Air and vapor barriers,0.0471406566428676,0.0690896738145595,Residential: Multifamily (5 or more units)
171,New Construction,Aluminum,2.714265444326029,16.73772338793929,Residential: Multifamily (5 or more units)
171,New Construction,Applied fireproofing,0.0090088240875,0.022792324941375,Residential: Multifamily (5 or more units)
171,New Construction,Cladding,0.8570251804827206,6.8133501848376286,Residential: Multifamily (5 or more units)
171,New Construction,Coatings,0.2409656479468382,0.6535893062561926,Residential: Multifamily (5 or more units)
171,New Construction,Concrete,1148.5703376498625,223.1727415430884,Residential: Multifamily (5 or more units)
171,New Construction,Doors and frames,1.8606800508927208,10.79458741371592,Residential: Multifamily (5 or more units)
171,New Construction,Glazing,7.703172175587279,11.411053956081703,Residential: Multifamily (5 or more units)
171,New Construction,Gypsum,16.258045941646323,4.053282101467351,Residential: Multifamily (5 or more units)
171,New Construction,Insulation,3.817874682928897,29.228070991209066,Residential: Multifamily (5 or more units)
171,New Construction,Masonry,69.61553396333309,10.603958086340528,Residential: Multifamily (5 or more units)
171,New Construction,Other metals,0.0064454668050735,0.0265989439046786,Residential: Multifamily (5 or more units)
171,New Construction,Roofing and waterproofing,1.2280457419889703,1.5168655274070073,Residential: Multifamily (5 or more units)
171,New Construction,Steel,75.26630350873853,139.36648261113265,Residential: Multifamily (5 or more units)
171,New Construction,Windows and frames,3.053599529638456,30.35715040912267,Residential: Multifamily (5 or more units)
172,New Construction,Acoustic ceilings,1.1940584676613757,1.847856866216296,Residential: Multifamily (5 or more units)
172,New Construction,Adhesives and sealants,0.0073297110060317,0.0176106775961563,Residential: Multifamily (5 or more units)
172,New Construction,Air and vapor barriers,2.383441847672963,2.7996413275397374,Residential: Multifamily (5 or more units)
172,New Construction,Aluminum,8.551857124274392,76.17744012411218,Residential: Multifamily (5 or more units)
172,New Construction,Applied fireproofing,0.060042310037037,0.1519070443937037,Residential: Multifamily (5 or more units)
172,New Construction,Cladding,4.34400827612963,16.88568722977998,Residential: Multifamily (5 or more units)
172,New Construction,Coatings,1.1922874587051853,5.551942178936761,Residential: Multifamily (5 or more units)
172,New Construction,Concrete,603.8063932450883,116.7799040938766,Residential: Multifamily (5 or more units)
172,New Construction,Doors and frames,0.1849453199512698,1.6149214129511111,Residential: Multifamily (5 or more units)
172,New Construction,Flooring and tile,0.0195194578388888,0.0996749082000635,Residential: Multifamily (5 or more units)
172,New Construction,Glazing,12.49833190128275,18.98301906004091,Residential: Multifamily (5 or more units)
172,New Construction,Gypsum,87.32654105373227,23.50455760473129,Residential: Multifamily (5 or more units)
172,New Construction,Insulation,7.654091754603227,17.21636886075982,Residential: Multifamily (5 or more units)
172,New Construction,Masonry,5.57891651989418,1.248827516212508,Residential: Multifamily (5 or more units)
172,New Construction,Other metals,0.258726379176455,1.4982866583338437,Residential: Multifamily (5 or more units)
172,New Construction,Roofing and waterproofing,0.0550340189814814,0.1237190652895634,Residential: Multifamily (5 or more units)
172,New Construction,Steel,49.86403061217196,105.3883242061553,Residential: Multifamily (5 or more units)
172,New Construction,Windows and frames,0.1788375149356084,1.3655925748859947,Residential: Multifamily (5 or more units)
172,New Construction,Wood and composites,60.28277621298677,22.35255462669844,Residential: Multifamily (5 or more units)
174,New Construction,Adhesives and sealants,0.3455003664972384,0.7557235571361081,Public Assembly
174,New Construction,Air and vapor barriers,0.2184308511875683,0.5722888301114291,Public Assembly
174,New Construction,Aluminum,0.7841319141210595,5.147215797591384,Public Assembly
174,New Construction,Applied fireproofing,17.521959141258296,19.97503342103446,Public Assembly
174,New Construction,Cladding,4.284010861938893,12.358138045468015,Public Assembly
174,New Construction,Coatings,0.2252824139543993,1.0115485030461009,Public Assembly
174,New Construction,Concrete,1413.9907114464536,272.2255552600837,Public Assembly
174,New Construction,Flooring and tile,0.0341796567671738,0.1209592568374368,Public Assembly
174,New Construction,Glazing,5.125051653379864,14.7609515392316,Public Assembly
174,New Construction,Gypsum,34.66126460050605,11.079882217050322,Public Assembly
174,New Construction,Insulation,3.3210619293419072,9.007214220846166,Public Assembly
174,New Construction,Other metals,0.1633473390128473,0.7127266368470996,Public Assembly
174,New Construction,Roofing and waterproofing,4.233790365030513,5.393346156381337,Public Assembly
174,New Construction,Steel,176.38080534130344,286.2604237662473,Public Assembly
174,New Construction,Windows and frames,0.0027393010822459,0.0273930108224594,Public Assembly
174,New Construction,Wood and composites,12.98087585113984,4.16536548956285,Public Assembly
175,New Construction,Acoustic ceilings,1.0957725641453755,1.6957552006761802,Residential: Multifamily (5 or more units)
175,New Construction,Adhesives and sealants,0.3273558380639979,0.3443217133322939,Residential: Multifamily (5 or more units)
175,New Construction,Air and vapor barriers,0.1555264276774114,0.1259764064187032,Residential: Multifamily (5 or more units)
175,New Construction,Aluminum,1.3142071881747877,11.91834073838496,Residential: Multifamily (5 or more units)
175,New Construction,Applied fireproofing,5.436104227657641,6.246480544046382,Residential: Multifamily (5 or more units)
175,New Construction,Cladding,1.0432800391527757,4.33867791438767,Residential: Multifamily (5 or more units)
175,New Construction,Coatings,0.8248334869722423,2.569445606432153,Residential: Multifamily (5 or more units)
175,New Construction,Concrete,480.2620276349172,92.21633743236096,Residential: Multifamily (5 or more units)
175,New Construction,Doors and frames,2.623364843271564,5.226196994737006,Residential: Multifamily (5 or more units)
175,New Construction,Flooring and tile,2.3557856826947807,9.043005272481976,Residential: Multifamily (5 or more units)
175,New Construction,Glazing,3.1598985964020327,4.269534687281379,Residential: Multifamily (5 or more units)
175,New Construction,Gypsum,102.46644571610592,22.41210216216304,Residential: Multifamily (5 or more units)
175,New Construction,Insulation,6.371226394914349,11.729230840974878,Residential: Multifamily (5 or more units)
175,New Construction,Masonry,29.50064129291274,8.292767147557775,Residential: Multifamily (5 or more units)
175,New Construction,Other metals,0.0125572562553977,0.0699595089370369,Residential: Multifamily (5 or more units)
175,New Construction,Roofing and waterproofing,0.4275846376179646,1.3639949940013076,Residential: Multifamily (5 or more units)
175,New Construction,Steel,20.879386130808093,39.67305832023717,Residential: Multifamily (5 or more units)
175,New Construction,Synthetic composites,0.0431884261622701,0.0592280458375022,Residential: Multifamily (5 or more units)
175,New Construction,Wall coverings,0.0022681770282751,0.0294129953162377,Residential: Multifamily (5 or more units)
175,New Construction,Windows and frames,0.3952034758721932,1.1163390243074238,Residential: Multifamily (5 or more units)
175,New Construction,Wood and composites,31.92932712358398,7.937035924178938,Residential: Multifamily (5 or more units)
176,New Construction,Acoustic ceilings,0.596337835954873,0.9228584651315412,Residential: Multifamily (5 or more units)
176,New Construction,Adhesives and sealants,0.3222001806681405,0.1731414883319716,Residential: Multifamily (5 or more units)
176,New Construction,Aluminum,0.4191260315361533,3.158390798039567,Residential: Multifamily (5 or more units)
176,New Construction,Applied fireproofing,0.6714037177043528,0.7669610246158732,Residential: Multifamily (5 or more units)
176,New Construction,Cladding,0.2854405984222376,1.834174012285868,Residential: Multifamily (5 or more units)
176,New Construction,Coatings,0.7769377989863239,2.0344550015817613,Residential: Multifamily (5 or more units)
176,New Construction,Concrete,159.59190918086227,31.374752098148495,Residential: Multifamily (5 or more units)
176,New Construction,Doors and frames,3.0076335405859638,4.259710386168767,Residential: Multifamily (5 or more units)
176,New Construction,Flooring and tile,2.66625363450918,9.749574310083291,Residential: Multifamily (5 or more units)
176,New Construction,Glazing,2.451769073307122,3.29359425619944,Residential: Multifamily (5 or more units)
176,New Construction,Gypsum,92.79172602882694,20.359645046335416,Residential: Multifamily (5 or more units)
176,New Construction,Insulation,3.623111943890723,7.392476685141122,Residential: Multifamily (5 or more units)
176,New Construction,Masonry,25.33528298557779,7.138602288086413,Residential: Multifamily (5 or more units)
176,New Construction,Other metals,0.0041578652199607,0.0240324609713733,Residential: Multifamily (5 or more units)
176,New Construction,Roofing and waterproofing,0.2784040846112914,0.8869203581897217,Residential: Multifamily (5 or more units)
176,New Construction,Steel,6.151695087582656,11.90837185464034,Residential: Multifamily (5 or more units)
176,New Construction,Wall coverings,0.0721713544821991,0.0191975802922649,Residential: Multifamily (5 or more units)
176,New Construction,Windows and frames,0.6276051675675636,1.6819818490810703,Residential: Multifamily (5 or more units)
176,New Construction,Wood and composites,33.7952886896164,8.36612396069372,Residential: Multifamily (5 or more units)
177,New Construction,Acoustic ceilings,1.683340004159244,2.605041100646312,Education
177,New Construction,Adhesives and sealants,0.5946870941703597,1.6214612962996082,Education
177,New Construction,Air and vapor barriers,2.796621843469642,3.2201000360058925,Education
177,New Construction,Aluminum,0.6242908498409799,5.156245348608075,Education
177,New Construction,Applied fireproofing,32.1996474754076,36.70759812196466,Education
177,New Construction,Coatings,0.5913048871943759,2.5435975811866345,Education
177,New Construction,Concrete,585.9152547760988,87.29676161478902,Education
177,New Construction,Doors and frames,0.9456256305999654,3.140439082941721,Education
177,New Construction,Flooring and tile,0.0265203372993004,0.1274139666510742,Education
177,New Construction,Glazing,6.097924295099215,15.947484189594771,Education
177,New Construction,Gypsum,50.74845990018319,12.240467701078884,Education
177,New Construction,Insulation,11.062091759504538,39.56848470334313,Education
177,New Construction,Masonry,2.2185362973132507,0.6283576544938407,Education
177,New Construction,Other metals,0.1100911685132738,0.447072319532538,Education
177,New Construction,Roofing and waterproofing,1.5215426379950858,4.716782177784767,Education
177,New Construction,Steel,77.51165814466037,139.1678665771918,Education
177,New Construction,Synthetic composites,0.8511499842241446,1.0298914809112147,Education
177,New Construction,Windows and frames,1.5539209039727786,15.539209039727783,Education
177,New Construction,Wood and composites,4.22106195252949,1.07504846891067,Education
178,New Construction,Aluminum,1.793371914010909,12.57220608997284,Other
178,New Construction,Cladding,1.0696457750626698,2.4922746558960207,Other
178,New Construction,Coatings,0.4055807886473321,2.5890306995046304,Other
178,New Construction,Concrete,1522.693719126029,309.8088764240728,Other
178,New Construction,Doors and frames,6.082449675517321,7.529230283223006,Other
178,New Construction,Flooring and tile,0.007129293461573,0.0088403238923505,Other
178,New Construction,Glazing,4.393058859116443,5.886698871216035,Other
178,New Construction,Gypsum,13.328377314148948,4.027446640207308,Other
178,New Construction,Insulation,3.5994868729961293,129.5907452908321,Other
178,New Construction,Masonry,1.093090523768621,0.121149519382287,Other
178,New Construction,Other metals,0.0349765934844263,0.1426035231912877,Other
178,New Construction,Roofing and waterproofing,6.50028222214553,4.315039262375002,Other
178,New Construction,Steel,110.87538563134622,176.78258116116837,Other
178,New Construction,Windows and frames,0.2324021390183025,2.324021390183025,Other
178,New Construction,Wood and composites,42.48528461839452,15.346964309499509,Other
179,New Construction,Acoustic ceilings,0.0993015757538097,0.3156281433758306,Education
179,New Construction,Adhesives and sealants,0.205446771731404,0.1080534009687279,Education
179,New Construction,Air and vapor barriers,1.1605842703570382,4.653354532113125,Education
179,New Construction,Aluminum,1.8797022928156293,12.179117579087864,Education
179,New Construction,Applied fireproofing,39.003389457808616,44.46386398190182,Education
179,New Construction,Cladding,0.8353695808334543,1.7770341776394418,Education
179,New Construction,Coatings,0.5098095220846358,3.876456998638189,Education
179,New Construction,Concrete,683.3334875771504,144.64036526728262,Education
179,New Construction,Doors and frames,0.5618291170990487,1.287007563704951,Education
179,New Construction,Flooring and tile,1.934066188941444,7.754741367612204,Education
179,New Construction,Glazing,7.026601146899116,9.30452164850114,Education
179,New Construction,Gypsum,45.468432308520704,9.287198099392084,Education
179,New Construction,Insulation,5.609006447312433,28.90460757462149,Education
179,New Construction,Masonry,54.66634421440314,14.760885475067347,Education
179,New Construction,Other metals,0.0396876647320943,0.2179537849257827,Education
179,New Construction,Roofing and waterproofing,1.0170330938568797,2.5442791385426538,Education
179,New Construction,Steel,185.98471656423317,365.0467581185108,Education
179,New Construction,Windows and frames,0.0815186602009496,0.815186602009496,Education
179,New Construction,Wood and composites,0.1626197381753043,0.0429316108782803,Education
18,New Construction,Acoustic ceilings,2.8941893449512563,4.588163418974316,Healthcare
18,New Construction,Adhesives and sealants,0.206966025282412,0.1667935752295318,Healthcare
18,New Construction,Air and vapor barriers,0.6432954306877388,0.6322852732358976,Healthcare
18,New Construction,Aluminum,2.655772002960151,23.156197663057803,Healthcare
18,New Construction,Cladding,0.7173405957576884,2.999338746598573,Healthcare
18,New Construction,Coatings,0.7321354798035176,1.9685372243431596,Healthcare
18,New Construction,Concrete,628.806442652587,134.7540007810374,Healthcare
18,New Construction,Doors and frames,2.2374276668381907,5.079345880351993,Healthcare
18,New Construction,Flooring and tile,1.7962965955436685,2.2903771096658336,Healthcare
18,New Construction,Glazing,1.904881828643065,3.327758244786785,Healthcare
18,New Construction,Gypsum,50.36013422570522,13.60071010839904,Healthcare
18,New Construction,Insulation,6.859588784656935,41.83006622695591,Healthcare
18,New Construction,Masonry,19.47354413311377,5.58968197063358,Healthcare
18,New Construction,Other,0.0119579701251256,0.0332544808290301,Healthcare
18,New Construction,Other metals,1.7418558310186936,2.058763257147188,Healthcare
18,New Construction,Roofing and waterproofing,0.7377540524924624,2.354805407113417,Healthcare
18,New Construction,Steel,94.04563825304685,134.17570284598173,Healthcare
18,New Construction,Synthetic composites,0.4034619604164824,1.5238301493714392,Healthcare
18,New Construction,Wall coverings,0.0016337396158291,0.0047209864785168,Healthcare
18,New Construction,Windows and frames,0.006915203163819,0.0538388754537467,Healthcare
18,New Construction,Wood and composites,3.2311185659862307,1.2302475868592715,Healthcare
180,New Construction,Acoustic ceilings,1.009147854087151,1.3724410815585255,Education
180,New Construction,Adhesives and sealants,0.3319485970441334,0.147234690320803,Education
180,New Construction,Air and vapor barriers,0.2872982968787544,0.7527215378223366,Education
180,New Construction,Aluminum,2.762288092379292,26.09548447137215,Education
180,New Construction,Cladding,2.0821711133733585,4.851458694159926,Education
180,New Construction,Coatings,0.8004819131623523,4.539144532000475,Education
180,New Construction,Concrete,512.2699222460411,80.59418411070554,Education
180,New Construction,Doors and frames,1.7068037916781635,5.797589837463645,Education
180,New Construction,Flooring and tile,2.381908049743279,11.390486433174216,Education
180,New Construction,Glazing,5.802143152554192,7.774871824422618,Education
180,New Construction,Gypsum,58.00739155370744,11.77550048540261,Education
180,New Construction,Insulation,8.187709404965693,20.81348190672526,Education
180,New Construction,Masonry,57.19832901372812,15.667275125396152,Education
180,New Construction,Other,0.0018504722527861,0.0043116003489918,Education
180,New Construction,Other metals,0.2371970914064761,0.9606482201962282,Education
180,New Construction,Roofing and waterproofing,0.91865661305708,2.9305145956520864,Education
180,New Construction,Steel,35.65334767884046,58.158012632597575,Education
180,New Construction,Wall coverings,0.2734727400519773,4.294248063774679,Education
180,New Construction,Windows and frames,0.7364337636145833,2.145010747580521,Education
180,New Construction,Wood and composites,93.59480367076044,31.03822864277357,Education
181,New Construction,Acoustic ceilings,0.5480385868094347,0.9529893547400352,Public Assembly
181,New Construction,Adhesives and sealants,0.0410748935987845,0.018575878332496,Public Assembly
181,New Construction,Air and vapor barriers,1.7955218834256548,2.4373518937377936,Public Assembly
181,New Construction,Aluminum,0.5009770067415901,4.748205059537574,Public Assembly
181,New Construction,Cladding,3.12603528180576,7.283662206607421,Public Assembly
181,New Construction,Coatings,0.4526959223986082,4.133908517326426,Public Assembly
181,New Construction,Concrete,572.5983584192833,106.05040809753928,Public Assembly
181,New Construction,Doors and frames,1.1483748607818414,1.881176933688767,Public Assembly
181,New Construction,Flooring and tile,2.095178393591688,2.3708799600944217,Public Assembly
181,New Construction,Glazing,1.751326371793298,2.346777338203019,Public Assembly
181,New Construction,Gypsum,24.477484707026584,6.794063440502529,Public Assembly
181,New Construction,Insulation,12.463107326463668,22.88023201428433,Public Assembly
181,New Construction,Masonry,35.31129844480088,8.777438058804561,Public Assembly
181,New Construction,Other metals,0.2978399548325125,1.49833003680883,Public Assembly
181,New Construction,Roofing and waterproofing,1.2078591715653446,3.853070757293448,Public Assembly
181,New Construction,Steel,40.57179426036087,80.22351604835856,Public Assembly
181,New Construction,Synthetic composites,0.0072088465637487,0.0376301790627686,Public Assembly
181,New Construction,Windows and frames,0.0992083965047059,0.6231076916362808,Public Assembly
181,New Construction,Wood and composites,22.6394412662631,7.968524371455135,Public Assembly
182,New Construction,Acoustic ceilings,2.096574254956071,3.277540151829408,Education
182,New Construction,Adhesives and sealants,0.3179611215021874,0.1433876621875101,Education
182,New Construction,Air and vapor barriers,0.8938422897119211,1.2819795612419211,Education
182,New Construction,Aluminum,1.7936226046926604,16.702393437286627,Education
182,New Construction,Cladding,1.516587205905153,3.5336481897590053,Education
182,New Construction,Coatings,0.5418253063555591,2.938186002133408,Education
182,New Construction,Concrete,366.939726791251,62.54606155724075,Education
182,New Construction,Doors and frames,1.87347390134834,2.66298023785838,Education
182,New Construction,Flooring and tile,5.542031380286335,18.53415356254329,Education
182,New Construction,Glazing,5.439514782069984,7.288949807973781,Education
182,New Construction,Gypsum,40.80096340517196,9.30418698906205,Education
182,New Construction,Insulation,8.456651786517288,20.472434871997365,Education
182,New Construction,Masonry,19.88653737779965,4.896254176312082,Education
182,New Construction,Other metals,0.1407808692504855,0.6396967384839654,Education
182,New Construction,Roofing and waterproofing,0.8798390208743917,2.8066864765893094,Education
182,New Construction,Steel,23.72430124416125,46.199442307229525,Education
182,New Construction,Synthetic composites,0.0051119602351129,0.0266844324272894,Education
182,New Construction,Windows and frames,0.1324609188836635,1.0288203395632116,Education
182,New Construction,Wood and composites,94.69745301556264,34.106132864988126,Education
183,New Construction,Acoustic ceilings,3.5745957745809576,5.537540135996797,Education
183,New Construction,Adhesives and sealants,0.2991772530641612,0.1418283647339225,Education
183,New Construction,Air and vapor barriers,0.4550292300828403,0.9249679604131869,Education
183,New Construction,Aluminum,2.001238483442017,18.03399054199141,Education
183,New Construction,Cladding,0.4854226967529516,1.1310348834343773,Education
183,New Construction,Coatings,0.6645267616298756,2.2855320547154423,Education
183,New Construction,Concrete,465.279250973335,89.26101833157605,Education
183,New Construction,Doors and frames,1.2583877151463023,3.6082027058187727,Education
183,New Construction,Flooring and tile,2.208061561457179,10.576614879379887,Education
183,New Construction,Glazing,3.078315056812266,4.154569051129252,Education
183,New Construction,Gypsum,41.67657463112146,8.724582982904874,Education
183,New Construction,Insulation,9.087766280060093,21.86347740251736,Education
183,New Construction,Masonry,59.17924180008893,6.993594452051452,Education
183,New Construction,Other metals,0.046532966238905,0.1956348220094046,Education
183,New Construction,Roofing and waterproofing,1.0581731288099132,3.4014666644070566,Education
183,New Construction,Steel,76.99883778049633,124.2687197604284,Education
183,New Construction,Wood and composites,9.37159973083024,2.446216623699244,Education
184,New Construction,Acoustic ceilings,0.0946379572540471,0.1575188551294593,Residential: Multifamily (5 or more units)
184,New Construction,Adhesives and sealants,0.282605852916225,0.1059322782288087,Residential: Multifamily (5 or more units)
184,New Construction,Air and vapor barriers,1.129187446945115,1.5648767839595707,Residential: Multifamily (5 or more units)
184,New Construction,Aluminum,0.259582389856702,1.6172630987492838,Residential: Multifamily (5 or more units)
184,New Construction,Cladding,3.416547124918548,2.720888504981762,Residential: Multifamily (5 or more units)
184,New Construction,Coatings,0.8223244945227679,2.1758280295751264,Residential: Multifamily (5 or more units)
184,New Construction,Concrete,323.8858390890675,47.85082351227107,Residential: Multifamily (5 or more units)
184,New Construction,Doors and frames,5.324061841453303,6.8211414169384605,Residential: Multifamily (5 or more units)
184,New Construction,Flooring and tile,5.519408851272234,13.11694761528873,Residential: Multifamily (5 or more units)
184,New Construction,Glazing,3.347898487434646,4.392234455439325,Residential: Multifamily (5 or more units)
184,New Construction,Gypsum,88.10333694413275,19.30298219148204,Residential: Multifamily (5 or more units)
184,New Construction,Insulation,3.6389995693768658,21.158354820580183,Residential: Multifamily (5 or more units)
184,New Construction,Masonry,3.8907956603777714,1.0336071236415252,Residential: Multifamily (5 or more units)
184,New Construction,Other metals,0.079509810647056,0.3659329924965065,Residential: Multifamily (5 or more units)
184,New Construction,Roofing and waterproofing,1.997297343300724,1.4073077975823658,Residential: Multifamily (5 or more units)
184,New Construction,Steel,12.13874913010063,21.89087865555462,Residential: Multifamily (5 or more units)
184,New Construction,Synthetic composites,0.0102601237386704,0.0299595613169175,Residential: Multifamily (5 or more units)
184,New Construction,Windows and frames,0.5525872680851064,1.4809338784680852,Residential: Multifamily (5 or more units)
184,New Construction,Wood and composites,26.383577951691635,7.440702247648802,Residential: Multifamily (5 or more units)
185,New Construction,Acoustic ceilings,0.5729505863376017,0.9507084541285782,Office
185,New Construction,Adhesives and sealants,0.0589755219291714,0.152746601796554,Office
185,New Construction,Air and vapor barriers,0.3418737230943116,0.7768279430851743,Office
185,New Construction,Aluminum,1.17640465186017,11.334882744680538,Office
185,New Construction,Cladding,1.7660886429852825,4.114986538155709,Office
185,New Construction,Coatings,0.6371761139781127,3.637404648697829,Office
185,New Construction,Concrete,460.8838473960192,89.02112136544064,Office
185,New Construction,Doors and frames,1.3408984297774822,5.238295139959224,Office
185,New Construction,Flooring and tile,0.1954823871950889,0.0512163854451132,Office
185,New Construction,Glazing,4.227502409658258,5.686810840909855,Office
185,New Construction,Gypsum,34.40240516874801,10.036569429076511,Office
185,New Construction,Insulation,13.181744512739268,32.34293085494153,Office
185,New Construction,Masonry,0.0583943318716126,0.0307991652367804,Office
185,New Construction,Other metals,0.1366210140550742,0.5597844625226741,Office
185,New Construction,Roofing and waterproofing,0.9361332004303554,2.9862649093728337,Office
185,New Construction,Steel,21.81940495776008,42.57292667018879,Office
185,New Construction,Synthetic composites,1.48072846815696,3.7197289997306417,Office
185,New Construction,Windows and frames,0.1017086080909111,1.060154008630222,Office
185,New Construction,Wood and composites,62.5469967303741,19.90817942239884,Office
186,New Construction,Acoustic ceilings,2.0265337171852864,3.136148141236598,Education
186,New Construction,Adhesives and sealants,0.0888052464474677,0.2433263752660616,Education
186,New Construction,Air and vapor barriers,4.571120242603588,11.01407565086924,Education
186,New Construction,Aluminum,2.5717822078290773,15.764275619226702,Education
186,New Construction,Cladding,0.0944518792124382,0.2200728785649812,Education
186,New Construction,Coatings,0.5905806996581812,5.191815443604802,Education
186,New Construction,Concrete,493.2500029818308,68.42580314657064,Education
186,New Construction,Doors and frames,0.0499986764803612,0.2341733140313548,Education
186,New Construction,Glazing,2.1261972249831085,3.314767878573259,Education
186,New Construction,Gypsum,12.611186993898706,3.3110000688164765,Education
186,New Construction,Insulation,6.9812164572622,51.64337981464138,Education
186,New Construction,Other,0.0281037433204875,0.0654817219367359,Education
186,New Construction,Other metals,0.0411650974798416,0.1951591611906696,Education
186,New Construction,Roofing and waterproofing,2.159663710496084,2.153083953461954,Education
186,New Construction,Steel,85.72096089452216,121.540623223167,Education
186,New Construction,Synthetic composites,0.1303895263258662,0.2158921408359032,Education
186,New Construction,Windows and frames,0.3119214225804254,0.8359494125155401,Education
186,New Construction,Wood and composites,31.821217983099928,11.813060887209357,Education
187,New Construction,Acoustic ceilings,0.3681981918074534,0.9353135115815528,Education
187,New Construction,Adhesives and sealants,0.1315003761242236,0.3161666842592794,Education
187,New Construction,Air and vapor barriers,0.1558165137956521,0.4082392661446087,Education
187,New Construction,Aluminum,5.420375680417392,32.85667500161112,Education
187,New Construction,Cladding,2.771778827391304,8.379490673872672,Education
187,New Construction,Coatings,0.9822826140720496,6.408091497086429,Education
187,New Construction,Concrete,895.4268989697516,140.4864813373642,Education
187,New Construction,Doors and frames,1.1502985010751552,3.910909644606,Education
187,New Construction,Flooring and tile,1.2253098385093169,5.869234126459627,Education
187,New Construction,Glazing,4.97987863289441,6.5030843384541,Education
187,New Construction,Gypsum,56.43960795436646,11.457240414736392,Education
187,New Construction,Insulation,10.187984340842236,20.150054552263438,Education
187,New Construction,Masonry,31.268876289925466,8.306715670226584,Education
187,New Construction,Other metals,0.1370800771285714,0.5803066350143353,Education
187,New Construction,Roofing and waterproofing,1.1387551975689445,3.379474373677106,Education
187,New Construction,Steel,53.45266078754907,108.80727202476916,Education
187,New Construction,Synthetic composites,13.69487905652174,64.09203398452173,Education
187,New Construction,Windows and frames,1.526673785590062,4.091485745381366,Education
187,New Construction,Wood and composites,58.64917688754845,20.329778286890622,Education
189,New Construction,Adhesives and sealants,0.027189391421422,0.0744989324946962,Other
189,New Construction,Aluminum,0.0005488532391815,0.0039078350629728,Other
189,New Construction,Cladding,0.1983301541262033,0.4621092591140538,Other
189,New Construction,Coatings,0.0776707552495912,0.3625422361270797,Other
189,New Construction,Concrete,1206.7546996367698,245.88123623065133,Other
189,New Construction,Doors and frames,0.7050431309563417,1.0411732730000112,Other
189,New Construction,Flooring and tile,0.0026437796586666,0.0032782867767466,Other
189,New Construction,Glazing,0.2508078773673917,0.3360825556723048,Other
189,New Construction,Gypsum,5.202147111437413,1.2903731080631815,Other
189,New Construction,Insulation,5.721263664717052,12.252723252743912,Other
189,New Construction,Masonry,2.2216761536064373,0.2462330359470587,Other
189,New Construction,Other metals,0.0071253283566593,0.0290334140998102,Other
189,New Construction,Roofing and waterproofing,0.820111531700664,0.7545308600192429,Other
189,New Construction,Steel,59.48330801608639,80.65488613831539,Other
189,New Construction,Windows and frames,0.0302752597857564,0.2963316268708973,Other
189,New Construction,Wood and composites,34.89957296487585,9.353571892266178,Other
19,New Construction,Acoustic ceilings,1.131994678277487,1.7518104811441364,Education
19,New Construction,Coatings,2.273675777033508,4.997399046448884,Education
19,New Construction,Concrete,571.1671555026178,105.84432417250676,Education
19,New Construction,Doors and frames,0.0107430031413612,0.0940012774869109,Education
19,New Construction,Flooring and tile,3.3665016376963357,0.8820234290764399,Education
19,New Construction,Glazing,7.444450957774869,36.85950741973272,Education
19,New Construction,Gypsum,116.69016873365446,29.14325383213825,Education
19,New Construction,Insulation,24.626519361010477,46.211604021601936,Education
19,New Construction,Masonry,308.38053208257537,66.22079520646543,Education
19,New Construction,Other metals,0.0001567387240837,0.0014200528401989,Education
19,New Construction,Steel,27.42361819458168,60.8404590566222,Education
19,New Construction,Windows and frames,0.4365004283664921,4.365004283664922,Education
19,New Construction,Wood and composites,315.6651293365393,73.18764291077603,Education
190,New Construction,Acoustic ceilings,1.6656463851752328,5.43572316039347,Education
190,New Construction,Adhesives and sealants,0.1140267528984692,0.3124333029418057,Education
190,New Construction,Air and vapor barriers,1.051152216143042,1.155282441051157,Education
190,New Construction,Aluminum,6.114614014101223,33.0062117928797,Education
190,New Construction,Applied fireproofing,16.320667128347868,18.60556052631657,Education
190,New Construction,Cladding,2.8804140354555825,3.619425942134497,Education
190,New Construction,Coatings,0.8890218374710512,3.137811132461083,Education
190,New Construction,Concrete,1425.9480274069551,294.7225434045664,Education
190,New Construction,Doors and frames,1.8054572174371148,7.47704525535893,Education
190,New Construction,Flooring and tile,0.4641157308074127,0.1215983214715421,Education
190,New Construction,Glazing,5.733815958953348,7.9038477879267806,Education
190,New Construction,Gypsum,69.18654126824909,16.7071835076049,Education
190,New Construction,Insulation,9.401429681167125,82.01481755380875,Education
190,New Construction,Masonry,62.40010771421972,6.930919468620519,Education
190,New Construction,Other metals,0.0647127842864196,0.3711978781527608,Education
190,New Construction,Roofing and waterproofing,4.431509397333035,4.492989839719236,Education
190,New Construction,Steel,76.77494588770922,119.96845882729365,Education
190,New Construction,Windows and frames,2.440807995298218,24.39314475298218,Education
190,New Construction,Wood and composites,9.472840013035608,2.2380806058361813,Education
191,New Construction,Adhesives and sealants,0.1078308779156929,0.2954566054889986,Residential: Multifamily (5 or more units)
191,New Construction,Air and vapor barriers,5.769095590289898e-06,1.5115030446559528e-05,Residential: Multifamily (5 or more units)
191,New Construction,Aluminum,1.5037744672797333,11.085447324482525,Residential: Multifamily (5 or more units)
191,New Construction,Applied fireproofing,0.0253540029967788,0.0289035634163279,Residential: Multifamily (5 or more units)
191,New Construction,Cladding,2.905302595926746,1.8739201743727516,Residential: Multifamily (5 or more units)
191,New Construction,Coatings,0.688403308331469,1.6174669452759802,Residential: Multifamily (5 or more units)
191,New Construction,Concrete,309.52244994334933,63.85275085751306,Residential: Multifamily (5 or more units)
191,New Construction,Doors and frames,0.0635853792834713,0.3801010280669892,Residential: Multifamily (5 or more units)
191,New Construction,Flooring and tile,0.2094172110825789,0.0548673093036356,Residential: Multifamily (5 or more units)
191,New Construction,Glazing,2.0079333987664336,3.981848616857035,Residential: Multifamily (5 or more units)
191,New Construction,Gypsum,55.89335084284038,11.346353654781366,Residential: Multifamily (5 or more units)
191,New Construction,Insulation,3.1699189813210165,65.80913836065619,Residential: Multifamily (5 or more units)
191,New Construction,Masonry,0.0534013888260576,0.01059729619532,Residential: Multifamily (5 or more units)
191,New Construction,Other metals,0.0567173489897782,0.3280095424382552,Residential: Multifamily (5 or more units)
191,New Construction,Roofing and waterproofing,1.21951677395405,0.7691973351322442,Residential: Multifamily (5 or more units)
191,New Construction,Steel,11.198117689128935,21.996605454761728,Residential: Multifamily (5 or more units)
191,New Construction,Windows and frames,0.6476249043478239,1.7356347436521682,Residential: Multifamily (5 or more units)
191,New Construction,Wood and composites,32.08968018499046,8.718726574190534,Residential: Multifamily (5 or more units)
192,New Construction,Adhesives and sealants,0.0322403411856603,0.0883385348487092,Residential: Multifamily (5 or more units)
192,New Construction,Aluminum,0.720821197011426,5.574526595945063,Residential: Multifamily (5 or more units)
192,New Construction,Applied fireproofing,0.0095287544196981,0.0108627800384558,Residential: Multifamily (5 or more units)
192,New Construction,Cladding,0.7804136499615796,0.5033668042252188,Residential: Multifamily (5 or more units)
192,New Construction,Coatings,0.5484012763709198,1.3500544795646208,Residential: Multifamily (5 or more units)
192,New Construction,Concrete,333.8229987751424,67.27037864789604,Residential: Multifamily (5 or more units)
192,New Construction,Flooring and tile,0.0542676236236772,0.0142181173894034,Residential: Multifamily (5 or more units)
192,New Construction,Glazing,1.202699593358196,2.427802179685449,Residential: Multifamily (5 or more units)
192,New Construction,Gypsum,42.83354510268488,8.952247691596646,Residential: Multifamily (5 or more units)
192,New Construction,Insulation,1.4821447161451475,3.284837672500444,Residential: Multifamily (5 or more units)
192,New Construction,Masonry,47.19598760872298,8.932901709046716,Residential: Multifamily (5 or more units)
192,New Construction,Other metals,0.0026668860585509,0.0154146014184242,Residential: Multifamily (5 or more units)
192,New Construction,Roofing and waterproofing,0.1503392484933732,0.479909108467299,Residential: Multifamily (5 or more units)
192,New Construction,Steel,21.292193684767597,38.07607734443687,Residential: Multifamily (5 or more units)
192,New Construction,Windows and frames,0.1737628577391302,0.4656844587408691,Residential: Multifamily (5 or more units)
192,New Construction,Wood and composites,16.8215286783955,4.697726975572834,Residential: Multifamily (5 or more units)
193,New Construction,Acoustic ceilings,0.7811133485143575,1.446155505574736,Office
193,New Construction,Adhesives and sealants,0.5735966744703769,1.2054225154433424,Office
193,New Construction,Aluminum,5.360939257900588,22.95328805981478,Office
193,New Construction,Applied fireproofing,0.3346899737948703,0.5118042583729103,Office
193,New Construction,Cladding,0.8469995701007449,0.5463147227149806,Office
193,New Construction,Coatings,0.6580411602301753,3.472751713142082,Office
193,New Construction,Concrete,229.3636499777929,40.02157971496664,Office
193,New Construction,Doors and frames,0.0064749759375,0.056656039453125,Office
193,New Construction,Flooring and tile,13.800057108485802,10.4397074692063,Office
193,New Construction,Glazing,8.205959064750585,10.995985146765785,Office
193,New Construction,Gypsum,37.56675014788263,7.650856675513297,Office
193,New Construction,Insulation,10.394158595910564,31.335129503777235,Office
193,New Construction,Masonry,41.21641662298031,6.552334887487673,Office
193,New Construction,Other metals,0.0087495419866469,0.050882210607372,Office
193,New Construction,Roofing and waterproofing,3.499813881819965,2.204882745546578,Office
193,New Construction,Steel,16.670983674725694,41.43809133736791,Office
193,New Construction,Wood and composites,124.61345377691175,47.56712491382888,Office
194,New Construction,Adhesives and sealants,0.2672193571156967,0.7321810384970091,Residential: Multifamily (5 or more units)
194,New Construction,Air and vapor barriers,0.0023870745339232,0.0062541352788788,Residential: Multifamily (5 or more units)
194,New Construction,Aluminum,7.851451130833761,47.15717628893942,Residential: Multifamily (5 or more units)
194,New Construction,Applied fireproofing,0.122487089961219,0.1396352825557896,Residential: Multifamily (5 or more units)
194,New Construction,Cladding,9.677523925974477,6.2526248958036525,Residential: Multifamily (5 or more units)
194,New Construction,Coatings,0.9217451378350886,2.398151405655963,Residential: Multifamily (5 or more units)
194,New Construction,Concrete,341.2851154620721,73.71119911346744,Residential: Multifamily (5 or more units)
194,New Construction,Doors and frames,0.0017800856958498,0.0052755260301288,Residential: Multifamily (5 or more units)
194,New Construction,Flooring and tile,0.0290512343203234,0.0076114233919247,Residential: Multifamily (5 or more units)
194,New Construction,Glazing,2.803196353668965,3.706766950530398,Residential: Multifamily (5 or more units)
194,New Construction,Gypsum,82.22518173741462,16.691711892695167,Residential: Multifamily (5 or more units)
194,New Construction,Insulation,2.518150874818505,5.750333012595228,Residential: Multifamily (5 or more units)
194,New Construction,Masonry,29.42700634222616,6.943506237525721,Residential: Multifamily (5 or more units)
194,New Construction,Other metals,0.0148812769524722,0.0840311585301446,Residential: Multifamily (5 or more units)
194,New Construction,Roofing and waterproofing,2.4969845660430816,1.7493757082213048,Residential: Multifamily (5 or more units)
194,New Construction,Steel,9.38053748287378,19.664541979109977,Residential: Multifamily (5 or more units)
194,New Construction,Synthetic composites,0.5244871912542257,0.6346295014176132,Residential: Multifamily (5 or more units)
194,New Construction,Windows and frames,0.5160276074255636,1.384667697704297,Residential: Multifamily (5 or more units)
194,New Construction,Wood and composites,28.65797185773224,7.539352603024084,Residential: Multifamily (5 or more units)
195,New Construction,Adhesives and sealants,0.0102083103095918,0.026648334519004,Office
195,New Construction,Air and vapor barriers,0.1743267142779183,1.220648362559591,Office
195,New Construction,Aluminum,0.6916601251172245,4.885986488672844,Office
195,New Construction,Applied fireproofing,42.36037436311343,48.290826773949306,Office
195,New Construction,Cladding,5.628519723440367,13.46283070702224,Office
195,New Construction,Coatings,0.4771753152105306,3.05352174121628,Office
195,New Construction,Concrete,542.8100778471266,90.97886433395956,Office
195,New Construction,Doors and frames,0.4993989914884081,1.7162188679153654,Office
195,New Construction,Flooring and tile,0.7006228609795919,0.1835631895766531,Office
195,New Construction,Glazing,16.18533893059702,25.879385835290314,Office
195,New Construction,Gypsum,24.5870286689998,6.149035356529469,Office
195,New Construction,Insulation,7.461453523675959,13.436461423921656,Office
195,New Construction,Masonry,0.1786588295330612,0.0354541440976824,Office
195,New Construction,Other metals,0.3128172127667755,1.7747336526409965,Office
195,New Construction,Roofing and waterproofing,0.0466303904636734,0.0918323432112065,Office
195,New Construction,Steel,146.91236809262665,220.34410222155813,Office
195,New Construction,Synthetic composites,0.0670678335918367,0.1951673957522449,Office
195,New Construction,Wall coverings,0.1488149863265306,0.0395847863628571,Office
195,New Construction,Windows and frames,6.662350225047755,66.60356259370613,Office
195,New Construction,Wood and composites,2.4030230070661225,4.620141387717804,Office
196,New Construction,Acoustic ceilings,0.0061064861493943,0.0095706805626128,Residential: Multifamily (5 or more units)
196,New Construction,Adhesives and sealants,0.010457594963507,0.0279402183784008,Residential: Multifamily (5 or more units)
196,New Construction,Air and vapor barriers,0.0415708492591549,0.4116784329911267,Residential: Multifamily (5 or more units)
196,New Construction,Aluminum,1.655709516254352,11.270072412279177,Residential: Multifamily (5 or more units)
196,New Construction,Applied fireproofing,1.83305972695662,2.0896880887305462,Residential: Multifamily (5 or more units)
196,New Construction,Cladding,2.2402325464152537,7.8940200025007154,Residential: Multifamily (5 or more units)
196,New Construction,Coatings,0.5674657040667606,1.917605438715336,Residential: Multifamily (5 or more units)
196,New Construction,Concrete,1337.096168051325,276.04906548124615,Residential: Multifamily (5 or more units)
196,New Construction,Doors and frames,4.560870147339352,10.296508633335408,Residential: Multifamily (5 or more units)
196,New Construction,Flooring and tile,0.114726716895845,0.0901766981029825,Residential: Multifamily (5 or more units)
196,New Construction,Glazing,5.955528161092324,9.23601082989241,Residential: Multifamily (5 or more units)
196,New Construction,Gypsum,41.354366417918975,9.40609771520082,Residential: Multifamily (5 or more units)
196,New Construction,Insulation,19.022165421077112,54.093763619413664,Residential: Multifamily (5 or more units)
196,New Construction,Masonry,4.209994912369859,0.6448624731890001,Residential: Multifamily (5 or more units)
196,New Construction,Other metals,0.0281361174664788,0.149534790382485,Residential: Multifamily (5 or more units)
196,New Construction,Roofing and waterproofing,0.2057313364693521,0.2001380145645777,Residential: Multifamily (5 or more units)
196,New Construction,Steel,98.05019338353888,193.63355178434537,Residential: Multifamily (5 or more units)
196,New Construction,Wall coverings,0.0002101360288028,0.0033776280713334,Residential: Multifamily (5 or more units)
196,New Construction,Windows and frames,2.9637957156617323,29.637957156617325,Residential: Multifamily (5 or more units)
196,New Construction,Wood and composites,0.0898704730442253,0.0551108986933605,Residential: Multifamily (5 or more units)
197,New Construction,Acoustic ceilings,2.299315836137826,4.771876338260301,Healthcare
197,New Construction,Adhesives and sealants,0.0497071763629275,0.1225555470416141,Healthcare
197,New Construction,Air and vapor barriers,0.1665865708952898,0.3996254333891804,Healthcare
197,New Construction,Aluminum,2.085082353606681,12.179327503274942,Healthcare
197,New Construction,Applied fireproofing,22.233351164413623,25.34602032743153,Healthcare
197,New Construction,Cladding,0.2956392710043478,2.329354484702926,Healthcare
197,New Construction,Coatings,0.7530003474445652,2.3889502103556057,Healthcare
197,New Construction,Concrete,546.5628419576047,112.03823827571487,Healthcare
197,New Construction,Doors and frames,1.5358189978733334,4.383705134298231,Healthcare
197,New Construction,Flooring and tile,0.965392860603203,1.304581289490117,Healthcare
197,New Construction,Glazing,10.28371851170942,16.514628854584846,Healthcare
197,New Construction,Gypsum,58.09061513618074,13.45225526671927,Healthcare
197,New Construction,Insulation,7.397679883012261,13.4253645635212,Healthcare
197,New Construction,Masonry,46.25187357657296,7.097055243319146,Healthcare
197,New Construction,Other,6.804011028985508e-05,0.0001932339132231,Healthcare
197,New Construction,Other metals,3.5325257841033766,4.184356939160414,Healthcare
197,New Construction,Roofing and waterproofing,0.173137199899942,0.1442878451917756,Healthcare
197,New Construction,Steel,199.37560149747685,268.3915232508089,Healthcare
197,New Construction,Synthetic composites,0.5562752107083623,1.791484457195358,Healthcare
197,New Construction,Wall coverings,0.0182101021153043,0.3140990194146435,Healthcare
197,New Construction,Windows and frames,2.4684526049885216,24.657473052464983,Healthcare
197,New Construction,Wood and composites,1.2160383595769857,0.817297397512075,Healthcare
198,New Construction,Acoustic ceilings,0.3390128183760301,0.9147683863430917,Other
198,New Construction,Adhesives and sealants,0.3910257270557362,1.003385307731371,Other
198,New Construction,Air and vapor barriers,0.4244822110601103,0.861698888452024,Other
198,New Construction,Aluminum,2.502086967890348,17.466943581236603,Other
198,New Construction,Cladding,3.386398061502927,2.215513353033555,Other
198,New Construction,Coatings,0.3894738989251144,1.274384492540808,Other
198,New Construction,Concrete,157.30836180139391,26.587624064672426,Other
198,New Construction,Flooring and tile,4.163903769496386,2.448326577294926,Other
198,New Construction,Glazing,1.5810137063600556,7.388978540188575,Other
198,New Construction,Gypsum,87.60341835287528,17.783493925633685,Other
198,New Construction,Insulation,5.624562667554668,327.1342549620215,Other
198,New Construction,Masonry,0.871985902856242,0.1757375335903766,Other
198,New Construction,Other metals,0.0710286472607791,0.4105455811673036,Other
198,New Construction,Roofing and waterproofing,4.08285794659829,2.5722005063569227,Other
198,New Construction,Steel,3.442177437749068,7.22065962788325,Other
198,New Construction,Windows and frames,0.0209985776849777,0.2143895215366968,Other
198,New Construction,Wood and composites,48.404305303633706,21.384220862781596,Other
2,New Construction,Aluminum,10.20582835,92.566863,Office
2,New Construction,Concrete,1968.90919425,271.89909935000003,Office
2,New Construction,Glazing,9.5864283,13.7085925,Office
2,New Construction,Insulation,24.06480705,15.53122825,Office
2,New Construction,Masonry,32.8192974,12.94182115,Office
2,New Construction,Steel,118.09829485,98.948678,Office
2,New Construction,Windows and frames,0.67305465,3.1421025,Office
20,New Construction,Acoustic ceilings,0.6466688243390885,1.0007478357002155,Public Assembly
20,New Construction,Adhesives and sealants,0.0985424134505935,0.0445276723450944,Public Assembly
20,New Construction,Aluminum,6.328153313924889,51.50620813178194,Public Assembly
20,New Construction,Cladding,15.071546248941385,31.15219392855133,Public Assembly
20,New Construction,Coatings,1.5896492791390269,11.147172342163069,Public Assembly
20,New Construction,Concrete,870.8988678865219,70.03584274344915,Public Assembly
20,New Construction,Doors and frames,1.4505469611756991,4.11214016821281,Public Assembly
20,New Construction,Flooring and tile,1.6669785446656435,3.8957587103159534,Public Assembly
20,New Construction,Glazing,8.97685892086865,12.043503372414968,Public Assembly
20,New Construction,Gypsum,62.68206751909416,14.99421058338087,Public Assembly
20,New Construction,Insulation,11.898882088421091,25.190335410318003,Public Assembly
20,New Construction,Masonry,0.2514895795905674,0.1326441945455966,Public Assembly
20,New Construction,Other metals,0.2326055271495854,1.144478340660753,Public Assembly
20,New Construction,Roofing and waterproofing,6.947978879439321,4.30513119555659,Public Assembly
20,New Construction,Steel,162.77370073351088,247.53211634554225,Public Assembly
20,New Construction,Wall coverings,0.0032458958509726,0.0015937348628275,Public Assembly
20,New Construction,Wood and composites,4.837818092834564,1.2039534852039449,Public Assembly
200,New Construction,Air and vapor barriers,0.3511448010199781,0.4437011780937278,Office
200,New Construction,Aluminum,1.9346718500232567,16.40185975207334,Office
200,New Construction,Cladding,1.5466666779941312,2.9841447065095497,Office
200,New Construction,Concrete,1210.4394612028707,199.84365299293805,Office
200,New Construction,Doors and frames,0.0959432639954098,0.6321176516801967,Office
200,New Construction,Glazing,4.005151030519672,5.645280741346455,Office
200,New Construction,Gypsum,4.022944213364612,0.8448182848065685,Office
200,New Construction,Insulation,2.9301143328083605,21.835893012252907,Office
200,New Construction,Masonry,0.4342775507704043,0.0531063378095692,Office
200,New Construction,Other metals,0.0507228855483278,0.2055990692473291,Office
200,New Construction,Roofing and waterproofing,1.236420532648634,0.7789449355686393,Office
200,New Construction,Steel,102.08096053498303,106.36034418252514,Office
200,New Construction,Wood and composites,0.0560559094382513,0.0135838720212633,Office
201,New Construction,Acoustic ceilings,0.706942676448,1.58700998681224,Public Assembly
201,New Construction,Adhesives and sealants,0.5299570691984,1.4138290710832362,Public Assembly
201,New Construction,Air and vapor barriers,1.5172834197416,3.802703924485972,Public Assembly
201,New Construction,Aluminum,0.994361471584,7.212649793286641,Public Assembly
201,New Construction,Applied fireproofing,0.367730920388,0.46952730440564,Public Assembly
201,New Construction,Cladding,2.96834121014,6.763615899294201,Public Assembly
201,New Construction,Coatings,0.7871632781142,4.856079604668618,Public Assembly
201,New Construction,Concrete,1174.3113808285998,201.65476075706545,Public Assembly
201,New Construction,Doors and frames,3.621549306885,9.929398504332998,Public Assembly
201,New Construction,Flooring and tile,5.347421075028399,3.089818074563936,Public Assembly
201,New Construction,Glazing,6.3670860437024,8.45107623873942,Public Assembly
201,New Construction,Gypsum,25.923470386872,6.008732625851928,Public Assembly
201,New Construction,Insulation,18.036417825403,306.5634783677441,Public Assembly
201,New Construction,Masonry,1.156868691562,0.244263045305554,Public Assembly
201,New Construction,Other metals,0.0882524417082,0.480610476579518,Public Assembly
201,New Construction,Roofing and waterproofing,20.45357182066,20.305590938606603,Public Assembly
201,New Construction,Steel,47.9517331412736,91.45275568037914,Public Assembly
201,New Construction,Synthetic composites,0.005279629248,0.00533242554048,Public Assembly
201,New Construction,Wall coverings,0.0003389799721999,0.002501672194836,Public Assembly
201,New Construction,Windows and frames,1.1548434206384002,11.5328153501912,Public Assembly
201,New Construction,Wood and composites,127.161535217664,45.42925453955512,Public Assembly
203,New Construction,Aluminum,1.8153982039922447,16.559675900861485,Office
203,New Construction,Applied fireproofing,1.4939226166190478,1.7030717829457145,Office
203,New Construction,Cladding,1.6528806279185608,1.3923301711095006,Office
203,New Construction,Coatings,0.0742551107375,0.3103695623313666,Office
203,New Construction,Concrete,818.008261083559,128.77765874699787,Office
203,New Construction,Glazing,7.374878349105668,8.252405149534416,Office
203,New Construction,Gypsum,9.546575741665096,3.1944784120462955,Office
203,New Construction,Insulation,2.10611839788939,32.63622111144824,Office
203,New Construction,Other metals,0.0275908967419689,0.1594753831685804,Office
203,New Construction,Roofing and waterproofing,0.9545145338076536,0.7465426612650916,Office
203,New Construction,Steel,52.43892754451935,54.30077921321188,Office
203,New Construction,Wood and composites,67.07841472114293,24.88199267231831,Office
204,New Construction,Acoustic ceilings,0.247537160511536,0.4716043075427317,Healthcare
204,New Construction,Adhesives and sealants,0.008890688556888,0.0243604866458731,Healthcare
204,New Construction,Air and vapor barriers,0.101600463600896,0.0941247309709536,Healthcare
204,New Construction,Aluminum,1.022373372650256,8.783654196100246,Healthcare
204,New Construction,Applied fireproofing,15.0731954198912,17.183442778675968,Healthcare
204,New Construction,Cladding,0.0075513090208,0.017594550018464,Healthcare
204,New Construction,Coatings,0.028907917538968,0.1757760988821131,Healthcare
204,New Construction,Concrete,781.8361457037686,158.66409011547978,Healthcare
204,New Construction,Doors and frames,0.242840840181904,0.7290405102872277,Healthcare
204,New Construction,Flooring and tile,0.08930345368,0.02339750486416,Healthcare
204,New Construction,Glazing,3.648372484147008,4.811174214084929,Healthcare
204,New Construction,Gypsum,8.74588843073168,2.031824677092029,Healthcare
204,New Construction,Insulation,1.885904119137528,3.3000705276058344,Healthcare
204,New Construction,Masonry,24.7939897702352,3.6127192173544858,Healthcare
204,New Construction,Other,0.00113178223464,0.0026370526067112,Healthcare
204,New Construction,Other metals,0.000228698370312,0.0013249116576603,Healthcare
204,New Construction,Roofing and waterproofing,0.511113267034736,0.3861605355149881,Healthcare
204,New Construction,Steel,79.82467665131132,88.86518883669119,Healthcare
204,New Construction,Wood and composites,0.184759362570352,0.1506437087379237,Healthcare
206,New Construction,Acoustic ceilings,2.8619383961931035,9.648618981892689,Laboratory
206,New Construction,Adhesives and sealants,0.4689470440503448,1.8798211950766408,Laboratory
206,New Construction,Air and vapor barriers,1.0243333668731034,6.808097492121445,Laboratory
206,New Construction,Aluminum,1.3920411068765517,10.184161119228865,Laboratory
206,New Construction,Applied fireproofing,6.617904711313793,8.035967287543913,Laboratory
206,New Construction,Cladding,3.957322648378621,8.644454530705811,Laboratory
206,New Construction,Coatings,0.67080688184,2.368739138470976,Laboratory
206,New Construction,Concrete,1051.966650282462,197.3950450158249,Laboratory
206,New Construction,Doors and frames,3.646177107947586,10.123713634749512,Laboratory
206,New Construction,Flooring and tile,3.4875080879275866,6.957208372208656,Laboratory
206,New Construction,Glazing,9.292974717866208,13.871992287885485,Laboratory
206,New Construction,Gypsum,53.10562078815638,15.342252016463956,Laboratory
206,New Construction,Insulation,9.195839686652588,23.359690478601134,Laboratory
206,New Construction,Masonry,184.535163258225,36.36060824870082,Laboratory
206,New Construction,Other metals,0.2914809533153448,1.4159232089856328,Laboratory
206,New Construction,Steel,75.07776821988448,140.42108066706177,Laboratory
206,New Construction,Synthetic composites,9.834006603036896,28.55867832403409,Laboratory
206,New Construction,Wall coverings,0.4824980457534483,3.5608355776604483,Laboratory
206,New Construction,Windows and frames,2.317706033181552,23.17706033181552,Laboratory
206,New Construction,Wood and composites,0.1631576174672414,0.0311517827417275,Laboratory
207,New Construction,Acoustic ceilings,0.7256286014275253,2.2334240287918745,Office
207,New Construction,Adhesives and sealants,0.3909072879491266,0.523034191975797,Office
207,New Construction,Air and vapor barriers,0.0014914377009946,0.0033618668698839,Office
207,New Construction,Aluminum,0.7244386045081197,4.908376192543424,Office
207,New Construction,Applied fireproofing,6.973624472496229,7.998472950628822,Office
207,New Construction,Cladding,4.323689140826364,11.74444648872696,Office
207,New Construction,Coatings,0.9538127991932128,5.445403322622199,Office
207,New Construction,Concrete,488.5257387219523,71.01322722831051,Office
207,New Construction,Doors and frames,1.6774173602809883,5.971427507772539,Office
207,New Construction,Flooring and tile,1.503216325228163,3.727422076771583,Office
207,New Construction,Glazing,9.349566537956154,12.949639465300852,Office
207,New Construction,Gypsum,57.66251644955181,17.31647088932467,Office
207,New Construction,Insulation,3.0599959350169423,163.93668687721777,Office
207,New Construction,Other,0.001828738278,0.0042609601877401,Office
207,New Construction,Other metals,0.2490960216670472,1.2272261288843,Office
207,New Construction,Roofing and waterproofing,0.8121018797128958,2.8179935226037487,Office
207,New Construction,Steel,86.39733552029789,136.63899826108909,Office
207,New Construction,Synthetic composites,0.206313600600029,0.2496394567260351,Office
207,New Construction,Wall coverings,0.1351363288786484,1.9525129406691637,Office
207,New Construction,Windows and frames,2.7431506473468965,27.390706040295637,Office
207,New Construction,Wood and composites,3.833280733650223,1.1093436396116492,Office
209,New Construction,Adhesives and sealants,0.1883515357957607,0.5117656428244108,Residential: Multifamily (5 or more units)
209,New Construction,Air and vapor barriers,0.2440052864378668,0.4953307314688696,Residential: Multifamily (5 or more units)
209,New Construction,Aluminum,1.5942084581955391,12.235850030756785,Residential: Multifamily (5 or more units)
209,New Construction,Applied fireproofing,0.0903527515734659,0.1030021367937511,Residential: Multifamily (5 or more units)
209,New Construction,Cladding,17.172146955585962,31.746003126549475,Residential: Multifamily (5 or more units)
209,New Construction,Coatings,1.2079513763410985,2.942993488890052,Residential: Multifamily (5 or more units)
209,New Construction,Concrete,550.2471697358679,106.59598856588596,Residential: Multifamily (5 or more units)
209,New Construction,Flooring and tile,0.0057792784226036,0.0245316608852805,Residential: Multifamily (5 or more units)
209,New Construction,Glazing,3.061068247094406,4.24476831109736,Residential: Multifamily (5 or more units)
209,New Construction,Gypsum,94.02176139878384,19.086417563953123,Residential: Multifamily (5 or more units)
209,New Construction,Insulation,3.1205530748463466,8.344128740494101,Residential: Multifamily (5 or more units)
209,New Construction,Masonry,4.1371874544713805,0.6337810714202348,Residential: Multifamily (5 or more units)
209,New Construction,Other metals,0.0657755346115268,0.3789044825675894,Residential: Multifamily (5 or more units)
209,New Construction,Roofing and waterproofing,0.7236163069940249,0.5491268503483943,Residential: Multifamily (5 or more units)
209,New Construction,Steel,32.189369980280034,59.26757469371611,Residential: Multifamily (5 or more units)
209,New Construction,Windows and frames,0.0450263172413793,0.1206705302068965,Residential: Multifamily (5 or more units)
209,New Construction,Wood and composites,28.521575226623035,8.575205232801796,Residential: Multifamily (5 or more units)
21,New Construction,Acoustic ceilings,0.1602260416666666,0.1826572916666666,Warehouse and Storage
21,New Construction,Coatings,0.5230312500000001,1.00945,Warehouse and Storage
21,New Construction,Concrete,1219.63095,89.57958125,Warehouse and Storage
21,New Construction,Doors and frames,1.6052583333333337,4.604577083333334,Warehouse and Storage
21,New Construction,Flooring and tile,0.2248104166666666,0.6041135416666666,Warehouse and Storage
21,New Construction,Gypsum,1.2390864583333332,0.3820427083333333,Warehouse and Storage
21,New Construction,Insulation,1.296634375,3.2317760416666665,Warehouse and Storage
21,New Construction,Roofing and waterproofing,1.495003125,5.2026104166666665,Warehouse and Storage
21,New Construction,Steel,45.88266458333334,75.26903645833333,Warehouse and Storage
21,New Construction,Synthetic composites,0.0463041666666666,0.1455177083333333,Warehouse and Storage
21,New Construction,Windows and frames,1.6829,7.459339583333334,Warehouse and Storage
210,New Construction,Adhesives and sealants,0.005778397267302,0.0027072125733078,Residential: Multifamily (5 or more units)
210,New Construction,Air and vapor barriers,1.606064041871894e-05,3.2603100049999446e-05,Residential: Multifamily (5 or more units)
210,New Construction,Aluminum,16.542189480460003,97.7721920663948,Residential: Multifamily (5 or more units)
210,New Construction,Applied fireproofing,0.0130134345748414,0.0148353154153192,Residential: Multifamily (5 or more units)
210,New Construction,Cladding,6.260509072690957,5.494461963975829,Residential: Multifamily (5 or more units)
210,New Construction,Coatings,1.4004206019868888,3.812326212427705,Residential: Multifamily (5 or more units)
210,New Construction,Concrete,593.3104240786961,111.09568426358952,Residential: Multifamily (5 or more units)
210,New Construction,Flooring and tile,0.4004958288197109,0.1748443036530996,Residential: Multifamily (5 or more units)
210,New Construction,Glazing,4.887490886060202,6.549237787320671,Residential: Multifamily (5 or more units)
210,New Construction,Gypsum,105.84786899852728,21.560619908555264,Residential: Multifamily (5 or more units)
210,New Construction,Insulation,4.218302056755037,51.69218291142632,Residential: Multifamily (5 or more units)
210,New Construction,Masonry,0.0976501027055866,0.0187549057552855,Residential: Multifamily (5 or more units)
210,New Construction,Other metals,0.0921919278758106,0.5328693431221855,Residential: Multifamily (5 or more units)
210,New Construction,Roofing and waterproofing,1.4690586609064895,1.2074945699139958,Residential: Multifamily (5 or more units)
210,New Construction,Steel,13.518661968927235,27.91747631450468,Residential: Multifamily (5 or more units)
210,New Construction,Windows and frames,0.5255463840204408,2.9088347532220946,Residential: Multifamily (5 or more units)
210,New Construction,Wood and composites,26.76155033186109,8.26874648171415,Residential: Multifamily (5 or more units)
212,New Construction,Acoustic ceilings,1.50185775034253,4.743652081202749,Laboratory
212,New Construction,Adhesives and sealants,0.0186966511657831,0.0916403441748051,Laboratory
212,New Construction,Air and vapor barriers,0.322682238661747,0.5462866022621283,Laboratory
212,New Construction,Aluminum,5.207018738248735,31.17302122444136,Laboratory
212,New Construction,Applied fireproofing,0.8391708346537953,2.1231022116741016,Laboratory
212,New Construction,Cladding,1.4371847349214455,5.590059304780675,Laboratory
212,New Construction,Coatings,0.7664444166461446,4.228484327667063,Laboratory
212,New Construction,Concrete,1206.137145091121,209.96125888727485,Laboratory
212,New Construction,Doors and frames,1.9152758325748191,6.021349012025438,Laboratory
212,New Construction,Flooring and tile,1.7977093235011443,0.472334664705797,Laboratory
212,New Construction,Glazing,13.337568550636506,19.319929493337003,Laboratory
212,New Construction,Gypsum,48.01987998093404,11.451312950323445,Laboratory
212,New Construction,Insulation,5.314815344352772,28.69287529641036,Laboratory
212,New Construction,Masonry,2.3877967609409034,0.3394113779687858,Laboratory
212,New Construction,Other metals,0.0399367866676505,0.1822957312772795,Laboratory
212,New Construction,Roofing and waterproofing,1.7911913957043373,1.0739265842430268,Laboratory
212,New Construction,Steel,68.34057286421078,124.7324787973739,Laboratory
212,New Construction,Synthetic composites,1.648408088307229,2.4766692065874096,Laboratory
212,New Construction,Wall coverings,0.0031311956690361,0.0623107938138192,Laboratory
212,New Construction,Windows and frames,0.0034737329327108,0.0257886572590433,Laboratory
212,New Construction,Wood and composites,2.074372084920723,0.504856804116001,Laboratory
213,New Construction,Concrete,304.5432237288136,42.878972881355935,Public Assembly
213,New Construction,Doors and frames,0.7460440677966103,2.059077966101695,Public Assembly
213,New Construction,Gypsum,8.38724406779661,2.6253593220338987,Public Assembly
213,New Construction,Insulation,18.11431186440678,34.23686101694916,Public Assembly
213,New Construction,Masonry,72.96632881355933,17.312522033898304,Public Assembly
213,New Construction,Roofing and waterproofing,5.652457627118643,7.28866779661017,Public Assembly
213,New Construction,Steel,25.010264406779665,38.02503728813559,Public Assembly
213,New Construction,Windows and frames,19.806406779661017,34.03006440677966,Public Assembly
213,New Construction,Wood and composites,94.87297288135592,36.60015254237288,Public Assembly
214,New Construction,Aluminum,4.50239664516129,38.13853187096774,Laboratory
214,New Construction,Concrete,1243.7961228387096,161.04392670967744,Laboratory
214,New Construction,Doors and frames,0.0491145806451612,0.1355556129032258,Laboratory
214,New Construction,Glazing,0.0011770322580645,0.002674064516129,Laboratory
214,New Construction,Gypsum,2.4809447741935484,0.7233127741935483,Laboratory
214,New Construction,Insulation,2.334956903225806,3.7947747096774194,Laboratory
214,New Construction,Masonry,64.69680025806451,6.388154580645161,Laboratory
214,New Construction,Roofing and waterproofing,0.7362201290322581,1.968299870967742,Laboratory
214,New Construction,Steel,163.67897006451614,198.43186761290323,Laboratory
214,New Construction,Wood and composites,0.0879014193548387,0.0521267096774193,Laboratory
215,New Construction,Acoustic ceilings,2.1673213321481914,6.117240233993671,Education
215,New Construction,Adhesives and sealants,0.1044386506357978,0.1700844182030005,Education
215,New Construction,Air and vapor barriers,0.3026036188829787,0.2451089312952127,Education
215,New Construction,Aluminum,2.381175177275585,15.856570107875802,Education
215,New Construction,Applied fireproofing,6.733411899475266,7.803514098447903,Education
215,New Construction,Cladding,0.1575027333775532,0.3712807200431959,Education
215,New Construction,Coatings,0.7478956679780319,2.0429995562046788,Education
215,New Construction,Concrete,788.2575288302324,135.31889222050756,Education
215,New Construction,Doors and frames,1.999528177633936,6.617076685831687,Education
215,New Construction,Flooring and tile,0.5053211838437234,1.080409708567014,Education
215,New Construction,Glazing,2.3810311970585105,3.1173805423809573,Education
215,New Construction,Gypsum,54.71544875837841,14.960378354940712,Education
215,New Construction,Insulation,5.63892428749234,27.27816252345223,Education
215,New Construction,Masonry,29.631195001821755,3.7570415738709007,Education
215,New Construction,Other metals,0.005805689370851,0.033353288323592,Education
215,New Construction,Roofing and waterproofing,0.7522346145374468,2.399628420374456,Education
215,New Construction,Steel,110.18616274005936,176.8293737636421,Education
215,New Construction,Windows and frames,0.1541641859680851,1.5675588023744682,Education
215,New Construction,Wood and composites,1.697823441932447,0.5983078034641123,Education
216,New Construction,Acoustic ceilings,2.2103367367109525,4.162632280019043,Office
216,New Construction,Adhesives and sealants,0.0104119009314285,0.0285286085521142,Office
216,New Construction,Air and vapor barriers,0.2594599585523809,0.6797850914072382,Office
216,New Construction,Aluminum,1.559818129209524,14.131952250638289,Office
216,New Construction,Applied fireproofing,4.589376378252381,11.611122236978524,Office
216,New Construction,Cladding,47.74772743018095,22.871161439056674,Office
216,New Construction,Coatings,1.314185311852381,3.8536595567928047,Office
216,New Construction,Concrete,608.3237835052857,136.53221211961807,Office
216,New Construction,Doors and frames,1.5171134481561903,3.809033721634695,Office
216,New Construction,Glazing,10.113848307149048,13.793326004730048,Office
216,New Construction,Gypsum,57.82525520204286,17.73223737469475,Office
216,New Construction,Insulation,10.052845068378572,77.5931207519689,Office
216,New Construction,Masonry,0.2682122468285714,0.0387592011581676,Office
216,New Construction,Other,1.4681729394457144,4.169611148025828,Office
216,New Construction,Other metals,0.0083464417090476,0.0355894828174238,Office
216,New Construction,Roofing and waterproofing,5.41646290897619,7.853081063370172,Office
216,New Construction,Steel,152.74861787597715,203.81791404743964,Office
216,New Construction,Wall coverings,0.0253765978357142,0.0124599095373357,Office
216,New Construction,Windows and frames,1.8898177152380955,18.898177152380956,Office
216,New Construction,Wood and composites,7.381250537980953,3.1832819117277618,Office
217,New Construction,Acoustic ceilings,2.1350197147949683,6.786118986885108,Education
217,New Construction,Adhesives and sealants,0.0010419900366037,0.0026987541948037,Education
217,New Construction,Air and vapor barriers,0.7611082208695598,0.6164976589043434,Education
217,New Construction,Aluminum,1.3049656548330817,9.536558967072546,Education
217,New Construction,Applied fireproofing,50.10928870708101,57.26162562252865,Education
217,New Construction,Cladding,11.999663293913208,3.467902691940917,Education
217,New Construction,Coatings,0.8350557171274214,2.871158701959758,Education
217,New Construction,Concrete,693.3818544083522,204.10031133681,Education
217,New Construction,Gypsum,55.29816798428428,14.523348262797011,Education
217,New Construction,Insulation,6.889007042134591,12.043051579217448,Education
217,New Construction,Masonry,55.88392946210063,14.52162319686498,Education
217,New Construction,Other metals,0.0331703195250314,0.1917244468546817,Education
217,New Construction,Roofing and waterproofing,0.0165397682955974,0.0527618608629559,Education
217,New Construction,Steel,114.9150507683639,164.03987520549947,Education
217,New Construction,Wood and composites,101.2089006781258,17.46033840614756,Education
218,New Construction,Acoustic ceilings,0.8642165607027272,1.3374123201042636,Public Assembly
218,New Construction,Adhesives and sealants,0.0057183514657272,0.0134253851235881,Public Assembly
218,New Construction,Air and vapor barriers,0.9841861295818182,2.114726183602182,Public Assembly
218,New Construction,Aluminum,0.9971834970012728,7.534333184283976,Public Assembly
218,New Construction,Cladding,3.106870779215454,10.009179605025986,Public Assembly
218,New Construction,Coatings,0.2544488886818182,2.4790525709138262,Public Assembly
218,New Construction,Concrete,507.4186917910637,72.33738086473355,Public Assembly
218,New Construction,Doors and frames,0.8349980470472728,3.9844701004863454,Public Assembly
218,New Construction,Flooring and tile,3.588646735060909,3.443010451439485,Public Assembly
218,New Construction,Glazing,2.2240266106560003,3.427842888781291,Public Assembly
218,New Construction,Gypsum,27.078808008777635,11.449870287255544,Public Assembly
218,New Construction,Insulation,7.894501261715727,139.91249070803033,Public Assembly
218,New Construction,Masonry,140.15135332297618,17.494141483542744,Public Assembly
218,New Construction,Other metals,0.1994595920726363,1.1505988624562864,Public Assembly
218,New Construction,Roofing and waterproofing,1.9662757418036363,4.780508507113237,Public Assembly
218,New Construction,Steel,79.574373074459,129.12591568747845,Public Assembly
218,New Construction,Wood and composites,0.0612653671744545,0.0174337107180818,Public Assembly
219,New Construction,Acoustic ceilings,0.9540361546824324,1.3346477289952028,Public Assembly
219,New Construction,Adhesives and sealants,0.0490181080101351,0.2841112297486148,Public Assembly
219,New Construction,Air and vapor barriers,1.0303423249114865,2.099141156561939,Public Assembly
219,New Construction,Aluminum,2.763646351752905,18.960116730630784,Public Assembly
219,New Construction,Cladding,2.5562647575839863,8.05897162839926,Public Assembly
219,New Construction,Coatings,0.2366535229414189,2.7213255618035204,Public Assembly
219,New Construction,Concrete,997.022647508858,161.52559490674787,Public Assembly
219,New Construction,Doors and frames,0.4315220521667567,2.3133265756152026,Public Assembly
219,New Construction,Flooring and tile,5.118140462353378,4.4385521909985135,Public Assembly
219,New Construction,Glazing,7.245678947612433,11.407366581195584,Public Assembly
219,New Construction,Gypsum,32.06858077433311,12.296581965031208,Public Assembly
219,New Construction,Insulation,8.707871072066014,42.13461865415845,Public Assembly
219,New Construction,Masonry,90.81202557543372,13.802122633049072,Public Assembly
219,New Construction,Other metals,0.0254946358182432,0.1184542070951601,Public Assembly
219,New Construction,Roofing and waterproofing,7.8354594375547295,5.11716429890623,Public Assembly
219,New Construction,Steel,145.52315343196148,297.0516583309294,Public Assembly
219,New Construction,Synthetic composites,0.0795621857732432,0.2323215824578702,Public Assembly
219,New Construction,Wood and composites,5.211380224449324,2.631227210809027,Public Assembly
22,New Construction,Aluminum,0.0088806754489307,0.0145643077362464,Education
22,New Construction,Applied fireproofing,0.512294169883885,0.584015353667629,Education
22,New Construction,Coatings,0.0546209731433655,0.2854643346106624,Education
22,New Construction,Concrete,2026.0113555023984,347.3902668954966,Education
22,New Construction,Doors and frames,1.3619323987104,4.556634801034752,Education
22,New Construction,Flooring and tile,6.89108558769055,1.805464423974924,Education
22,New Construction,Glazing,7.646369935721247,10.802683348590634,Education
22,New Construction,Gypsum,14.58966690239306,2.961702381185791,Education
22,New Construction,Insulation,0.58814589777839,2.052629183246581,Education
22,New Construction,Masonry,1.5809419260737891,0.8480705689083727,Education
22,New Construction,Steel,84.28511060882623,163.2913754736325,Education
22,New Construction,Synthetic composites,1.16413702656,5.4481612843008,Education
22,New Construction,Windows and frames,1.66227415500653,16.315787630065298,Education
22,New Construction,Wood and composites,10.325486025959997,2.024949503400709,Education
220,New Construction,Aluminum,4.672118644067797,47.669525423728814,Public Order and Safety
220,New Construction,Cladding,1.844220338983051,8.068661016949152,Public Order and Safety
220,New Construction,Concrete,1552.0935084745763,231.52154237288136,Public Order and Safety
220,New Construction,Doors and frames,2.437033898305085,6.317084745762712,Public Order and Safety
220,New Construction,Flooring and tile,2.862067796610169,2.065779661016949,Public Order and Safety
220,New Construction,Glazing,1.9965084745762711,3.206610169491525,Public Order and Safety
220,New Construction,Gypsum,44.29828813559322,14.236559322033898,Public Order and Safety
220,New Construction,Insulation,13.938898305084749,108.28177966101696,Public Order and Safety
220,New Construction,Masonry,93.11471186440676,11.20877966101695,Public Order and Safety
220,New Construction,Roofing and waterproofing,3.0591186440677967,10.144440677966102,Public Order and Safety
220,New Construction,Steel,232.56845762711865,313.50903389830506,Public Order and Safety
220,New Construction,Windows and frames,0.1250677966101694,1.2954576271186442,Public Order and Safety
220,New Construction,Wood and composites,8.516186440677966,3.670661016949152,Public Order and Safety
222,New Construction,Aluminum,6.382335497382199,64.06284209424084,Laboratory
222,New Construction,Concrete,603.9454860732984,90.02065654450261,Laboratory
222,New Construction,Doors and frames,0.065571727748691,0.7201415706806282,Laboratory
222,New Construction,Glazing,2.243882931937173,5.098026806282722,Laboratory
222,New Construction,Gypsum,0.8702739267015707,0.3106498429319372,Laboratory
222,New Construction,Insulation,2.732782408376963,8.712399371727749,Laboratory
222,New Construction,Masonry,0.1113631413612565,0.0132157068062827,Laboratory
222,New Construction,Roofing and waterproofing,0.2528,0.6978689005235602,Laboratory
222,New Construction,Steel,142.4814385340314,141.5625780104712,Laboratory
222,New Construction,Windows and frames,0.1178883769633507,0.4532906806282722,Laboratory
223,New Construction,Aluminum,0.0659896969696969,0.7365975757575758,Laboratory
223,New Construction,Cladding,3.814484848484848,24.60902787878788,Laboratory
223,New Construction,Concrete,1564.520469090909,224.45725303030304,Laboratory
223,New Construction,Doors and frames,0.2214536363636363,0.6112118181818181,Laboratory
223,New Construction,Glazing,6.251682121212122,12.331686666666666,Laboratory
223,New Construction,Gypsum,25.643817575757573,9.205766363636364,Laboratory
223,New Construction,Insulation,8.734791212121213,38.10323727272727,Laboratory
223,New Construction,Masonry,63.82300424242424,11.43859393939394,Laboratory
223,New Construction,Roofing and waterproofing,3.1973018181818182,8.898368484848485,Laboratory
223,New Construction,Steel,194.1101833333333,223.14491393939397,Laboratory
223,New Construction,Windows and frames,11.182468181818182,56.984636666666674,Laboratory
223,New Construction,Wood and composites,0.1471318181818182,0.0666715151515151,Laboratory
224,New Construction,Acoustic ceilings,1.1267767624333334,1.813417324477118,Public Assembly
224,New Construction,Adhesives and sealants,0.1791929708678431,0.0961283716346641,Public Assembly
224,New Construction,Air and vapor barriers,0.4364995695686274,0.8860941262243136,Public Assembly
224,New Construction,Aluminum,5.636824064909607,40.15770663132019,Public Assembly
224,New Construction,Coatings,0.8098069808452941,2.533844860466276,Public Assembly
224,New Construction,Concrete,848.3513789615882,152.77217505745838,Public Assembly
224,New Construction,Doors and frames,1.3626372978368628,3.193177550769516,Public Assembly
224,New Construction,Flooring and tile,3.3418161038262744,3.093657681425757,Public Assembly
224,New Construction,Glazing,5.186723874907843,6.953154876232863,Public Assembly
224,New Construction,Gypsum,51.352056222147056,11.848609104788991,Public Assembly
224,New Construction,Insulation,13.92696290720196,33.5324601781701,Public Assembly
224,New Construction,Masonry,1.058842989333333,0.6270974820058235,Public Assembly
224,New Construction,Other metals,0.0256167736109803,0.1301487838433627,Public Assembly
224,New Construction,Roofing and waterproofing,0.864440324,2.8526530692,Public Assembly
224,New Construction,Steel,59.409698501374905,124.4962077472336,Public Assembly
224,New Construction,Synthetic composites,2.004687247627451,2.4211859025939217,Public Assembly
224,New Construction,Windows and frames,0.0233272143137254,0.2263107501960784,Public Assembly
224,New Construction,Wood and composites,197.4412400549118,84.57643734560358,Public Assembly
225,New Construction,Acoustic ceilings,1.8546111045848,5.978239576899034,Healthcare
225,New Construction,Adhesives and sealants,0.02199862683996,0.0436626888246683,Healthcare
225,New Construction,Aluminum,6.392057177694161,45.57894971091779,Healthcare
225,New Construction,Applied fireproofing,30.33778824864472,37.04007571038583,Healthcare
225,New Construction,Cladding,3.726942040131,22.437705242192067,Healthcare
225,New Construction,Coatings,1.08666438570264,4.000224703050926,Healthcare
225,New Construction,Concrete,1144.960055813401,140.13930997331562,Healthcare
225,New Construction,Doors and frames,1.35908061610464,3.2391500570330063,Healthcare
225,New Construction,Flooring and tile,1.19591764168432,0.7207471619982507,Healthcare
225,New Construction,Glazing,6.67849924178892,26.498239698821628,Healthcare
225,New Construction,Gypsum,75.15924522223,15.818886069656116,Healthcare
225,New Construction,Insulation,5.11790831628708,9.942714228494772,Healthcare
225,New Construction,Masonry,3.3081620641322003,0.6034995932082234,Healthcare
225,New Construction,Other metals,0.10954118160248,0.5872678383512636,Healthcare
225,New Construction,Roofing and waterproofing,0.04966502927832,0.1647786188674096,Healthcare
225,New Construction,Steel,193.53500935174048,247.3245347730544,Healthcare
225,New Construction,Synthetic composites,0.10282705943508,0.2336685612009199,Healthcare
225,New Construction,Wall coverings,0.01793119173344,0.356830715495456,Healthcare
225,New Construction,Windows and frames,1.84270414174272,18.42584207040022,Healthcare
225,New Construction,Wood and composites,2.6984320401512,1.3254050995792632,Healthcare
226,New Construction,Acoustic ceilings,1.1692435030068966,2.7928397041033106,Office
226,New Construction,Adhesives and sealants,0.1720479100061724,0.4715604507087876,Office
226,New Construction,Air and vapor barriers,0.0167359203248275,0.0438481112510482,Office
226,New Construction,Aluminum,1.667944421416207,16.157871938713217,Office
226,New Construction,Cladding,0.1451533775068965,0.6415975239184138,Office
226,New Construction,Coatings,0.210654733495,0.6707785737891179,Office
226,New Construction,Concrete,1089.1750617941275,212.4067836976544,Office
226,New Construction,Doors and frames,1.029456706257069,2.648780581866659,Office
226,New Construction,Flooring and tile,1.3836571211353104,0.3767813242418138,Office
226,New Construction,Glazing,4.805917086927587,6.77881495467231,Office
226,New Construction,Gypsum,12.41474280582862,2.977758862748291,Office
226,New Construction,Insulation,2.0974591173295174,5.09594514755455,Office
226,New Construction,Masonry,24.870218989159135,3.831376077649724,Office
226,New Construction,Other,0.0007493549331034,0.001745996994131,Office
226,New Construction,Other metals,0.0287183015702413,0.163428942615401,Office
226,New Construction,Roofing and waterproofing,0.7730981978927587,2.4326308759458275,Office
226,New Construction,Steel,68.3656591950572,66.2481659915136,Office
226,New Construction,Wall coverings,0.0174522923537931,0.3473006178404828,Office
226,New Construction,Windows and frames,0.0019379092854137,0.0155374891911131,Office
226,New Construction,Wood and composites,0.9448594267862068,0.245330194756,Office
227,New Construction,Adhesives and sealants,0.1823969166895796,0.5361912958207301,Public Assembly
227,New Construction,Air and vapor barriers,0.4913685132,0.398008495692,Public Assembly
227,New Construction,Aluminum,1.6538222037500765,12.196471803043249,Public Assembly
227,New Construction,Cladding,0.044953647043312,0.0398799523448726,Public Assembly
227,New Construction,Coatings,0.0163103255786878,0.1427058427030705,Public Assembly
227,New Construction,Concrete,587.600002250628,83.82580914015037,Public Assembly
227,New Construction,Doors and frames,0.009275430808191,0.0507331401128694,Public Assembly
227,New Construction,Glazing,0.8632151884305732,1.2883358846498345,Public Assembly
227,New Construction,Gypsum,7.624585505707057,3.5644307228769536,Public Assembly
227,New Construction,Insulation,0.1181369234943694,1.8711136945246316,Public Assembly
227,New Construction,Masonry,10.34159044551219,2.9371497294518627,Public Assembly
227,New Construction,Other metals,0.0218927190577579,0.1266498282517956,Public Assembly
227,New Construction,Roofing and waterproofing,1.188931235738089,3.792832326591297,Public Assembly
227,New Construction,Steel,176.7284387913675,247.944774507542,Public Assembly
227,New Construction,Wood and composites,0.0771203082152866,0.0207086594003668,Public Assembly
229,New Construction,Acoustic ceilings,0.2564226804123711,0.2923220618556701,Warehouse and Storage
229,New Construction,Air and vapor barriers,0.0573484536082474,0.1783534020618556,Warehouse and Storage
229,New Construction,Aluminum,0.0220713402061855,0.2709896907216494,Warehouse and Storage
229,New Construction,Cladding,9.576425979381442,43.99824701030928,Warehouse and Storage
229,New Construction,Coatings,2.5629686597938144,10.812570721649484,Warehouse and Storage
229,New Construction,Concrete,1489.3897575257731,185.84979876288656,Warehouse and Storage
229,New Construction,Doors and frames,0.2699274226804123,1.754838350515464,Warehouse and Storage
229,New Construction,Flooring and tile,0.3103373195876289,0.5287979381443298,Warehouse and Storage
229,New Construction,Gypsum,0.4950395876288659,0.1438791752577319,Warehouse and Storage
229,New Construction,Insulation,15.269631752577322,173.3553381443299,Warehouse and Storage
229,New Construction,Masonry,125.97709773195876,14.6228,Warehouse and Storage
229,New Construction,Other,0.3695290721649484,1.0926362886597938,Warehouse and Storage
229,New Construction,Roofing and waterproofing,3.055345154639175,10.101298556701032,Warehouse and Storage
229,New Construction,Steel,72.08775835051547,120.2643006185567,Warehouse and Storage
229,New Construction,Synthetic composites,0.2837896907216495,0.7236643298969072,Warehouse and Storage
229,New Construction,Windows and frames,0.2958226804123711,1.1010449484536082,Warehouse and Storage
23,New Construction,Acoustic ceilings,0.1556162774014285,0.2498713531636714,Residential: Multifamily (5 or more units)
23,New Construction,Adhesives and sealants,0.3368512989138572,0.7158335045556624,Residential: Multifamily (5 or more units)
23,New Construction,Air and vapor barriers,0.0079563195445714,0.01615132867548,Residential: Multifamily (5 or more units)
23,New Construction,Aluminum,1.2205830827655,9.482560516371429,Residential: Multifamily (5 or more units)
23,New Construction,Applied fireproofing,0.484822551643,0.5551420431880628,Residential: Multifamily (5 or more units)
23,New Construction,Cladding,4.1964874051091146,33.233252928041004,Residential: Multifamily (5 or more units)
23,New Construction,Coatings,0.8188848640361858,5.100173015715224,Residential: Multifamily (5 or more units)
23,New Construction,Concrete,866.6020811427143,179.08811173174092,Residential: Multifamily (5 or more units)
23,New Construction,Doors and frames,6.528720686270371,11.224426718819185,Residential: Multifamily (5 or more units)
23,New Construction,Flooring and tile,7.558421024112757,5.799494828587978,Residential: Multifamily (5 or more units)
23,New Construction,Glazing,6.302693552340429,8.38905837417463,Residential: Multifamily (5 or more units)
23,New Construction,Gypsum,48.136258836007,10.602092137161474,Residential: Multifamily (5 or more units)
23,New Construction,Insulation,2.9442687142296,6.193043291839617,Residential: Multifamily (5 or more units)
23,New Construction,Masonry,9.785089659626571,1.6536593876963144,Residential: Multifamily (5 or more units)
23,New Construction,Other,0.0006422021625714,0.0018238541417028,Residential: Multifamily (5 or more units)
23,New Construction,Other metals,0.0062911566439428,0.0531075459149024,Residential: Multifamily (5 or more units)
23,New Construction,Roofing and waterproofing,0.2967634129411714,0.2117058510366745,Residential: Multifamily (5 or more units)
23,New Construction,Steel,34.90199436538243,65.2814691444084,Residential: Multifamily (5 or more units)
23,New Construction,Synthetic composites,0.0505778736571428,0.272614739012,Residential: Multifamily (5 or more units)
23,New Construction,Wood and composites,0.2778458052266571,0.1680547088364111,Residential: Multifamily (5 or more units)
230,New Construction,Adhesives and sealants,0.15343378081509,0.3680414686420167,Laboratory
230,New Construction,Air and vapor barriers,1.9647177013265,1.7542131857453176,Laboratory
230,New Construction,Aluminum,2.1295335821029,12.313701138536423,Laboratory
230,New Construction,Applied fireproofing,20.05124405121435,24.51773306807093,Laboratory
230,New Construction,Cladding,1.4925560191711458,11.86582035241061,Laboratory
230,New Construction,Coatings,0.8886412583045368,3.505188901642331,Laboratory
230,New Construction,Concrete,454.2767809122243,71.70494354599654,Laboratory
230,New Construction,Doors and frames,2.1985190939254697,3.735639686096621,Laboratory
230,New Construction,Flooring and tile,3.515442594628505,4.213277445755694,Laboratory
230,New Construction,Glazing,6.713614007143348,8.850779608050193,Laboratory
230,New Construction,Gypsum,44.771057347433135,12.475477493924076,Laboratory
230,New Construction,Insulation,12.115615553610494,20.644933271497614,Laboratory
230,New Construction,Masonry,85.18031549220007,23.50098184949408,Laboratory
230,New Construction,Other metals,0.0018246486459982,0.0165313167327438,Laboratory
230,New Construction,Roofing and waterproofing,0.067214094591146,0.2332329082312766,Laboratory
230,New Construction,Steel,81.8549266389825,124.1486102761036,Laboratory
230,New Construction,Windows and frames,1.8499895290127544,18.470152838889568,Laboratory
230,New Construction,Wood and composites,0.1840559307868847,0.0485907657277376,Laboratory
231,New Construction,Adhesives and sealants,0.063654877718779,0.1742683950462133,Laboratory
231,New Construction,Air and vapor barriers,0.2879196011158677,0.458574892751964,Laboratory
231,New Construction,Aluminum,5.437234255372287,51.360256981338445,Laboratory
231,New Construction,Applied fireproofing,23.285337588247447,26.54528485060209,Laboratory
231,New Construction,Cladding,4.888620431057138,20.662793109238518,Laboratory
231,New Construction,Coatings,0.0843572075396246,0.924840121569125,Laboratory
231,New Construction,Concrete,691.4683178992843,112.56667983342057,Laboratory
231,New Construction,Doors and frames,0.0673651900996477,0.3648928287387218,Laboratory
231,New Construction,Glazing,15.312410720221203,22.088079046929646,Laboratory
231,New Construction,Gypsum,1.963950366209618,0.6520388422013111,Laboratory
231,New Construction,Insulation,3.746609717775919,62.40542077853659,Laboratory
231,New Construction,Masonry,2.0938959246517648,0.3010433766822659,Laboratory
231,New Construction,Other metals,0.1561725831281985,0.9024482032862592,Laboratory
231,New Construction,Roofing and waterproofing,0.2561706662789417,0.72555035952781,Laboratory
231,New Construction,Steel,213.45912698445036,273.38571979407567,Laboratory
231,New Construction,Synthetic composites,0.9177071658576494,2.67052785264576,Laboratory
232,New Construction,Air and vapor barriers,3.5351568514662306,6.009815579701862,Education
232,New Construction,Coatings,1.0420432135475846,2.365051429481096,Education
232,New Construction,Concrete,889.0947360438155,255.4362228669558,Education
232,New Construction,Doors and frames,0.7883413885885714,3.0835278093724114,Education
232,New Construction,Glazing,8.868286858409155,12.038447146270464,Education
232,New Construction,Gypsum,63.73254620301162,18.37461124226421,Education
232,New Construction,Insulation,7.309441576130976,133.8632127578853,Education
232,New Construction,Masonry,599.7691728442202,115.90483865718508,Education
232,New Construction,Other metals,0.0727929719989271,0.3813710223475286,Education
232,New Construction,Roofing and waterproofing,8.247855623936655,13.43462321986155,Education
232,New Construction,Steel,65.28562212192438,109.78062873187434,Education
232,New Construction,Windows and frames,3.6804717715279,35.873609711393286,Education
233,New Construction,Acoustic ceilings,0.16415788493243,0.5217726712633594,Public Assembly
233,New Construction,Adhesives and sealants,0.1127537484377331,0.3201121848533064,Public Assembly
233,New Construction,Air and vapor barriers,0.6851710602826666,0.8030896989333239,Public Assembly
233,New Construction,Aluminum,0.5725221544088486,5.028060182009488,Public Assembly
233,New Construction,Cladding,1.9130945488647173,6.370604847719507,Public Assembly
233,New Construction,Coatings,0.3144422994979949,0.7010785835548138,Public Assembly
233,New Construction,Concrete,804.369409595896,149.41623301065147,Public Assembly
233,New Construction,Doors and frames,0.0075710358415841,0.0662465636138613,Public Assembly
233,New Construction,Glazing,0.6744643728016096,0.7796970879506396,Public Assembly
233,New Construction,Gypsum,18.421295669120045,5.393315856332339,Public Assembly
233,New Construction,Insulation,4.25795275694988,76.9546345214663,Public Assembly
233,New Construction,Other metals,0.0582075493104842,0.2487226892835633,Public Assembly
233,New Construction,Roofing and waterproofing,0.3154684242877826,1.0158083262066602,Public Assembly
233,New Construction,Steel,38.162057584260175,74.70580299773167,Public Assembly
233,New Construction,Windows and frames,0.0039920712249029,0.0399207122490297,Public Assembly
233,New Construction,Wood and composites,42.53955138055494,15.246881163397775,Public Assembly
234,New Construction,Aluminum,1.5908086821705427,15.7766096124031,Healthcare
234,New Construction,Concrete,1137.115673488372,139.5220719379845,Healthcare
234,New Construction,Glazing,4.52101503875969,5.610771162790697,Healthcare
234,New Construction,Insulation,1.766620465116279,4.162169457364341,Healthcare
234,New Construction,Masonry,1.7917086821705428,0.2494293023255814,Healthcare
234,New Construction,Steel,189.8494226356589,156.9070579844961,Healthcare
235,New Construction,Aluminum,2.321872794117647,21.02113529411765,Laboratory
235,New Construction,Cladding,2.200058823529412,13.40261544117647,Laboratory
235,New Construction,Concrete,1244.7808080882353,186.5008426470588,Laboratory
235,New Construction,Doors and frames,0.0446080882352941,0.1636029411764706,Laboratory
235,New Construction,Glazing,3.75182205882353,6.23445,Laboratory
235,New Construction,Gypsum,2.634502205882353,0.8983801470588236,Laboratory
235,New Construction,Insulation,5.809869852941176,15.294138235294117,Laboratory
235,New Construction,Masonry,28.140164705882352,8.672233088235293,Laboratory
235,New Construction,Roofing and waterproofing,4.761383088235294,8.38282794117647,Laboratory
235,New Construction,Steel,107.53036838235292,255.73761029411764,Laboratory
236,New Construction,Aluminum,2.7177104347826084,24.60984347826087,Laboratory
236,New Construction,Cladding,2.6856408695652174,14.470302608695652,Laboratory
236,New Construction,Concrete,830.7384104347826,136.1814408695652,Laboratory
236,New Construction,Doors and frames,0.0691017391304347,0.2761739130434782,Laboratory
236,New Construction,Glazing,4.561804347826087,7.578681739130434,Laboratory
236,New Construction,Gypsum,4.039271304347826,1.3732695652173912,Laboratory
236,New Construction,Insulation,6.414267826086957,18.77272782608696,Laboratory
236,New Construction,Masonry,15.456237391304349,4.581773043478261,Laboratory
236,New Construction,Roofing and waterproofing,4.772644347826087,8.298452173913045,Laboratory
236,New Construction,Steel,116.08069217391304,274.3944756521739,Laboratory
237,New Construction,Adhesives and sealants,0.1564649527676503,0.3633549761054451,Education
237,New Construction,Air and vapor barriers,2.125096545041297,1.65984562466133,Education
237,New Construction,Aluminum,3.3589177659552543,21.28215410216411,Education
237,New Construction,Applied fireproofing,3.6499290186892015,4.16091908130569,Education
237,New Construction,Cladding,0.3355431112863448,0.2164253067796924,Education
237,New Construction,Coatings,0.100354775459251,0.8628060056491065,Education
237,New Construction,Concrete,278.7967729467034,41.46592775276432,Education
237,New Construction,Doors and frames,0.6509659097912954,1.872948081592725,Education
237,New Construction,Glazing,8.161717023516253,12.64007492978822,Education
237,New Construction,Gypsum,23.665138738147387,7.495820750803424,Education
237,New Construction,Insulation,2.951465267143089,7.586984177075641,Education
237,New Construction,Masonry,103.16607137496608,23.417847511117508,Education
237,New Construction,Other metals,0.0136226837004755,0.0796880588058488,Education
237,New Construction,Roofing and waterproofing,0.7997334017570983,2.5482079764078773,Education
237,New Construction,Steel,54.08979880900148,57.6872660343871,Education
237,New Construction,Synthetic composites,2.4828567839169318,5.960832592541101,Education
237,New Construction,Windows and frames,0.0078964955517236,0.0667290114427825,Education
237,New Construction,Wood and composites,77.51866652490025,28.488793398550246,Education
239,New Construction,Aluminum,2.2722714285714285,20.602608730158728,Laboratory
239,New Construction,Cladding,2.9791396825396825,18.35821904761905,Laboratory
239,New Construction,Concrete,786.5216166666667,128.29289444444444,Laboratory
239,New Construction,Doors and frames,0.0499468253968254,0.2091269841269841,Laboratory
239,New Construction,Glazing,3.5439896825396824,5.886427777777778,Laboratory
239,New Construction,Gypsum,3.688242063492064,1.2539142857142855,Laboratory
239,New Construction,Insulation,5.808647619047619,18.000380952380954,Laboratory
239,New Construction,Masonry,6.846857936507936,1.874653968253968,Laboratory
239,New Construction,Roofing and waterproofing,4.576953174603174,7.951046031746032,Laboratory
239,New Construction,Steel,107.48372936507936,253.72722142857145,Laboratory
24,New Construction,Acoustic ceilings,2.78131221411875,4.245134370450812,Education
24,New Construction,Adhesives and sealants,0.2585461874515625,0.9685099781694132,Education
24,New Construction,Aluminum,2.546105063766625,20.1847315621916,Education
24,New Construction,Applied fireproofing,0.175118436775,0.44304964504075,Education
24,New Construction,Cladding,4.31211440475,31.433622094344877,Education
24,New Construction,Coatings,0.9441020696674376,4.450518673099829,Education
24,New Construction,Concrete,1047.0318376621435,144.40490492214167,Education
24,New Construction,Doors and frames,2.257320764440937,4.49569772292693,Education
24,New Construction,Flooring and tile,1.7009742848490623,1.4569048230031745,Education
24,New Construction,Glazing,4.582943971325625,6.282804758754012,Education
24,New Construction,Gypsum,39.44691875937063,10.358818121740631,Education
24,New Construction,Insulation,6.680356498417375,17.75435602516679,Education
24,New Construction,Masonry,73.52475411396219,15.374367185594688,Education
24,New Construction,Other,1.4402579707125,1.7870404062735,Education
24,New Construction,Other metals,0.207589225317625,0.8434196462795287,Education
24,New Construction,Roofing and waterproofing,1.918636744175,6.3394736509615,Education
24,New Construction,Steel,113.10787777378664,164.57718366241454,Education
24,New Construction,Wall coverings,0.0860686387505,0.46967980600539,Education
24,New Construction,Wood and composites,0.01171659396275,0.0053742701287975,Education
240,New Construction,Coatings,0.3778153284671532,0.7291839416058394,Warehouse and Storage
240,New Construction,Concrete,1313.708217518248,200.9576408759124,Warehouse and Storage
240,New Construction,Doors and frames,0.403607299270073,0.9766043795620438,Warehouse and Storage
240,New Construction,Insulation,4.283024817518248,10.675160583941606,Warehouse and Storage
240,New Construction,Roofing and waterproofing,1.4857744525547445,5.170494160583942,Warehouse and Storage
240,New Construction,Steel,38.05282408759124,61.53210291970803,Warehouse and Storage
240,New Construction,Windows and frames,2.889182481751825,12.806107299270074,Warehouse and Storage
241,New Construction,Acoustic ceilings,0.1030701754385964,0.1175,Warehouse and Storage
241,New Construction,Coatings,0.5401105263157895,1.0424129824561403,Warehouse and Storage
241,New Construction,Concrete,1283.9997680701754,187.3811333333333,Warehouse and Storage
241,New Construction,Doors and frames,0.6475077192982456,1.7892098245614037,Warehouse and Storage
241,New Construction,Flooring and tile,0.0149301754385964,0.0933136842105263,Warehouse and Storage
241,New Construction,Gypsum,2.5273477192982456,0.7792466666666666,Warehouse and Storage
241,New Construction,Insulation,4.428084210526316,11.036711578947369,Warehouse and Storage
241,New Construction,Roofing and waterproofing,1.4884989473684211,5.179975789473684,Warehouse and Storage
241,New Construction,Steel,42.20530561403509,74.4542701754386,Warehouse and Storage
241,New Construction,Synthetic composites,0.337138596491228,1.0595028070175438,Warehouse and Storage
241,New Construction,Windows and frames,0.5421463157894737,2.4030266666666664,Warehouse and Storage
242,New Construction,Acoustic ceilings,0.0075401692472947,0.021429071058435,Education
242,New Construction,Adhesives and sealants,0.0510000179559508,0.1320900465059125,Education
242,New Construction,Air and vapor barriers,0.0479006645560984,0.0387995382904397,Education
242,New Construction,Aluminum,2.240606479764238,16.79649367295544,Education
242,New Construction,Applied fireproofing,16.97524293839995,19.47687756182961,Education
242,New Construction,Cladding,22.68297203894442,10.662474413808296,Education
242,New Construction,Coatings,1.0883923071818575,12.312249207027907,Education
242,New Construction,Concrete,622.5944368817321,153.42914869780262,Education
242,New Construction,Doors and frames,0.2258861533036125,0.8160005308152822,Education
242,New Construction,Glazing,5.313266760675159,10.424846616446615,Education
242,New Construction,Gypsum,17.328762502934616,6.739349531688437,Education
242,New Construction,Insulation,8.700679616070081,17.58096462394259,Education
242,New Construction,Masonry,42.41791745010445,8.890144604133365,Education
242,New Construction,Other,0.0422531976495104,0.0984499505233594,Education
242,New Construction,Other metals,0.0650907986232781,0.3746088441796195,Education
242,New Construction,Roofing and waterproofing,1.0496659895732907,3.01566412399719,Education
242,New Construction,Steel,109.41529604817872,181.1584441567766,Education
242,New Construction,Synthetic composites,0.1103694103979913,0.1335469865815695,Education
242,New Construction,Windows and frames,1.2150533169405189,12.16030231612525,Education
242,New Construction,Wood and composites,0.3552506489138085,0.1186436980924481,Education
243,New Construction,Adhesives and sealants,0.1664676370627989,0.4846402238835727,Education
243,New Construction,Air and vapor barriers,0.8846143105679706,1.7957670504529804,Education
243,New Construction,Aluminum,0.0790003760651836,0.5780102741695291,Education
243,New Construction,Applied fireproofing,22.985427341405813,26.25373744069256,Education
243,New Construction,Cladding,0.7214108187403288,3.892202038566092,Education
243,New Construction,Coatings,0.4524284294490076,3.0530493488465087,Education
243,New Construction,Concrete,413.024484730659,69.45015562865362,Education
243,New Construction,Doors and frames,0.0911958001560667,0.4763110522441435,Education
243,New Construction,Glazing,2.060943081813829,2.767565342463375,Education
243,New Construction,Gypsum,13.75573286273601,4.9752904632784185,Education
243,New Construction,Insulation,4.377207212761104,8.840072274169039,Education
243,New Construction,Masonry,93.90545166044711,14.052522930701995,Education
243,New Construction,Other,0.083607098344709,0.194804539143172,Education
243,New Construction,Other metals,0.0143861620017746,0.0643213718222653,Education
243,New Construction,Roofing and waterproofing,0.7333649842805309,2.3394342998548936,Education
243,New Construction,Steel,73.0685776491276,115.98124367311428,Education
243,New Construction,Synthetic composites,0.0968789131723126,0.5205663174566916,Education
243,New Construction,Windows and frames,0.4394483946021796,4.236186494293944,Education
243,New Construction,Wood and composites,4.075751751477244,1.563506528064886,Education
244,New Construction,Adhesives and sealants,0.0798913058045683,0.2187685785287852,Laboratory
244,New Construction,Air and vapor barriers,0.0330343731497291,0.0810571323770859,Laboratory
244,New Construction,Aluminum,7.90055871055149,73.4233057643056,Laboratory
244,New Construction,Applied fireproofing,22.41773602081212,25.556219063725813,Laboratory
244,New Construction,Cladding,6.423268365157511,26.060275464291166,Laboratory
244,New Construction,Coatings,0.2539535320692262,5.029920823314136,Laboratory
244,New Construction,Concrete,677.0340932125001,86.2094631625744,Laboratory
244,New Construction,Doors and frames,0.1945653947616558,0.7073667262780982,Laboratory
244,New Construction,Glazing,9.782557484448954,15.042328057883394,Laboratory
244,New Construction,Gypsum,2.2065118756509148,0.765016563315586,Laboratory
244,New Construction,Insulation,1.889311279001532,29.086271132795535,Laboratory
244,New Construction,Masonry,7.907963297231007,1.1458672368465956,Laboratory
244,New Construction,Other,0.0001136592025057,0.0002648259418382,Laboratory
244,New Construction,Other metals,0.1308984993438416,0.7461327928706204,Laboratory
244,New Construction,Roofing and waterproofing,0.4009011299143137,0.7809237380848318,Laboratory
244,New Construction,Steel,119.73321904040496,161.22249746873166,Laboratory
244,New Construction,Windows and frames,0.6632734003698748,6.632734003698749,Laboratory
245,New Construction,Air and vapor barriers,2.768815,6.534403333333333,Residential: Multifamily (5 or more units)
245,New Construction,Concrete,1546.5449999999998,238.105075,Residential: Multifamily (5 or more units)
245,New Construction,Glazing,0.94695,0.95882,Residential: Multifamily (5 or more units)
245,New Construction,Gypsum,32.652341666666665,9.235449583333333,Residential: Multifamily (5 or more units)
245,New Construction,Insulation,6.204149166666667,1.3557804166666667,Residential: Multifamily (5 or more units)
245,New Construction,Masonry,8.472122083333334,1.3682470833333331,Residential: Multifamily (5 or more units)
245,New Construction,Roofing and waterproofing,0.5266320833333333,0.4458166666666666,Residential: Multifamily (5 or more units)
245,New Construction,Steel,89.20408041666667,61.91010958333333,Residential: Multifamily (5 or more units)
246,New Construction,Cladding,0.4301198412698412,1.942361111111111,Education
246,New Construction,Concrete,705.0035047619048,70.81610634920635,Education
246,New Construction,Flooring and tile,1.2623587301587302,0.9965150793650792,Education
246,New Construction,Gypsum,4.676498412698413,1.765288888888889,Education
246,New Construction,Insulation,4.935752380952382,13.679510317460318,Education
246,New Construction,Masonry,7.755917460317461,0.7286936507936509,Education
246,New Construction,Roofing and waterproofing,7.202806349206349,7.90647380952381,Education
246,New Construction,Steel,93.80409047619048,156.95997936507936,Education
246,New Construction,Windows and frames,8.850222222222222,32.16665634920635,Education
246,New Construction,Wood and composites,0.4675873015873016,0.6705492063492063,Education
247,New Construction,Air and vapor barriers,2.224906382978724,1.2471222695035462,Residential: Multifamily (5 or more units)
247,New Construction,Aluminum,0.3424207092198582,0.4134104964539007,Residential: Multifamily (5 or more units)
247,New Construction,Cladding,3.4037690780141845,15.841606241134752,Residential: Multifamily (5 or more units)
247,New Construction,Coatings,0.3957597163120567,0.7046187234042552,Residential: Multifamily (5 or more units)
247,New Construction,Concrete,1268.4737021276596,160.4510025531915,Residential: Multifamily (5 or more units)
247,New Construction,Doors and frames,2.569858156028369,3.2844,Residential: Multifamily (5 or more units)
247,New Construction,Flooring and tile,6.037736170212766,7.40448170212766,Residential: Multifamily (5 or more units)
247,New Construction,Glazing,1.543671489361702,1.721495035460993,Residential: Multifamily (5 or more units)
247,New Construction,Gypsum,34.282390921985815,9.232120283687944,Residential: Multifamily (5 or more units)
247,New Construction,Insulation,7.902952056737589,14.333237730496457,Residential: Multifamily (5 or more units)
247,New Construction,Masonry,55.41796226950354,8.258832907801418,Residential: Multifamily (5 or more units)
247,New Construction,Roofing and waterproofing,2.5028297872340426,5.053342127659574,Residential: Multifamily (5 or more units)
247,New Construction,Steel,79.91777106382979,45.60152312056738,Residential: Multifamily (5 or more units)
247,New Construction,Synthetic composites,0.2080680851063829,0.082531914893617,Residential: Multifamily (5 or more units)
247,New Construction,Windows and frames,5.421333617021277,10.825427517730496,Residential: Multifamily (5 or more units)
247,New Construction,Wood and composites,0.0230147517730496,0.0104289361702127,Residential: Multifamily (5 or more units)
248,New Construction,Acoustic ceilings,2.688465808569092,4.160516539558378,Education
248,New Construction,Adhesives and sealants,0.0209188855522181,0.0440376057720521,Education
248,New Construction,Air and vapor barriers,0.9885239988030764,0.8421472071620337,Education
248,New Construction,Aluminum,2.49934547450127,15.71205493130834,Education
248,New Construction,Applied fireproofing,0.1609436105211265,0.1834757159940843,Education
248,New Construction,Cladding,4.514389469479781,13.31735200264957,Education
248,New Construction,Coatings,0.8100964582769126,3.416418397235768,Education
248,New Construction,Concrete,853.2755116271838,122.65465279387897,Education
248,New Construction,Doors and frames,1.876557211002595,3.596557131830143,Education
248,New Construction,Flooring and tile,3.251783783692176,5.667864628098668,Education
248,New Construction,Glazing,4.705294639606468,6.037682612012235,Education
248,New Construction,Gypsum,67.03492198871368,17.246679428937306,Education
248,New Construction,Insulation,3.997605645516389,63.52816110455559,Education
248,New Construction,Masonry,28.857785350156966,7.200837903648262,Education
248,New Construction,Other,0.0279876290914566,0.0794848666197367,Education
248,New Construction,Other metals,0.0078627648793844,0.045654882291688,Education
248,New Construction,Roofing and waterproofing,1.3578030397558052,0.8413267117395148,Education
248,New Construction,Steel,119.42075555336666,186.7535803623719,Education
248,New Construction,Wall coverings,0.0025198658572386,0.0454750782744209,Education
248,New Construction,Windows and frames,0.2634712832368854,2.878767918973592,Education
248,New Construction,Wood and composites,0.8208499535993717,0.5506051664001145,Education
249,New Construction,Concrete,845.4067007751938,126.3579426356589,Transportation Hub
249,New Construction,Doors and frames,0.1322077519379845,0.303875968992248,Transportation Hub
249,New Construction,Gypsum,8.413272868217055,2.739623255813953,Transportation Hub
249,New Construction,Insulation,14.949686821705429,47.1503503875969,Transportation Hub
249,New Construction,Masonry,69.43293023255814,16.478764341085274,Transportation Hub
249,New Construction,Roofing and waterproofing,1.5819658914728685,4.544702325581396,Transportation Hub
249,New Construction,Steel,62.34841705426357,92.27758914728682,Transportation Hub
249,New Construction,Windows and frames,5.355917829457365,23.53621395348837,Transportation Hub
249,New Construction,Wood and composites,71.31023875968992,15.758792248062017,Transportation Hub
250,New Construction,Acoustic ceilings,0.26667930040757,0.881351317287279,Residential: Multifamily (5 or more units)
250,New Construction,Adhesives and sealants,0.3049262091401301,0.09726344428072,Residential: Multifamily (5 or more units)
250,New Construction,Aluminum,0.7560556028762931,6.145759774902561,Residential: Multifamily (5 or more units)
250,New Construction,Cladding,2.3949903491105897,18.23770672272784,Residential: Multifamily (5 or more units)
250,New Construction,Coatings,1.1517170829838193,5.596147162538518,Residential: Multifamily (5 or more units)
250,New Construction,Concrete,334.6169473927243,106.25413325109176,Residential: Multifamily (5 or more units)
250,New Construction,Doors and frames,3.6543245638392463,5.947699849488061,Residential: Multifamily (5 or more units)
250,New Construction,Flooring and tile,3.44555334689046,5.741598810839465,Residential: Multifamily (5 or more units)
250,New Construction,Glazing,3.1165811487275423,4.178406871104581,Residential: Multifamily (5 or more units)
250,New Construction,Gypsum,69.77264856098923,14.854291058811032,Residential: Multifamily (5 or more units)
250,New Construction,Insulation,7.620021111502842,13.073793840371431,Residential: Multifamily (5 or more units)
250,New Construction,Masonry,32.38725886365088,8.511182313983483,Residential: Multifamily (5 or more units)
250,New Construction,Other metals,0.0006235235588263,0.0054023691942785,Residential: Multifamily (5 or more units)
250,New Construction,Steel,182.739131004996,246.6242481976332,Residential: Multifamily (5 or more units)
250,New Construction,Windows and frames,0.3516163893840815,3.4606753568419824,Residential: Multifamily (5 or more units)
250,New Construction,Wood and composites,1.210070603799616,0.3367900792432257,Residential: Multifamily (5 or more units)
251,New Construction,Cladding,0.0718236734693877,0.3264,Residential: Multifamily (5 or more units)
251,New Construction,Concrete,1649.681142857143,203.97984346938776,Residential: Multifamily (5 or more units)
251,New Construction,Gypsum,6.4436981632653065,2.2868979591836736,Residential: Multifamily (5 or more units)
251,New Construction,Insulation,4.9276,13.52048306122449,Residential: Multifamily (5 or more units)
251,New Construction,Masonry,0.6627077551020408,0.1914510204081632,Residential: Multifamily (5 or more units)
251,New Construction,Roofing and waterproofing,2.7777844897959185,2.938329795918367,Residential: Multifamily (5 or more units)
251,New Construction,Steel,93.34150653061224,135.76690081632654,Residential: Multifamily (5 or more units)
251,New Construction,Windows and frames,11.351777551020408,42.7304081632653,Residential: Multifamily (5 or more units)
252,New Construction,Aluminum,13.209744696969697,59.25767424242424,Education
252,New Construction,Cladding,0.1428939393939394,0.5413083333333334,Education
252,New Construction,Concrete,562.3659,74.679625,Education
252,New Construction,Doors and frames,0.0502727272727272,0.0748181818181818,Education
252,New Construction,Gypsum,7.74874393939394,2.8060719696969696,Education
252,New Construction,Insulation,1.4093090909090908,4.70965,Education
252,New Construction,Masonry,59.82696818181818,12.204145454545454,Education
252,New Construction,Roofing and waterproofing,0.0964454545454545,0.290819696969697,Education
252,New Construction,Steel,61.78911287878788,59.90212878787879,Education
252,New Construction,Windows and frames,0.0851613636363636,0.8821166666666667,Education
252,New Construction,Wood and composites,61.90784772727273,47.09761515151515,Education
253,New Construction,Aluminum,0.7843155675675676,8.279798486486486,Office
253,New Construction,Cladding,0.0759043243243243,0.2078201081081081,Office
253,New Construction,Concrete,1378.5213783783784,260.76969794594595,Office
253,New Construction,Doors and frames,0.2043823783783784,2.0651135135135137,Office
253,New Construction,Flooring and tile,0.3325961081081081,0.2250918918918918,Office
253,New Construction,Glazing,0.0322721081081081,0.046149081081081,Office
253,New Construction,Gypsum,0.0690004324324324,0.0227805405405405,Office
253,New Construction,Insulation,0.1553561081081081,0.49226,Office
253,New Construction,Roofing and waterproofing,0.0174644324324324,0.0326264864864864,Office
253,New Construction,Steel,65.81048551351351,63.21790983783784,Office
253,New Construction,Windows and frames,9.976617405405404,51.98371935135136,Office
253,New Construction,Wood and composites,0.0594558918918918,0.0352582702702702,Office
255,New Construction,Concrete,697.9398269230769,109.48346153846154,Education
255,New Construction,Doors and frames,0.1171346153846153,0.2692307692307692,Education
255,New Construction,Gypsum,8.556615384615386,2.7688365384615388,Education
255,New Construction,Insulation,11.162634615384617,55.992576923076925,Education
255,New Construction,Roofing and waterproofing,10.70842307692308,4.269182692307693,Education
255,New Construction,Steel,28.79151923076923,30.771653846153843,Education
255,New Construction,Windows and frames,11.389317307692307,29.42585576923077,Education
255,New Construction,Wood and composites,203.4875769230769,88.82516346153847,Education
256,New Construction,Aluminum,6.566344313725491,48.87452254901961,Office
256,New Construction,Cladding,0.0249207843137254,0.0682378431372549,Office
256,New Construction,Concrete,1031.5752350980392,205.8837452941177,Office
256,New Construction,Doors and frames,0.2892717647058823,1.274670392156863,Office
256,New Construction,Gypsum,0.2121125490196078,0.0650011764705882,Office
256,New Construction,Insulation,0.5557707843137255,2.241740588235294,Office
256,New Construction,Masonry,20.0384531372549,4.368382941176471,Office
256,New Construction,Steel,71.3312931372549,90.93723352941176,Office
256,New Construction,Windows and frames,6.195597843137255,25.04357470588235,Office
257,New Construction,Aluminum,0.6428851724137931,10.67189396551724,Warehouse and Storage
257,New Construction,Concrete,598.9481746551724,103.89199672413794,Warehouse and Storage
257,New Construction,Doors and frames,0.6506068965517241,3.776798103448276,Warehouse and Storage
257,New Construction,Glazing,0.1817275862068965,0.2598706896551724,Warehouse and Storage
257,New Construction,Gypsum,0.0384482758620689,0.0117824137931034,Warehouse and Storage
257,New Construction,Insulation,5.7112387931034485,23.513863275862068,Warehouse and Storage
257,New Construction,Roofing and waterproofing,2.662696724137931,4.9743731034482765,Warehouse and Storage
257,New Construction,Steel,46.98279810344828,75.8530222413793,Warehouse and Storage
258,New Construction,Aluminum,17.112732173913045,24.340892173913044,Laboratory
258,New Construction,Cladding,1.219026086956522,3.337601739130435,Laboratory
258,New Construction,Concrete,414.4987234782608,53.69282782608696,Laboratory
258,New Construction,Doors and frames,0.0612173913043478,0.1335652173913043,Laboratory
258,New Construction,Glazing,15.005641739130436,28.69156695652174,Laboratory
258,New Construction,Gypsum,15.237582608695652,4.778582608695652,Laboratory
258,New Construction,Insulation,3.763801739130435,32.05798782608696,Laboratory
258,New Construction,Masonry,57.863744347826085,9.52851304347826,Laboratory
258,New Construction,Roofing and waterproofing,0.8380017391304347,2.343260869565217,Laboratory
258,New Construction,Steel,50.80328695652174,70.85927826086956,Laboratory
258,New Construction,Windows and frames,0.0361686956521739,0.093391304347826,Laboratory
259,New Construction,Air and vapor barriers,0.1120387499999999,0.3484404166666666,Office
259,New Construction,Cladding,10.211547916666666,27.96120625,Office
259,New Construction,Concrete,1200.3176600000002,264.43560916666667,Office
259,New Construction,Glazing,0.32519625,0.8780300000000001,Office
259,New Construction,Gypsum,8.041992916666667,2.5813725,Office
259,New Construction,Insulation,1.8252516666666665,19.66446375,Office
259,New Construction,Masonry,48.22928375000001,13.242949583333331,Office
259,New Construction,Roofing and waterproofing,0.18895125,1.2813425,Office
259,New Construction,Steel,55.70677041666666,48.42184041666667,Office
259,New Construction,Windows and frames,0.2714266666666667,5.17766375,Office
259,New Construction,Wood and composites,1.7014683333333331,0.92838375,Office
260,New Construction,Adhesives and sealants,0.3674541336123947,1.006684427923738,Education
260,New Construction,Air and vapor barriers,1.5995167615465449,2.4792509803971443,Education
260,New Construction,Aluminum,1.3433829965584834,12.171049948819862,Education
260,New Construction,Cladding,0.1722569110433603,0.4013586027310296,Education
260,New Construction,Coatings,0.4124683077992248,0.9367229839418888,Education
260,New Construction,Concrete,394.79086728758335,82.1948620977216,Education
260,New Construction,Doors and frames,0.2322172576830854,0.6991479148080505,Education
260,New Construction,Glazing,5.085540843375947,6.81462473012377,Education
260,New Construction,Gypsum,14.53470665482303,4.363224495782862,Education
260,New Construction,Insulation,5.545662962009567,14.751943956752053,Education
260,New Construction,Masonry,77.36239880060212,21.281793448715163,Education
260,New Construction,Other metals,25.202044467851312,29.810779970704232,Education
260,New Construction,Roofing and waterproofing,6.272871686137117,7.739738329059509,Education
260,New Construction,Steel,27.64232174495325,50.84608002854048,Education
260,New Construction,Windows and frames,0.2011123243001037,2.453570356461265,Education
260,New Construction,Wood and composites,107.4260082816761,39.975205197724335,Education
261,New Construction,Acoustic ceilings,0.0334954477832394,0.0518356469544441,Public Assembly
261,New Construction,Adhesives and sealants,0.2451216303998108,0.1121545373431781,Public Assembly
261,New Construction,Air and vapor barriers,3.5188551724568637,2.7479225696011125,Public Assembly
261,New Construction,Aluminum,1.3350902555000153,11.650634859668973,Public Assembly
261,New Construction,Applied fireproofing,0.1227270779790994,0.1399088688961733,Public Assembly
261,New Construction,Cladding,1.918626092045898,4.470398794466942,Public Assembly
261,New Construction,Coatings,0.3974653024873945,3.0779677780800005,Public Assembly
261,New Construction,Concrete,563.3300431144409,93.12471001175648,Public Assembly
261,New Construction,Doors and frames,1.460559637492007,5.380612521736473,Public Assembly
261,New Construction,Flooring and tile,4.354217588836982,9.706312059533628,Public Assembly
261,New Construction,Glazing,8.26315012800165,12.523779142130822,Public Assembly
261,New Construction,Gypsum,32.77759059186154,8.38353393044018,Public Assembly
261,New Construction,Insulation,11.388885558019425,58.13245519178615,Public Assembly
261,New Construction,Masonry,35.244291417119626,9.272547025725364,Public Assembly
261,New Construction,Other metals,0.0438474570744468,0.1777943025742813,Public Assembly
261,New Construction,Roofing and waterproofing,1.107584194307359,3.533193579840475,Public Assembly
261,New Construction,Steel,52.15878943970734,115.15270583950164,Public Assembly
261,New Construction,Windows and frames,0.1827797917808219,0.5026444273972603,Public Assembly
261,New Construction,Wood and composites,115.0940515221009,41.94822831998445,Public Assembly
262,New Construction,Acoustic ceilings,0.0191544582294552,0.0608820760641446,Residential: Multifamily (5 or more units)
262,New Construction,Adhesives and sealants,0.1665856574138781,0.4150503701855678,Residential: Multifamily (5 or more units)
262,New Construction,Air and vapor barriers,0.4263662862443098,0.8655235610759489,Residential: Multifamily (5 or more units)
262,New Construction,Aluminum,2.1709538297198896,15.50703269935987,Residential: Multifamily (5 or more units)
262,New Construction,Applied fireproofing,0.1304450489085284,0.1487073557557224,Residential: Multifamily (5 or more units)
262,New Construction,Cladding,5.058515242896736,2.9605495881297244,Residential: Multifamily (5 or more units)
262,New Construction,Coatings,0.840145788275765,1.948405251493956,Residential: Multifamily (5 or more units)
262,New Construction,Concrete,230.5841824709561,49.92115147957963,Residential: Multifamily (5 or more units)
262,New Construction,Doors and frames,0.0077068703962264,0.0369020904716981,Residential: Multifamily (5 or more units)
262,New Construction,Flooring and tile,3.0684205298547105,2.2272230206461,Residential: Multifamily (5 or more units)
262,New Construction,Glazing,1.3545585922556194,3.3572753189704168,Residential: Multifamily (5 or more units)
262,New Construction,Gypsum,66.3345454131968,13.469078375437268,Residential: Multifamily (5 or more units)
262,New Construction,Insulation,2.9973766960048627,3.962379674228487,Residential: Multifamily (5 or more units)
262,New Construction,Masonry,59.07904619899246,9.88432138008294,Residential: Multifamily (5 or more units)
262,New Construction,Other,0.0527330864877846,0.1497619656253085,Residential: Multifamily (5 or more units)
262,New Construction,Other metals,0.0466669852079471,0.2695595789201059,Residential: Multifamily (5 or more units)
262,New Construction,Roofing and waterproofing,1.82734961684496,1.1794016533566944,Residential: Multifamily (5 or more units)
262,New Construction,Steel,10.379931658258023,18.93455323923674,Residential: Multifamily (5 or more units)
262,New Construction,Wall coverings,0.0059836764993632,0.0027866273551341,Residential: Multifamily (5 or more units)
262,New Construction,Windows and frames,0.4183090535849056,1.1210682636075473,Residential: Multifamily (5 or more units)
262,New Construction,Wood and composites,32.03135414865287,9.231857229825192,Residential: Multifamily (5 or more units)
263,New Construction,Acoustic ceilings,2.567462929759249,3.49174958447258,Residential: Multifamily (5 or more units)
263,New Construction,Air and vapor barriers,0.0603936041751028,0.1582312429387694,Residential: Multifamily (5 or more units)
263,New Construction,Aluminum,0.1958795506622801,1.379104762824768,Residential: Multifamily (5 or more units)
263,New Construction,Cladding,6.277657304737389,3.023199112636602,Residential: Multifamily (5 or more units)
263,New Construction,Coatings,0.1534033404554414,0.4173126380223354,Residential: Multifamily (5 or more units)
263,New Construction,Concrete,389.0169678947676,81.58374651016608,Residential: Multifamily (5 or more units)
263,New Construction,Flooring and tile,0.061316024626728,0.0160647984522027,Residential: Multifamily (5 or more units)
263,New Construction,Glazing,1.4310924936641507,1.917663941509962,Residential: Multifamily (5 or more units)
263,New Construction,Gypsum,74.3441490032041,15.093014411195858,Residential: Multifamily (5 or more units)
263,New Construction,Insulation,1.597340551044255,31.93870437609596,Residential: Multifamily (5 or more units)
263,New Construction,Masonry,0.0108711930957705,0.005733838572102,Residential: Multifamily (5 or more units)
263,New Construction,Other,0.2995077784100036,0.8506020906844101,Residential: Multifamily (5 or more units)
263,New Construction,Other metals,0.0347381693405356,0.1442270150170015,Residential: Multifamily (5 or more units)
263,New Construction,Roofing and waterproofing,2.232439686144561,1.9578496047487797,Residential: Multifamily (5 or more units)
263,New Construction,Steel,11.400089441731229,14.222386153257068,Residential: Multifamily (5 or more units)
263,New Construction,Synthetic composites,0.0087005335837534,0.0105276456363417,Residential: Multifamily (5 or more units)
263,New Construction,Windows and frames,0.5821841971014492,1.560253648231884,Residential: Multifamily (5 or more units)
263,New Construction,Wood and composites,28.08230246094872,8.23710867758285,Residential: Multifamily (5 or more units)
264,New Construction,Adhesives and sealants,0.0218792470062968,0.0598106277168929,Public Assembly
264,New Construction,Air and vapor barriers,1.7771749628011428,3.2141073702075005,Public Assembly
264,New Construction,Aluminum,21.08519575838106,118.49880016210156,Public Assembly
264,New Construction,Applied fireproofing,1.9944468763518888,2.2736694390411536,Public Assembly
264,New Construction,Coatings,0.4139894649374183,1.1444843447571005,Public Assembly
264,New Construction,Concrete,137.72077607239945,99.51207760249684,Public Assembly
264,New Construction,Flooring and tile,1.3508325165545918,0.3541929826503739,Public Assembly
264,New Construction,Gypsum,37.20876282308258,9.795991501153203,Public Assembly
264,New Construction,Insulation,7.583143942522639,19.24613231687765,Public Assembly
264,New Construction,Masonry,17.526668208746514,5.476047034616598,Public Assembly
264,New Construction,Other metals,0.0396574601842002,0.160612713746011,Public Assembly
264,New Construction,Roofing and waterproofing,0.63429992185199,1.8784790150081845,Public Assembly
264,New Construction,Steel,36.57989112337098,65.62812070285703,Public Assembly
264,New Construction,Wall coverings,0.0006447682528709,0.012830888232132,Public Assembly
264,New Construction,Wood and composites,4.875533393349821,1.4411928630894777,Public Assembly
265,New Construction,Adhesives and sealants,0.2618118587367242,0.7173644929386245,Residential: Multifamily (5 or more units)
265,New Construction,Air and vapor barriers,0.0432144187360763,0.11322177708852,Residential: Multifamily (5 or more units)
265,New Construction,Aluminum,0.9655618828032412,7.051482313255163,Residential: Multifamily (5 or more units)
265,New Construction,Cladding,5.685443025636084,2.9419837818169285,Residential: Multifamily (5 or more units)
265,New Construction,Coatings,0.2571929158344414,0.6060265096061408,Residential: Multifamily (5 or more units)
265,New Construction,Concrete,420.4863107573146,77.385590330915,Residential: Multifamily (5 or more units)
265,New Construction,Flooring and tile,0.0984792918715077,0.025801574470335,Residential: Multifamily (5 or more units)
265,New Construction,Glazing,1.655599840830752,2.218503786713208,Residential: Multifamily (5 or more units)
265,New Construction,Gypsum,73.46522323050493,14.9134403157925,Residential: Multifamily (5 or more units)
265,New Construction,Insulation,2.092321047019461,36.69483419886556,Residential: Multifamily (5 or more units)
265,New Construction,Masonry,5.000328322958231,0.7177542602928773,Residential: Multifamily (5 or more units)
265,New Construction,Other,0.2128821236425808,0.6045852311449298,Residential: Multifamily (5 or more units)
265,New Construction,Other metals,0.0322851535989407,0.1460124870446793,Residential: Multifamily (5 or more units)
265,New Construction,Roofing and waterproofing,2.6936002916934463,1.9832042095298208,Residential: Multifamily (5 or more units)
265,New Construction,Steel,14.010483921401333,18.04951054124249,Residential: Multifamily (5 or more units)
265,New Construction,Windows and frames,0.5696301084444441,1.5266086906311105,Residential: Multifamily (5 or more units)
265,New Construction,Wood and composites,30.314208727126548,9.604521426204874,Residential: Multifamily (5 or more units)
266,New Construction,Adhesives and sealants,0.2359273564298683,0.644666171813124,Office
266,New Construction,Air and vapor barriers,0.1813210858153101,0.1405238415068653,Office
266,New Construction,Aluminum,1.9423847742151776,16.999059947850547,Office
266,New Construction,Cladding,5.541860863106637,18.76419278758912,Office
266,New Construction,Coatings,0.9626048229365852,7.965211821623297,Office
266,New Construction,Concrete,1827.4563784154936,585.2502175898112,Office
266,New Construction,Flooring and tile,0.8709425759301335,0.3407662122935049,Office
266,New Construction,Glazing,7.141998007159627,19.89118351624021,Office
266,New Construction,Gypsum,51.30536673050063,10.87658638756258,Office
266,New Construction,Insulation,4.041908610342159,12.39070016766968,Office
266,New Construction,Masonry,0.3509856249724549,0.2303315762158758,Office
266,New Construction,Other metals,0.1363924071798978,0.5558483641009457,Office
266,New Construction,Roofing and waterproofing,0.6054337250994767,1.8768445478083788,Office
266,New Construction,Steel,17.545492860990713,38.10250775555057,Office
266,New Construction,Wood and composites,49.74307053765012,14.674981686705122,Office
268,New Construction,Concrete,635.9499081481481,136.5211086419753,Office
268,New Construction,Gypsum,17.719563950617285,6.458438271604939,Office
268,New Construction,Insulation,3.929862839506173,12.116117037037036,Office
268,New Construction,Masonry,46.41360913580247,9.596633209876543,Office
268,New Construction,Roofing and waterproofing,0.0543648148148148,0.1819356790123457,Office
268,New Construction,Steel,38.88956012345679,35.87352913580247,Office
268,New Construction,Windows and frames,3.4087023456790124,67.93300925925925,Office
269,New Construction,Acoustic ceilings,1.9385095604864384,5.522513873880008,Office
269,New Construction,Adhesives and sealants,0.0379112607709563,0.1038768545124203,Office
269,New Construction,Air and vapor barriers,3.0220824222333733,2.510055030941354,Office
269,New Construction,Cladding,13.339688802327046,35.28405395073178,Office
269,New Construction,Coatings,1.6319854241444869,18.073403384917054,Office
269,New Construction,Concrete,232.49083493626327,53.20887045634618,Office
269,New Construction,Doors and frames,4.165628154495529,12.894120479639154,Office
269,New Construction,Flooring and tile,0.590476389368032,1.173857316776093,Office
269,New Construction,Glazing,1.3437203675823528,1.8005852925603532,Office
269,New Construction,Gypsum,29.04487861168009,7.086950381249943,Office
269,New Construction,Insulation,9.215584099164056,22.308284668511085,Office
269,New Construction,Other metals,0.7853054429046764,4.161367157043366,Office
269,New Construction,Steel,73.54996117462268,99.0757521154406,Office
269,New Construction,Synthetic composites,0.2273593638382397,0.229632957476622,Office
269,New Construction,Windows and frames,0.2205963867882353,2.3755525882150588,Office
269,New Construction,Wood and composites,2.40619674558578,0.6352359408346459,Office
27,New Construction,Adhesives and sealants,0.0103929042731249,0.0284765577083623,Other
27,New Construction,Aluminum,0.2580239543679805,1.4540397804711278,Other
27,New Construction,Coatings,0.253700785630085,3.5176720256878027,Other
27,New Construction,Concrete,832.6915444489003,186.58671987008185,Other
27,New Construction,Doors and frames,0.2004437400546461,0.6601839524830523,Other
27,New Construction,Gypsum,0.3141936986607756,0.0656817675039239,Other
27,New Construction,Insulation,0.0227158556187739,0.0570167976031226,Other
27,New Construction,Masonry,25.691586744096305,3.865114376918111,Other
27,New Construction,Roofing and waterproofing,0.4763208074526276,0.4524675916310488,Other
27,New Construction,Steel,153.15113961709395,154.62342813841644,Other
27,New Construction,Synthetic composites,0.0017238784615384,0.0097399133076922,Other
27,New Construction,Wood and composites,0.2963042632574639,0.0782243254999704,Other
270,New Construction,Air and vapor barriers,0.056130909090909,0.0538327272727272,Residential: Multifamily (5 or more units)
270,New Construction,Aluminum,1.5634654545454545,11.830265454545454,Residential: Multifamily (5 or more units)
270,New Construction,Cladding,1.2666472727272728,3.4683272727272727,Residential: Multifamily (5 or more units)
270,New Construction,Concrete,350.43094181818185,63.58171272727273,Residential: Multifamily (5 or more units)
270,New Construction,Doors and frames,26.04941818181818,19.43605090909091,Residential: Multifamily (5 or more units)
270,New Construction,Flooring and tile,5.068407272727272,10.049545454545454,Residential: Multifamily (5 or more units)
270,New Construction,Glazing,0.3544436363636363,0.5068581818181818,Residential: Multifamily (5 or more units)
270,New Construction,Gypsum,54.78424,17.91869818181818,Residential: Multifamily (5 or more units)
270,New Construction,Insulation,10.618854545454546,18.76936363636364,Residential: Multifamily (5 or more units)
270,New Construction,Other,0.4320254545454545,0.91724,Residential: Multifamily (5 or more units)
270,New Construction,Roofing and waterproofing,4.3955672727272725,3.450381818181818,Residential: Multifamily (5 or more units)
270,New Construction,Steel,6.7915018181818185,10.35829090909091,Residential: Multifamily (5 or more units)
270,New Construction,Windows and frames,2.2275636363636364,6.709094545454545,Residential: Multifamily (5 or more units)
270,New Construction,Wood and composites,58.09472727272727,10.121858181818183,Residential: Multifamily (5 or more units)
271,New Construction,Aluminum,8.138811827956989,80.9811559139785,Transportation Hub
271,New Construction,Concrete,493.2611989247312,61.76246774193549,Transportation Hub
271,New Construction,Doors and frames,0.1292150537634408,0.5918279569892473,Transportation Hub
271,New Construction,Glazing,3.7752311827956992,7.218435483870969,Transportation Hub
271,New Construction,Gypsum,11.720478494623656,3.866236559139785,Transportation Hub
271,New Construction,Insulation,11.099532258064515,43.26409139784946,Transportation Hub
271,New Construction,Masonry,31.50051075268817,7.4739408602150545,Transportation Hub
271,New Construction,Roofing and waterproofing,1.4486075268817205,3.5438279569892472,Transportation Hub
271,New Construction,Steel,50.64727956989248,84.40331720430108,Transportation Hub
271,New Construction,Windows and frames,0.0908010752688172,0.9578064516129032,Transportation Hub
271,New Construction,Wood and composites,53.65709677419355,3.428543010752688,Transportation Hub
272,New Construction,Cladding,2.9787374301675977,25.59783798882681,Transportation Hub
272,New Construction,Concrete,744.9272011173184,93.27420670391062,Transportation Hub
272,New Construction,Doors and frames,0.2030949720670391,0.4692737430167598,Transportation Hub
272,New Construction,Gypsum,22.00473184357542,7.908424581005587,Transportation Hub
272,New Construction,Insulation,14.320782122905028,36.039435754189945,Transportation Hub
272,New Construction,Masonry,39.058905027932965,7.628016759776536,Transportation Hub
272,New Construction,Roofing and waterproofing,3.544960893854749,11.321,Transportation Hub
272,New Construction,Steel,103.67255865921788,191.72745810055864,Transportation Hub
272,New Construction,Windows and frames,13.54758659217877,126.35330726256984,Transportation Hub
272,New Construction,Wood and composites,11.966748603351954,6.52949720670391,Transportation Hub
273,New Construction,Coatings,0.6101346153846154,1.4316807692307691,Education
273,New Construction,Concrete,934.0507884615384,130.52252884615385,Education
273,New Construction,Doors and frames,0.425,0.4936538461538461,Education
273,New Construction,Gypsum,3.488592307692308,1.0738365384615385,Education
273,New Construction,Insulation,5.3013615384615385,12.592259615384616,Education
273,New Construction,Masonry,290.6649961538461,75.01450961538461,Education
273,New Construction,Roofing and waterproofing,0.8331711538461538,2.3265480769230766,Education
273,New Construction,Steel,129.0501673076923,133.05936346153848,Education
273,New Construction,Windows and frames,0.6250115384615385,4.076098076923077,Education
274,New Construction,Acoustic ceilings,3.166436611299334,5.034633445826314,Healthcare
274,New Construction,Adhesives and sealants,0.2961677923827333,0.5851839867871623,Healthcare
274,New Construction,Air and vapor barriers,0.098061871504,0.07943011591824,Healthcare
274,New Construction,Aluminum,0.5594409718588,4.431793005414983,Healthcare
274,New Construction,Applied fireproofing,1.3672372853427333,1.8187432407584485,Healthcare
274,New Construction,Cladding,0.4889106169049333,1.3141963287024092,Healthcare
274,New Construction,Coatings,0.6985876150081334,2.251865503985971,Healthcare
274,New Construction,Concrete,1196.8623054311468,195.52174699596463,Healthcare
274,New Construction,Doors and frames,3.268664684084466,6.495577940526844,Healthcare
274,New Construction,Flooring and tile,0.2780136738998,0.3261981858425919,Healthcare
274,New Construction,Glazing,2.8314559108433333,4.410839572700226,Healthcare
274,New Construction,Gypsum,51.2311017139042,11.650397448188384,Healthcare
274,New Construction,Insulation,2.7499004792806665,46.50085861847337,Healthcare
274,New Construction,Masonry,24.310073405202,3.7891966446853633,Healthcare
274,New Construction,Other,0.1021688892566666,0.2380535119680333,Healthcare
274,New Construction,Other metals,0.0112022770158,0.0531179224008573,Healthcare
274,New Construction,Roofing and waterproofing,1.0021202372739333,3.2096803481226948,Healthcare
274,New Construction,Steel,90.95303753722986,98.08085009150838,Healthcare
274,New Construction,Synthetic composites,0.4541169192393333,1.6248242431277766,Healthcare
274,New Construction,Wall coverings,0.2244997398666666,0.1677013056804,Healthcare
274,New Construction,Windows and frames,0.780272988048,7.78175419488256,Healthcare
274,New Construction,Wood and composites,4.427898818778734,1.7021068423241434,Healthcare
275,New Construction,Acoustic ceilings,1.8736849565677964,2.857523367323305,Office
275,New Construction,Adhesives and sealants,0.1458591138934745,0.1036514464432195,Office
275,New Construction,Aluminum,0.0508259516610169,0.3354972720911864,Office
275,New Construction,Applied fireproofing,0.2789549633898305,0.7057560573762711,Office
275,New Construction,Cladding,0.2642699807814407,1.3942666289081678,Office
275,New Construction,Coatings,0.3335550559255932,1.4342021825702,Office
275,New Construction,Concrete,841.7282246304796,130.18518617662943,Office
275,New Construction,Doors and frames,2.240738799005169,3.4996981191392758,Office
275,New Construction,Flooring and tile,1.377334046422034,2.4000466127752627,Office
275,New Construction,Glazing,3.859949990513898,5.033603082773967,Office
275,New Construction,Gypsum,38.63146686592229,14.081530388257775,Office
275,New Construction,Insulation,7.22285347890483,38.30446331264948,Office
275,New Construction,Masonry,70.84139753546017,10.459497427284372,Office
275,New Construction,Other,0.0839669459491525,0.1956429840615254,Office
275,New Construction,Other metals,0.0578934018374643,0.3206748013722411,Office
275,New Construction,Roofing and waterproofing,0.0640862554820339,0.2044351549876881,Office
275,New Construction,Steel,100.96292464800128,109.8424049839958,Office
275,New Construction,Synthetic composites,0.0813252027288135,0.2374695919681355,Office
275,New Construction,Windows and frames,1.0401774553461016,10.401774553461015,Office
275,New Construction,Wood and composites,0.013056546689322,0.0037813632797898,Office
276,New Construction,Acoustic ceilings,0.262726463739759,0.4065805093284819,Public Assembly
276,New Construction,Adhesives and sealants,0.1324158142868433,0.7686923656597677,Public Assembly
276,New Construction,Air and vapor barriers,0.3731601951027952,0.4503047821159937,Public Assembly
276,New Construction,Aluminum,0.3729072509286747,3.5196870814489496,Public Assembly
276,New Construction,Cladding,7.92542570729012,4.008990628661325,Public Assembly
276,New Construction,Coatings,0.1375217066883855,0.5223774714067484,Public Assembly
276,New Construction,Concrete,308.1377883343123,51.82385596016504,Public Assembly
276,New Construction,Doors and frames,0.9112422839803856,3.769631762627848,Public Assembly
276,New Construction,Flooring and tile,7.670870577821687,2.916750000979644,Public Assembly
276,New Construction,Glazing,0.3869562897168193,0.8139452483020819,Public Assembly
276,New Construction,Gypsum,14.106691027672287,3.5331274310243828,Public Assembly
276,New Construction,Insulation,1.0988131673023134,71.2242990767077,Public Assembly
276,New Construction,Masonry,20.093818161819858,3.503095503914141,Public Assembly
276,New Construction,Other,0.019283918406265,0.0547663282737927,Public Assembly
276,New Construction,Other metals,0.0146119979110361,0.0599923162619556,Public Assembly
276,New Construction,Roofing and waterproofing,6.033728927433253,19.896116777448327,Public Assembly
276,New Construction,Steel,74.5208875289778,175.12449195521918,Public Assembly
276,New Construction,Synthetic composites,17.684229095869878,51.57112422337026,Public Assembly
276,New Construction,Wall coverings,0.0219461152387951,0.0107755425822484,Public Assembly
276,New Construction,Windows and frames,0.0051111223079518,0.051111223079518,Public Assembly
276,New Construction,Wood and composites,0.0140498888746987,0.0067207505833127,Public Assembly
277,New Construction,Aluminum,1.3057301587301586,21.67512222222222,Warehouse and Storage
277,New Construction,Cladding,0.0287904761904761,0.0788259259259259,Warehouse and Storage
277,New Construction,Concrete,659.9029851851852,113.98074232804233,Warehouse and Storage
277,New Construction,Doors and frames,0.7184984126984127,4.128151851851852,Warehouse and Storage
277,New Construction,Glazing,0.2436375661375661,0.3484015873015873,Warehouse and Storage
277,New Construction,Gypsum,0.1104031746031746,0.0339386243386243,Warehouse and Storage
277,New Construction,Insulation,2.755042328042328,8.545329629629629,Warehouse and Storage
277,New Construction,Roofing and waterproofing,1.3475169312169313,2.5173920634920632,Warehouse and Storage
277,New Construction,Steel,38.920713227513225,57.14140476190477,Warehouse and Storage
278,New Construction,Aluminum,0.1832710857142857,2.1911378285714287,Residential: Multifamily (5 or more units)
278,New Construction,Cladding,0.030344,0.1134482285714285,Residential: Multifamily (5 or more units)
278,New Construction,Concrete,565.0389202285714,83.36465508571429,Residential: Multifamily (5 or more units)
278,New Construction,Doors and frames,2.253524571428572,3.6697501714285714,Residential: Multifamily (5 or more units)
278,New Construction,Glazing,1.3266651428571428,1.886517714285714,Residential: Multifamily (5 or more units)
278,New Construction,Gypsum,61.74855428571428,20.755694857142856,Residential: Multifamily (5 or more units)
278,New Construction,Insulation,4.3379376,10.740843885714286,Residential: Multifamily (5 or more units)
278,New Construction,Masonry,75.632704,13.761152,Residential: Multifamily (5 or more units)
278,New Construction,Roofing and waterproofing,0.2435764571428571,0.8476459428571429,Residential: Multifamily (5 or more units)
278,New Construction,Steel,26.899883428571428,26.320789714285716,Residential: Multifamily (5 or more units)
278,New Construction,Synthetic composites,0.0982745142857142,0.2133053714285714,Residential: Multifamily (5 or more units)
278,New Construction,Wood and composites,34.17953394285714,7.356753828571429,Residential: Multifamily (5 or more units)
279,New Construction,Acoustic ceilings,1.9372505270253164,6.157513437924685,Healthcare
279,New Construction,Adhesives and sealants,0.3918005845822784,0.5826446691648292,Healthcare
279,New Construction,Air and vapor barriers,0.9587133449120252,1.0838383722363356,Healthcare
279,New Construction,Aluminum,1.0254098396829114,8.656490543169202,Healthcare
279,New Construction,Cladding,10.937531287341772,5.239077486636709,Healthcare
279,New Construction,Coatings,1.380931526628481,3.69368339162981,Healthcare
279,New Construction,Concrete,529.2567704861392,114.59764363220638,Healthcare
279,New Construction,Doors and frames,0.9046250883898734,2.500534094755677,Healthcare
279,New Construction,Flooring and tile,1.512340161343038,5.357273764760064,Healthcare
279,New Construction,Glazing,6.526420826038607,8.444482699027532,Healthcare
279,New Construction,Gypsum,48.95876172701266,14.46765035785042,Healthcare
279,New Construction,Insulation,4.06728848827405,43.04879080948942,Healthcare
279,New Construction,Masonry,36.23248142396329,9.332768107468764,Healthcare
279,New Construction,Other,0.3533812564556962,1.003602768334177,Healthcare
279,New Construction,Roofing and waterproofing,1.348805136491139,4.5912439396881775,Healthcare
279,New Construction,Steel,72.26503000698735,133.26965619526572,Healthcare
279,New Construction,Windows and frames,0.5354206262658228,2.2273498052658227,Healthcare
279,New Construction,Wood and composites,1.2242002851392406,0.5705796037250127,Healthcare
28,New Construction,Acoustic ceilings,1.7992364627095452,2.9682880242067413,Education
28,New Construction,Adhesives and sealants,0.3728779932402478,0.3916506946248465,Education
28,New Construction,Air and vapor barriers,0.6761410437097313,0.8672333876837806,Education
28,New Construction,Aluminum,3.709825240506162,24.078218780588447,Education
28,New Construction,Cladding,4.986941355901495,7.022129427622242,Education
28,New Construction,Coatings,0.7376784796122209,2.7265515296903144,Education
28,New Construction,Concrete,1501.7909896163455,274.6363697532782,Education
28,New Construction,Doors and frames,2.630828808050884,4.930817414137104,Education
28,New Construction,Flooring and tile,3.381414080335069,4.239949690017843,Education
28,New Construction,Glazing,4.862957545833102,6.71334776849789,Education
28,New Construction,Gypsum,45.52082274733771,12.211511159126688,Education
28,New Construction,Insulation,5.11288992180977,53.1477765961425,Education
28,New Construction,Masonry,0.4808862402113695,0.2767839701022187,Education
28,New Construction,Other,0.2077889850405748,0.5370999255688038,Education
28,New Construction,Other metals,0.0253253993832291,0.1149011221503262,Education
28,New Construction,Roofing and waterproofing,0.3700610372204341,1.1718200613769962,Education
28,New Construction,Steel,79.96042803618757,162.57273258740722,Education
28,New Construction,Wall coverings,0.0104568266804219,0.0051343019000871,Education
28,New Construction,Windows and frames,1.521710898017507,15.21710898017507,Education
28,New Construction,Wood and composites,1.601171263135768,1.814829982665316,Education
280,New Construction,Air and vapor barriers,0.055437037037037,0.1724089947089947,Public Assembly
280,New Construction,Aluminum,2.569163492063492,21.32891216931217,Public Assembly
280,New Construction,Cladding,3.4031756613756614,9.587839682539684,Public Assembly
280,New Construction,Concrete,1073.6417788359788,116.80172010582012,Public Assembly
280,New Construction,Doors and frames,1.4531190476190476,4.158165079365079,Public Assembly
280,New Construction,Gypsum,0.6816560846560846,0.2650338624338624,Public Assembly
280,New Construction,Insulation,4.188989947089947,10.44322380952381,Public Assembly
280,New Construction,Masonry,381.5762989417989,83.32195978835979,Public Assembly
280,New Construction,Other,0.0282074074074074,0.4201708994708995,Public Assembly
280,New Construction,Roofing and waterproofing,1.1039566137566137,3.744913227513228,Public Assembly
280,New Construction,Steel,109.28923015873016,144.492091005291,Public Assembly
280,New Construction,Windows and frames,1.7714582010582012,6.321839153439154,Public Assembly
280,New Construction,Wood and composites,0.6221026455026455,0.3356015873015873,Public Assembly
281,New Construction,Aluminum,9.20725503875969,69.14648992248063,Office
281,New Construction,Cladding,1.6476124031007753,14.219810852713175,Office
281,New Construction,Concrete,683.0024759689923,55.35787519379845,Office
281,New Construction,Glazing,12.247673643410854,17.53244496124031,Office
281,New Construction,Gypsum,8.725081395348838,3.031756589147287,Office
281,New Construction,Insulation,0.9439612403100774,3.907363565891473,Office
281,New Construction,Masonry,105.01311705426356,15.53132015503876,Office
281,New Construction,Other,13.549543410852714,0.2578868217054263,Office
281,New Construction,Roofing and waterproofing,0.6247906976744186,2.236850387596899,Office
281,New Construction,Steel,83.26252558139535,111.26473565891472,Office
283,New Construction,Air and vapor barriers,0.0139756511688105,0.0366162060622837,Laboratory
283,New Construction,Aluminum,2.6402526489384672,18.11352248719068,Laboratory
283,New Construction,Applied fireproofing,22.04369950166249,25.12981743189524,Laboratory
283,New Construction,Concrete,636.0319291107695,109.84545137444732,Laboratory
283,New Construction,Glazing,6.801014891912262,7.780514024241204,Laboratory
283,New Construction,Gypsum,0.0446294673764007,0.0108895900398417,Laboratory
283,New Construction,Insulation,0.2925744225702138,0.441787378081023,Laboratory
283,New Construction,Masonry,14.11466028039356,2.3619428776274227,Laboratory
283,New Construction,Other metals,0.6285913713792425,3.543328506619979,Laboratory
283,New Construction,Steel,115.17592203863038,258.4852784926958,Laboratory
283,New Construction,Wall coverings,0.0165137497882317,0.1218714734371505,Laboratory
283,New Construction,Wood and composites,0.3022841898735828,0.0798030261266258,Laboratory
284,New Construction,Acoustic ceilings,46.27827976331361,52.75723893491125,Office
284,New Construction,Air and vapor barriers,0.0325343195266272,0.1011818934911242,Office
284,New Construction,Aluminum,0.8545798816568048,5.614589822485208,Office
284,New Construction,Cladding,0.0700381065088757,0.2412454437869822,Office
284,New Construction,Concrete,2016.1053727810647,332.51482544378695,Office
284,New Construction,Glazing,7.78015100591716,11.12561597633136,Office
284,New Construction,Gypsum,0.5964010650887573,0.2008682840236686,Office
284,New Construction,Insulation,0.7295360946745562,3.470229704142012,Office
284,New Construction,Other,0.2808544378698225,0.0954905325443787,Office
284,New Construction,Roofing and waterproofing,1.0496378698224853,0.5560610650887574,Office
284,New Construction,Steel,130.82059088757396,185.19719360946743,Office
286,New Construction,Acoustic ceilings,0.1439836343953757,0.2469387336759075,Office
286,New Construction,Adhesives and sealants,0.0124614584578034,0.0324531358197861,Office
286,New Construction,Air and vapor barriers,0.2904457063618497,0.2352610221530982,Office
286,New Construction,Aluminum,1.4665018896127169,13.286507119891215,Office
286,New Construction,Applied fireproofing,19.901004939803467,22.68714563137595,Office
286,New Construction,Cladding,0.1255900166398844,0.2926247387709306,Office
286,New Construction,Coatings,0.39922307671,3.3073245783390868,Office
286,New Construction,Concrete,379.40746845127165,60.695054723015886,Office
286,New Construction,Doors and frames,0.4490547378996532,1.4459983644988348,Office
286,New Construction,Flooring and tile,4.893598990570521,4.389558294541756,Office
286,New Construction,Glazing,5.335551666393064,7.144999503626591,Office
286,New Construction,Gypsum,27.73390057028497,6.255618514972531,Office
286,New Construction,Insulation,1.634384635659942,32.915210929465694,Office
286,New Construction,Other metals,0.0043119949542196,0.0174635795645895,Office
286,New Construction,Roofing and waterproofing,0.2511053191057804,0.6528095657612197,Office
286,New Construction,Steel,91.96775512218484,122.69740062725056,Office
286,New Construction,Synthetic composites,4.202605919075144e-05,0.000122295832245,Office
286,New Construction,Windows and frames,0.9083932425433526,9.083932425433526,Office
286,New Construction,Wood and composites,0.5360782395722543,0.1054785615854797,Office
287,New Construction,Acoustic ceilings,0.7082117238719999,1.3729599867513602,Other
287,New Construction,Adhesives and sealants,0.0871300128492,0.107122061892448,Other
287,New Construction,Air and vapor barriers,1.954953524781,2.399508149496888,Other
287,New Construction,Aluminum,0.7025187577412,4.478818117754608,Other
287,New Construction,Cladding,0.057641759674,0.13430530004042,Other
287,New Construction,Coatings,0.2431221310832,0.606726128615648,Other
287,New Construction,Concrete,84.91466882614,23.796165020005244,Other
287,New Construction,Doors and frames,0.782841326965,3.0592410791405618,Other
287,New Construction,Flooring and tile,0.9332550781902,1.132560737605188,Other
287,New Construction,Glazing,2.803166785564,10.40879131079264,Other
287,New Construction,Gypsum,21.576718884372,6.215836277844562,Other
287,New Construction,Insulation,4.5070691773850005,220.7600056093401,Other
287,New Construction,Masonry,16.2401630101352,2.5533001495366823,Other
287,New Construction,Other metals,0.0032720239056,0.015463465769508,Other
287,New Construction,Roofing and waterproofing,1.0142153692200002,3.03890449825994,Other
287,New Construction,Steel,158.8526010133242,409.91473251734055,Other
287,New Construction,Synthetic composites,0.007847241832,0.02291394614944,Other
287,New Construction,Wall coverings,0.0123823935,0.03838541985,Other
287,New Construction,Windows and frames,0.6835669389,6.833279757,Other
287,New Construction,Wood and composites,5.662978273974,2.012205995544312,Other
288,New Construction,Aluminum,6.374738738738738,105.8205945945946,Transportation Hub
288,New Construction,Coatings,0.094036036036036,0.1814864864864864,Transportation Hub
288,New Construction,Concrete,577.7271801801802,75.18397297297298,Transportation Hub
288,New Construction,Doors and frames,0.4816396396396396,2.268108108108108,Transportation Hub
288,New Construction,Glazing,5.758207207207207,10.447297297297297,Transportation Hub
288,New Construction,Gypsum,24.49817117117117,8.223918918918919,Transportation Hub
288,New Construction,Insulation,13.6439009009009,24.723963963963964,Transportation Hub
288,New Construction,Masonry,77.43114414414414,21.84145045045045,Transportation Hub
288,New Construction,Roofing and waterproofing,6.221522522522522,17.06471171171171,Transportation Hub
288,New Construction,Steel,43.75548648648649,62.30364864864865,Transportation Hub
288,New Construction,Wood and composites,21.326513513513515,5.241738738738739,Transportation Hub
289,New Construction,Aluminum,9.13263311258278,90.86969933774832,Transportation Hub
289,New Construction,Coatings,0.193374834437086,0.5472887417218543,Transportation Hub
289,New Construction,Concrete,549.8043403973511,94.47276953642384,Transportation Hub
289,New Construction,Doors and frames,0.3295390728476821,1.6351801324503312,Transportation Hub
289,New Construction,Glazing,4.506467549668875,8.616602649006623,Transportation Hub
289,New Construction,Gypsum,6.007422516556291,1.95623178807947,Transportation Hub
289,New Construction,Insulation,12.311255629139072,32.787896688741725,Transportation Hub
289,New Construction,Roofing and waterproofing,2.284851655629139,6.174014569536423,Transportation Hub
289,New Construction,Steel,38.507466225165565,63.36999205298013,Transportation Hub
289,New Construction,Windows and frames,0.4871854304635761,4.951976158940397,Transportation Hub
289,New Construction,Wood and composites,61.67381854304635,11.952402649006622,Transportation Hub
29,New Construction,Acoustic ceilings,1.8260800484765287,5.642322251271088,Public Order and Safety
29,New Construction,Adhesives and sealants,0.5982867913296767,1.293898411269123,Public Order and Safety
29,New Construction,Air and vapor barriers,0.116795422433591,0.1361521402033361,Public Order and Safety
29,New Construction,Aluminum,8.013415972270677,49.64587451047149,Public Order and Safety
29,New Construction,Applied fireproofing,8.343694409958621,9.511811627352827,Public Order and Safety
29,New Construction,Cladding,6.115349851827797,19.005786215336915,Public Order and Safety
29,New Construction,Coatings,2.389378551400996,25.74904882785851,Public Order and Safety
29,New Construction,Concrete,665.7694308429798,149.75709114025932,Public Order and Safety
29,New Construction,Doors and frames,1.9695420214595616,6.713982389892914,Public Order and Safety
29,New Construction,Flooring and tile,4.522497890387186,3.333574829092388,Public Order and Safety
29,New Construction,Glazing,5.081552099966617,7.675615680569252,Public Order and Safety
29,New Construction,Gypsum,42.607847305529454,10.5938056763846,Public Order and Safety
29,New Construction,Insulation,6.958206067307969,15.476048217605376,Public Order and Safety
29,New Construction,Masonry,375.3239066024639,56.722073770803455,Public Order and Safety
29,New Construction,Other metals,0.1041466801720952,0.6019678113947106,Public Order and Safety
29,New Construction,Roofing and waterproofing,1.1128990849111615,3.449987163224602,Public Order and Safety
29,New Construction,Steel,173.37269240644665,264.348963851708,Public Order and Safety
29,New Construction,Synthetic composites,0.2245094767205735,0.8479468773047656,Public Order and Safety
29,New Construction,Wall coverings,0.2305542865352726,1.921293429086772,Public Order and Safety
29,New Construction,Windows and frames,0.0391072413793103,0.1075449137931034,Public Order and Safety
29,New Construction,Wood and composites,0.6396736390071276,0.1688738406978817,Public Order and Safety
291,New Construction,Acoustic ceilings,1.0928835453493977,1.6912843197363854,Public Assembly
291,New Construction,Adhesives and sealants,0.1002269079583132,0.1527489221921397,Public Assembly
291,New Construction,Air and vapor barriers,0.5349346456361446,1.0859173306413734,Public Assembly
291,New Construction,Aluminum,1.305123206653012,9.340369175343929,Public Assembly
291,New Construction,Cladding,5.355110660939759,9.639199189691569,Public Assembly
291,New Construction,Coatings,0.525289406300241,1.7809781125220192,Public Assembly
291,New Construction,Concrete,371.01890357783134,52.3995500534605,Public Assembly
291,New Construction,Doors and frames,0.9595633827392772,2.3185973150539327,Public Assembly
291,New Construction,Flooring and tile,4.1519467722086745,6.099516288943422,Public Assembly
291,New Construction,Glazing,1.907589006120964,2.7948270382658795,Public Assembly
291,New Construction,Gypsum,29.296185258438555,8.651390437884759,Public Assembly
291,New Construction,Insulation,8.310497702664579,15.914885470630995,Public Assembly
291,New Construction,Masonry,372.4393910622516,53.69669063464812,Public Assembly
291,New Construction,Other metals,0.0158981165807228,0.0643873721519277,Public Assembly
291,New Construction,Roofing and waterproofing,0.9678404064843374,3.0311891830429354,Public Assembly
291,New Construction,Steel,74.50867081391156,130.3514909395685,Public Assembly
291,New Construction,Windows and frames,0.0041117990048192,0.0411179900481927,Public Assembly
291,New Construction,Wood and composites,0.1125182241012048,0.0210448378815614,Public Assembly
3,New Construction,Acoustic ceilings,5.253913107523539,15.73944392131514,Education
3,New Construction,Aluminum,0.1250574904572549,0.712416728901548,Education
3,New Construction,Cladding,0.2048089470783103,0.0981034856505106,Education
3,New Construction,Coatings,0.6847955425520355,1.8187567735427008,Education
3,New Construction,Concrete,1681.4705396535664,295.7138331408208,Education
3,New Construction,Doors and frames,2.250805444403166,7.282671921076186,Education
3,New Construction,Glazing,4.475692974200089,6.619023576105861,Education
3,New Construction,Gypsum,63.31502283083506,20.110845530468364,Education
3,New Construction,Insulation,6.688960479977437,15.247051646446549,Education
3,New Construction,Masonry,10.11886728638964,1.114268668309277,Education
3,New Construction,Other,0.009925774083079,0.0281891983959443,Education
3,New Construction,Other metals,0.3939966627044442,1.602158277249135,Education
3,New Construction,Roofing and waterproofing,2.633475309080227,9.138159322508384,Education
3,New Construction,Steel,49.47974219075776,81.39485535944131,Education
3,New Construction,Windows and frames,1.473060730227694,14.706385471507708,Education
3,New Construction,Wood and composites,0.5425813274277038,0.3244636338017669,Education
31,New Construction,Acoustic ceilings,0.8435130398066054,2.681089928799522,Public Order and Safety
31,New Construction,Adhesives and sealants,0.5240523598338028,1.3915595237986855,Public Order and Safety
31,New Construction,Air and vapor barriers,0.0588470128520313,0.0476660804101454,Public Order and Safety
31,New Construction,Aluminum,0.1511500683265283,0.8494633839950892,Public Order and Safety
31,New Construction,Cladding,0.8863440227943742,2.68384984468932,Public Order and Safety
31,New Construction,Coatings,1.4201646153554015,15.616988353570434,Public Order and Safety
31,New Construction,Concrete,706.0790446154241,158.17697005862422,Public Order and Safety
31,New Construction,Doors and frames,1.2313590600424935,4.649053007872356,Public Order and Safety
31,New Construction,Glazing,3.103841234003053,4.04018157915008,Public Order and Safety
31,New Construction,Gypsum,24.75486325946441,5.44284034265992,Public Order and Safety
31,New Construction,Insulation,7.65919774587822,17.520685292110215,Public Order and Safety
31,New Construction,Masonry,714.3188659614689,107.48450021069814,Public Order and Safety
31,New Construction,Other metals,0.0033819162149829,0.0192570293362482,Public Order and Safety
31,New Construction,Roofing and waterproofing,1.4071058512564645,4.471888160346202,Public Order and Safety
31,New Construction,Steel,141.9868081700586,196.66244774913807,Public Order and Safety
31,New Construction,Wall coverings,0.1112694550639312,0.8211685783718126,Public Order and Safety
31,New Construction,Windows and frames,0.2810043018164983,1.97655280063462,Public Order and Safety
31,New Construction,Wood and composites,0.3752203750617091,0.0990581790162912,Public Order and Safety
33,New Construction,Adhesives and sealants,0.033106582628172,0.0906437781948688,Public Assembly
33,New Construction,Aluminum,0.4499775496779569,4.326907582866628,Public Assembly
33,New Construction,Applied fireproofing,4.061855295545538,6.740472586163205,Public Assembly
33,New Construction,Cladding,4.220433768237634,16.21330300193404,Public Assembly
33,New Construction,Coatings,0.5982513161508602,10.664945402843124,Public Assembly
33,New Construction,Concrete,1178.8735261214497,312.6156837255304,Public Assembly
33,New Construction,Doors and frames,0.1936746518388172,1.1468315268138107,Public Assembly
33,New Construction,Glazing,1.301620165268817,1.765540379004301,Public Assembly
33,New Construction,Gypsum,5.503944482251075,1.3534207110931389,Public Assembly
33,New Construction,Insulation,0.3721815019833333,24.189402637229588,Public Assembly
33,New Construction,Masonry,8.323034985215054,1.4147626148836523,Public Assembly
33,New Construction,Other metals,0.3577578542807527,2.0681015218134045,Public Assembly
33,New Construction,Roofing and waterproofing,0.1582974307903226,0.504968804221129,Public Assembly
33,New Construction,Steel,129.01358951933867,189.73339472840772,Public Assembly
33,New Construction,Windows and frames,0.0328663897583871,0.2476445418753408,Public Assembly
34,New Construction,Aluminum,4.589831627906976,49.09205860465116,Education
34,New Construction,Cladding,0.120611472868217,0.5017683720930233,Education
34,New Construction,Concrete,1019.4978713178294,116.19359131782946,Education
34,New Construction,Flooring and tile,2.615903255813953,1.850404031007752,Education
34,New Construction,Glazing,5.845519069767442,7.608050852713179,Education
34,New Construction,Insulation,3.365521550387597,5.72161519379845,Education
34,New Construction,Masonry,33.280715968992254,7.067693023255813,Education
34,New Construction,Roofing and waterproofing,0.9106998449612402,2.758483410852713,Education
34,New Construction,Steel,25.00005364341085,35.787581705426355,Education
34,New Construction,Wood and composites,1.8680192248062013,0.4524920930232558,Education
35,New Construction,Concrete,1089.450795,186.2139643548387,Other
35,New Construction,Insulation,0.003843064516129,0.0120167741935483,Other
35,New Construction,Masonry,27.647158387096777,6.027080483870968,Other
35,New Construction,Roofing and waterproofing,0.0379209677419354,0.0385445161290322,Other
35,New Construction,Steel,39.44161338709677,52.21631322580645,Other
36,New Construction,Acoustic ceilings,2.6031945818596247,8.317280450682263,Education
36,New Construction,Adhesives and sealants,0.8617426026539375,2.3803829612106284,Education
36,New Construction,Air and vapor barriers,0.7567293475131875,0.848893012741932,Education
36,New Construction,Aluminum,0.1455624634031562,1.057448460011891,Education
36,New Construction,Applied fireproofing,41.9573498099115,49.1963636412783,Education
36,New Construction,Cladding,0.5091048081940625,1.2659746251533468,Education
36,New Construction,Coatings,0.5820647500622187,1.5969745910705957,Education
36,New Construction,Concrete,501.7180254667906,116.326286608108,Education
36,New Construction,Doors and frames,0.9700231960572188,2.8585761996740766,Education
36,New Construction,Flooring and tile,1.8290821359293747,2.5685284210153627,Education
36,New Construction,Glazing,5.77004881891225,19.01142955262344,Education
36,New Construction,Gypsum,24.487904486723814,9.514931444059622,Education
36,New Construction,Insulation,5.489962825858125,177.90114024054466,Education
36,New Construction,Masonry,498.03893922823033,88.30377952123958,Education
36,New Construction,Other metals,0.0121993784355,0.0515471496223575,Education
36,New Construction,Roofing and waterproofing,5.55958605326875,3.51176743133925,Education
36,New Construction,Steel,95.90846719492694,156.52967997527722,Education
36,New Construction,Synthetic composites,0.20361492353125,1.0974844378334376,Education
36,New Construction,Wall coverings,0.1993222970571875,1.4794625513925688,Education
36,New Construction,Windows and frames,1.3233216018600624,12.58014347742436,Education
36,New Construction,Wood and composites,4.203329446715,4.422719018765387,Education
37,New Construction,Aluminum,0.3181839252336449,2.885927850467289,Warehouse and Storage
37,New Construction,Cladding,9.695645607476637,41.62499214953271,Warehouse and Storage
37,New Construction,Concrete,595.25696,76.95731626168224,Warehouse and Storage
37,New Construction,Glazing,0.000978691588785,0.0022314018691588,Warehouse and Storage
37,New Construction,Gypsum,0.7893734579439252,0.2668818691588785,Warehouse and Storage
37,New Construction,Insulation,3.456955887850467,9.399953644859814,Warehouse and Storage
37,New Construction,Masonry,4.490958130841122,0.5189551401869159,Warehouse and Storage
37,New Construction,Roofing and waterproofing,0.0062777570093457,0.0026721495327102,Warehouse and Storage
37,New Construction,Steel,68.00521196261683,99.23998990654204,Warehouse and Storage
38,New Construction,Adhesives and sealants,0.014227678125256,0.009572446435818,Education
38,New Construction,Air and vapor barriers,0.2228772167159103,0.4360769311508765,Education
38,New Construction,Aluminum,0.5656056723053311,3.2490787231858795,Education
38,New Construction,Cladding,0.5842867302582048,1.6669627278051808,Education
38,New Construction,Coatings,0.7081778795144085,2.189366896044506,Education
38,New Construction,Concrete,754.5717051526398,128.4416312496068,Education
38,New Construction,Doors and frames,1.0690076631275294,2.6224012680155564,Education
38,New Construction,Flooring and tile,0.9379293084066695,0.3926387026433163,Education
38,New Construction,Glazing,8.359651368536026,10.848715533346136,Education
38,New Construction,Gypsum,40.550007246538925,12.25366641937454,Education
38,New Construction,Insulation,9.183491817297067,19.46008681539202,Education
38,New Construction,Masonry,79.76304199079013,16.87295114674402,Education
38,New Construction,Other metals,0.1023525777719126,0.4508611876604987,Education
38,New Construction,Roofing and waterproofing,1.678249223921061,2.175655489622331,Education
38,New Construction,Steel,64.23875787223518,130.19027670850392,Education
38,New Construction,Windows and frames,2.1452402586805204,21.489050330651263,Education
38,New Construction,Wood and composites,32.33204363372424,10.087721078819566,Education
39,New Construction,Aluminum,0.0347145728643216,0.4262221105527638,Warehouse and Storage
39,New Construction,Cladding,0.0058165829145728,0.0159266331658291,Warehouse and Storage
39,New Construction,Concrete,1185.052345728643,114.4352673366834,Warehouse and Storage
39,New Construction,Doors and frames,0.1899909547738693,0.7256527638190955,Warehouse and Storage
39,New Construction,Gypsum,0.7238889447236182,0.2319412060301507,Warehouse and Storage
39,New Construction,Insulation,4.389254271356784,13.54231959798995,Warehouse and Storage
39,New Construction,Masonry,1.4965306532663316,0.582678391959799,Warehouse and Storage
39,New Construction,Roofing and waterproofing,1.7825804020100502,6.249446733668342,Warehouse and Storage
39,New Construction,Steel,72.48842361809045,75.18923618090453,Warehouse and Storage
39,New Construction,Windows and frames,0.3829989949748744,1.886757286432161,Warehouse and Storage
4,New Construction,Acoustic ceilings,0.1435616598161111,0.2233319874391277,Office
4,New Construction,Adhesives and sealants,0.0831859577127777,0.2254008658251139,Office
4,New Construction,Aluminum,1.6203292715072777,14.336163666048002,Office
4,New Construction,Cladding,7.645906399110444,4.171374907174382,Office
4,New Construction,Coatings,0.1434560682673333,0.5082134819877483,Office
4,New Construction,Concrete,1008.6482905924556,116.90174742207894,Office
4,New Construction,Doors and frames,0.6771435486774444,1.6313363321311882,Office
4,New Construction,Flooring and tile,1.715373894107222,0.4707173076677278,Office
4,New Construction,Glazing,7.672013575754833,12.470575457779589,Office
4,New Construction,Gypsum,10.969638654774444,2.2823894657592123,Office
4,New Construction,Insulation,1.0319680321141111,3.004467907060347,Office
4,New Construction,Masonry,126.87621713627222,19.347035197709676,Office
4,New Construction,Other,0.0218220949388888,0.0619747496264444,Office
4,New Construction,Other metals,0.0012326877932222,0.0062676345277383,Office
4,New Construction,Roofing and waterproofing,0.3168397813438888,0.2467336888127666,Office
4,New Construction,Steel,65.07671148067405,125.05033930698828,Office
40,New Construction,Acoustic ceilings,2.5453672448252638,8.459174032143242,Healthcare
40,New Construction,Adhesives and sealants,1.0926637640332633,2.358026373254922,Healthcare
40,New Construction,Air and vapor barriers,1.200746590785263,2.1540864642582105,Healthcare
40,New Construction,Aluminum,1.877039747208421,14.03256953069638,Healthcare
40,New Construction,Cladding,2.8673407437957894,21.881821890312008,Healthcare
40,New Construction,Coatings,0.2647502226568421,3.0913608422393914,Healthcare
40,New Construction,Concrete,728.9358479995452,107.93538314017616,Healthcare
40,New Construction,Doors and frames,3.2257583629802107,5.668623588599133,Healthcare
40,New Construction,Flooring and tile,7.470654944743368,5.608501458186488,Healthcare
40,New Construction,Glazing,4.624646353947369,5.767011318082561,Healthcare
40,New Construction,Gypsum,52.4928904720821,12.808265275188033,Healthcare
40,New Construction,Insulation,30.367396309159787,66.33418289242802,Healthcare
40,New Construction,Masonry,74.54842082156905,20.400963623526856,Healthcare
40,New Construction,Other metals,0.208719854520421,1.143970778420659,Healthcare
40,New Construction,Roofing and waterproofing,2.056499156989474,6.3751473866673685,Healthcare
40,New Construction,Steel,64.9016605319842,101.32538922690114,Healthcare
40,New Construction,Synthetic composites,0.5128535853452632,2.124697620008463,Healthcare
40,New Construction,Windows and frames,0.0009522248715789,0.0073741142041263,Healthcare
40,New Construction,Wood and composites,0.1163688156475789,0.1215046793019115,Healthcare
41,New Construction,Acoustic ceilings,0.1324638926174496,0.1510088590604026,Warehouse and Storage
41,New Construction,Aluminum,0.0192397315436241,0.2905183892617449,Warehouse and Storage
41,New Construction,Coatings,0.51359677852349,0.9912418791946308,Warehouse and Storage
41,New Construction,Concrete,1344.379114362416,179.76984483221474,Warehouse and Storage
41,New Construction,Doors and frames,0.8567825503355705,2.431877046979866,Warehouse and Storage
41,New Construction,Flooring and tile,0.1124762416107382,0.3660802684563758,Warehouse and Storage
41,New Construction,Gypsum,1.032743087248322,0.3184212080536913,Warehouse and Storage
41,New Construction,Insulation,2.987984697986577,7.447357583892618,Warehouse and Storage
41,New Construction,Roofing and waterproofing,1.480744697986577,5.152991409395973,Warehouse and Storage
41,New Construction,Steel,34.75250604026846,58.25553154362416,Warehouse and Storage
41,New Construction,Synthetic composites,0.0131602684563758,0.1364767785234899,Warehouse and Storage
41,New Construction,Windows and frames,1.0052010738255033,4.455485100671141,Warehouse and Storage
41,New Construction,Wood and composites,0.0142123489932885,0.001393288590604,Warehouse and Storage
46,New Construction,Adhesives and sealants,0.03530361162422,0.0958026078023822,Office
46,New Construction,Air and vapor barriers,0.0276226023171479,0.2955618447934833,Office
46,New Construction,Aluminum,2.5159218532668866,15.481200629392744,Office
46,New Construction,Cladding,0.5058305151377426,0.2422928167509787,Office
46,New Construction,Coatings,0.018368611771696,0.0429946284501019,Office
46,New Construction,Concrete,1404.788282103429,169.34366679853778,Office
46,New Construction,Glazing,5.2830085961067175,7.0792315187830015,Office
46,New Construction,Gypsum,0.1906484664806941,0.0465182258212893,Office
46,New Construction,Insulation,5.568106463953212,9.987215810197505,Office
46,New Construction,Roofing and waterproofing,0.1555274487667706,0.4961325615659982,Office
46,New Construction,Steel,57.3416975121812,107.66516817952832,Office
46,New Construction,Wood and composites,0.0076013228666879,0.0031192837525397,Office
47,New Construction,Acoustic ceilings,0.399898,0.143966,Warehouse and Storage
47,New Construction,Air and vapor barriers,1.44654,4.498738,Warehouse and Storage
47,New Construction,Cladding,1.036784,8.861641,Warehouse and Storage
47,New Construction,Coatings,0.4357609999999999,0.8410200000000001,Warehouse and Storage
47,New Construction,Concrete,1485.866493,153.517083,Warehouse and Storage
47,New Construction,Doors and frames,0.38486,3.19239,Warehouse and Storage
47,New Construction,Flooring and tile,0.315035,1.008252,Warehouse and Storage
47,New Construction,Gypsum,1.883246,0.546442,Warehouse and Storage
47,New Construction,Insulation,0.889914,0.930264,Warehouse and Storage
47,New Construction,Other,0.150503,0.68019,Warehouse and Storage
47,New Construction,Roofing and waterproofing,11.843993,4.756249,Warehouse and Storage
47,New Construction,Steel,32.865942000000004,36.512404,Warehouse and Storage
47,New Construction,Windows and frames,1.018493,4.025866,Warehouse and Storage
47,New Construction,Wood and composites,27.064981,6.368761,Warehouse and Storage
48,New Construction,Acoustic ceilings,0.0461544827586206,0.0526160919540229,Warehouse and Storage
48,New Construction,Aluminum,0.0458804597701149,0.6927972413793103,Warehouse and Storage
48,New Construction,Coatings,0.5055218390804598,0.9756574712643676,Warehouse and Storage
48,New Construction,Concrete,959.533263908046,113.38677747126437,Warehouse and Storage
48,New Construction,Doors and frames,0.8208413793103448,2.257365977011494,Warehouse and Storage
48,New Construction,Flooring and tile,0.1273664367816092,0.2288363218390804,Warehouse and Storage
48,New Construction,Gypsum,8.05048367816092,0.1659342528735632,Warehouse and Storage
48,New Construction,Roofing and waterproofing,1.4744924137931037,5.131233563218391,Warehouse and Storage
48,New Construction,Steel,28.03323908045977,32.901745747126434,Warehouse and Storage
48,New Construction,Synthetic composites,0.0764349425287356,0.7926597701149425,Warehouse and Storage
48,New Construction,Windows and frames,1.1902137931034484,5.275542988505747,Warehouse and Storage
48,New Construction,Wood and composites,9.916785747126436,2.4341797701149424,Warehouse and Storage
49,New Construction,Acoustic ceilings,1.9229501164313976,6.567154678675807,Healthcare
49,New Construction,Adhesives and sealants,0.0928554168137634,0.4922125437893957,Healthcare
49,New Construction,Aluminum,2.186666771435183,7.453546822827417,Healthcare
49,New Construction,Applied fireproofing,35.29310558516538,40.23414036708853,Healthcare
49,New Construction,Cladding,2.1539453002808604,17.123865137232837,Healthcare
49,New Construction,Coatings,0.7381872466452903,3.662485748186897,Healthcare
49,New Construction,Concrete,533.5226826370968,97.9501886517844,Healthcare
49,New Construction,Doors and frames,4.053248749181419,10.862753604206368,Healthcare
49,New Construction,Flooring and tile,3.841048627867441,6.019780492323815,Healthcare
49,New Construction,Glazing,6.12029885940585,11.966603194646233,Healthcare
49,New Construction,Gypsum,77.03257719379312,16.01084859204738,Healthcare
49,New Construction,Insulation,2.3122510924812043,4.250845933624761,Healthcare
49,New Construction,Masonry,0.1750549069810752,0.0467177716487892,Healthcare
49,New Construction,Other metals,0.0302469114112258,0.1356847606938008,Healthcare
49,New Construction,Roofing and waterproofing,0.2728040208713979,0.8456924647013333,Healthcare
49,New Construction,Steel,113.7713986701646,177.85858500435887,Healthcare
49,New Construction,Wall coverings,0.0031355829487741,0.0623981006806064,Healthcare
49,New Construction,Windows and frames,1.1472590909184943,11.030706001327491,Healthcare
49,New Construction,Wood and composites,0.1077044767149247,0.0482821306932886,Healthcare
5,New Construction,Acoustic ceilings,3.8696129846328193,8.091453189006954,Education
5,New Construction,Air and vapor barriers,0.7801470671258998,0.9137045576007952,Education
5,New Construction,Aluminum,15.66308783175269,117.55861892335528,Education
5,New Construction,Cladding,4.3858827571916095,7.563788560284376,Education
5,New Construction,Coatings,0.630293344394735,5.299362191450623,Education
5,New Construction,Concrete,1192.7548011658853,223.60826506823307,Education
5,New Construction,Doors and frames,0.7519906358017544,2.061716300397648,Education
5,New Construction,Glazing,2.079485481360392,2.873662414679928,Education
5,New Construction,Gypsum,28.65210722707889,8.556877407516312,Education
5,New Construction,Insulation,2.246670226002401,5.095062774926213,Education
5,New Construction,Masonry,30.380548453128743,3.3855005289548505,Education
5,New Construction,Other,0.1652191374817567,0.469222350448189,Education
5,New Construction,Other metals,0.0084960305816861,0.045477973690873,Education
5,New Construction,Roofing and waterproofing,3.276566435151629,2.030237658900776,Education
5,New Construction,Steel,57.96718997442297,86.70541750373656,Education
5,New Construction,Synthetic composites,2.598160366385899,7.5686136358036995,Education
5,New Construction,Wall coverings,0.0166399274178055,0.0081702043621425,Education
51,New Construction,Acoustic ceilings,0.0017300357591548,0.0023528486324505,Residential: Multifamily (5 or more units)
51,New Construction,Adhesives and sealants,0.0490472235856964,0.1343893926248082,Residential: Multifamily (5 or more units)
51,New Construction,Air and vapor barriers,0.0002972596709882,0.0007788203379891,Residential: Multifamily (5 or more units)
51,New Construction,Aluminum,0.8778426327304227,6.760930892969998,Residential: Multifamily (5 or more units)
51,New Construction,Applied fireproofing,0.3792820396275287,0.4323815251753827,Residential: Multifamily (5 or more units)
51,New Construction,Cladding,19.031255684172194,9.64775544009579,Residential: Multifamily (5 or more units)
51,New Construction,Coatings,0.7471641534211169,1.777856625543045,Residential: Multifamily (5 or more units)
51,New Construction,Concrete,221.48499985470735,35.20864870485168,Residential: Multifamily (5 or more units)
51,New Construction,Doors and frames,0.0008534502037661,0.007689586335933,Residential: Multifamily (5 or more units)
51,New Construction,Flooring and tile,1.5027687646699586,0.3937254163435292,Residential: Multifamily (5 or more units)
51,New Construction,Glazing,1.4656906572481083,1.9640254807124653,Residential: Multifamily (5 or more units)
51,New Construction,Gypsum,53.73817446519217,11.443609804967116,Residential: Multifamily (5 or more units)
51,New Construction,Insulation,1.9893251026584375,16.799946690103482,Residential: Multifamily (5 or more units)
51,New Construction,Masonry,18.41590623085541,4.146399606272992,Residential: Multifamily (5 or more units)
51,New Construction,Other,0.4637445363504771,1.317034483235355,Residential: Multifamily (5 or more units)
51,New Construction,Other metals,0.0073098028553393,0.0409207296942537,Residential: Multifamily (5 or more units)
51,New Construction,Roofing and waterproofing,1.7371986583047638,1.5463960705884576,Residential: Multifamily (5 or more units)
51,New Construction,Steel,18.22252512988304,38.78539827779287,Residential: Multifamily (5 or more units)
51,New Construction,Synthetic composites,0.0322376407355076,0.150872158642176,Residential: Multifamily (5 or more units)
51,New Construction,Windows and frames,0.3723332594871795,0.997853135425641,Residential: Multifamily (5 or more units)
51,New Construction,Wood and composites,22.48809561469767,5.353771278823199,Residential: Multifamily (5 or more units)
52,New Construction,Aluminum,8.411013571428573,76.2525057142857,Laboratory
52,New Construction,Cladding,1.4589765476190475,5.526876904761905,Laboratory
52,New Construction,Concrete,172.27484047619046,31.532410238095235,Laboratory
52,New Construction,Doors and frames,0.3481904761904761,0.9657142857142856,Laboratory
52,New Construction,Flooring and tile,1.523432976190476,1.478377738095238,Laboratory
52,New Construction,Glazing,3.636734642857143,5.200530476190476,Laboratory
52,New Construction,Gypsum,15.104522857142856,4.684654523809524,Laboratory
52,New Construction,Insulation,4.558160714285714,4.44594130952381,Laboratory
52,New Construction,Masonry,17.703230357142857,4.861953333333333,Laboratory
52,New Construction,Other,0.4834208333333333,0.4390894047619048,Laboratory
52,New Construction,Roofing and waterproofing,0.2735745238095238,0.2514592857142857,Laboratory
52,New Construction,Steel,88.6532144047619,133.30970761904763,Laboratory
53,New Construction,Acoustic ceilings,1.1975897583037975,1.8533216904858545,Healthcare
53,New Construction,Adhesives and sealants,0.0571934287689873,0.1566621167847942,Healthcare
53,New Construction,Air and vapor barriers,0.2807702847006328,0.2678730984591456,Healthcare
53,New Construction,Aluminum,0.1062901803455696,0.5973508135421013,Healthcare
53,New Construction,Applied fireproofing,0.0011905585664556,0.0030121131731329,Healthcare
53,New Construction,Coatings,0.0792715728346835,0.4426756474954404,Healthcare
53,New Construction,Concrete,1105.952698943336,190.13860430421917,Healthcare
53,New Construction,Doors and frames,1.7889530771360127,3.374268381791236,Healthcare
53,New Construction,Flooring and tile,0.2430007486075949,0.0636661961351898,Healthcare
53,New Construction,Glazing,3.510353233851139,16.275023298954338,Healthcare
53,New Construction,Gypsum,20.813464539951266,6.084180352671938,Healthcare
53,New Construction,Insulation,2.9074410025742403,5.765194687180018,Healthcare
53,New Construction,Masonry,18.17239322628608,2.1624061807036496,Healthcare
53,New Construction,Other metals,0.0035582238213924,0.0206649345234253,Healthcare
53,New Construction,Roofing and waterproofing,0.217189761499367,0.6841477487230062,Healthcare
53,New Construction,Steel,66.95504610034804,120.10485119597992,Healthcare
53,New Construction,Synthetic composites,0.0322022485056961,0.1159048300446329,Healthcare
53,New Construction,Wall coverings,0.0006407709917721,0.0020568748835886,Healthcare
53,New Construction,Windows and frames,0.3382431047507595,3.344202922191139,Healthcare
55,New Construction,Acoustic ceilings,0.0117747279265494,0.0633021644759909,Office
55,New Construction,Adhesives and sealants,0.355786829299433,0.9748559122804464,Office
55,New Construction,Aluminum,16.59954858460814,97.58377179873584,Office
55,New Construction,Cladding,0.2117915035144042,0.4934742031885618,Office
55,New Construction,Coatings,0.0088850675881041,0.0324084988816407,Office
55,New Construction,Concrete,1366.4947653024235,254.4884071248617,Office
55,New Construction,Doors and frames,0.0600714151945044,0.4271376976289853,Office
55,New Construction,Glazing,2.388634990082374,3.2814548142173776,Office
55,New Construction,Gypsum,2.0929670326629366,0.5106839559697566,Office
55,New Construction,Insulation,13.540622500199234,24.33882871799197,Office
55,New Construction,Masonry,169.0456919271498,26.03058884587295,Office
55,New Construction,Other metals,0.0047603343889083,0.0203122540416393,Office
55,New Construction,Roofing and waterproofing,1.2210766859647235,3.785337726490645,Office
55,New Construction,Steel,71.20726917551889,120.39552645518128,Office
55,New Construction,Windows and frames,0.010130626415872,0.07780048584843,Office
56,New Construction,Acoustic ceilings,0.0164522928469781,0.0254606312214706,Office
56,New Construction,Adhesives and sealants,0.0059663301002908,0.037707206233838,Office
56,New Construction,Aluminum,0.8061282902618219,5.108476584357265,Office
56,New Construction,Applied fireproofing,0.1322548347549146,0.334604731929934,Office
56,New Construction,Cladding,0.4384823263191492,2.535632967153619,Office
56,New Construction,Coatings,0.0069830660738768,0.0161407832009527,Office
56,New Construction,Concrete,618.0449799518107,107.37118532330476,Office
56,New Construction,Doors and frames,0.0336590337494681,0.0545796921374213,Office
56,New Construction,Flooring and tile,0.0130811529787897,0.0034272620804429,Office
56,New Construction,Glazing,1.405000198979364,1.5455002188773006,Office
56,New Construction,Gypsum,0.3878169926464976,0.0946273462057454,Office
56,New Construction,Insulation,0.2794077802127822,1.4280302815905574,Office
56,New Construction,Masonry,0.1072510261358067,0.0137993794034598,Office
56,New Construction,Other metals,0.0103954866291106,0.0600859127162597,Office
56,New Construction,Steel,40.32024488446172,83.465996448898,Office
56,New Construction,Wood and composites,0.2031192561846953,0.0568851619759792,Office
57,New Construction,Acoustic ceilings,3.176890769230769,0.0100384615384615,Warehouse and Storage
57,New Construction,Air and vapor barriers,2.011511153846154,6.255798846153846,Warehouse and Storage
57,New Construction,Aluminum,0.3921203846153845,2.9037265384615387,Warehouse and Storage
57,New Construction,Concrete,820.1270769230769,108.23714076923076,Warehouse and Storage
57,New Construction,Doors and frames,1.0514923076923075,3.132877692307692,Warehouse and Storage
57,New Construction,Flooring and tile,0.3362830769230769,0.6201788461538461,Warehouse and Storage
57,New Construction,Glazing,0.0340457692307692,0.0486853846153846,Warehouse and Storage
57,New Construction,Gypsum,2.34438,0.7638780769230769,Warehouse and Storage
57,New Construction,Insulation,7.792859230769231,29.48139692307692,Warehouse and Storage
57,New Construction,Roofing and waterproofing,1.4877826923076922,5.177483846153846,Warehouse and Storage
57,New Construction,Steel,35.736032692307695,49.71061538461538,Warehouse and Storage
57,New Construction,Windows and frames,0.4418584615384615,2.302328076923077,Warehouse and Storage
57,New Construction,Wood and composites,17.68573153846154,8.014121153846153,Warehouse and Storage
58,New Construction,Acoustic ceilings,1.576162643878171,2.4391795231271454,Residential: Multifamily (5 or more units)
58,New Construction,Adhesives and sealants,0.2106173774582216,0.1673567800612066,Residential: Multifamily (5 or more units)
58,New Construction,Air and vapor barriers,0.0012061857004827,0.0031602065352648,Residential: Multifamily (5 or more units)
58,New Construction,Aluminum,3.837714675663245,34.57070339995627,Residential: Multifamily (5 or more units)
58,New Construction,Cladding,1.516510657517692,4.983819968290773,Residential: Multifamily (5 or more units)
58,New Construction,Coatings,0.4017345331787005,1.1741161164809546,Residential: Multifamily (5 or more units)
58,New Construction,Concrete,1348.510133813886,228.1553161044178,Residential: Multifamily (5 or more units)
58,New Construction,Doors and frames,2.2206956117842807,3.281347826200152,Residential: Multifamily (5 or more units)
58,New Construction,Flooring and tile,5.882093420966304,8.155570194406737,Residential: Multifamily (5 or more units)
58,New Construction,Glazing,4.074362664672093,5.555978557788879,Residential: Multifamily (5 or more units)
58,New Construction,Gypsum,39.33754010961125,8.68837582551209,Residential: Multifamily (5 or more units)
58,New Construction,Insulation,1.4477386985811722,3.1773212817471688,Residential: Multifamily (5 or more units)
58,New Construction,Masonry,8.267577585792738,1.57122450088894,Residential: Multifamily (5 or more units)
58,New Construction,Other,0.0437170384381124,0.1241563891642393,Residential: Multifamily (5 or more units)
58,New Construction,Other metals,0.0424568473787842,0.1731113183694364,Residential: Multifamily (5 or more units)
58,New Construction,Roofing and waterproofing,0.2166176087680075,0.6715145871808234,Residential: Multifamily (5 or more units)
58,New Construction,Steel,38.13830143483854,75.87403817450873,Residential: Multifamily (5 or more units)
58,New Construction,Windows and frames,0.1544389141973449,1.42204395390516,Residential: Multifamily (5 or more units)
58,New Construction,Wood and composites,1.29817359381541,0.7420298196063241,Residential: Multifamily (5 or more units)
59,New Construction,Acoustic ceilings,2.681821717148785,4.150234522150379,Office
59,New Construction,Adhesives and sealants,0.2668200455193618,0.7310869247230514,Office
59,New Construction,Air and vapor barriers,0.2033047091724384,0.4127085596200501,Office
59,New Construction,Aluminum,1.1280376324372745,10.22002094988171,Office
59,New Construction,Cladding,1.977229663451258,3.355472019936027,Office
59,New Construction,Coatings,0.1721059501502133,1.460856786540787,Office
59,New Construction,Concrete,532.0345817509868,96.57643067431192,Office
59,New Construction,Doors and frames,0.917333583536216,2.8737149785084104,Office
59,New Construction,Glazing,2.3189628347587177,3.136792133457885,Office
59,New Construction,Gypsum,36.92743652389099,9.405951843593195,Office
59,New Construction,Insulation,5.532755339721079,13.809941904599569,Office
59,New Construction,Other,0.03276653818089,0.0930569684337276,Office
59,New Construction,Other metals,0.1813831162644116,0.7386265029244472,Office
59,New Construction,Roofing and waterproofing,1.7909900458094172,4.475714476533522,Office
59,New Construction,Steel,60.84333350581705,93.93479583632636,Office
59,New Construction,Wall coverings,0.0033000584882182,0.0016203287177151,Office
59,New Construction,Windows and frames,0.0078924357818181,0.0602212002676363,Office
59,New Construction,Wood and composites,3.472009508770163,1.7480647309532713,Office
6,New Construction,Air and vapor barriers,0.894475,2.78180625,Office
6,New Construction,Concrete,548.3991125,111.9620625,Office
6,New Construction,Doors and frames,0.5564125,1.65913125,Office
6,New Construction,Flooring and tile,1.41670625,4.9608625,Office
6,New Construction,Glazing,5.063275,6.30735625,Office
6,New Construction,Gypsum,68.12424999999999,23.285568750000003,Office
6,New Construction,Insulation,28.54215625,48.9103375,Office
6,New Construction,Masonry,8.457543750000001,1.4882187499999997,Office
6,New Construction,Roofing and waterproofing,7.04030625,24.50026875,Office
6,New Construction,Steel,107.6276875,262.05988125,Office
6,New Construction,Windows and frames,0.6172624999999999,7.1911,Office
6,New Construction,Wood and composites,179.99357500000002,37.77018125,Office
60,New Construction,Acoustic ceilings,0.794551753910689,1.229603033501099,Residential: Multifamily (5 or more units)
60,New Construction,Adhesives and sealants,0.1636779821086627,0.2249291140995553,Residential: Multifamily (5 or more units)
60,New Construction,Aluminum,0.7653490439206206,5.673847793650848,Residential: Multifamily (5 or more units)
60,New Construction,Applied fireproofing,0.1745645381847863,0.1990035735306564,Residential: Multifamily (5 or more units)
60,New Construction,Cladding,13.010767543258204,6.680091816381427,Residential: Multifamily (5 or more units)
60,New Construction,Coatings,0.824247056621645,2.1739989862000613,Residential: Multifamily (5 or more units)
60,New Construction,Concrete,863.7977965493404,173.78052504860256,Residential: Multifamily (5 or more units)
60,New Construction,Doors and frames,3.023917922892136,9.656612043209917,Residential: Multifamily (5 or more units)
60,New Construction,Flooring and tile,4.355249059979611,6.905330120838688,Residential: Multifamily (5 or more units)
60,New Construction,Glazing,3.0596589353770405,4.108200148583163,Residential: Multifamily (5 or more units)
60,New Construction,Gypsum,66.25669592423446,14.917599461963135,Residential: Multifamily (5 or more units)
60,New Construction,Insulation,2.410896406665203,3.2457027966595997,Residential: Multifamily (5 or more units)
60,New Construction,Masonry,0.2057486351096568,0.137148619028455,Residential: Multifamily (5 or more units)
60,New Construction,Other,0.6158029649945441,1.7420134201378472,Residential: Multifamily (5 or more units)
60,New Construction,Other metals,0.0093206565729,0.0384269336834903,Residential: Multifamily (5 or more units)
60,New Construction,Steel,29.848551876928205,61.21092307594689,Residential: Multifamily (5 or more units)
60,New Construction,Wall coverings,0.0664728147364496,0.0326381520355967,Residential: Multifamily (5 or more units)
60,New Construction,Windows and frames,0.9431748857772404,2.630904828817341,Residential: Multifamily (5 or more units)
60,New Construction,Wood and composites,0.0049827360531632,0.0008370996569314,Residential: Multifamily (5 or more units)
61,New Construction,Acoustic ceilings,3.378196462667341,13.20104220595815,Public Assembly
61,New Construction,Aluminum,0.8955665102234436,8.037785216045336,Public Assembly
61,New Construction,Applied fireproofing,57.14444281494243,65.14466480903437,Public Assembly
61,New Construction,Cladding,14.483983402961986,33.76827995028002,Public Assembly
61,New Construction,Coatings,1.396747634823518,14.659961661331042,Public Assembly
61,New Construction,Concrete,401.00737514512855,64.76964009940495,Public Assembly
61,New Construction,Doors and frames,1.5380729375742508,5.686132084778066,Public Assembly
61,New Construction,Flooring and tile,1.1902670715909551,0.3118499727568302,Public Assembly
61,New Construction,Glazing,2.4637234284391343,3.30138939410844,Public Assembly
61,New Construction,Gypsum,58.517183276283454,13.57680352086319,Public Assembly
61,New Construction,Insulation,7.284946798471612,18.873857411800188,Public Assembly
61,New Construction,Masonry,0.2275323035960919,0.1516692502282487,Public Assembly
61,New Construction,Other,0.0064130609993557,0.0149424321284987,Public Assembly
61,New Construction,Other metals,0.3070487106926282,1.253957809188661,Public Assembly
61,New Construction,Roofing and waterproofing,0.3078222180849871,0.9542488760634602,Public Assembly
61,New Construction,Steel,92.49336015137324,156.29822415424275,Public Assembly
61,New Construction,Wood and composites,4.6659598281016725,1.2318133946188414,Public Assembly
62,New Construction,Acoustic ceilings,0.1478324089907904,0.4698824608405018,Public Assembly
62,New Construction,Adhesives and sealants,0.0914322862791983,0.1267597630181102,Public Assembly
62,New Construction,Air and vapor barriers,0.1328925418806286,0.1142973104442329,Public Assembly
62,New Construction,Aluminum,0.5031915669088312,4.097133333917826,Public Assembly
62,New Construction,Cladding,1.173815845017672,1.4179934589415697,Public Assembly
62,New Construction,Coatings,0.1366679286449634,0.5583843018391376,Public Assembly
62,New Construction,Concrete,724.9887315414821,134.3046832272383,Public Assembly
62,New Construction,Doors and frames,0.5030319045835578,1.1405372908047575,Public Assembly
62,New Construction,Flooring and tile,1.530831699231698,1.021191793881063,Public Assembly
62,New Construction,Glazing,0.8617775343720737,1.151373485611719,Public Assembly
62,New Construction,Gypsum,6.832973826303998,1.9715037709625347,Public Assembly
62,New Construction,Insulation,1.7581206376247858,52.87773308101399,Public Assembly
62,New Construction,Masonry,9.646008143094551,1.4042483649609814,Public Assembly
62,New Construction,Other,0.0358980489562565,0.1012283361180791,Public Assembly
62,New Construction,Other metals,0.0208546778480328,0.0844614452845328,Public Assembly
62,New Construction,Roofing and waterproofing,3.3707307642297786,1.8452770696530727,Public Assembly
62,New Construction,Steel,46.01799955519014,89.05119342015082,Public Assembly
62,New Construction,Synthetic composites,0.4075023341057767,1.189906815588868,Public Assembly
62,New Construction,Wall coverings,0.0034728422535717,0.0017051655465037,Public Assembly
62,New Construction,Windows and frames,0.004690425477707,0.0572231908280254,Public Assembly
62,New Construction,Wood and composites,9.054087423674076,2.770918080042391,Public Assembly
63,New Construction,Air and vapor barriers,1.1905496183206106,3.7026106870229007,Public Order and Safety
63,New Construction,Aluminum,1.2328167938931298,6.93136641221374,Public Order and Safety
63,New Construction,Concrete,819.208534351145,82.0334961832061,Public Order and Safety
63,New Construction,Doors and frames,2.9540229007633587,9.04002290076336,Public Order and Safety
63,New Construction,Flooring and tile,9.933114503816794,21.788129770992366,Public Order and Safety
63,New Construction,Gypsum,9.717824427480917,3.162030534351145,Public Order and Safety
63,New Construction,Insulation,3.1869541984732823,6.138152671755725,Public Order and Safety
63,New Construction,Roofing and waterproofing,0.592854961832061,2.0714809160305347,Public Order and Safety
63,New Construction,Steel,58.38006106870229,51.29302290076336,Public Order and Safety
63,New Construction,Synthetic composites,0.2646946564885496,0.9474885496183206,Public Order and Safety
63,New Construction,Windows and frames,2.47530534351145,11.841099236641222,Public Order and Safety
63,New Construction,Wood and composites,119.03477099236642,44.80991603053435,Public Order and Safety
64,New Construction,Acoustic ceilings,2.7716159138347107,4.2891949058319,Office
64,New Construction,Adhesives and sealants,0.2819350237049586,0.3129920883702289,Office
64,New Construction,Aluminum,0.3971207055702479,3.2056256257166944,Office
64,New Construction,Cladding,0.0158334411107438,0.1258758568304132,Office
64,New Construction,Coatings,0.8159789104595041,1.7098083385269969,Office
64,New Construction,Concrete,1213.386211820717,147.1073899157871,Office
64,New Construction,Flooring and tile,1.0317243714198348,3.28879008594714,Office
64,New Construction,Glazing,4.329214026917355,6.026704974850016,Office
64,New Construction,Gypsum,38.752455683867765,10.174634062634496,Office
64,New Construction,Insulation,5.400048505473223,18.063723551307245,Office
64,New Construction,Masonry,0.056315983322314,0.0297029732206446,Office
64,New Construction,Roofing and waterproofing,2.599526765619835,1.637701862340496,Office
64,New Construction,Steel,81.71154097489438,105.28171972718842,Office
64,New Construction,Windows and frames,0.6512597447659504,6.5125974476595045,Office
64,New Construction,Wood and composites,0.5130856179834711,0.1094697282359008,Office
65,New Construction,Air and vapor barriers,0.085812048192771,0.2668746987951807,Residential: Multifamily (5 or more units)
65,New Construction,Aluminum,3.879610843373494,16.508981927710842,Residential: Multifamily (5 or more units)
65,New Construction,Cladding,0.2098855421686747,0.7950867469879518,Residential: Multifamily (5 or more units)
65,New Construction,Concrete,1220.8952638554215,197.0083620481928,Residential: Multifamily (5 or more units)
65,New Construction,Gypsum,2.278397590361446,0.7512421686746988,Residential: Multifamily (5 or more units)
65,New Construction,Insulation,5.648407228915662,7.487536746987952,Residential: Multifamily (5 or more units)
65,New Construction,Masonry,7.453251204819277,3.7581259036144585,Residential: Multifamily (5 or more units)
65,New Construction,Other,0.166912048192771,0.5425975903614458,Residential: Multifamily (5 or more units)
65,New Construction,Roofing and waterproofing,0.2757590361445783,0.7961084337349398,Residential: Multifamily (5 or more units)
65,New Construction,Steel,96.67272048192773,89.01186325301204,Residential: Multifamily (5 or more units)
65,New Construction,Synthetic composites,0.0856084337349397,0.0502373493975903,Residential: Multifamily (5 or more units)
65,New Construction,Windows and frames,5.914957228915663,33.94202650602409,Residential: Multifamily (5 or more units)
66,New Construction,Acoustic ceilings,0.0988109629629629,0.0593274074074074,Office
66,New Construction,Air and vapor barriers,0.2614180740740741,0.8130103703703703,Office
66,New Construction,Aluminum,1.2697194074074076,11.516354074074073,Office
66,New Construction,Cladding,0.338946074074074,1.2839911111111113,Office
66,New Construction,Coatings,0.2067084444444444,0.4226660740740741,Office
66,New Construction,Concrete,1319.709755851852,159.4926091851852,Office
66,New Construction,Doors and frames,0.2866565925925926,2.775205925925926,Office
66,New Construction,Flooring and tile,1.5519315555555555,1.6769585185185183,Office
66,New Construction,Glazing,2.5159979259259257,4.792333925925925,Office
66,New Construction,Gypsum,8.528869037037037,2.6767466666666664,Office
66,New Construction,Insulation,1.497648,2.9662171851851853,Office
66,New Construction,Masonry,9.70118637037037,3.3586361481481486,Office
66,New Construction,Roofing and waterproofing,1.645717925925926,1.8913502222222225,Office
66,New Construction,Steel,153.65759081481482,129.89261037037036,Office
66,New Construction,Wood and composites,29.410022814814816,12.475382814814814,Office
67,New Construction,Acoustic ceilings,1.363734939759036,1.2402409638554217,Office
67,New Construction,Air and vapor barriers,0.1462048192771084,0.4546987951807228,Office
67,New Construction,Aluminum,2.98210843373494,27.047530120481927,Office
67,New Construction,Cladding,0.5841566265060241,2.213012048192771,Office
67,New Construction,Coatings,0.3712048192771084,0.7191566265060242,Office
67,New Construction,Concrete,1275.5011445783132,141.55506024096383,Office
67,New Construction,Doors and frames,0.7751204819277109,4.969397590361446,Office
67,New Construction,Flooring and tile,4.265180722891566,4.778433734939759,Office
67,New Construction,Glazing,6.077951807228915,11.754638554216868,Office
67,New Construction,Gypsum,6.998795180722891,2.0549397590361447,Office
67,New Construction,Insulation,2.915,5.341746987951807,Office
67,New Construction,Masonry,6.199759036144578,1.351566265060241,Office
67,New Construction,Roofing and waterproofing,0.9371686746987952,1.3321686746987953,Office
67,New Construction,Steel,115.64638554216867,107.18343373493975,Office
67,New Construction,Wood and composites,69.08963855421686,28.351024096385544,Office
68,New Construction,Air and vapor barriers,3.9958444444444448,8.372955555555555,Residential: Multifamily (5 or more units)
68,New Construction,Aluminum,0.6434444444444445,5.332422222222222,Residential: Multifamily (5 or more units)
68,New Construction,Applied fireproofing,5.337266666666667,3.3144444444444443,Residential: Multifamily (5 or more units)
68,New Construction,Coatings,0.0641925925925925,0.1925777777777778,Residential: Multifamily (5 or more units)
68,New Construction,Concrete,497.0565851851852,53.36564444444444,Residential: Multifamily (5 or more units)
68,New Construction,Doors and frames,0.4574666666666667,1.2136814814814816,Residential: Multifamily (5 or more units)
68,New Construction,Glazing,3.9522814814814815,4.904948148148148,Residential: Multifamily (5 or more units)
68,New Construction,Gypsum,83.78707407407407,27.300659259259263,Residential: Multifamily (5 or more units)
68,New Construction,Insulation,5.383244444444445,22.037844444444445,Residential: Multifamily (5 or more units)
68,New Construction,Masonry,2.116911111111111,0.910274074074074,Residential: Multifamily (5 or more units)
68,New Construction,Other,0.0104592592592592,0.0194518518518518,Residential: Multifamily (5 or more units)
68,New Construction,Steel,69.7632074074074,67.39151851851852,Residential: Multifamily (5 or more units)
68,New Construction,Wood and composites,76.79888148148149,32.37248888888889,Residential: Multifamily (5 or more units)
69,New Construction,Aluminum,3.800327027027027,25.41372972972973,Residential: Multifamily (5 or more units)
69,New Construction,Cladding,0.6876036036036036,5.79582972972973,Residential: Multifamily (5 or more units)
69,New Construction,Coatings,0.222209009009009,0.2161495495495495,Residential: Multifamily (5 or more units)
69,New Construction,Concrete,1885.6988738738737,327.4510954954955,Residential: Multifamily (5 or more units)
69,New Construction,Doors and frames,0.1179855855855855,0.2886576576576576,Residential: Multifamily (5 or more units)
69,New Construction,Glazing,4.193505405405406,7.468832432432432,Residential: Multifamily (5 or more units)
69,New Construction,Gypsum,14.545261261261262,5.441531531531531,Residential: Multifamily (5 or more units)
69,New Construction,Insulation,3.155866666666667,8.664517117117116,Residential: Multifamily (5 or more units)
69,New Construction,Other,0.3376549549549549,0.3173324324324324,Residential: Multifamily (5 or more units)
69,New Construction,Roofing and waterproofing,0.2882900900900901,0.3792387387387387,Residential: Multifamily (5 or more units)
69,New Construction,Steel,128.36504324324324,74.34445495495495,Residential: Multifamily (5 or more units)
69,New Construction,Wood and composites,0.030727027027027,0.0113675675675675,Residential: Multifamily (5 or more units)
7,New Construction,Acoustic ceilings,2.991110320022968,8.508768199783864,Education
7,New Construction,Aluminum,1.2984846944995092,8.443669411564061,Education
7,New Construction,Cladding,6.093958695376435,3.692785320610533,Education
7,New Construction,Coatings,0.4246426676912782,1.4683509845499354,Education
7,New Construction,Concrete,1657.982886674219,294.6647498390201,Education
7,New Construction,Doors and frames,1.3308174514995728,3.443110389699114,Education
7,New Construction,Glazing,5.509244313618423,8.360548664087188,Education
7,New Construction,Gypsum,43.07521761936759,15.199970883528271,Education
7,New Construction,Insulation,6.976062422383948,16.493276930964036,Education
7,New Construction,Masonry,8.149423440002831,0.8973975986614896,Education
7,New Construction,Other,0.0715059803788624,0.2030769842759692,Education
7,New Construction,Other metals,0.4677743541632755,1.9169470444895225,Education
7,New Construction,Roofing and waterproofing,3.075732347708421,10.672791246548222,Education
7,New Construction,Steel,54.34169852636684,83.95311080042119,Education
7,New Construction,Windows and frames,2.216113804799312,22.14751271637932,Education
7,New Construction,Wood and composites,1.166387977118508,0.3079264259592861,Education
70,New Construction,Aluminum,2.620160869565217,17.373717391304346,Healthcare
70,New Construction,Cladding,0.6836586956521739,1.874786956521739,Healthcare
70,New Construction,Concrete,868.335647826087,89.62638478260868,Healthcare
70,New Construction,Doors and frames,0.2206630434782608,0.6090282608695653,Healthcare
70,New Construction,Glazing,4.619395652173914,6.605736956521739,Healthcare
70,New Construction,Gypsum,15.962708695652172,5.505678260869566,Healthcare
70,New Construction,Insulation,1.9465891304347824,11.92489347826087,Healthcare
70,New Construction,Masonry,33.97416739130435,8.014402173913043,Healthcare
70,New Construction,Roofing and waterproofing,0.508704347826087,0.6758326086956522,Healthcare
70,New Construction,Steel,133.87915869565217,95.24698695652174,Healthcare
70,New Construction,Wood and composites,1.152191304347826,0.4564217391304347,Healthcare
71,New Construction,Acoustic ceilings,0.0905062090825007,0.2492158257422403,Residential: Multifamily (5 or more units)
71,New Construction,Adhesives and sealants,0.2920271940907771,0.2763938521170518,Residential: Multifamily (5 or more units)
71,New Construction,Aluminum,0.286649548756282,2.455968683513845,Residential: Multifamily (5 or more units)
71,New Construction,Cladding,12.784487152652725,6.140978022993554,Residential: Multifamily (5 or more units)
71,New Construction,Coatings,0.5621261909132705,1.3649880448423597,Residential: Multifamily (5 or more units)
71,New Construction,Concrete,1231.0578146061127,176.07938963994826,Residential: Multifamily (5 or more units)
71,New Construction,Doors and frames,0.5567365007814041,1.2656534848586036,Residential: Multifamily (5 or more units)
71,New Construction,Flooring and tile,2.420818258176,3.77639994674304,Residential: Multifamily (5 or more units)
71,New Construction,Glazing,1.391944147655389,1.8652051578582216,Residential: Multifamily (5 or more units)
71,New Construction,Gypsum,36.21814368249586,7.826639942947363,Residential: Multifamily (5 or more units)
71,New Construction,Insulation,2.115309562990535,5.020057235848253,Residential: Multifamily (5 or more units)
71,New Construction,Other,0.3511759492855738,0.9973396959710296,Residential: Multifamily (5 or more units)
71,New Construction,Other metals,0.0017075193658702,0.0088447787883811,Residential: Multifamily (5 or more units)
71,New Construction,Roofing and waterproofing,0.880151163654654,0.554495233102432,Residential: Multifamily (5 or more units)
71,New Construction,Steel,37.69296504955925,74.17533079849247,Residential: Multifamily (5 or more units)
71,New Construction,Windows and frames,0.245218938624,2.67077146254336,Residential: Multifamily (5 or more units)
72,New Construction,Aluminum,0.1195758620689655,0.7856068965517242,Residential: Multifamily (5 or more units)
72,New Construction,Applied fireproofing,0.166451724137931,0.9171551724137932,Residential: Multifamily (5 or more units)
72,New Construction,Coatings,0.0512413793103448,0.254151724137931,Residential: Multifamily (5 or more units)
72,New Construction,Concrete,627.148272413793,74.55746896551724,Residential: Multifamily (5 or more units)
72,New Construction,Doors and frames,0.0031241379310344,0.0076103448275862,Residential: Multifamily (5 or more units)
72,New Construction,Glazing,1.5256275862068964,2.9170758620689656,Residential: Multifamily (5 or more units)
72,New Construction,Gypsum,87.96136896551725,28.072175862068963,Residential: Multifamily (5 or more units)
72,New Construction,Insulation,2.8185,7.164044827586207,Residential: Multifamily (5 or more units)
72,New Construction,Other,0.0013862068965517,0.0025793103448275,Residential: Multifamily (5 or more units)
72,New Construction,Roofing and waterproofing,2.2939517241379312,1.4983137931034485,Residential: Multifamily (5 or more units)
72,New Construction,Steel,71.06033793103448,81.88643103448277,Residential: Multifamily (5 or more units)
72,New Construction,Windows and frames,0.186603448275862,0.6507689655172414,Residential: Multifamily (5 or more units)
72,New Construction,Wood and composites,86.36438275862068,34.72626206896552,Residential: Multifamily (5 or more units)
73,New Construction,Cladding,0.0352273809523809,0.1564047619047619,Education
73,New Construction,Concrete,1788.1588130952382,404.0425773809524,Education
73,New Construction,Glazing,3.049007142857143,4.360080952380953,Education
73,New Construction,Gypsum,3.276652380952381,1.0676440476190476,Education
73,New Construction,Insulation,2.4546761904761905,12.30915,Education
73,New Construction,Masonry,4.153422619047619,1.0011630952380952,Education
73,New Construction,Other,1.9833642857142852,1.801482142857143,Education
73,New Construction,Roofing and waterproofing,0.6535,1.9336273809523807,Education
73,New Construction,Steel,4.033322619047619,8.198005952380953,Education
73,New Construction,Windows and frames,1.9263142857142856,12.85022619047619,Education
74,New Construction,Cladding,0.1557937777777777,0.5366293333333333,Office
74,New Construction,Concrete,1263.843342,183.973022,Office
74,New Construction,Flooring and tile,0.6697542222222221,0.5023155555555556,Office
74,New Construction,Insulation,0.1284931111111111,0.1072902222222222,Office
74,New Construction,Masonry,9.429678,1.0852066666666669,Office
74,New Construction,Steel,49.28351844444445,47.52331911111111,Office
75,New Construction,Aluminum,15.715352941176471,103.24986274509804,Office
75,New Construction,Concrete,832.6652156862745,95.6450588235294,Office
75,New Construction,Glazing,2.284676470588235,5.70379411764706,Office
75,New Construction,Gypsum,5.001519607843138,1.6448823529411765,Office
75,New Construction,Insulation,4.636019607843137,1.1251176470588236,Office
75,New Construction,Roofing and waterproofing,1.556529411764706,3.766803921568628,Office
75,New Construction,Steel,90.99285294117648,124.33876470588234,Office
75,New Construction,Wood and composites,15.635372549019609,13.259264705882352,Office
76,New Construction,Aluminum,6.920587387387388,45.476866666666666,Warehouse and Storage
76,New Construction,Cladding,8.398338738738738,24.33553513513513,Warehouse and Storage
76,New Construction,Concrete,2104.309300900901,191.8214936936937,Warehouse and Storage
76,New Construction,Doors and frames,2.3591891891891894,6.275106306306306,Warehouse and Storage
76,New Construction,Glazing,1.9933225225225224,3.8637423423423423,Warehouse and Storage
76,New Construction,Gypsum,0.0030684684684684,0.001009009009009,Warehouse and Storage
76,New Construction,Insulation,0.0001171171171171,0.0001657657657657,Warehouse and Storage
76,New Construction,Steel,33.53731531531532,26.874873873873877,Warehouse and Storage
76,New Construction,Windows and frames,0.0224972972972972,0.2261009009009008,Warehouse and Storage
77,New Construction,Aluminum,25.27715862068965,167.5334264367816,Warehouse and Storage
77,New Construction,Cladding,7.463545977011494,22.26614252873563,Warehouse and Storage
77,New Construction,Concrete,753.8715781609195,71.78390000000002,Warehouse and Storage
77,New Construction,Doors and frames,1.3037770114942528,0.5700068965517241,Warehouse and Storage
77,New Construction,Glazing,1.151587356321839,2.5900597701149426,Warehouse and Storage
77,New Construction,Gypsum,0.8088701149425287,0.2513459770114942,Warehouse and Storage
77,New Construction,Steel,53.28440689655172,49.2116724137931,Warehouse and Storage
78,New Construction,Aluminum,4.664253846153846,35.31319798816568,Laboratory
78,New Construction,Concrete,1287.78044556213,129.58287349112425,Laboratory
78,New Construction,Glazing,7.179744852071005,10.267035147928992,Laboratory
78,New Construction,Gypsum,1.4669532544378698,0.5798010650887574,Laboratory
78,New Construction,Insulation,0.2804350295857988,0.5664788165680473,Laboratory
78,New Construction,Masonry,1.610390769230769,0.3510652071005917,Laboratory
78,New Construction,Steel,124.85686177514792,168.9521300591716,Laboratory
79,New Construction,Cladding,0.5761546511627907,1.5776232558139536,Office
79,New Construction,Concrete,1074.3464145348837,147.5670453488372,Office
79,New Construction,Doors and frames,0.3158499999999999,0.5574308139534884,Office
79,New Construction,Glazing,0.2880813953488372,1.0801651162790695,Office
79,New Construction,Gypsum,7.329960465116279,2.4698052325581394,Office
79,New Construction,Insulation,3.673531395348837,7.621138953488372,Office
79,New Construction,Masonry,3.057429069767442,0.7254186046511628,Office
79,New Construction,Roofing and waterproofing,0.4121,1.432166860465116,Office
79,New Construction,Steel,63.46093720930232,63.81554651162791,Office
79,New Construction,Synthetic composites,1.6046523255813954,1.2089889534883722,Office
79,New Construction,Windows and frames,7.469890697674419,36.64166337209303,Office
79,New Construction,Wood and composites,69.44284476744187,21.972602906976743,Office
8,New Construction,Air and vapor barriers,0.883561038961039,2.7478727272727275,Residential: Multifamily (5 or more units)
8,New Construction,Concrete,446.0265038961039,91.83003116883116,Residential: Multifamily (5 or more units)
8,New Construction,Doors and frames,9.84147792207792,18.167496103896102,Residential: Multifamily (5 or more units)
8,New Construction,Flooring and tile,1.6187402597402598,6.978753246753247,Residential: Multifamily (5 or more units)
8,New Construction,Glazing,1.9983064935064936,2.5623324675324675,Residential: Multifamily (5 or more units)
8,New Construction,Gypsum,106.9501974025974,35.265335064935066,Residential: Multifamily (5 or more units)
8,New Construction,Insulation,33.71431168831169,57.365659740259744,Residential: Multifamily (5 or more units)
8,New Construction,Masonry,331.2995896103896,57.30343896103896,Residential: Multifamily (5 or more units)
8,New Construction,Roofing and waterproofing,7.037784415584415,24.49148831168831,Residential: Multifamily (5 or more units)
8,New Construction,Steel,103.66812467532466,277.90395324675325,Residential: Multifamily (5 or more units)
8,New Construction,Windows and frames,0.3664103896103896,2.0427012987012985,Residential: Multifamily (5 or more units)
8,New Construction,Wood and composites,205.82936883116884,43.6736,Residential: Multifamily (5 or more units)
80,New Construction,Cladding,1.4728795180722891,5.57955421686747,Other
80,New Construction,Coatings,0.0472289156626506,0.091144578313253,Other
80,New Construction,Concrete,2080.326144578313,262.0783493975904,Other
80,New Construction,Doors and frames,1.107204819277109,10.868277108433734,Other
80,New Construction,Gypsum,13.902361445783132,4.496650602409638,Other
80,New Construction,Insulation,0.0762289156626506,3.2907831325301204,Other
80,New Construction,Masonry,143.37251807228915,58.67555421686748,Other
80,New Construction,Roofing and waterproofing,0.5068192771084338,0.498710843373494,Other
80,New Construction,Steel,189.10180722891567,177.10514457831326,Other
81,New Construction,Acoustic ceilings,0.1054837135805712,0.1536328982780258,Residential: Multifamily (5 or more units)
81,New Construction,Adhesives and sealants,0.3370829780561343,0.0975937791245508,Residential: Multifamily (5 or more units)
81,New Construction,Air and vapor barriers,0.5218961877154205,1.0594492610623034,Residential: Multifamily (5 or more units)
81,New Construction,Aluminum,1.239835310983672,10.09214582817804,Residential: Multifamily (5 or more units)
81,New Construction,Applied fireproofing,0.5648083123606733,0.6438814760911675,Residential: Multifamily (5 or more units)
81,New Construction,Cladding,13.475112651989267,8.544844376343345,Residential: Multifamily (5 or more units)
81,New Construction,Coatings,1.0641622470850909,2.6105863404993137,Residential: Multifamily (5 or more units)
81,New Construction,Concrete,2041.2292193192689,293.79518582067163,Residential: Multifamily (5 or more units)
81,New Construction,Doors and frames,5.100836603063625,10.3338018988155,Residential: Multifamily (5 or more units)
81,New Construction,Flooring and tile,2.694537550126301,5.48513587256575,Residential: Multifamily (5 or more units)
81,New Construction,Glazing,3.4136782484280386,4.574328852893572,Residential: Multifamily (5 or more units)
81,New Construction,Gypsum,95.63356358955404,19.73865106957116,Residential: Multifamily (5 or more units)
81,New Construction,Insulation,5.359605293994967,13.812350109776997,Residential: Multifamily (5 or more units)
81,New Construction,Masonry,13.18539461174457,2.019887572437255,Residential: Multifamily (5 or more units)
81,New Construction,Other,0.5822293800882813,1.6535314394507186,Residential: Multifamily (5 or more units)
81,New Construction,Other metals,0.0251399485056307,0.127262934592288,Residential: Multifamily (5 or more units)
81,New Construction,Roofing and waterproofing,1.88930140573374,0.7594808933312137,Residential: Multifamily (5 or more units)
81,New Construction,Steel,84.98859504664011,184.6665337815147,Residential: Multifamily (5 or more units)
81,New Construction,Synthetic composites,0.002166747627916,0.0113104226177219,Residential: Multifamily (5 or more units)
81,New Construction,Windows and frames,0.5836082572000514,6.322429333707827,Residential: Multifamily (5 or more units)
81,New Construction,Wood and composites,1.5644711917110383,0.4499282245352209,Residential: Multifamily (5 or more units)
82,New Construction,Adhesives and sealants,0.0126161638714943,0.0326758644271702,Office
82,New Construction,Air and vapor barriers,0.9264111637148946,2.427197248933024,Office
82,New Construction,Aluminum,0.2392481672756515,2.167588395517403,Office
82,New Construction,Cladding,13.059217924470785,30.42797776401693,Office
82,New Construction,Coatings,1.7996977601772488,16.582452764276308,Office
82,New Construction,Concrete,1267.668268608348,234.92875080147755,Office
82,New Construction,Doors and frames,2.4636279400873846,11.106463128577936,Office
82,New Construction,Glazing,7.612012547656615,11.087775234742958,Office
82,New Construction,Gypsum,98.56856236614368,23.59644627268,Office
82,New Construction,Insulation,9.905352433467243,20.619114444264508,Office
82,New Construction,Other metals,0.3414486114385167,1.6679282428970694,Office
82,New Construction,Roofing and waterproofing,0.1550396303416373,0.4883748355761578,Office
82,New Construction,Steel,51.13327504920999,53.0362986002622,Office
82,New Construction,Synthetic composites,0.6956649215907778,3.930506806987895,Office
82,New Construction,Windows and frames,1.188570124681846,11.558945329010216,Office
82,New Construction,Wood and composites,81.04111289966396,15.591525625982063,Office
83,New Construction,Acoustic ceilings,1.7800982130496552,5.676685272229927,Education
83,New Construction,Adhesives and sealants,0.1941357461061609,0.2884715344010696,Education
83,New Construction,Air and vapor barriers,0.1494110644863448,0.3033044609072799,Education
83,New Construction,Aluminum,1.688916026444138,10.285273438682609,Education
83,New Construction,Applied fireproofing,29.011951025985287,33.07362416962322,Education
83,New Construction,Cladding,1.3412259943678162,2.312369896685853,Education
83,New Construction,Coatings,0.3349287708902528,1.2802023798613114,Education
83,New Construction,Concrete,886.5171841904919,213.6687784925358,Education
83,New Construction,Doors and frames,0.8975605633085977,3.3370174915428783,Education
83,New Construction,Flooring and tile,4.8588323664551725,3.393355165036988,Education
83,New Construction,Glazing,10.351386808761196,16.002139724926455,Education
83,New Construction,Gypsum,39.72222159161687,9.081979692502577,Education
83,New Construction,Insulation,1.5198279810950346,3.0168291829168674,Education
83,New Construction,Masonry,0.1832880038243678,0.0954799120382096,Education
83,New Construction,Other,0.0219864380928735,0.0624414841837609,Education
83,New Construction,Other metals,0.0120501664717701,0.0500190311625227,Education
83,New Construction,Roofing and waterproofing,0.4105844052952643,0.9330301505367284,Education
83,New Construction,Steel,168.69296400660212,243.9487423263403,Education
83,New Construction,Synthetic composites,0.4979723609195402,0.6025465567126437,Education
83,New Construction,Windows and frames,1.6014340213820693,16.01385954071724,Education
83,New Construction,Wood and composites,0.0437626608781609,0.007352127027531,Education
84,New Construction,Adhesives and sealants,0.085610970363159,0.2328959487503785,Residential: Multifamily (5 or more units)
84,New Construction,Air and vapor barriers,0.0852507396920008,0.218937553314815,Residential: Multifamily (5 or more units)
84,New Construction,Aluminum,0.3548616095963454,2.630721307705772,Residential: Multifamily (5 or more units)
84,New Construction,Cladding,21.26081238579864,10.76647496283411,Residential: Multifamily (5 or more units)
84,New Construction,Coatings,0.7245449845468531,1.9110566176526165,Residential: Multifamily (5 or more units)
84,New Construction,Concrete,578.1745032511544,123.08672806959036,Residential: Multifamily (5 or more units)
84,New Construction,Doors and frames,1.657305537585628,4.984793861232459,Residential: Multifamily (5 or more units)
84,New Construction,Flooring and tile,0.1395523179397661,0.1563891440506526,Residential: Multifamily (5 or more units)
84,New Construction,Glazing,3.407080028485049,4.3880641510990985,Residential: Multifamily (5 or more units)
84,New Construction,Gypsum,68.37448444286169,15.877998686656383,Residential: Multifamily (5 or more units)
84,New Construction,Insulation,2.0681044741458803,3.562336843816948,Residential: Multifamily (5 or more units)
84,New Construction,Masonry,35.00112234865015,5.093891540072833,Residential: Multifamily (5 or more units)
84,New Construction,Other,0.6152743907655336,1.747379269774115,Residential: Multifamily (5 or more units)
84,New Construction,Other metals,0.0223719750562088,0.0988832975834137,Residential: Multifamily (5 or more units)
84,New Construction,Roofing and waterproofing,2.7948977592335678,2.256014685181962,Residential: Multifamily (5 or more units)
84,New Construction,Steel,47.87289858726451,95.99102111563305,Residential: Multifamily (5 or more units)
84,New Construction,Synthetic composites,0.6788305998710435,1.982185351623448,Residential: Multifamily (5 or more units)
84,New Construction,Wall coverings,0.0619669207842428,0.0304257581050632,Residential: Multifamily (5 or more units)
84,New Construction,Windows and frames,0.7078424607630466,2.167409730885159,Residential: Multifamily (5 or more units)
84,New Construction,Wood and composites,27.40394459488582,5.885863934464704,Residential: Multifamily (5 or more units)
86,New Construction,Adhesives and sealants,0.0002482938490043,0.0002194917625198,Public Order and Safety
86,New Construction,Cladding,14.926066609986576,40.7618730070843,Public Order and Safety
86,New Construction,Coatings,1.0517342945374577,9.219849555383092,Public Order and Safety
86,New Construction,Concrete,1317.8504432985487,294.584601883394,Public Order and Safety
86,New Construction,Doors and frames,0.6575780521568548,2.210405716971896,Public Order and Safety
86,New Construction,Flooring and tile,0.2510068288886293,0.0657637891688209,Public Order and Safety
86,New Construction,Glazing,1.5862945891309503,2.136763870569486,Public Order and Safety
86,New Construction,Gypsum,10.074075679095936,3.4169694562216595,Public Order and Safety
86,New Construction,Insulation,0.7387001450831452,2.400775471520222,Public Order and Safety
86,New Construction,Masonry,415.0465971593806,63.04575767245021,Public Order and Safety
86,New Construction,Other metals,1.102076536975327,6.2754892339221495,Public Order and Safety
86,New Construction,Roofing and waterproofing,0.3566090876619968,1.237433534187129,Public Order and Safety
86,New Construction,Steel,178.70508142705862,297.6505193734648,Public Order and Safety
86,New Construction,Windows and frames,0.4638048135430129,4.622889424476856,Public Order and Safety
86,New Construction,Wood and composites,0.0057223973012725,0.001092977884543,Public Order and Safety
87,New Construction,Adhesives and sealants,0.5346188900340855,1.4648557586933937,Public Order and Safety
87,New Construction,Air and vapor barriers,1.329583542819157,2.028721964044628,Public Order and Safety
87,New Construction,Cladding,0.1822620052669271,1.614043556110393,Public Order and Safety
87,New Construction,Coatings,0.7383248209369772,2.6780537255454795,Public Order and Safety
87,New Construction,Concrete,686.9588424269609,157.96954637215964,Public Order and Safety
87,New Construction,Doors and frames,1.9350625620066664,6.7619252268718,Public Order and Safety
87,New Construction,Flooring and tile,0.9460399916127556,0.247862477802542,Public Order and Safety
87,New Construction,Glazing,7.88225197015696,32.741809689678355,Public Order and Safety
87,New Construction,Gypsum,36.526218437722,13.187292464685283,Public Order and Safety
87,New Construction,Insulation,5.561603944289671,13.91937153653052,Public Order and Safety
87,New Construction,Masonry,200.86443815349136,30.83345386887433,Public Order and Safety
87,New Construction,Other metals,0.0020269908985755,0.0082093131392307,Public Order and Safety
87,New Construction,Roofing and waterproofing,1.5755578161233403,5.467185621947991,Public Order and Safety
87,New Construction,Steel,102.6954515501256,144.3518017779975,Public Order and Safety
87,New Construction,Windows and frames,1.7244469065241208,17.029914570974537,Public Order and Safety
87,New Construction,Wood and composites,0.0150573351063277,0.0039751364680705,Public Order and Safety
88,New Construction,Adhesives and sealants,0.0012891051541762,0.0001998112988973,Office
88,New Construction,Air and vapor barriers,0.8859416675310483,1.3921723975227085,Office
88,New Construction,Aluminum,26.872608087495102,194.1933993693272,Office
88,New Construction,Cladding,28.51574061403128,51.32833310525631,Office
88,New Construction,Coatings,1.6548905694739326,16.628329144793682,Office
88,New Construction,Concrete,488.3402227444857,113.79031846994404,Office
88,New Construction,Doors and frames,1.1488222349791453,4.782354245920862,Office
88,New Construction,Flooring and tile,2.284808324925758,5.031720247229838,Office
88,New Construction,Glazing,6.636549190716143,11.326458904422667,Office
88,New Construction,Gypsum,37.49022812979739,9.241153320041144,Office
88,New Construction,Insulation,7.090350573408907,16.801683016189667,Office
88,New Construction,Masonry,136.90169249949247,21.06344404769784,Office
88,New Construction,Other metals,0.0008218938650371,0.0074463584172363,Office
88,New Construction,Steel,69.31254676657576,121.38621100808749,Office
88,New Construction,Wall coverings,0.0409609768041097,0.8151234384017839,Office
89,New Construction,Air and vapor barriers,1.3728639450637037,2.1279391148487403,Office
89,New Construction,Aluminum,0.972315871264792,5.464415196508132,Office
89,New Construction,Cladding,0.0193347658683901,0.0485302623296593,Office
89,New Construction,Coatings,0.7604329450422859,5.686148911627663,Office
89,New Construction,Concrete,430.2183394141637,69.2882809271734,Office
89,New Construction,Doors and frames,0.6463608296351186,2.001371327439065,Office
89,New Construction,Flooring and tile,2.9185765921544373,0.7646670671444626,Office
89,New Construction,Glazing,1.906465043043699,3.0011695961005977,Office
89,New Construction,Gypsum,21.816472005176,7.732064188208544,Office
89,New Construction,Insulation,3.2068671551893093,8.022122673189719,Office
89,New Construction,Masonry,248.78327880834985,28.163371629169028,Office
89,New Construction,Other metals,0.0318282764669504,0.1593863589728105,Office
89,New Construction,Roofing and waterproofing,0.703710316354356,2.2448359091703947,Office
89,New Construction,Steel,51.21445385730584,107.59503017699586,Office
89,New Construction,Synthetic composites,0.6494021654156525,0.7857766201529395,Office
89,New Construction,Windows and frames,0.8477584739711881,8.477584739711881,Office
89,New Construction,Wood and composites,5.822575188236709,3.790891070263348,Office
9,New Construction,Acoustic ceilings,2.7233724514234234,4.21453607174991,Healthcare
9,New Construction,Adhesives and sealants,0.2533186585313513,0.4150331466677472,Healthcare
9,New Construction,Air and vapor barriers,0.419498962372973,0.6502233916781082,Healthcare
9,New Construction,Aluminum,2.379136223281982,20.58888768448564,Healthcare
9,New Construction,Applied fireproofing,21.8317714479918,24.88821945071065,Healthcare
9,New Construction,Cladding,8.234764585895496,23.09210801409097,Healthcare
9,New Construction,Coatings,1.452492208963874,12.023484997666214,Healthcare
9,New Construction,Concrete,760.3117811796307,96.23222932708973,Healthcare
9,New Construction,Doors and frames,4.020267038994325,7.9882126777889955,Healthcare
9,New Construction,Flooring and tile,10.732843969785948,12.207958158384963,Healthcare
9,New Construction,Glazing,6.436382892790631,9.645658055378396,Healthcare
9,New Construction,Gypsum,92.60860360677344,19.439168007791025,Healthcare
9,New Construction,Insulation,3.841057659292252,18.1449517978726,Healthcare
9,New Construction,Masonry,32.47713107999694,8.23495875139955,Healthcare
9,New Construction,Other metals,0.0236049842561261,0.1014026491117783,Healthcare
9,New Construction,Steel,109.4585873281518,139.3916514943194,Healthcare
9,New Construction,Wall coverings,0.0352118903504504,0.7007166179739639,Healthcare
9,New Construction,Windows and frames,0.0226360825765765,0.1853960238744504,Healthcare
9,New Construction,Wood and composites,1.3204840299735134,0.8131688899878059,Healthcare
90,New Construction,Adhesives and sealants,0.7852754317470034,2.15165468298679,Other
90,New Construction,Air and vapor barriers,1.184618552827164,0.9595410277900028,Other
90,New Construction,Aluminum,1.2108421014266295,9.09342418171399,Other
90,New Construction,Cladding,30.345703593914223,54.6222664690456,Other
90,New Construction,Coatings,0.6612292021902778,7.006042563757017,Other
90,New Construction,Concrete,2150.683269317584,370.33337312646745,Other
90,New Construction,Doors and frames,2.004994831042821,6.51399481862178,Other
90,New Construction,Glazing,4.280860884301799,5.777902123696659,Other
90,New Construction,Gypsum,61.57381402158248,12.499484246381243,Other
90,New Construction,Insulation,16.952965784893337,30.894219608625438,Other
90,New Construction,Other metals,0.000510291415026,0.0029494843788502,Other
90,New Construction,Roofing and waterproofing,2.0210450668281297,6.265239707167203,Other
90,New Construction,Steel,279.2573307049548,510.47946055260223,Other
90,New Construction,Synthetic composites,1.5876071705414885,1.9210046763552004,Other
90,New Construction,Wood and composites,57.489030208052135,10.406003515992428,Other
91,New Construction,Aluminum,2.2493306402858577,12.641238198406525,Warehouse and Storage
91,New Construction,Coatings,0.8803436859961044,17.782942457121308,Warehouse and Storage
91,New Construction,Concrete,309.22687357656844,103.28177577457367,Warehouse and Storage
91,New Construction,Gypsum,19.4251394178947,9.188090944664191,Warehouse and Storage
91,New Construction,Steel,53.20383719338636,76.48696103111583,Warehouse and Storage
92,New Construction,Acoustic ceilings,0.98565701454986,1.5253466487450165,Office
92,New Construction,Adhesives and sealants,0.0945880464611145,0.2471743578444325,Office
92,New Construction,Air and vapor barriers,0.5659737339412512,1.482851182926078,Office
92,New Construction,Aluminum,1.198120417563127,10.608741835990768,Office
92,New Construction,Cladding,2.375696774302987,13.184442661927251,Office
92,New Construction,Coatings,0.8213379664902273,1.866693170922439,Office
92,New Construction,Concrete,452.3113034374039,83.92760994341428,Office
92,New Construction,Doors and frames,5.08085261375011,21.624788472886447,Office
92,New Construction,Flooring and tile,1.6695227228519902,0.4374149533872213,Office
92,New Construction,Glazing,4.555173421610013,5.613882500571078,Office
92,New Construction,Gypsum,76.76748982687148,19.381531128240372,Office
92,New Construction,Insulation,6.098339273604804,13.523742557136709,Office
92,New Construction,Masonry,21.58377012137752,3.3564070293338277,Office
92,New Construction,Other,0.0499631941910588,0.116414242465167,Office
92,New Construction,Other metals,0.0679792546569964,0.3862500161325884,Office
92,New Construction,Roofing and waterproofing,1.026124643018719,3.2353209698792087,Office
92,New Construction,Steel,17.55818436127439,23.151402884282277,Office
92,New Construction,Windows and frames,0.345263919370821,3.608439018042638,Office
92,New Construction,Wood and composites,48.96740435046046,11.368588562287076,Office
93,New Construction,Adhesives and sealants,0.217003975212013,0.5945908920809158,Laboratory
93,New Construction,Air and vapor barriers,0.8525059911118913,1.3229184764339226,Laboratory
93,New Construction,Aluminum,2.671978406173118,19.01193940506665,Laboratory
93,New Construction,Cladding,13.46529106819272,6.49335021887644,Laboratory
93,New Construction,Coatings,0.1852536262983899,2.159734670713959,Laboratory
93,New Construction,Concrete,1480.031016291883,234.30232647734428,Laboratory
93,New Construction,Doors and frames,0.1855140505213231,0.6577799952235377,Laboratory
93,New Construction,Glazing,8.688154296388976,9.870543237123355,Laboratory
93,New Construction,Gypsum,9.136550520169976,3.270779654408597,Laboratory
93,New Construction,Insulation,2.487162789093408,4.521920890207956,Laboratory
93,New Construction,Masonry,7.316790267120323,2.2312374180405654,Laboratory
93,New Construction,Other,0.4224593263635913,1.1997844868725995,Laboratory
93,New Construction,Other metals,0.0081537454554752,0.0418672592881258,Laboratory
93,New Construction,Roofing and waterproofing,0.5584980706815614,1.7313440191128404,Laboratory
93,New Construction,Steel,141.85190339101808,272.86989937288354,Laboratory
93,New Construction,Wood and composites,2.4763646645237847,0.9707349484933236,Laboratory
94,New Construction,Adhesives and sealants,0.1522146864939835,0.0462471534455868,Residential: Multifamily (5 or more units)
94,New Construction,Air and vapor barriers,0.0564652832891692,0.0457368794642271,Residential: Multifamily (5 or more units)
94,New Construction,Aluminum,0.4889699446783959,4.707665405932503,Residential: Multifamily (5 or more units)
94,New Construction,Applied fireproofing,0.0064075733974697,0.0162111606955984,Residential: Multifamily (5 or more units)
94,New Construction,Cladding,4.917945151208334,3.822250642613483,Residential: Multifamily (5 or more units)
94,New Construction,Coatings,0.341963575223961,1.4045886199127318,Residential: Multifamily (5 or more units)
94,New Construction,Concrete,487.17512261711215,105.59751476157264,Residential: Multifamily (5 or more units)
94,New Construction,Doors and frames,2.363108182565629,5.699375550812619,Residential: Multifamily (5 or more units)
94,New Construction,Flooring and tile,3.486533633192622,3.10504710111389,Residential: Multifamily (5 or more units)
94,New Construction,Glazing,2.070780965111811,2.789742913527115,Residential: Multifamily (5 or more units)
94,New Construction,Gypsum,56.64147724662232,12.104666294801616,Residential: Multifamily (5 or more units)
94,New Construction,Insulation,1.906862615981763,10.921159029884803,Residential: Multifamily (5 or more units)
94,New Construction,Masonry,14.742747230085644,2.164505549842886,Residential: Multifamily (5 or more units)
94,New Construction,Other,0.2980401458886302,0.791250668874124,Residential: Multifamily (5 or more units)
94,New Construction,Other metals,0.0177320478580641,0.0912367307669287,Residential: Multifamily (5 or more units)
94,New Construction,Roofing and waterproofing,0.2015229042773064,0.7682114043640589,Residential: Multifamily (5 or more units)
94,New Construction,Steel,39.88043861811055,79.66213503290811,Residential: Multifamily (5 or more units)
94,New Construction,Synthetic composites,0.1042229008077975,0.3038812795769858,Residential: Multifamily (5 or more units)
94,New Construction,Wall coverings,0.0191193489950417,0.0093876003565655,Residential: Multifamily (5 or more units)
94,New Construction,Windows and frames,0.2943083216402094,0.839859679518844,Residential: Multifamily (5 or more units)
94,New Construction,Wood and composites,23.059382717611506,6.350632697564674,Residential: Multifamily (5 or more units)
95,New Construction,Acoustic ceilings,0.2833341777373798,0.4384718336164949,Public Order and Safety
95,New Construction,Air and vapor barriers,0.8592266743521074,1.7442301489347785,Public Order and Safety
95,New Construction,Aluminum,0.3651847368979237,2.7425373741034065,Public Order and Safety
95,New Construction,Cladding,6.147942575093284,14.264067476324149,Public Order and Safety
95,New Construction,Coatings,0.8677097855651634,7.279305079661128,Public Order and Safety
95,New Construction,Concrete,684.6094995073471,134.38452927086,Public Order and Safety
95,New Construction,Doors and frames,3.0691461142102363,11.904669900720108,Public Order and Safety
95,New Construction,Flooring and tile,0.0698528017388509,0.0183014340555789,Public Order and Safety
95,New Construction,Glazing,0.924579472377418,1.23893649298574,Public Order and Safety
95,New Construction,Gypsum,22.12355818185668,5.365054037248648,Public Order and Safety
95,New Construction,Insulation,3.947922440290911,11.188130280995374,Public Order and Safety
95,New Construction,Masonry,332.4324525576022,51.4874708091893,Public Order and Safety
95,New Construction,Other,0.0031753316311731,0.0090179418325317,Public Order and Safety
95,New Construction,Other metals,0.2591519631459435,1.0552201820791216,Public Order and Safety
95,New Construction,Roofing and waterproofing,0.471732291801157,0.4556933938799176,Public Order and Safety
95,New Construction,Steel,68.17997264540243,125.9637465324244,Public Order and Safety
95,New Construction,Windows and frames,0.0717671128557847,0.5460390227555292,Public Order and Safety
95,New Construction,Wood and composites,0.2658001401659166,0.0701712370038019,Public Order and Safety
96,New Construction,Acoustic ceilings,1.307377257696,2.02322257059008,Public Order and Safety
96,New Construction,Adhesives and sealants,0.21721674696,0.0988336198667999,Public Order and Safety
96,New Construction,Aluminum,4.342959143912,32.96003134647872,Public Order and Safety
96,New Construction,Cladding,10.156082381224,18.39712333712552,Public Order and Safety
96,New Construction,Coatings,0.0946353674959999,0.71817568772424,Public Order and Safety
96,New Construction,Concrete,1628.494089984,276.83538988624906,Public Order and Safety
96,New Construction,Doors and frames,1.438835403688,3.69829710395544,Public Order and Safety
96,New Construction,Flooring and tile,0.664376430648,2.82011976323632,Public Order and Safety
96,New Construction,Glazing,7.345391026768,10.11240557083456,Public Order and Safety
96,New Construction,Gypsum,78.91673618819999,17.949477274135802,Public Order and Safety
96,New Construction,Insulation,11.629503008712,41.08884849701952,Public Order and Safety
96,New Construction,Other metals,0.1995026743848,0.8808569698433439,Public Order and Safety
96,New Construction,Roofing and waterproofing,1.04976235064,3.6426753567208,Public Order and Safety
96,New Construction,Steel,64.1705931329784,118.63830522365372,Public Order and Safety
96,New Construction,Windows and frames,2.8563666906064,28.563666906064,Public Order and Safety
96,New Construction,Wood and composites,101.32609660184,37.59198183928264,Public Order and Safety
97,New Construction,Acoustic ceilings,0.062090632879982,0.1905594815332445,Residential: Multifamily (5 or more units)
97,New Construction,Adhesives and sealants,0.1033355077810477,0.1068545848798226,Residential: Multifamily (5 or more units)
97,New Construction,Air and vapor barriers,0.0191937033902574,0.0425844147662228,Residential: Multifamily (5 or more units)
97,New Construction,Aluminum,1.458107625297932,10.785406927627577,Residential: Multifamily (5 or more units)
97,New Construction,Applied fireproofing,0.0158442790832681,0.0180624781549256,Residential: Multifamily (5 or more units)
97,New Construction,Cladding,1.038174447061275,0.6323744928209596,Residential: Multifamily (5 or more units)
97,New Construction,Coatings,0.2120716983831158,1.3441332823208914,Residential: Multifamily (5 or more units)
97,New Construction,Concrete,1045.2626990840747,155.8321882517492,Residential: Multifamily (5 or more units)
97,New Construction,Doors and frames,1.0361484252696298,2.171305222543836,Residential: Multifamily (5 or more units)
97,New Construction,Flooring and tile,1.567724813596481,1.9169915162694096,Residential: Multifamily (5 or more units)
97,New Construction,Glazing,2.4138127290233395,3.2343055611478477,Residential: Multifamily (5 or more units)
97,New Construction,Gypsum,89.86596143661463,18.6784991768026,Residential: Multifamily (5 or more units)
97,New Construction,Insulation,0.6714823493564107,26.14238693433627,Residential: Multifamily (5 or more units)
97,New Construction,Masonry,5.607291644101849,1.054256665801667,Residential: Multifamily (5 or more units)
97,New Construction,Other,0.0285057501539833,0.0809563304373127,Residential: Multifamily (5 or more units)
97,New Construction,Other metals,0.0069258679959216,0.0339347742793446,Residential: Multifamily (5 or more units)
97,New Construction,Roofing and waterproofing,1.065366314815545,3.0404899355045645,Residential: Multifamily (5 or more units)
97,New Construction,Steel,53.00266850242924,106.47289484588092,Residential: Multifamily (5 or more units)
97,New Construction,Synthetic composites,0.8920948674460888,5.040336001070402,Residential: Multifamily (5 or more units)
97,New Construction,Wall coverings,0.0028709362655083,0.0014096297063645,Residential: Multifamily (5 or more units)
97,New Construction,Windows and frames,0.3440567529820734,3.3162974484261003,Residential: Multifamily (5 or more units)
97,New Construction,Wood and composites,2.0074139238657813,0.5301256380946622,Residential: Multifamily (5 or more units)
98,New Construction,Acoustic ceilings,1.5359577079112066,3.247305382820666,Public Assembly
98,New Construction,Adhesives and sealants,0.536707270233925,1.3977961924589943,Public Assembly
98,New Construction,Aluminum,0.0213925256192408,0.1202259939801336,Public Assembly
98,New Construction,Applied fireproofing,9.939422939304476,11.330942150807102,Public Assembly
98,New Construction,Cladding,7.560768078644577,3.938979980973584,Public Assembly
98,New Construction,Coatings,0.5057590871764964,1.2768797125869422,Public Assembly
98,New Construction,Concrete,911.6900835834728,126.20984258464668,Public Assembly
98,New Construction,Doors and frames,1.8988618930850385,3.492525984657845,Public Assembly
98,New Construction,Flooring and tile,1.603142911431212,2.1708246631555426,Public Assembly
98,New Construction,Glazing,5.666413709949651,7.581448987957332,Public Assembly
98,New Construction,Gypsum,37.99048640260577,9.001694247963615,Public Assembly
98,New Construction,Insulation,3.741127120261491,7.168492082068935,Public Assembly
98,New Construction,Masonry,34.696242309880496,9.014663949914183,Public Assembly
98,New Construction,Other,0.0112119703987568,0.0318419959324695,Public Assembly
98,New Construction,Other metals,0.0107931858188777,0.0566461421480594,Public Assembly
98,New Construction,Roofing and waterproofing,1.1236072026519786,0.8854024756897589,Public Assembly
98,New Construction,Steel,81.963938891454,128.7091731651202,Public Assembly
98,New Construction,Synthetic composites,0.3103147829620471,1.4522731842623806,Public Assembly
98,New Construction,Wall coverings,0.0290429214139762,0.088733386281916,Public Assembly
98,New Construction,Windows and frames,0.1495009599441964,0.9069627660401788,Public Assembly
98,New Construction,Wood and composites,25.10111248989863,12.587249155514083,Public Assembly
