project_index,bldg_proj_type,mat_type,mui,eci,bldg_prim_use_recat
1,New Construction,Acoustic ceiling tile aluminum,0.0419354914756701,0.2830645674607732,Residential: Multifamily (5 or more units)
1,New Construction,Acoustic ceiling tile fiber,0.0330335886272164,0.1152872243089855,Residential: Multifamily (5 or more units)
1,New Construction,Acoustic ceilings - other,3.862470554639176,6.991071703896907,Residential: Multifamily (5 or more units)
1,New Construction,Adhesives and sealants,0.0872588851780618,0.2286555204494854,Residential: Multifamily (5 or more units)
1,New Construction,Air and vapor barriers,0.0842328030853608,0.1809584646060845,Residential: Multifamily (5 or more units)
1,New Construction,Aluminum - other,0.7810479839587628,6.611447110428454,Residential: Multifamily (5 or more units)
1,New Construction,Aluminum composite panel ACM,1.6140666852783505,12.831830147962886,Residential: Multifamily (5 or more units)
1,New Construction,Aluminum door,0.1366028950630927,0.6254423928062062,Residential: Multifamily (5 or more units)
1,New Construction,Aluminum door frame,0.0026511797938144,0.0231978231958762,Residential: Multifamily (5 or more units)
1,New Construction,Aluminum framed window,0.3335783299014433,3.739627329764346,Residential: Multifamily (5 or more units)
1,New Construction,Aluminum sheet,3.2810505967707626,18.439504353851685,Residential: Multifamily (5 or more units)
1,New Construction,Aluminum storefront or curtain wall,0.1017164003053608,1.0171640030536082,Residential: Multifamily (5 or more units)
1,New Construction,Brick clay,0.7111772532989691,0.205530226203402,Residential: Multifamily (5 or more units)
1,New Construction,CMU,12.781661478969072,1.4315460856445363,Residential: Multifamily (5 or more units)
1,New Construction,Carpet,0.0001762497306391,0.0007367238740717,Residential: Multifamily (5 or more units)
1,New Construction,Ceramic tile,0.0490151832,0.0128419779983999,Residential: Multifamily (5 or more units)
1,New Construction,Closed cell spray polyurethane foam,0.0515269266030927,0.1660158494109381,Residential: Multifamily (5 or more units)
1,New Construction,Coatings - other,0.1013633224842886,1.0658073367378018,Residential: Multifamily (5 or more units)
1,New Construction,Cold formed steel framing,5.191003265787629,12.71795800117969,Residential: Multifamily (5 or more units)
1,New Construction,Concrete - other,2.7144349352989687,0.6016169151344883,Residential: Multifamily (5 or more units)
1,New Construction,Doors and frames - other,0.3451351407895258,2.1320871700897506,Residential: Multifamily (5 or more units)
1,New Construction,EPDM,0.2822748217944742,0.9109377811523924,Residential: Multifamily (5 or more units)
1,New Construction,Extruded polystyrene XPS,0.0716903388350515,4.659410696231044,Residential: Multifamily (5 or more units)
1,New Construction,Extrusion,0.3015792908103092,2.2648604739854226,Residential: Multifamily (5 or more units)
1,New Construction,Fasteners,0.004101929614701,0.0216577307139981,Residential: Multifamily (5 or more units)
1,New Construction,Fiberglass blanket,0.002721534255402,0.0055840829439074,Residential: Multifamily (5 or more units)
1,New Construction,GFRC general,7.856464587113403,1.9326902884298969,Residential: Multifamily (5 or more units)
1,New Construction,Glass mat gypsum board,1.338468929327835,0.633095803572066,Residential: Multifamily (5 or more units)
1,New Construction,Glazing - other,1.7749333781962886,2.996032559489604,Residential: Multifamily (5 or more units)
1,New Construction,Gypsum board,31.68057157676804,6.501664682821498,Residential: Multifamily (5 or more units)
1,New Construction,Hollow structural sections HSS,0.4943983395457731,1.2171717734276186,Residential: Multifamily (5 or more units)
1,New Construction,Hot-rolled sections,0.0063146090457938,0.0060796792297157,Residential: Multifamily (5 or more units)
1,New Construction,Insulated glass unit IGU,0.3824913716731959,0.6797073240787834,Residential: Multifamily (5 or more units)
1,New Construction,Medium density fiberboard MDF,0.0566365718144329,0.0398721465573608,Residential: Multifamily (5 or more units)
1,New Construction,Mineral wool high density,1.3577879764824743,2.430440477903629,Residential: Multifamily (5 or more units)
1,New Construction,Mineral wool low density,0.583522959051134,0.8636139793956784,Residential: Multifamily (5 or more units)
1,New Construction,Modified bitumen,0.4154241993645567,0.308889694977346,Residential: Multifamily (5 or more units)
1,New Construction,Mortar and grout,14.32541435500328,2.6765580553044,Residential: Multifamily (5 or more units)
1,New Construction,Paint,0.4461606378301443,1.0701367525034908,Residential: Multifamily (5 or more units)
1,New Construction,Precast,0.0623517175463917,0.0097272264561623,Residential: Multifamily (5 or more units)
1,New Construction,Ready mix LW 3000,0.6797377030927835,0.1789064383482597,Residential: Multifamily (5 or more units)
1,New Construction,Ready mix NW 4000,260.42863036319585,41.52917094745349,Residential: Multifamily (5 or more units)
1,New Construction,Ready mix NW 5000,998.7235270430866,178.6400790201538,Residential: Multifamily (5 or more units)
1,New Construction,Ready mix NW 6000,13.50071120329897,2.652910609593271,Residential: Multifamily (5 or more units)
1,New Construction,Ready mix NW 8000,156.59572080626805,36.520547526202506,Residential: Multifamily (5 or more units)
1,New Construction,Rebar and reinforcement,45.48848393198495,86.88281035680683,Residential: Multifamily (5 or more units)
1,New Construction,Resilient flooring vinyl,1.169196417486598,3.090562785168351,Residential: Multifamily (5 or more units)
1,New Construction,Roll formed metal panel aluminum,0.0086156654082474,0.0556571985372783,Residential: Multifamily (5 or more units)
1,New Construction,Softwood framing,0.032918987113402,0.0055303898350515,Residential: Multifamily (5 or more units)
1,New Construction,Softwood plywood,0.023425052070103,0.0061842137465072,Residential: Multifamily (5 or more units)
1,New Construction,Steel - other,4.889334923814433,12.413557037162889,Residential: Multifamily (5 or more units)
1,New Construction,Steel door,0.2993343145030928,0.9548410877266866,Residential: Multifamily (5 or more units)
1,New Construction,Steel door frame,0.0026312971315463,0.0072360671117525,Residential: Multifamily (5 or more units)
1,New Construction,Steel sheet,0.3083118898969072,0.7183667034597938,Residential: Multifamily (5 or more units)
1,New Construction,Stone masonry,0.1053691830329897,0.0587960041324082,Residential: Multifamily (5 or more units)
1,New Construction,Suspension assembly,0.5578886097269279,1.3556693216364346,Residential: Multifamily (5 or more units)
1,New Construction,TPO,0.0098485330329896,0.0314168203752371,Residential: Multifamily (5 or more units)
1,New Construction,Wood and composites - other,0.0041178833505154,0.0019024621079381,Residential: Multifamily (5 or more units)
1,New Construction,Wood door frame,0.0690574152577319,0.3038526271340206,Residential: Multifamily (5 or more units)
1,New Construction,Wood or composite door,1.470029116464536,0.745534451127515,Residential: Multifamily (5 or more units)
100,New Construction,Acoustic ceiling tile aluminum,2.7996197185265306,18.22641516467449,Education
100,New Construction,Acoustic ceiling tile fiber,1.503069667034694,5.245713137951082,Education
100,New Construction,Adhesives and sealants,0.0479262131059591,0.1232280113899277,Education
100,New Construction,Air and vapor barriers,0.9643424315002448,1.732216080847302,Education
100,New Construction,Aluminum composite panel ACM,0.3200842313061224,2.5446696388836734,Education
100,New Construction,Aluminum door frame,0.0005583438367346,0.0048855085714285,Education
100,New Construction,Aluminum sheet,0.2605567067110612,1.563177602007246,Education
100,New Construction,Carpet,0.0495352384824489,0.2610507068025061,Education
100,New Construction,Closed cell spray polyurethane foam,0.3324996571836734,1.0473739201285714,Education
100,New Construction,Coatings - other,0.1610589300367755,1.723330551393498,Education
100,New Construction,Cold formed steel framing,2.4893575055565305,6.0989258886135,Education
100,New Construction,Concrete - other,0.0292711661591836,0.0096371045233423,Education
100,New Construction,Decking,11.163271916020406,28.80124154333265,Education
100,New Construction,Doors and frames - other,0.1598141472843265,0.9325178329004832,Education
100,New Construction,EPDM,0.0035729407612244,0.0123981044414489,Education
100,New Construction,Extruded polystyrene XPS,2.431969297843265,158.06235461306093,Education
100,New Construction,Extrusion,1.589358452855102,13.835048945246266,Education
100,New Construction,Fasteners,0.0043695025530612,0.0229293256271097,Education
100,New Construction,Fiberglass blanket,0.1641539640618775,0.2825142222065339,Education
100,New Construction,Flooring and tile - other,0.0018781133075918,0.0104047477240587,Education
100,New Construction,GFRC general,2.401657826122449,0.5908078252261225,Education
100,New Construction,Glass mat gypsum board,0.9885361671791836,0.4675776070757538,Education
100,New Construction,Glazing - other,0.6482497234693878,0.9987000598212246,Education
100,New Construction,Gypsum board,48.44233628601143,11.068005484618464,Education
100,New Construction,Hollow structural sections HSS,2.103662757793878,5.4274499151082045,Education
100,New Construction,Hot-rolled sections,68.29585326101265,152.93772789102047,Education
100,New Construction,Insulated glass unit IGU,7.067887819032041,8.131259849719918,Education
100,New Construction,Medium density fiberboard MDF,0.2012472581632653,0.1416780697469387,Education
100,New Construction,Mineral wool high density,9.350833938110611,11.890606737890929,Education
100,New Construction,Mineral wool low density,0.0017379651877551,0.0026243274335102,Education
100,New Construction,Modified bitumen,0.2084552100612245,0.1713501826703265,Education
100,New Construction,Mortar and grout,0.0110013674297959,0.005901504527784,Education
100,New Construction,Open web joists,0.9972643079142858,1.3762247449217142,Education
100,New Construction,Oriented strand board OSB,2.810687987865306,1.1017896912432,Education
100,New Construction,Other,0.0021527200991836,0.0061137250816816,Education
100,New Construction,Paint,0.724667717057796,1.697434799377377,Education
100,New Construction,Precast,39.16429386983674,6.215556725388828,Education
100,New Construction,Ready mix LW 3000,5.543490575510204,1.4084653122547413,Education
100,New Construction,Ready mix NW 3000,0.8892343000816327,0.1339388178217291,Education
100,New Construction,Ready mix NW 4000,454.3185866237659,74.54817231963453,Education
100,New Construction,Ready mix NW 5000,176.97252988783674,33.88892325932978,Education
100,New Construction,Rebar and reinforcement,32.496467462458,30.354942848001773,Education
100,New Construction,Roll formed metal panel aluminum,0.1653881230261224,1.068407274748751,Education
100,New Construction,Spray applied cementitious,45.88887519416082,52.31331772134333,Education
100,New Construction,Steel - other,5.440977331202449,13.323380247173764,Education
100,New Construction,Steel door,0.7911750751624489,1.6535513628016,Education
100,New Construction,Steel door frame,7.355508244897959e-05,0.0002022764767346,Education
100,New Construction,Stucco finish,1.2239063760000002,0.6022412754641633,Education
100,New Construction,Suspension assembly,0.8201443037772653,1.9929506581787544,Education
100,New Construction,TPO,0.4242642857546938,1.3534030715574736,Education
102,New Construction,Acoustic ceiling tile aluminum,0.5753649623250001,3.88027609660575,Public Assembly
102,New Construction,Acoustic ceiling tile fiber,1.4792942339175,2.0118401581278,Public Assembly
102,New Construction,Adhesives and sealants,0.1646647759695,0.2038609547538675,Public Assembly
102,New Construction,Air and vapor barriers,0.48836482310725,0.8679988169752699,Public Assembly
102,New Construction,Aluminum door,0.00647719994875,0.026038343793975,Public Assembly
102,New Construction,Aluminum sheet,0.0612984287047499,0.43644481237782,Public Assembly
102,New Construction,CMU,47.017361123250005,5.265944445804,Public Assembly
102,New Construction,Carpet,0.456684269,2.570028651205,Public Assembly
102,New Construction,Ceramic tile,4.87073767282125,1.3196989940879176,Public Assembly
102,New Construction,Closed cell spray polyurethane foam,0.4389924162537499,1.3828261111993123,Public Assembly
102,New Construction,Coatings - other,0.2022837104758749,2.132041443891008,Public Assembly
102,New Construction,Cold formed steel framing,3.012085803101125,7.379610217597756,Public Assembly
102,New Construction,Concrete - other,1.254799028625,0.2486543925000789,Public Assembly
102,New Construction,Decking,8.741551213187499,22.55320213002375,Public Assembly
102,New Construction,Doors and frames - other,0.15334715235625,0.81097959997024,Public Assembly
102,New Construction,Extruded polystyrene XPS,1.15535085480125,75.09037086777708,Public Assembly
102,New Construction,Extrusion,0.767934994143625,5.770378461006243,Public Assembly
102,New Construction,Fasteners,0.0457791050725,0.192484458046545,Public Assembly
102,New Construction,Fiberglass blanket,0.001555909614625,0.0028055203469637,Public Assembly
102,New Construction,Flooring and tile - other,0.0157643323975,0.0873344014821499,Public Assembly
102,New Construction,GFRC general,1.166274182475,0.28690344888885,Public Assembly
102,New Construction,Glass mat gypsum board,13.4577553636875,6.365518287024187,Public Assembly
102,New Construction,Glazing - other,0.0597056601375,0.1009025656323749,Public Assembly
102,New Construction,Gypsum board,23.406538495875,5.293633479298612,Public Assembly
102,New Construction,Hollow structural sections HSS,5.92335250408375,15.301608948858076,Public Assembly
102,New Construction,Hot-rolled sections,41.58420835873125,97.15987048042562,Public Assembly
102,New Construction,Insulated glass unit IGU,1.9405259375987505,2.507377936312121,Public Assembly
102,New Construction,Mineral wool high density,8.5627159583025,10.874649267044177,Public Assembly
102,New Construction,Modified bitumen,1.94682195067625,1.2282265360958775,Public Assembly
102,New Construction,Mortar and grout,57.098323767465,10.038097666608213,Public Assembly
102,New Construction,Open web joists,4.5699091612450005,6.3064746425181,Public Assembly
102,New Construction,Paint,0.243167297881,0.5793938313887138,Public Assembly
102,New Construction,Precast,59.59895008757125,9.641104317547263,Public Assembly
102,New Construction,Ready mix NW 3000,12.7851598125,1.809904872502236,Public Assembly
102,New Construction,Ready mix NW 4000,563.2249384660125,88.79649630418145,Public Assembly
102,New Construction,Ready mix NW 5000,233.62050945437505,44.19559894793076,Public Assembly
102,New Construction,Rebar and reinforcement,59.00258276293512,55.108412300581406,Public Assembly
102,New Construction,Roll formed metal panel aluminum,0.22549881263375,1.456722329614025,Public Assembly
102,New Construction,Roll formed metal panel steel,0.00957445343375,0.0223084765006375,Public Assembly
102,New Construction,Roofing and waterproofing - other,0.147176071,0.071086042293,Public Assembly
102,New Construction,Softwood plywood,0.019581096125,0.005169409377,Public Assembly
102,New Construction,Spray applied cementitious,35.63211625380375,40.62061252933628,Public Assembly
102,New Construction,Steel - other,0.016081470085,0.0398352393394125,Public Assembly
102,New Construction,Steel door,0.30444070727625,0.9595259971679376,Public Assembly
102,New Construction,Steel sheet,0.45537495635,1.26485475325525,Public Assembly
102,New Construction,Suspension assembly,0.6388796414858751,1.5524775288106762,Public Assembly
102,New Construction,TPO,0.261085791975,0.8328636764002499,Public Assembly
102,New Construction,Wood or composite door,0.36682999025375,0.13803761259394,Public Assembly
105,New Construction,Acoustic ceiling tile fiber,3.71163125,0.33499375,Education
105,New Construction,Acoustic ceilings - other,2.6818875,2.2792375,Education
105,New Construction,Aluminum - other,0.38284375,0.975625,Education
105,New Construction,Aluminum storefront or curtain wall,0.02609375,0.2167374999999999,Education
105,New Construction,CMU,2.4622375,0.26615625,Education
105,New Construction,Carpet,0.071475,0.1177999999999999,Education
105,New Construction,Cold formed steel framing,29.36310625,47.12520625,Education
105,New Construction,Decking,65.81125,154.9966375,Education
105,New Construction,Extruded polystyrene XPS,2.7273875,24.37075625,Education
105,New Construction,Extrusion,1.5209875,13.79534375,Education
105,New Construction,Fiberglass blanket,4.17403125,10.40350625,Education
105,New Construction,Fiberglass door,0.59850625,4.54269375,Education
105,New Construction,Flooring and tile - other,3.73509375,3.59339375,Education
105,New Construction,Glass mat gypsum board,23.40915,9.13768125,Education
105,New Construction,Glazing - other,2.89181875,5.0317625,Education
105,New Construction,Glue laminated timber GLT,0.563675,0.1411125,Education
105,New Construction,Gypsum board,31.998475000000003,9.7681,Education
105,New Construction,HDPE,1.0899375,2.18045,Education
105,New Construction,Hollow structural sections HSS,2.8803125,6.883943749999999,Education
105,New Construction,Hot-rolled sections,36.19131875,44.131775000000005,Education
105,New Construction,Insulated glass unit IGU,5.12865,9.80625,Education
105,New Construction,Mineral wool high density,7.3024125,6.1249875,Education
105,New Construction,Mineral wool low density,4.3035250000000005,3.53510625,Education
105,New Construction,Modified bitumen,3.36295,3.41824375,Education
105,New Construction,Mortar and grout,0.10135,0.058175,Education
105,New Construction,Other,11.8417625,10.75583125,Education
105,New Construction,Paint,0.84485625,1.630575,Education
105,New Construction,Precast,2.5247312500000003,0.799875,Education
105,New Construction,Ready mix NW 4000,787.47989375,103.09424375,Education
105,New Construction,Rebar and reinforcement,2.584,2.3849375,Education
105,New Construction,Roll formed metal panel aluminum,0.276075,1.04581875,Education
105,New Construction,Roofing and waterproofing - other,3.77190625,11.75309375,Education
105,New Construction,Softwood framing,0.3976125,0.05455625,Education
105,New Construction,Softwood plywood,2.56858125,1.163925,Education
105,New Construction,Steel door,1.2704062500000002,2.96875,Education
105,New Construction,Steel door frame,0.375,0.76875,Education
105,New Construction,Steel sheet,1.14400625,4.19534375,Education
105,New Construction,Suspension assembly,39.70925,0.0988749999999999,Education
105,New Construction,Synthetic composites,0.5390312500000001,0.34706875,Education
105,New Construction,Wood and composites - other,0.087675,0.2750625,Education
105,New Construction,Wood or composite door,0.70059375,0.85628125,Education
106,New Construction,Acoustic ceiling tile fiber,1.2552007368314615,1.7070730020907878,Public Assembly
106,New Construction,Air and vapor barriers,0.3821509952188441,0.7757665202942533,Public Assembly
106,New Construction,Aluminum door frame,0.0019447607692307,0.0170166567307692,Public Assembly
106,New Construction,Coatings - other,0.4304146645723662,0.5121934508411158,Public Assembly
106,New Construction,Cold formed steel framing,4.4939748339926,9.658556761621997,Public Assembly
106,New Construction,Concrete - other,1.8049735244321137,0.278777154966595,Public Assembly
106,New Construction,Cross laminated timber CLT,41.88278314802717,15.538512547918083,Public Assembly
106,New Construction,Decking,5.6126832687698975,13.302059346984665,Public Assembly
106,New Construction,Doors and frames - other,0.9170135895475218,3.762981102493623,Public Assembly
106,New Construction,Fasteners,0.0209617833161653,0.1168341217757203,Public Assembly
106,New Construction,Glass mat gypsum board,13.526701234750176,6.3981296840368325,Public Assembly
106,New Construction,Glazing - other,2.364508961358749,3.830504517401173,Public Assembly
106,New Construction,Glue laminated timber GLT,61.5698919958003,22.84242993044191,Public Assembly
106,New Construction,Gypsum board,41.01439814057986,9.146285706698018,Public Assembly
106,New Construction,Hardwood,20.374442782964223,15.213887857133136,Public Assembly
106,New Construction,Hollow structural sections HSS,2.8452382414715127,6.970833691605208,Public Assembly
106,New Construction,Hot-rolled sections,21.62466458253189,20.905503371728056,Public Assembly
106,New Construction,Insulated glass unit IGU,6.0159726721190765,7.640285293591231,Public Assembly
106,New Construction,Laminated veneer lumber LVL,0.2371670035523626,0.0877517913143741,Public Assembly
106,New Construction,Mineral wool low density,0.8575269165868,1.2948656440460675,Public Assembly
106,New Construction,Modified bitumen,8.101878675519064,5.244776707196869,Public Assembly
106,New Construction,Paint,0.5407652211516996,1.2979352226403718,Public Assembly
106,New Construction,Plate,9.867932287605102,25.45926530202117,Public Assembly
106,New Construction,Polyisocyanurate PIR,3.829856372390887,10.034223695664126,Public Assembly
106,New Construction,Ready mix NW 3000,2.9116829543070923,0.3731025167140102,Public Assembly
106,New Construction,Ready mix NW 4000,1351.0434811759856,203.94628031325524,Public Assembly
106,New Construction,Rebar and reinforcement,45.73691057829215,87.35749920453799,Public Assembly
106,New Construction,Roofing and waterproofing - other,0.5597181819935922,0.270343881902905,Public Assembly
106,New Construction,Softwood framing,9.379240194155615,1.5757123526181438,Public Assembly
106,New Construction,Softwood plywood,10.579112964742418,2.7928858226919986,Public Assembly
106,New Construction,Spray applied cementitious,14.699325565600788,16.757231144784896,Public Assembly
106,New Construction,Steel - other,0.190846754743861,0.4923846272391614,Public Assembly
106,New Construction,Steel door,0.6315328116079999,1.344896120828197,Public Assembly
106,New Construction,Steel door frame,0.0279931654564102,0.0769812050051282,Public Assembly
106,New Construction,Steel sheet,1.1344869847938974,2.643354674569782,Public Assembly
106,New Construction,Suspension assembly,0.2667599288901779,0.6482266272031324,Public Assembly
106,New Construction,Synthetic composites,2.521481305535552,3.519329600050962,Public Assembly
106,New Construction,Wood and composites - other,0.813993305528241,0.1921024201046648,Public Assembly
106,New Construction,Wood door frame,0.1455928,0.6406083200000001,Public Assembly
106,New Construction,Wood or composite door,0.8875384730584616,0.55451334774528,Public Assembly
106,New Construction,Zinc sheet,0.8041061503215795,4.55124081082014,Public Assembly
109,New Construction,Acoustic ceiling tile fiber,0.1890916608786885,0.3193688312767869,Public Assembly
109,New Construction,Acoustic ceiling tile steel,0.0563524964,0.161731664668,Public Assembly
109,New Construction,Adhesives and sealants,0.0277472312426229,0.0707414038654516,Public Assembly
109,New Construction,Air and vapor barriers,0.4467973172950819,0.3555888022682787,Public Assembly
109,New Construction,Aluminum - other,0.1586861639836065,0.8918162415878689,Public Assembly
109,New Construction,Aluminum composite panel ACM,0.0607771499350819,0.4831783419839016,Public Assembly
109,New Construction,Aluminum door,0.1786722853770491,0.7003953586780328,Public Assembly
109,New Construction,Aluminum door frame,0.0021047263672131,0.0184163557131147,Public Assembly
109,New Construction,Aluminum sheet,0.0644297573650819,0.3631497605823344,Public Assembly
109,New Construction,Aluminum storefront or curtain wall,0.0016460709540983,0.0164607095409836,Public Assembly
109,New Construction,CMU,57.84860177655738,6.479043398974427,Public Assembly
109,New Construction,Carpet,0.0113153126426229,0.0596316976266229,Public Assembly
109,New Construction,Ceramic tile,0.0289115564967213,0.0077938311569672,Public Assembly
109,New Construction,Coatings - other,0.806591562949836,11.017236472751197,Public Assembly
109,New Construction,Cold formed steel framing,0.9180411684070492,2.528930259584456,Public Assembly
109,New Construction,Concrete - other,7.577130732344263,1.293673468038555,Public Assembly
109,New Construction,Decking,11.706489837868853,30.20274378170164,Public Assembly
109,New Construction,Doors and frames - other,0.1406124321781967,0.9311505761702984,Public Assembly
109,New Construction,Extruded polystyrene XPS,4.532359764672131,294.57421892327926,Public Assembly
109,New Construction,Extrusion,0.9966125270659016,6.123425502708346,Public Assembly
109,New Construction,Fasteners,0.5229679000081967,3.022754462047377,Public Assembly
109,New Construction,Glass mat gypsum board,1.0164303799508196,0.4807715697167377,Public Assembly
109,New Construction,Glazing - other,2.042140138372131,2.394907295388,Public Assembly
109,New Construction,Gypsum board,13.57049975234918,2.79132229675122,Public Assembly
109,New Construction,Hardwood,0.1039683293108196,0.0461169616467332,Public Assembly
109,New Construction,Hollow structural sections HSS,56.068551872863935,139.44490389948515,Public Assembly
109,New Construction,Hot-rolled sections,78.10319239383935,75.42237303527544,Public Assembly
109,New Construction,Insulated glass unit IGU,0.8691886868196721,1.1647128403383606,Public Assembly
109,New Construction,Insulated metal panel IMP,5.138232125655738,21.57489158645787,Public Assembly
109,New Construction,Modified bitumen,3.679291235245901,3.024377395372131,Public Assembly
109,New Construction,Mortar and grout,35.32693925603951,6.646915774628612,Public Assembly
109,New Construction,PVC,0.0286276311475409,0.088745656557377,Public Assembly
109,New Construction,Paint,0.7586805381422951,1.8187840831264444,Public Assembly
109,New Construction,Plate,1.1399580250934425,2.663079731783295,Public Assembly
109,New Construction,Polyisocyanurate PIR,0.3089140992950819,0.9205640158993444,Public Assembly
109,New Construction,Precast,6.959216547540984,1.0856777965264048,Public Assembly
109,New Construction,Ready mix LW 3000,0.4731809691639344,0.134377438148964,Public Assembly
109,New Construction,Ready mix LW 5000,33.82486523704918,12.45402065509511,Public Assembly
109,New Construction,Ready mix NW 2500,0.1833014978852458,0.0259129066293478,Public Assembly
109,New Construction,Ready mix NW 4000,637.4553946793443,119.75052219554654,Public Assembly
109,New Construction,Ready mix NW 5000,341.8828782652131,76.6045330201912,Public Assembly
109,New Construction,Ready mix NW 8000,27.31374267377049,7.3724970593313826,Public Assembly
109,New Construction,Rebar and reinforcement,51.941658983821306,97.598386328702,Public Assembly
109,New Construction,Resilient flooring vinyl,0.1560882779344262,0.393342460394754,Public Assembly
109,New Construction,Softwood plywood,0.0061774334491803,0.0016308424305836,Public Assembly
109,New Construction,Steel door,0.2092517232262295,0.6720768398940328,Public Assembly
109,New Construction,Steel door frame,0.0020225328786885,0.0055619654163934,Public Assembly
109,New Construction,Steel sheet,4.49965971907541,10.484207145445705,Public Assembly
109,New Construction,Suspension assembly,0.0567959379531147,0.1380141292260688,Public Assembly
109,New Construction,TPO,0.0958061482295082,0.3056216128521311,Public Assembly
109,New Construction,Wood or composite door,0.008969864662295,0.004745058406354,Public Assembly
11,New Construction,Acoustic ceiling tile fiber,0.5147232337280702,0.7000235978701755,Office
11,New Construction,Aluminum - other,0.0026198239008771,0.0147234103229298,Office
11,New Construction,Aluminum door,0.0207320468245614,0.1349656248278947,Office
11,New Construction,Aluminum door frame,0.0312666869236842,0.2735835105822368,Office
11,New Construction,Aluminum sheet,0.1402934099999999,0.9988890792,Office
11,New Construction,CMU,35.558999698596494,3.9826079662428073,Office
11,New Construction,Ceramic tile,0.5146745444736842,0.1348447306521052,Office
11,New Construction,Coatings - other,0.0690972291473684,0.5367303407036405,Office
11,New Construction,Cold formed steel framing,1.1176486835395614,3.009834211146944,Office
11,New Construction,Concrete - other,3.607756552368421,0.4637069357250899,Office
11,New Construction,Decking,0.2011592292982456,0.4767473734368421,Office
11,New Construction,Doors and frames - other,0.4981916158132456,1.5994264859516183,Office
11,New Construction,Expanded polystyrene EPS,0.779071504122807,2.531982388399123,Office
11,New Construction,Extrusion,2.7381752874370178,24.341890009008747,Office
11,New Construction,Fasteners,0.0021990367592982,0.0092348065932342,Office
11,New Construction,Fiberglass blanket,0.4589827726705263,0.9455045117012842,Office
11,New Construction,Glazing - other,2.124449374035088,2.3368943114385967,Office
11,New Construction,Gypsum board,23.45552037565342,4.761746410034844,Office
11,New Construction,Hollow structural sections HSS,2.34363263677193,6.046572202871579,Office
11,New Construction,Insulated glass unit IGU,5.018658796761403,6.911280193544113,Office
11,New Construction,Mortar and grout,42.06568177199912,7.851231983054793,Office
11,New Construction,Other,0.0105423659070175,0.0299403191759298,Office
11,New Construction,Paint,0.2510103229057017,0.5995966501464807,Office
11,New Construction,Precast,63.03488529122807,8.026135951209909,Office
11,New Construction,Ready mix NW 4000,3.999616430087719,0.7000292227041508,Office
11,New Construction,Ready mix NW 6000,1034.8810656178737,143.14485566781613,Office
11,New Construction,Ready mix NW 8000,211.1654316,31.209867320142003,Office
11,New Construction,Rebar and reinforcement,98.70856465521798,188.92333201302688,Office
11,New Construction,Roll formed metal panel aluminum,0.0104707354560526,0.0676409510461,Office
11,New Construction,Steel - other,0.0847626869114035,0.2178050604016228,Office
11,New Construction,Steel door,0.1602093366614035,0.3497981057741404,Office
11,New Construction,Steel door frame,0.0179939731649122,0.0494834262035087,Office
11,New Construction,Steel sheet,0.1060504320175438,0.2470975066008772,Office
11,New Construction,Stucco finish,0.2175317352982456,0.1041977012078596,Office
11,New Construction,Suspension assembly,0.1093908959736842,0.2658198772160526,Office
11,New Construction,Wood or composite door,0.8597759140991228,0.2754461277866184,Office
110,New Construction,Acoustic ceiling tile fiber,0.8902739124222222,1.2107725208942222,Residential: Multifamily (5 or more units)
110,New Construction,Adhesives and sealants,0.0647780547061111,0.0331315730181685,Residential: Multifamily (5 or more units)
110,New Construction,Air and vapor barriers,0.4811040471529012,0.5303797159431722,Residential: Multifamily (5 or more units)
110,New Construction,Aluminum - other,1.1747695388271606,6.602204808208642,Residential: Multifamily (5 or more units)
110,New Construction,Aluminum door frame,0.0473092874074074,0.4139562648148148,Residential: Multifamily (5 or more units)
110,New Construction,Aluminum sheet,0.0269842229303086,0.1516513328683345,Residential: Multifamily (5 or more units)
110,New Construction,Aluminum storefront or curtain wall,0.8232771338985184,8.232771338985186,Residential: Multifamily (5 or more units)
110,New Construction,Brick clay,1.225133412962963,0.3540635563462962,Residential: Multifamily (5 or more units)
110,New Construction,Built up roofing,0.1755464416111111,0.9865710018544444,Residential: Multifamily (5 or more units)
110,New Construction,CMU,0.2184266849444444,0.0244637887137777,Residential: Multifamily (5 or more units)
110,New Construction,Carpet,0.1827864330308641,0.8225389486388889,Residential: Multifamily (5 or more units)
110,New Construction,Ceramic tile,0.8242001227160494,0.2159404321516049,Residential: Multifamily (5 or more units)
110,New Construction,Coatings - other,0.1409575630430864,1.7618287182090993,Residential: Multifamily (5 or more units)
110,New Construction,Cold formed steel framing,10.303263398652469,25.24299532669855,Residential: Multifamily (5 or more units)
110,New Construction,Doors and frames - other,0.7363848992674692,4.244209047207066,Residential: Multifamily (5 or more units)
110,New Construction,Extruded polystyrene XPS,0.4402334286575926,28.59590313339266,Residential: Multifamily (5 or more units)
110,New Construction,Extrusion,1.4037186791626544,10.541927280511532,Residential: Multifamily (5 or more units)
110,New Construction,Fasteners,0.070405675450679,0.332630523801937,Residential: Multifamily (5 or more units)
110,New Construction,Fiberglass blanket,0.0371913292662345,0.0959992989935487,Residential: Multifamily (5 or more units)
110,New Construction,Flooring and tile - other,0.0056099839238271,0.0071513273930617,Residential: Multifamily (5 or more units)
110,New Construction,Glass mat gypsum board,0.7434144559993827,0.351635037687708,Residential: Multifamily (5 or more units)
110,New Construction,Glazing - other,0.0200183857839506,0.0304279463916049,Residential: Multifamily (5 or more units)
110,New Construction,Gypsum board,69.4229659377537,14.77772209716634,Residential: Multifamily (5 or more units)
110,New Construction,Hardwood,1.0925149943034569,0.4823901765751358,Residential: Multifamily (5 or more units)
110,New Construction,Hollow structural sections HSS,2.5858779686586417,6.335401023213674,Residential: Multifamily (5 or more units)
110,New Construction,Hot-rolled sections,0.8775992779018519,0.8495161010089927,Residential: Multifamily (5 or more units)
110,New Construction,Insulated glass unit IGU,1.796175101319753,2.406874635768469,Residential: Multifamily (5 or more units)
110,New Construction,Mineral wool high density,1.091937128077222,1.396990957613134,Residential: Multifamily (5 or more units)
110,New Construction,Mineral wool low density,0.9814623257246914,0.7989637064137568,Residential: Multifamily (5 or more units)
110,New Construction,Modified bitumen,0.1175589357407407,0.0966334451788888,Residential: Multifamily (5 or more units)
110,New Construction,Mortar and grout,0.5401340124598148,0.166327993256575,Residential: Multifamily (5 or more units)
110,New Construction,Paint,0.802042330278395,1.9240252853666755,Residential: Multifamily (5 or more units)
110,New Construction,Plate,0.0325248827777777,0.0757829768722222,Residential: Multifamily (5 or more units)
110,New Construction,Polyisocyanurate PIR,0.165822365,0.4344545963,Residential: Multifamily (5 or more units)
110,New Construction,Precast,1.4620871308641976,0.2280939993349024,Residential: Multifamily (5 or more units)
110,New Construction,Ready mix LW 4000,6.767174995888889,1.534747040056783,Residential: Multifamily (5 or more units)
110,New Construction,Ready mix NW 4000,31.614143051234567,3.76477939738824,Residential: Multifamily (5 or more units)
110,New Construction,Ready mix NW 6000,486.95393074447793,78.37427346755234,Residential: Multifamily (5 or more units)
110,New Construction,Ready mix NW 8000,414.46323390271607,77.74980939872785,Residential: Multifamily (5 or more units)
110,New Construction,Rebar and reinforcement,81.69712005492765,99.38383903769616,Residential: Multifamily (5 or more units)
110,New Construction,Resilient flooring vinyl,1.430722373962963,3.408910782840679,Residential: Multifamily (5 or more units)
110,New Construction,Roll formed metal panel aluminum,1.2613003250681485,7.088507826882992,Residential: Multifamily (5 or more units)
110,New Construction,Roofing and waterproofing - other,0.0156745247716049,0.0075707954646851,Residential: Multifamily (5 or more units)
110,New Construction,Softwood framing,0.2547419979975309,0.0427966556635851,Residential: Multifamily (5 or more units)
110,New Construction,Softwood plywood,0.1067610572864197,0.0281849191236148,Residential: Multifamily (5 or more units)
110,New Construction,Spray applied cementitious,1.8364560447111111,2.0935598909706665,Residential: Multifamily (5 or more units)
110,New Construction,Steel - other,3.746432805085371,9.695056734236536,Residential: Multifamily (5 or more units)
110,New Construction,Steel door,2.9596769933925926,9.122513133868914,Residential: Multifamily (5 or more units)
110,New Construction,Steel door frame,0.0822278917166666,0.2261267022208333,Residential: Multifamily (5 or more units)
110,New Construction,Steel sheet,0.0385475232222222,0.1827152600733333,Residential: Multifamily (5 or more units)
110,New Construction,Stone masonry,0.0782127506074074,0.024011314436474,Residential: Multifamily (5 or more units)
110,New Construction,Stone tile,0.1228256261049382,0.0964652869865,Residential: Multifamily (5 or more units)
110,New Construction,Stucco finish,0.0481054235331481,0.1207446130682018,Residential: Multifamily (5 or more units)
110,New Construction,Suspension assembly,0.1892043229358024,0.459766504734,Residential: Multifamily (5 or more units)
110,New Construction,Synthetic composites,0.0037201778753086,0.0152899310675185,Residential: Multifamily (5 or more units)
110,New Construction,Terracotta units,4.433605790802469,1.2813120735419137,Residential: Multifamily (5 or more units)
110,New Construction,Wall coverings,0.003656221393395,0.0720866364950827,Residential: Multifamily (5 or more units)
110,New Construction,Wood and composites - other,0.4147218011728395,0.5018133794191358,Residential: Multifamily (5 or more units)
110,New Construction,Wood or composite door,0.3791269837117283,0.2207888844614673,Residential: Multifamily (5 or more units)
110,New Construction,Zinc sheet,0.0001818592041975,0.000656511727153,Residential: Multifamily (5 or more units)
111,New Construction,Acoustic ceiling tile aluminum,0.0023758007809523,0.0160366552714285,Laboratory
111,New Construction,Acoustic ceiling tile fiber,0.1982412038571428,0.3975709689078571,Laboratory
111,New Construction,Adhesives and sealants,0.1156956602663095,0.2852952696569214,Laboratory
111,New Construction,Air and vapor barriers,0.7536049255670239,0.6751739366365893,Laboratory
111,New Construction,Aluminum - other,0.1000236388333333,0.3190754078783333,Laboratory
111,New Construction,Aluminum door,0.3886333241142857,2.5999569383245715,Laboratory
111,New Construction,Aluminum framed window,0.1127738833333333,0.8720656718333334,Laboratory
111,New Construction,Aluminum sheet,1.4621740847715476,10.39372195682681,Laboratory
111,New Construction,Aluminum storefront or curtain wall,0.015864753047619,0.1586475304761904,Laboratory
111,New Construction,CMU,160.59588009289286,17.986738570404,Laboratory
111,New Construction,Carpet,0.023106062022619,0.1506515243874762,Laboratory
111,New Construction,Ceramic tile,2.2789914912261904,0.5970957707012619,Laboratory
111,New Construction,Coatings - other,0.1450416767471428,2.7487907220782914,Laboratory
111,New Construction,Cold formed steel framing,0.0944620611845238,0.2581106324730714,Laboratory
111,New Construction,Concrete - other,9.940668995392857,2.513274895416165,Laboratory
111,New Construction,Doors and frames - other,0.7056416651633334,2.8634561812231474,Laboratory
111,New Construction,EPDM,0.2204677364580952,0.7099061113950665,Laboratory
111,New Construction,Expanded polystyrene EPS,0.0106868890107142,0.0347323892848214,Laboratory
111,New Construction,Extruded polystyrene XPS,1.4291167626511905,92.88339319166856,Laboratory
111,New Construction,Extrusion,0.8999157870641666,8.118298988098083,Laboratory
111,New Construction,Fasteners,0.0696574201728571,0.3607934752100166,Laboratory
111,New Construction,Fiberglass blanket,0.4088611520802381,0.9608237073885596,Laboratory
111,New Construction,Flooring and tile - other,0.0001790754891666,0.0002596594592916,Laboratory
111,New Construction,Glass mat gypsum board,8.77030604209762,4.148354757912173,Laboratory
111,New Construction,Glazing - other,0.0796426872142857,0.1210568845657142,Laboratory
111,New Construction,Gypsum board,0.5868579878571428,0.1281425050128571,Laboratory
111,New Construction,Hardwood,0.8329319148333333,0.4519019324640476,Laboratory
111,New Construction,Hollow structural sections HSS,0.3764911875998809,0.6548326446431976,Laboratory
111,New Construction,Hot-rolled sections,8.038116797113094,8.74069678806881,Laboratory
111,New Construction,Insulated glass unit IGU,7.661007019596667,11.093071949179285,Laboratory
111,New Construction,Insulated metal panel IMP,0.5879980031190476,2.557671524333714,Laboratory
111,New Construction,Insulation - other,0.0025209221988095,0.0156452386891547,Laboratory
111,New Construction,Intumescent,0.1058704743725,0.2678523001624249,Laboratory
111,New Construction,Mineral wool high density,2.3646220660857145,4.232673498293429,Laboratory
111,New Construction,Modified bitumen,0.7005219998095238,0.5297256234068571,Laboratory
111,New Construction,Mortar and grout,75.67448715846595,14.08532804998072,Laboratory
111,New Construction,Paint,0.1641358553861904,0.3174303664353452,Laboratory
111,New Construction,Plate,2.7348127433333334,6.5290013528,Laboratory
111,New Construction,Polyisocyanurate PIR,0.1419458643690476,0.3562841195663095,Laboratory
111,New Construction,Precast,12.040713071428572,1.878420472576661,Laboratory
111,New Construction,Ready mix LW 3000,0.3598399527023809,0.0881949452796653,Laboratory
111,New Construction,Ready mix NW 3000,13.791520023809523,1.7672428320478106,Laboratory
111,New Construction,Ready mix NW 6000,1442.7647887154644,264.5666315401796,Laboratory
111,New Construction,Rebar and reinforcement,98.64928789234166,143.69695676625392,Laboratory
111,New Construction,Roofing and waterproofing - other,0.0182371283404761,0.00880853298845,Laboratory
111,New Construction,Softwood framing,0.1588938801190476,0.02669417186,Laboratory
111,New Construction,Steel - other,0.0624863449083333,0.1612147698635,Laboratory
111,New Construction,Steel door,1.1111785395333331,2.9315725141688573,Laboratory
111,New Construction,Steel door frame,0.069559061145238,0.1912874181494047,Laboratory
111,New Construction,Steel framed window,0.0001769581714285,0.0007768463725714,Laboratory
111,New Construction,Steel sheet,1.0420486071428572,4.939310397857143,Laboratory
111,New Construction,Stone masonry,1.5082917394964286,0.8416267906390074,Laboratory
111,New Construction,Stucco finish,0.1485577477566666,0.3728799468692333,Laboratory
111,New Construction,Suspension assembly,0.0551568278603571,0.1340310917006678,Laboratory
111,New Construction,Synthetic composites,0.2878105219047619,0.3482507315047619,Laboratory
111,New Construction,Wall coverings,0.0055264562769047,0.1099764799104047,Laboratory
111,New Construction,Wood framed window,0.0007547428571428,0.0033208685714285,Laboratory
111,New Construction,Wood or composite door,0.0052698696440476,0.0027877610417011,Laboratory
113,New Construction,Acoustic ceiling tile fiber,0.0633772609571428,0.2211866407404286,Laboratory
113,New Construction,Adhesives and sealants,0.1028719782366285,0.2797396920484837,Laboratory
113,New Construction,Air and vapor barriers,0.0282183664105142,0.0685353995371274,Laboratory
113,New Construction,Aluminum - other,0.0736178764676571,0.6625350988016777,Laboratory
113,New Construction,Aluminum door,0.4195690136077142,2.736064103948846,Laboratory
113,New Construction,Aluminum door frame,0.0068485947428571,0.0599252039999999,Laboratory
113,New Construction,Aluminum framed window,0.0096150873171428,0.0722093057517428,Laboratory
113,New Construction,Aluminum sheet,3.657140130675686,25.99424812301117,Laboratory
113,New Construction,Aluminum storefront or curtain wall,0.1084370972890571,1.0843709728905715,Laboratory
113,New Construction,Brass,0.216334708472,0.2444582205733599,Laboratory
113,New Construction,CMU,22.808134449714284,2.554511058368,Laboratory
113,New Construction,Cast bronze,2.3907568862857143,12.336305533234285,Laboratory
113,New Construction,Ceramic tile,0.4119297341657143,0.1079255903514171,Laboratory
113,New Construction,Coatings - other,1.8971265115806288,21.778782060011824,Laboratory
113,New Construction,Cold formed steel framing,0.1900807289442857,0.4656977859135,Laboratory
113,New Construction,Concrete - other,0.7438240557142858,0.2448932212988029,Laboratory
113,New Construction,Decking,17.003039204528573,43.86784114768371,Laboratory
113,New Construction,Doors and frames - other,0.1451527210352,0.7111356909440624,Laboratory
113,New Construction,EPDM,0.2581625782625714,0.8958241465711229,Laboratory
113,New Construction,Extruded polystyrene XPS,0.066224978246,4.304197427592737,Laboratory
113,New Construction,Extrusion,0.0379862600318,0.3092078054264143,Laboratory
113,New Construction,Fasteners,0.0019250612118285,0.0107960770279868,Laboratory
113,New Construction,Fiberglass blanket,0.1403447249628571,0.3298101036627143,Laboratory
113,New Construction,Flooring and tile - other,6.346588691428571e-05,0.0003171021287708,Laboratory
113,New Construction,Glass mat gypsum board,0.2882693349745714,0.1363513954429722,Laboratory
113,New Construction,Glazing - other,4.2932664433217145,6.955091638181178,Laboratory
113,New Construction,Gypsum board,23.555288971851,5.028827516297017,Laboratory
113,New Construction,Hardwood,0.2694380480393429,0.1861684848925417,Laboratory
113,New Construction,Hollow structural sections HSS,0.9210131200502856,2.2564821441232,Laboratory
113,New Construction,Hot-rolled sections,286.1537492438883,276.99682926808384,Laboratory
113,New Construction,Insulated glass unit IGU,6.794198439132343,7.812576014218652,Laboratory
113,New Construction,Loose-fill cellulose,0.0691048789712857,0.0820657697652657,Laboratory
113,New Construction,Medium density fiberboard MDF,0.2536083085702857,0.1785402492334811,Laboratory
113,New Construction,Mineral wool high density,6.689309102748,11.97386329391892,Laboratory
113,New Construction,Modified bitumen,0.4423633728759999,0.2801056930307006,Laboratory
113,New Construction,Mortar and grout,26.84415677117143,4.593508214748629,Laboratory
113,New Construction,Paint,0.5515401301881429,0.9026389063690232,Laboratory
113,New Construction,Polyisocyanurate PIR,0.322590304024,0.8420355267876457,Laboratory
113,New Construction,Precast,173.13485062862858,27.01003221387554,Laboratory
113,New Construction,Ready mix LW 3000,0.4947210972285714,0.140494563340708,Laboratory
113,New Construction,Ready mix LW 4000,0.671822766,0.2211878468351236,Laboratory
113,New Construction,Ready mix NW 2500,4.804157358885714,0.6791525574517433,Laboratory
113,New Construction,Ready mix NW 4000,456.57621607111423,78.34023495075003,Laboratory
113,New Construction,Ready mix NW 5000,2.9652255442857145,0.6173554782959672,Laboratory
113,New Construction,Ready mix NW 6000,6.3678584796,1.3595216634097298,Laboratory
113,New Construction,Ready mix NW 8000,75.2094869176,18.493876922290813,Laboratory
113,New Construction,Rebar and reinforcement,27.224913597960285,31.687260507465755,Laboratory
113,New Construction,Resilient flooring vinyl,0.0030267023457142,0.0041768492370857,Laboratory
113,New Construction,Roofing and waterproofing - other,0.0225390421199999,0.01088635734396,Laboratory
113,New Construction,Softwood plywood,0.0095851602658571,0.0025304823101862,Laboratory
113,New Construction,Spray applied cementitious,23.574501795928,26.87493204735792,Laboratory
113,New Construction,Steel - other,0.6758343005914287,1.5808266075187427,Laboratory
113,New Construction,Steel door,0.6018100140991428,1.2868051805549714,Laboratory
113,New Construction,Steel door frame,0.019620221,0.05395560775,Laboratory
113,New Construction,Steel framed window,0.0006213107591428,0.0027275542326371,Laboratory
113,New Construction,Steel sheet,1.425947498478,6.754948281250883,Laboratory
113,New Construction,Stone masonry,0.4048628506571428,0.2259134706666857,Laboratory
113,New Construction,Stucco finish,0.0945596435576,0.237344705329576,Laboratory
113,New Construction,Suspension assembly,0.0263777526131428,0.0640979388499371,Laboratory
113,New Construction,Wall coverings,2.35063424e-05,0.0004677762137599,Laboratory
113,New Construction,Wood framed window,0.0006085114285714,0.0026774502857142,Laboratory
114,New Construction,Brick clay,12.80204109589041,2.2315753424657534,Office
114,New Construction,CMU,115.78855068493152,18.198602739726027,Office
114,New Construction,Cold formed steel framing,10.90397808219178,16.20767671232877,Office
114,New Construction,Decking,104.81251232876711,246.85120273972603,Office
114,New Construction,Extruded polystyrene XPS,1.739227397260274,21.496975342465756,Office
114,New Construction,Extrusion,13.86335616438356,84.19483561643835,Office
114,New Construction,Fiberglass blanket,6.631473972602739,16.52852602739726,Office
114,New Construction,Fiberglass door,0.0547945205479452,0.4158904109589041,Office
114,New Construction,Glass mat gypsum board,24.88198082191781,9.697723287671232,Office
114,New Construction,Glazing - other,4.221208219178082,6.036328767123288,Office
114,New Construction,HDPE,0.8592301369863012,1.7011808219178082,Office
114,New Construction,Hollow structural sections HSS,41.05995068493151,98.13328493150684,Office
114,New Construction,Hot-rolled sections,73.03524657534247,90.56370684931508,Office
114,New Construction,Mineral wool high density,3.386783561643836,4.759802739726027,Office
114,New Construction,Modified bitumen,2.359495890410959,2.3982931506849314,Office
114,New Construction,Plate,8.139397260273972,13.960446575342464,Office
114,New Construction,Ready mix NW 4000,1170.9293808219177,106.7378383561644,Office
114,New Construction,Ready mix unknown,2.259183561643836,1.3306602739726028,Office
114,New Construction,Rebar and reinforcement,16.544682191780822,23.23036164383561,Office
114,New Construction,Roll formed metal panel aluminum,3.5423917808219176,13.419241095890412,Office
114,New Construction,Steel door,0.2084383561643835,0.5438986301369864,Office
114,New Construction,Steel door frame,0.0273972602739726,0.0561643835616438,Office
114,New Construction,Steel sheet,0.1624027397260274,0.4466054794520547,Office
114,New Construction,TPO,0.6806931506849315,2.1805178082191783,Office
116,New Construction,Air and vapor barriers,0.0137065,0.0426273999999999,Warehouse and Storage
116,New Construction,Aluminum storefront or curtain wall,0.0181271,0.0706384,Warehouse and Storage
116,New Construction,Brick clay,1.167696,0.2770524,Warehouse and Storage
116,New Construction,CMU,0.6415409,0.1398559,Warehouse and Storage
116,New Construction,Cold formed steel framing,0.1590488,0.3681118,Warehouse and Storage
116,New Construction,Decking,8.126308,19.25935,Warehouse and Storage
116,New Construction,EPDM,1.8678765,5.2860905,Warehouse and Storage
116,New Construction,Extruded polystyrene XPS,0.3129971,3.876833,Warehouse and Storage
116,New Construction,Extrusion,0.9561431,9.3718598,Warehouse and Storage
116,New Construction,Flooring and tile - other,0.0106338,0.0146609999999999,Warehouse and Storage
116,New Construction,Glass mat gypsum board,0.1316571,0.0404719,Warehouse and Storage
116,New Construction,Glazing - other,0.3011184,0.5540579,Warehouse and Storage
116,New Construction,Gypsum board,0.7285587,0.2347002,Warehouse and Storage
116,New Construction,Hollow structural sections HSS,3.75726,7.4769474,Warehouse and Storage
116,New Construction,Hot-rolled sections,1.36032,1.6595904,Warehouse and Storage
116,New Construction,Insulated metal panel IMP,0.0225246,0.0979573,Warehouse and Storage
116,New Construction,Mineral wool high density,0.1933108,0.2539286,Warehouse and Storage
116,New Construction,Modified bitumen,0.0093887,0.0095430999999999,Warehouse and Storage
116,New Construction,Mortar and grout,1.7379239000000002,0.9975684,Warehouse and Storage
116,New Construction,Open web joists,24.94674,34.426501200000004,Warehouse and Storage
116,New Construction,Polyisocyanurate PIR,4.9709111,18.8521803,Warehouse and Storage
116,New Construction,Ready mix NW 3000,56.59512,6.2141442,Warehouse and Storage
116,New Construction,Ready mix NW 4000,623.7254193,81.6560528,Warehouse and Storage
116,New Construction,Ready mix NW 5000,7.59,1.1420031,Warehouse and Storage
116,New Construction,Rebar and reinforcement,6.5140085,5.8979893,Warehouse and Storage
116,New Construction,Steel - other,0.0042655,0.0292192,Warehouse and Storage
116,New Construction,Steel door,0.4426721999999999,1.3088354,Warehouse and Storage
116,New Construction,Steel sheet,0.151817,0.4287314,Warehouse and Storage
116,New Construction,Suspension assembly,0.0137796,0.0036899,Warehouse and Storage
117,New Construction,Acoustic ceiling tile fiber,2.007405984309609,2.730072138661068,Education
117,New Construction,Aluminum - other,0.0430618137339353,0.1124746969443665,Education
117,New Construction,Aluminum door,0.3481501654986983,3.5859467046365934,Education
117,New Construction,Aluminum framed window,2.641163162064181,20.74471982735499,Education
117,New Construction,Aluminum sheet,0.0834032623964493,0.4687263346680453,Education
117,New Construction,Brick clay,9.414634646758714,2.720829412913268,Education
117,New Construction,CMU,0.7323806931244727,0.0820266376299409,Education
117,New Construction,Coatings - other,0.0047365018637559,0.0609078239630383,Education
117,New Construction,Cold formed steel framing,2.164182763082926,5.303357978763379,Education
117,New Construction,Cross laminated timber CLT,78.0738755174458,28.96540781697238,Education
117,New Construction,Decking,0.3011010122425623,0.7423746889585703,Education
117,New Construction,Doors and frames - other,0.0538660812335551,0.2799567655867057,Education
117,New Construction,EPDM,0.3276300164519088,1.1368761570881238,Education
117,New Construction,Extruded polystyrene XPS,0.7756243030255667,50.41058854651562,Education
117,New Construction,Extrusion,0.1098785438824916,0.9746022107392498,Education
117,New Construction,Fasteners,0.0043237331389601,0.0175111192127884,Education
117,New Construction,Fiberglass blanket,0.6326999581096356,1.0945709275296696,Education
117,New Construction,Glass mat gypsum board,0.3137096447480841,0.1483846619658437,Education
117,New Construction,Glazing - other,4.405354132589655,7.219009978625823,Education
117,New Construction,Glue laminated timber GLT,57.38854989467103,21.291152010922957,Education
117,New Construction,Gypsum board,7.867750837927378,1.91973120445428,Education
117,New Construction,Hardwood,0.0464036567100829,0.0283062305931506,Education
117,New Construction,Hollow structural sections HSS,8.141498882871147,17.304943689871955,Education
117,New Construction,Hot-rolled sections,10.772693367401416,10.42796717964457,Education
117,New Construction,Insulated glass unit IGU,3.3505591344837167,4.48974924020818,Education
117,New Construction,Mineral wool low density,0.5543346095439184,0.808741379781418,Education
117,New Construction,Mortar and grout,2.2923638102282378,0.3043394601157428,Education
117,New Construction,Oriented strand board OSB,0.3307141768917407,0.1296399573415623,Education
117,New Construction,Other,0.3086689671601396,0.8766198667347965,Education
117,New Construction,Paint,0.0542329314444561,0.1032020467070692,Education
117,New Construction,Plate,1.2871803815096152,2.999130288917403,Education
117,New Construction,Precast,2.771908666265758,0.4324336902588863,Education
117,New Construction,Ready mix LW 3000,1.120769930073782,0.274695019026156,Education
117,New Construction,Ready mix NW 4000,54.89592924936734,8.385482637027957,Education
117,New Construction,Ready mix NW 5000,420.7817889286638,75.81387209844392,Education
117,New Construction,Rebar and reinforcement,25.43837543293304,45.28915032010239,Education
117,New Construction,Roll formed metal panel steel,0.1441244379653371,0.3358099404592356,Education
117,New Construction,Softwood framing,0.131628360663208,0.0221135645914189,Education
117,New Construction,Spray applied cementitious,6.669583786593262,7.603325516716318,Education
117,New Construction,Steel - other,0.050443553287868,0.1301443674826995,Education
117,New Construction,Steel sheet,0.1051821958077246,0.2450745162319985,Education
117,New Construction,Stucco finish,6.369091783742023,3.0507949644124293,Education
117,New Construction,Suspension assembly,0.2590572254251346,0.6295090577830773,Education
117,New Construction,Wall coverings,0.025590423248471,0.5068425587754127,Education
117,New Construction,Wood and composites - other,0.5550143186289365,0.6715673255410131,Education
117,New Construction,Wood framed window,0.5978969432837674,2.630746550448577,Education
119,New Construction,Acoustic ceiling tile fiber,0.0363684705882352,0.04146,Warehouse and Storage
119,New Construction,Aluminum storefront or curtain wall,0.3310025882352941,1.4671467058823529,Warehouse and Storage
119,New Construction,Carpet,0.0125763529411764,0.0786025882352941,Warehouse and Storage
119,New Construction,Cold formed steel framing,0.0279145882352941,0.0414922352941176,Warehouse and Storage
119,New Construction,Decking,8.153723058823529,25.807449882352945,Warehouse and Storage
119,New Construction,Fiberglass blanket,3.2016689411764703,7.979951764705882,Warehouse and Storage
119,New Construction,Flooring and tile - other,0.047774,0.0658671764705882,Warehouse and Storage
119,New Construction,Gypsum board,0.186393294117647,0.0574698823529411,Warehouse and Storage
119,New Construction,Hollow structural sections HSS,3.429692,8.821446352941177,Warehouse and Storage
119,New Construction,Open web joists,14.267091647058823,19.53127,Warehouse and Storage
119,New Construction,Paint,0.4980135294117647,0.9611661176470588,Warehouse and Storage
119,New Construction,Ready mix NW 3000,40.254163058823536,6.843207647058824,Warehouse and Storage
119,New Construction,Ready mix unknown,841.6435775294118,118.24036988235297,Warehouse and Storage
119,New Construction,Rebar and reinforcement,12.64259588235294,9.599436470588236,Warehouse and Storage
119,New Construction,Steel - other,0.9772917647058824,1.4084070588235296,Warehouse and Storage
119,New Construction,Steel door,0.6883148235294118,2.0581924705882355,Warehouse and Storage
119,New Construction,TPO,1.4873876470588234,5.176108823529412,Warehouse and Storage
119,New Construction,Wood or composite door,0.0125647058823529,0.0156941176470588,Warehouse and Storage
12,New Construction,Acoustic ceiling tile aluminum,1.4489861634563106,9.432899924100582,Office
12,New Construction,Acoustic ceiling tile fiber,1.0802862880543689,1.4691893517539418,Office
12,New Construction,Acoustic ceiling tile steel,1.2057633664427183,3.5690595646704466,Office
12,New Construction,Adhesives and sealants,0.1851320346102524,0.1481319862438656,Office
12,New Construction,Aluminum - other,0.1882710010485437,1.0580830258928156,Office
12,New Construction,Aluminum composite panel ACM,0.5143601233864078,4.089162980921942,Office
12,New Construction,Aluminum door,0.0024004294990291,0.0160588733485048,Office
12,New Construction,Aluminum door frame,0.0273470133507378,0.2392863668189563,Office
12,New Construction,Aluminum storefront or curtain wall,2.4969913756234954,24.969913756234952,Office
12,New Construction,Built up roofing,0.1027285876116504,0.5773346623774758,Office
12,New Construction,CMU,9.541376554594756,1.0686341741146128,Office
12,New Construction,Carpet,0.6506804867747573,3.826001262235573,Office
12,New Construction,Ceramic tile,0.7130836259339806,0.2059681906759145,Office
12,New Construction,Coatings - other,0.0420456697143106,0.4559358699665403,Office
12,New Construction,Cold formed steel framing,0.9784259493435146,2.39714357589161,Office
12,New Construction,Decking,6.788800842073786,17.515106172550368,Office
12,New Construction,Doors and frames - other,0.1073320185563301,0.4277249781379132,Office
12,New Construction,Extruded polystyrene XPS,0.1114591204271844,7.244125587212451,Office
12,New Construction,Extrusion,0.1130661728504854,0.8831743609789903,Office
12,New Construction,Fasteners,0.0080259216452621,0.0345117510086497,Office
12,New Construction,Fiberglass blanket,0.1650520172585631,0.3297066965521621,Office
12,New Construction,Flooring and tile - other,0.0029045285777087,0.0046293545422132,Office
12,New Construction,Glazing - other,7.04182220585534,31.574381579002456,Office
12,New Construction,Gypsum board,10.720441344195727,2.448484796146648,Office
12,New Construction,Hardwood,0.0122131701429126,0.0131429243813592,Office
12,New Construction,Hollow structural sections HSS,28.158650056955924,69.26860115816663,Office
12,New Construction,Hot-rolled sections,40.67350124608971,39.724327457631375,Office
12,New Construction,Insulated glass unit IGU,0.0095235391067961,0.0112941978642718,Office
12,New Construction,Intumescent,0.070707157370699,0.1788891081478685,Office
12,New Construction,Mineral wool low density,0.2994803174985825,0.4432308698979021,Office
12,New Construction,Mortar and grout,12.731188859101865,2.537470640173991,Office
12,New Construction,Other,0.2848667017708738,0.7463507586396894,Office
12,New Construction,Paint,0.2631941312705242,0.5544653218786763,Office
12,New Construction,Plate,1.354696017,3.436225043444951,Office
12,New Construction,Polyisocyanurate PIR,0.2242106783863689,0.6614781510329965,Office
12,New Construction,Precast,301.17636691118446,62.70446455724329,Office
12,New Construction,Ready mix NW 5000,700.6345214889224,90.47795726353333,Office
12,New Construction,Ready mix NW 8000,12.664843635265632,1.8718408903012196,Office
12,New Construction,Rebar and reinforcement,40.23099800093986,77.0271550401591,Office
12,New Construction,Resilient flooring vinyl,0.0061544580194174,0.015509234208932,Office
12,New Construction,Roll formed metal panel aluminum,0.0002495895937864,0.0016123487758601,Office
12,New Construction,Roll formed metal panel steel,0.2540801304872039,0.5920067040351851,Office
12,New Construction,Spray applied cementitious,9.43678002160835,10.757929224633518,Office
12,New Construction,Steel - other,12.813593652788525,14.477611432743572,Office
12,New Construction,Steel door,0.0434095527683495,0.0994381563677203,Office
12,New Construction,Stone tile,0.0149927402660194,0.0134484880186194,Office
12,New Construction,Stucco finish,0.0005386868604854,0.0013521040198184,Office
12,New Construction,Suspension assembly,0.7144033319819418,1.7360000967161189,Office
12,New Construction,Wall coverings,0.0135014693245242,0.15820628105558,Office
12,New Construction,Wood or composite door,0.3006949100403883,0.0967163800312512,Office
120,New Construction,Aluminum storefront or curtain wall,0.2536965413533834,1.124492932330827,Warehouse and Storage
120,New Construction,CMU,1.6215897744360903,0.3247714285714285,Warehouse and Storage
120,New Construction,Decking,8.218193383458646,26.011505563909772,Warehouse and Storage
120,New Construction,Fiberglass blanket,3.006566315789473,7.493671278195489,Warehouse and Storage
120,New Construction,Hollow structural sections HSS,3.7332902255639095,9.588123609022556,Warehouse and Storage
120,New Construction,Masonry - other,2.209732631578947,0.7318303759398497,Warehouse and Storage
120,New Construction,Open web joists,15.924393684210523,21.73949172932331,Warehouse and Storage
120,New Construction,Paint,0.3423563909774436,0.660747969924812,Warehouse and Storage
120,New Construction,Precast,211.36205263157893,66.96279578947369,Warehouse and Storage
120,New Construction,Ready mix NW 4000,637.1479545864662,101.83748120300751,Warehouse and Storage
120,New Construction,Ready mix NW 5000,24.819353984962405,4.848977744360902,Warehouse and Storage
120,New Construction,Ready mix unknown,106.73909714285716,0.2683545864661654,Warehouse and Storage
120,New Construction,Rebar and reinforcement,10.877609022556392,8.466043007518795,Warehouse and Storage
120,New Construction,Steel - other,0.0589055639097744,0.0848908270676691,Warehouse and Storage
120,New Construction,Steel door,0.6293100751879699,1.8214526315789477,Warehouse and Storage
120,New Construction,TPO,1.4899612030075189,5.185064962406015,Warehouse and Storage
121,New Construction,Acoustic ceiling tile fiber,1.635045213479761,2.2236614903324754,Education
121,New Construction,Adhesives and sealants,0.0630209677856689,0.1942275213292836,Education
121,New Construction,Air and vapor barriers,0.8477632156430801,0.787812762717319,Education
121,New Construction,Aluminum - other,0.3539122856358404,3.1887496935789224,Education
121,New Construction,Aluminum composite panel ACM,1.2407091555922665,9.86363778695852,Education
121,New Construction,Aluminum door frame,0.0136327890410958,0.119286904109589,Education
121,New Construction,Aluminum framed window,0.0213514558086587,0.1868252383257642,Education
121,New Construction,Aluminum sheet,1.7326252463069027,10.432487009012304,Education
121,New Construction,Architectural fiber cement panel,0.829115028232687,1.0228580192060748,Education
121,New Construction,Built up roofing,0.5593159524367054,3.1433556526942845,Education
121,New Construction,Ceramic tile,0.5267820651757507,0.1522400168357919,Education
121,New Construction,Coatings - other,0.099214005633782,0.9630556640486344,Education
121,New Construction,Cold formed steel framing,3.855500949668728,9.445977326688384,Education
121,New Construction,Concrete - other,6.584110007495675,1.2395157957133516,Education
121,New Construction,Cross laminated timber CLT,0.0760692472019698,0.0282216907119308,Education
121,New Construction,Decking,0.4996688020236455,1.1842150607960402,Education
121,New Construction,Doors and frames - other,0.2358999926952702,0.8797502457078318,Education
121,New Construction,Extruded polystyrene XPS,0.4521957356149352,29.389812930890148,Education
121,New Construction,Extrusion,2.225064228426406,17.79531648537197,Education
121,New Construction,Fasteners,0.0029120583479367,0.0123099824465111,Education
121,New Construction,Fiberglass blanket,1.3123414071694142,2.703423298768993,Education
121,New Construction,Flooring and tile - other,0.0064714297295853,0.0155831683548165,Education
121,New Construction,GFRC general,2.964177397260274,0.7291876397260274,Education
121,New Construction,Glass mat gypsum board,0.4883135921460619,0.2309723290850872,Education
121,New Construction,Glazing - other,0.0080660532452151,0.0091833435012435,Education
121,New Construction,Gypsum board,39.15044881850616,8.386269925990923,Education
121,New Construction,Hardwood,4.442882127668914,2.7108691289238536,Education
121,New Construction,Hollow structural sections HSS,0.1137633796443401,0.5392384195141724,Education
121,New Construction,Hot-rolled sections,0.6723969923868226,0.6508802886304442,Education
121,New Construction,Insulated glass unit IGU,5.964602287703818,9.544725537982924,Education
121,New Construction,Mineral wool low density,4.550467234901816,6.871205524701742,Education
121,New Construction,Modified bitumen,2.317774736634393,1.460198084079668,Education
121,New Construction,Mortar and grout,0.1021006648747764,0.0538330158611981,Education
121,New Construction,Paint,0.451653914899555,1.0873056856815086,Education
121,New Construction,Precast,13.14741287819863,2.051072005895432,Education
121,New Construction,Ready mix NW 3000,83.70429407690274,11.721847865774684,Education
121,New Construction,Ready mix NW 4000,1432.9971888303612,228.5124532550879,Education
121,New Construction,Rebar and reinforcement,67.01509936609294,127.99883978923752,Education
121,New Construction,Resilient flooring vinyl,0.0913265558989726,0.2301429208654109,Education
121,New Construction,Roll formed metal panel steel,0.2087765202060267,0.4864492920800423,Education
121,New Construction,Roofing and waterproofing - other,0.1275140075988708,0.0615892656702546,Education
121,New Construction,Softwood framing,0.0684705858736945,0.0115030584267806,Education
121,New Construction,Softwood plywood,0.768048375732256,0.2027647711933156,Education
121,New Construction,Steel - other,0.9569958759360014,2.441417603996517,Education
121,New Construction,Steel door,0.3307009419863013,0.933118068419178,Education
121,New Construction,Steel door frame,0.013700382739726,0.0376760525342465,Education
121,New Construction,Steel sheet,3.283099470066896,7.650403336113484,Education
121,New Construction,Suspension assembly,0.4698128755158452,1.141645287503504,Education
121,New Construction,Synthetic composites,0.1068435874320115,0.3109148394271535,Education
121,New Construction,Wall coverings,0.0102343612502154,0.203663788879287,Education
121,New Construction,Wood door frame,0.017851404109589,0.0785461780821918,Education
121,New Construction,Wood framed window,0.0008547945205479,0.0037610958904109,Education
121,New Construction,Wood or composite door,0.8147303959183199,0.2962658602335302,Education
123,New Construction,Acoustic ceiling tile fiber,0.3473141019227774,0.4723471786149774,Education
123,New Construction,Adhesives and sealants,0.978206914382072,2.128566096235981,Education
123,New Construction,Aluminum door,0.1916811690562497,1.2823470209863106,Education
123,New Construction,Aluminum door frame,0.00246126,0.021536025,Education
123,New Construction,Aluminum sheet,0.310146647032965,1.7430241563252633,Education
123,New Construction,Brick clay,52.44463586535242,15.083545170673746,Education
123,New Construction,Carpet,0.6212568345094271,2.5968535682494043,Education
123,New Construction,Cold formed steel framing,3.5632798241233297,8.143628053702052,Education
123,New Construction,Concrete - other,0.3003543133806124,0.0625333142541814,Education
123,New Construction,Decking,0.1759589369387529,0.4170226805448444,Education
123,New Construction,Doors and frames - other,0.5134389152652761,3.321373916247105,Education
123,New Construction,EPDM,2.68429774192185,8.938711480599762,Education
123,New Construction,Extruded polystyrene XPS,0.0891958264309771,5.797154741978469,Education
123,New Construction,Extrusion,0.5640287319564232,5.073189229667506,Education
123,New Construction,Fasteners,0.0302320023927284,0.1748587566484313,Education
123,New Construction,Fiberglass blanket,1.4768671589547484,3.038992298713804,Education
123,New Construction,Glass mat gypsum board,7.327178585328786,3.465755470860516,Education
123,New Construction,Glazing - other,0.944774574287332,1.4132081598346729,Education
123,New Construction,Gypsum board,57.93297496696693,11.760393918294287,Education
123,New Construction,Hollow structural sections HSS,1.444230431424021,1.3632727883648712,Education
123,New Construction,Hot-rolled sections,0.2909112548015606,0.2816020946479106,Education
123,New Construction,Insulated glass unit IGU,5.033576607524231,5.786928979050863,Education
123,New Construction,Mineral wool high density,1.4496660075120062,2.594902153446491,Education
123,New Construction,Mineral wool low density,0.760968311186061,1.149062149890952,Education
123,New Construction,Mortar and grout,8.702285208061731,2.140762161183185,Education
123,New Construction,Paint,0.02304701171276,0.0523825655514511,Education
123,New Construction,Plate,0.1406090130974095,0.1032070156134986,Education
123,New Construction,Polyisocyanurate PIR,2.254491981313673,5.906768991041823,Education
123,New Construction,Ready mix NW 3000,114.8535788566148,15.434964525380158,Education
123,New Construction,Ready mix NW 4000,133.22246911087908,21.24427980914274,Education
123,New Construction,Ready mix NW 5000,166.19498041418188,32.12025199811124,Education
123,New Construction,Ready mix NW 6000,757.0026996028798,148.7522000156924,Education
123,New Construction,Rebar and reinforcement,53.65784759837507,52.53103279880919,Education
123,New Construction,Resilient flooring vinyl,0.4179101743420404,0.7034203923918109,Education
123,New Construction,Softwood plywood,0.0164656486527641,0.0043469312443297,Education
123,New Construction,Steel - other,3.5351850363519848,8.661812542010168,Education
123,New Construction,Steel door,0.9486646349250004,3.007266892712251,Education
123,New Construction,Steel door frame,0.0048325532,0.0132895212999999,Education
123,New Construction,Steel sheet,0.016518160512,0.07829608082688,Education
123,New Construction,Stone masonry,4.239424900010614,2.365599094205922,Education
123,New Construction,Suspension assembly,0.0738124846591102,0.1793643377216377,Education
123,New Construction,Wood or composite door,0.15802807104,0.0417194107545599,Education
124,New Construction,Aluminum storefront or curtain wall,3.46887572815534,13.219229126213593,Public Assembly
124,New Construction,Concrete - other,5.57838640776699,1.4388601941747574,Public Assembly
124,New Construction,Cross laminated timber CLT,136.41832233009708,35.26009223300971,Public Assembly
124,New Construction,Extruded polystyrene XPS,9.390881553398058,15.296400970873789,Public Assembly
124,New Construction,Fiberglass blanket,7.649285436893204,23.968845631067964,Public Assembly
124,New Construction,Fiberglass framed window,3.076101941747573,3.848940776699029,Public Assembly
124,New Construction,Flooring and tile - other,4.823028155339806,4.435347572815534,Public Assembly
124,New Construction,Glazing - other,2.2135679611650487,3.06237572815534,Public Assembly
124,New Construction,Glue laminated timber GLT,0.0766951456310679,0.0198233009708737,Public Assembly
124,New Construction,Gypsum board,4.168570873786408,1.1616184466019417,Public Assembly
124,New Construction,HDPE,0.740768932038835,0.9835766990291264,Public Assembly
124,New Construction,Hollow structural sections HSS,11.328932038834951,20.997094174757283,Public Assembly
124,New Construction,Hot-rolled sections,23.809126213592236,40.95169708737865,Public Assembly
124,New Construction,Laminated veneer lumber LVL,0.023409708737864,0.0154407766990291,Public Assembly
124,New Construction,Mineral wool high density,5.350471844660194,10.358763106796117,Public Assembly
124,New Construction,Modified bitumen,2.1472116504854366,1.9081223300970875,Public Assembly
124,New Construction,PVC,1.3923699029126215,4.925390291262136,Public Assembly
124,New Construction,Plate,0.0545242718446601,0.0709368932038835,Public Assembly
124,New Construction,Polyisocyanurate PIR,0.0134407766990291,0.0509728155339805,Public Assembly
124,New Construction,Ready mix unknown,1367.381623300971,125.57148252427184,Public Assembly
124,New Construction,Rebar and reinforcement,65.17226019417475,55.65710873786408,Public Assembly
124,New Construction,Roofing and waterproofing - other,1.669874757281553,1.675264077669903,Public Assembly
124,New Construction,Softwood framing,9.212504854368932,1.2641155339805823,Public Assembly
124,New Construction,Softwood plywood,10.15758640776699,4.60281359223301,Public Assembly
124,New Construction,Steel door,0.2075728155339805,0.5739805825242719,Public Assembly
124,New Construction,Stone masonry,5.963098058252427,1.1563126213592234,Public Assembly
124,New Construction,Windows and frames - other,0.5504,2.2704,Public Assembly
125,New Construction,Acoustic ceiling tile fiber,2.687097004467684,3.6544519260760495,Education
125,New Construction,Air and vapor barriers,1.5245733545006297,1.2349044171455104,Education
125,New Construction,Aluminum - other,0.0877721249582371,0.2861371273638531,Education
125,New Construction,Aluminum door,0.0507533492341621,0.1989531289979156,Education
125,New Construction,Aluminum door frame,0.0304996620175881,0.2668720426538964,Education
125,New Construction,Aluminum framed window,0.191254702320204,1.6734786453017851,Education
125,New Construction,Aluminum sheet,0.0283665248302009,0.2019696567910306,Education
125,New Construction,Brick clay,42.48919789867939,12.279378192718344,Education
125,New Construction,CMU,0.848574738321096,0.0950403706919627,Education
125,New Construction,Coatings - other,0.0521097006554864,1.033709767896874,Education
125,New Construction,Cold formed steel framing,3.5847585466975227,8.78265843940893,Education
125,New Construction,Concrete - other,0.8626467266408364,0.134577849526908,Education
125,New Construction,Doors and frames - other,0.1333404457483784,0.5067590299417853,Education
125,New Construction,Extrusion,0.8280973981694655,5.165394340601397,Education
125,New Construction,Fasteners,0.0028711476142856,0.0165952332105712,Education
125,New Construction,Fiberglass blanket,0.615258069719342,1.2674316236218446,Education
125,New Construction,Glazing - other,2.92974958971556,10.571939767508724,Education
125,New Construction,Gypsum board,11.896021478903982,2.902629240852572,Education
125,New Construction,Hollow structural sections HSS,0.0779864845989237,0.1910668872673633,Education
125,New Construction,Hot-rolled sections,0.083665332981935,0.080988042326513,Education
125,New Construction,Insulated glass unit IGU,2.3581302911213515,3.159894590102611,Education
125,New Construction,Mineral wool high density,2.844828961834143,5.092243841683117,Education
125,New Construction,Modified bitumen,2.5140204662357486,2.204795948888752,Education
125,New Construction,Mortar and grout,8.99282253406779,2.212234343380677,Education
125,New Construction,Paint,0.0002640853274673,0.0006338047859217,Education
125,New Construction,Polyisocyanurate PIR,2.679991564631271,8.951171825868446,Education
125,New Construction,Ready mix unknown,1206.968158138215,205.2322674273368,Education
125,New Construction,Rebar and reinforcement,65.9616581451384,64.57646332409048,Education
125,New Construction,Roll formed metal panel aluminum,1.6564608650969403,9.309310061844808,Education
125,New Construction,Roll formed metal panel steel,0.0155633814919486,0.0362626788762403,Education
125,New Construction,Steel - other,0.7206803949085352,1.6791853201368871,Education
125,New Construction,Steel door,0.0192083312432432,0.0672291593513513,Education
125,New Construction,Steel sheet,1.5201518903435436,4.780324442669916,Education
125,New Construction,Suspension assembly,0.5710718491468326,1.387704593426803,Education
127,New Construction,Acoustic ceiling tile aluminum,0.0996620330498911,0.6727187230867654,Public Assembly
127,New Construction,Adhesives and sealants,0.2210562534926596,0.6280814385136136,Public Assembly
127,New Construction,Aluminum composite panel ACM,0.5172270681592006,4.111955191865645,Public Assembly
127,New Construction,Aluminum door,0.1036829876738837,1.0374544314211622,Public Assembly
127,New Construction,Aluminum storefront or curtain wall,0.0111850442966953,0.1118504429669536,Public Assembly
127,New Construction,Architectural fiber cement panel,5.491139603221716,3.541785044078007,Public Assembly
127,New Construction,CMU,80.81683513537916,20.624302128027324,Public Assembly
127,New Construction,Coatings - other,0.0618542364577202,0.5667222750502567,Public Assembly
127,New Construction,Cold formed steel framing,2.873271637349609,7.037824825684189,Public Assembly
127,New Construction,Decking,10.0130523565417,23.730934085003835,Public Assembly
127,New Construction,Doors and frames - other,0.0285943233440292,0.2244960331657798,Public Assembly
127,New Construction,Extruded polystyrene XPS,0.0876178741648557,0.2339397240201648,Public Assembly
127,New Construction,Extrusion,2.910074774765148,22.3412757156737,Public Assembly
127,New Construction,Fasteners,0.1067309525475851,0.6169049057250423,Public Assembly
127,New Construction,Fiberglass blanket,0.9308877284081571,1.918218148214581,Public Assembly
127,New Construction,Glass mat gypsum board,7.845967991733973,3.7111428600901695,Public Assembly
127,New Construction,Glue laminated timber GLT,4.713399825780766,1.7486713353646646,Public Assembly
127,New Construction,Gypsum board,10.533002374223749,2.3702820371037423,Public Assembly
127,New Construction,Hollow structural sections HSS,88.76020255466791,65.14998867512624,Public Assembly
127,New Construction,Hot-rolled sections,47.85564767538684,46.32426694977446,Public Assembly
127,New Construction,Insulated glass unit IGU,4.948755702797818,6.631332641749077,Public Assembly
127,New Construction,Insulation - other,0.0118401096809531,0.0655942076324805,Public Assembly
127,New Construction,Mineral wool high density,6.058298590998125,10.844354477886643,Public Assembly
127,New Construction,Mortar and grout,134.96585635728445,23.1389390558695,Public Assembly
127,New Construction,Paint,1.3732311588804145,3.465911539595385,Public Assembly
127,New Construction,Plate,3.107631702228693,7.240781866192855,Public Assembly
127,New Construction,Polyisocyanurate PIR,3.3840083315102705,8.866101828556907,Public Assembly
127,New Construction,Precast,3.523463471291985,0.5637541554067169,Public Assembly
127,New Construction,Ready mix NW 4000,982.1263112051536,116.9559691681197,Public Assembly
127,New Construction,Rebar and reinforcement,20.497191740197305,20.666650784306015,Public Assembly
127,New Construction,Softwood plywood,0.5992514443458834,0.1582023813073132,Public Assembly
127,New Construction,Steel - other,0.0414759172272896,0.0966388871395847,Public Assembly
127,New Construction,Suspension assembly,0.0331221000047117,0.0804867030114495,Public Assembly
127,New Construction,Synthetic composites,0.866466223367481,1.0484241302746518,Public Assembly
127,New Construction,TPO,1.2952289241984407,4.274255449854855,Public Assembly
128,New Construction,Adhesives and sealants,0.1714931665389296,0.0780293907752129,Public Assembly
128,New Construction,Aluminum storefront or curtain wall,1.4493249469714256,14.493249469714256,Public Assembly
128,New Construction,Carpet,0.499549388973934,2.282940707610878,Public Assembly
128,New Construction,Coatings - other,0.4373253050843286,3.5495028101480077,Public Assembly
128,New Construction,Decking,5.65585794888594,13.404383338859676,Public Assembly
128,New Construction,Fasteners,0.0911636975652376,0.5269261719270736,Public Assembly
128,New Construction,Fiberglass blanket,2.207085763631656,4.546596673081212,Public Assembly
128,New Construction,Glue laminated timber GLT,26.647866503778875,9.88635847290196,Public Assembly
128,New Construction,Gypsum board,63.33821503025821,15.916653534998108,Public Assembly
128,New Construction,Hollow structural sections HSS,4.040116267149689,9.89828485451674,Public Assembly
128,New Construction,Hot-rolled sections,6.714527834226652,6.4996629435314,Public Assembly
128,New Construction,Insulated glass unit IGU,3.810166953125182,5.749883786231257,Public Assembly
128,New Construction,Mineral wool low density,1.3162628836907142,1.9875569543729783,Public Assembly
128,New Construction,Paint,0.7701773110840147,1.8484255466016355,Public Assembly
128,New Construction,Plate,1.594959806103084,3.7162563482201856,Public Assembly
128,New Construction,Polyisocyanurate PIR,7.328204128416639,24.47620178891158,Public Assembly
128,New Construction,Ready mix NW 3000,370.0598269902744,38.52086088483789,Public Assembly
128,New Construction,Ready mix NW 4000,393.7536239385114,48.657106779142936,Public Assembly
128,New Construction,Rebar and reinforcement,20.02468362890439,38.24714573120739,Public Assembly
128,New Construction,Roofing and waterproofing - other,16.523420183699336,28.420282715962852,Public Assembly
128,New Construction,Softwood framing,71.79128505546069,12.060935889317395,Public Assembly
128,New Construction,Softwood plywood,45.92361385572648,12.123834057911791,Public Assembly
129,New Construction,Acoustic ceiling tile aluminum,0.8353539668538275,5.4381543242184165,Transportation Hub
129,New Construction,Acoustic ceiling tile fiber,0.261851166939362,0.9138605726183732,Transportation Hub
129,New Construction,Adhesives and sealants,0.4021640136435021,0.9521143411307113,Transportation Hub
129,New Construction,Air and vapor barriers,0.770695906277416,0.6921391035829897,Transportation Hub
129,New Construction,Aluminum door,0.0259750198935438,0.1018220779826919,Transportation Hub
129,New Construction,Aluminum framed window,0.3990707183070789,4.549406188700699,Transportation Hub
129,New Construction,Aluminum sheet,4.492848990832024,25.24981132847597,Transportation Hub
129,New Construction,Architectural fiber cement panel,6.906494918253911,12.431690852857038,Transportation Hub
129,New Construction,CMU,29.685254456165847,3.3247484990905747,Transportation Hub
129,New Construction,Carpet,0.0162674845481101,0.0779212509854476,Transportation Hub
129,New Construction,Ceramic tile,7.697058518209376,2.016629331770856,Transportation Hub
129,New Construction,Closed cell spray polyurethane foam,2.1761232001836697,21.7612320018367,Transportation Hub
129,New Construction,Coatings - other,1.849772176289872,27.75675256185689,Transportation Hub
129,New Construction,Cold formed steel framing,11.085077819807609,27.15844065852864,Transportation Hub
129,New Construction,Concrete - other,4.548440632534542,0.7095828919573057,Transportation Hub
129,New Construction,Cross laminated timber CLT,56.902044064873024,21.110658348067894,Transportation Hub
129,New Construction,Decking,9.65426681340476,22.88061234776928,Transportation Hub
129,New Construction,Doors and frames - other,0.3858323081470605,2.848374704163726,Transportation Hub
129,New Construction,Extruded polystyrene XPS,0.1482814521687216,9.637340198339388,Transportation Hub
129,New Construction,Extrusion,2.511469255539792,20.945653591201868,Transportation Hub
129,New Construction,Fasteners,0.178106901149605,0.9943383047244712,Transportation Hub
129,New Construction,Fiberglass blanket,0.4202567896133738,0.8657289866035502,Transportation Hub
129,New Construction,Glass mat gypsum board,6.314449117411505,2.9867344325356417,Transportation Hub
129,New Construction,Glazing - other,1.2823910085272248,1.4106301093799472,Transportation Hub
129,New Construction,Glue laminated timber GLT,54.4218596492459,20.19050992987023,Transportation Hub
129,New Construction,Gypsum board,27.807400686703104,5.645823927079359,Transportation Hub
129,New Construction,Hardwood,0.6668472040488352,0.275407895272169,Transportation Hub
129,New Construction,Hollow structural sections HSS,11.671276627353452,28.59462773701597,Transportation Hub
129,New Construction,Hot-rolled sections,103.99070393060305,100.66300140482376,Transportation Hub
129,New Construction,Insulated glass unit IGU,6.709369269091556,8.990554820582686,Transportation Hub
129,New Construction,Intumescent,0.604142072301445,1.5284794429226556,Transportation Hub
129,New Construction,Mineral wool high density,2.7359208032063567,4.897298237739379,Transportation Hub
129,New Construction,Modified bitumen,1.5445569509656267,0.9730708791083448,Transportation Hub
129,New Construction,Mortar and grout,36.75912861842344,7.649644307621988,Transportation Hub
129,New Construction,Oriented strand board OSB,0.2519174367150359,0.098751635192294,Transportation Hub
129,New Construction,Paint,0.8771834018353043,1.966024115030596,Transportation Hub
129,New Construction,Plate,33.942653817623174,79.08638339506199,Transportation Hub
129,New Construction,Polyisocyanurate PIR,3.775634106023127,9.892161357780594,Transportation Hub
129,New Construction,Ready mix NW 4000,356.5623623830021,56.85910677401544,Transportation Hub
129,New Construction,Ready mix NW 5000,454.2504770431492,87.79230128687527,Transportation Hub
129,New Construction,Rebar and reinforcement,11.332621471700676,21.645307010948294,Transportation Hub
129,New Construction,Roll formed metal panel aluminum,6.637831586180031,42.880392046723,Transportation Hub
129,New Construction,Roll formed metal panel steel,3.6401779480856615,8.481614619039592,Transportation Hub
129,New Construction,Softwood framing,11.108041262456885,1.8661509320927567,Transportation Hub
129,New Construction,Softwood plywood,10.217573257560762,2.697439339996041,Transportation Hub
129,New Construction,Steel - other,0.451839744415178,1.1316974600872294,Transportation Hub
129,New Construction,Steel door,1.6367641503633803,5.460937713268564,Transportation Hub
129,New Construction,Steel framed window,0.0665321543321575,0.2920761575181716,Transportation Hub
129,New Construction,Steel sheet,8.648818092242527,20.15174615492509,Transportation Hub
129,New Construction,Suspension assembly,0.1406481871530566,0.3417750947819276,Transportation Hub
129,New Construction,Synthetic composites,0.0822454624964309,0.443303042855763,Transportation Hub
13,New Construction,Acoustic ceiling tile fiber,0.06447,0.0552666666666666,Warehouse and Storage
13,New Construction,Air and vapor barriers,1.3971437037037036,4.3451170370370376,Warehouse and Storage
13,New Construction,Aluminum storefront or curtain wall,0.368567037037037,1.6336485185185186,Warehouse and Storage
13,New Construction,Cold formed steel framing,0.711652962962963,1.0578007407407406,Warehouse and Storage
13,New Construction,Decking,8.193154814814815,18.88660851851852,Warehouse and Storage
13,New Construction,Fiberglass blanket,3.2555762962962964,5.3262862962962965,Warehouse and Storage
13,New Construction,Flooring and tile - other,0.0125496296296296,0.0094122222222222,Warehouse and Storage
13,New Construction,Gypsum board,2.5012974074074075,0.697014074074074,Warehouse and Storage
13,New Construction,Hollow structural sections HSS,2.2109770370370367,4.367054074074074,Warehouse and Storage
13,New Construction,Hot-rolled sections,1.1495207407407408,1.3853670370370372,Warehouse and Storage
13,New Construction,Open web joists,14.695183333333334,20.06141185185185,Warehouse and Storage
13,New Construction,Paint,0.2924588888888889,0.5644455555555555,Warehouse and Storage
13,New Construction,Precast,125.99864074074074,38.28035259259259,Warehouse and Storage
13,New Construction,Ready mix NW 3000,89.21694444444444,11.575527037037038,Warehouse and Storage
13,New Construction,Ready mix NW 4000,415.1023174074074,63.34391703703704,Warehouse and Storage
13,New Construction,Ready mix unknown,263.42638,0.6622848148148147,Warehouse and Storage
13,New Construction,Rebar and reinforcement,8.254809999999999,9.22743888888889,Warehouse and Storage
13,New Construction,Steel - other,0.1525414814814814,0.3630485185185185,Warehouse and Storage
13,New Construction,Steel door,0.3862029629629629,4.807407407407408,Warehouse and Storage
13,New Construction,Synthetic composites,0.0491896296296296,0.1475088888888888,Warehouse and Storage
13,New Construction,TPO,1.548237037037037,4.12279962962963,Warehouse and Storage
13,New Construction,Wood or composite door,0.0395555555555555,0.0494074074074074,Warehouse and Storage
130,New Construction,Acoustic ceiling tile fiber,1.683089724043051,2.3049491457074534,Education
130,New Construction,Adhesives and sealants,0.4374724251826349,0.840227564841212,Education
130,New Construction,Air and vapor barriers,0.3901755915128942,0.8419008502224703,Education
130,New Construction,Aluminum - other,0.0001061754966765,0.0001741278145494,Education
130,New Construction,Aluminum door,0.068394594537664,0.2681068105876431,Education
130,New Construction,Aluminum framed window,0.1149799344957588,1.133413494047956,Education
130,New Construction,Aluminum sheet,0.0747878961508765,0.4203079763679264,Education
130,New Construction,Brick clay,29.13391367819577,8.419701052998578,Education
130,New Construction,Carpet,0.4066561369014991,1.7502766913680374,Education
130,New Construction,Ceramic tile,3.4375429943451743,0.9183474331238796,Education
130,New Construction,Coatings - other,0.2287786569940809,1.834883641885655,Education
130,New Construction,Cold formed steel framing,7.052371819831585,17.135319038688667,Education
130,New Construction,Concrete - other,100.51723021653024,14.209592049351029,Education
130,New Construction,Cross laminated timber CLT,51.34603997234328,19.04938082973936,Education
130,New Construction,Decking,1.2084129066124092,3.1177052990600167,Education
130,New Construction,Doors and frames - other,0.2025334230336639,1.6108912282167247,Education
130,New Construction,Extruded polystyrene XPS,0.0074667752577755,0.4852923429819563,Education
130,New Construction,Extrusion,0.6900130590936425,5.761069768944173,Education
130,New Construction,Fasteners,0.0705743405482471,0.287195960463988,Education
130,New Construction,Fiberglass blanket,1.6458744081464816,2.8473627260934133,Education
130,New Construction,Flooring and tile - other,1.6323086378082323,3.31565031018442,Education
130,New Construction,Glass mat gypsum board,9.817333752887889,4.643598865115971,Education
130,New Construction,Glazing - other,0.7302899639556444,0.9408547641305668,Education
130,New Construction,Glue laminated timber GLT,21.364853697339647,7.926360721713007,Education
130,New Construction,Gypsum board,51.13782612903815,10.380978704194746,Education
130,New Construction,Hardwood,0.0403076076026502,0.0177756549527687,Education
130,New Construction,Hollow structural sections HSS,8.14374625883043,17.305693882885677,Education
130,New Construction,Hot-rolled sections,15.06854222801328,14.586348876716857,Education
130,New Construction,Insulated glass unit IGU,1.678666017692077,2.2494124637073822,Education
130,New Construction,Medium density fiberboard MDF,0.5869667373664699,0.4132245831059947,Education
130,New Construction,Mineral wool low density,0.7568655894423415,1.1428670400579355,Education
130,New Construction,Modified bitumen,3.0837676483380925,1.944611976326394,Education
130,New Construction,Mortar and grout,8.12552567359439,2.081291269474036,Education
130,New Construction,Other,0.0020888160962491,0.0048669415042604,Education
130,New Construction,Paint,0.6221868006082332,1.5205199369392794,Education
130,New Construction,Plate,1.07429964770239,2.5031181791465693,Education
130,New Construction,Polyisocyanurate PIR,1.9819049403903213,4.974581400379708,Education
130,New Construction,Ready mix LW 4000,0.3811556369664496,0.0830918455712609,Education
130,New Construction,Ready mix NW 2500,216.16540622736767,18.23123309196227,Education
130,New Construction,Ready mix NW 4000,143.6765292183853,15.719833098741589,Education
130,New Construction,Rebar and reinforcement,7.499998078883242,7.256729092796053,Education
130,New Construction,Roll formed metal panel steel,0.8601848118071557,2.004230611510673,Education
130,New Construction,Roofing and waterproofing - other,0.5909010243627221,0.1459525530175923,Education
130,New Construction,Softwood framing,0.0111103974895627,0.0018665467782465,Education
130,New Construction,Softwood plywood,0.0660843845702978,0.0174462775265586,Education
130,New Construction,Steel - other,0.9554501962434444,1.9398953478885408,Education
130,New Construction,Steel door,0.8828434458272187,1.6806996740907838,Education
130,New Construction,Steel door frame,0.0387493262818791,0.1065606472751677,Education
130,New Construction,Steel framed window,0.0017517817449664,0.0048173997986577,Education
130,New Construction,Steel sheet,2.490734900848739,5.803412318977562,Education
130,New Construction,Suspension assembly,0.3561053416136263,0.865335980121112,Education
130,New Construction,Synthetic composites,2.45699475339475,9.38838767711534,Education
130,New Construction,TPO,0.0165250535496781,0.0527149208234732,Education
130,New Construction,Wall coverings,0.002554530273976,0.0289121752931464,Education
131,New Construction,Adhesives and sealants,0.0037181369669956,0.0234986256314125,Education
131,New Construction,Air and vapor barriers,0.030649522948699,0.052808227316184,Education
131,New Construction,Aluminum composite panel ACM,0.1678438467088105,1.3343585813350436,Education
131,New Construction,Aluminum door,0.0619376009101773,0.2484566010686545,Education
131,New Construction,Aluminum framed window,0.1697285873417721,2.07068876556962,Education
131,New Construction,Aluminum sheet,0.0044102100852379,0.0247853806790373,Education
131,New Construction,Brick clay,28.06828941058448,8.111735639658914,Education
131,New Construction,Coatings - other,0.1479618248021311,2.092644147459217,Education
131,New Construction,Cold formed steel framing,1.7538326506131907,4.437254810479933,Education
131,New Construction,Concrete - other,1.350834915105383,0.2577590932167402,Education
131,New Construction,Cross laminated timber CLT,73.28725324062819,27.18957095227305,Education
131,New Construction,Decking,0.9148587974391956,2.360335697393125,Education
131,New Construction,Doors and frames - other,0.0607976827122721,0.3754185778730619,Education
131,New Construction,Extruded polystyrene XPS,0.010290982238701,0.668847622941954,Education
131,New Construction,Extrusion,1.556604652922563,12.957409058251695,Education
131,New Construction,Fasteners,0.0082445108967762,0.037368618757928,Education
131,New Construction,Fiberglass blanket,0.3369374787959768,0.5265003348649487,Education
131,New Construction,Glass mat gypsum board,5.682676695118214,2.687906076790915,Education
131,New Construction,Glue laminated timber GLT,34.37659825203134,12.75371795150363,Education
131,New Construction,Gypsum board,5.325873557619074,1.156612578485545,Education
131,New Construction,Hollow structural sections HSS,0.5411510541820272,1.3258200827459667,Education
131,New Construction,Hot-rolled sections,11.357098012534165,10.99367087613307,Education
131,New Construction,Insulated glass unit IGU,6.6869239070923605,10.58015139226226,Education
131,New Construction,Insulated metal panel IMP,0.0344405452657694,0.2848661290823284,Education
131,New Construction,Intumescent,0.0002427824299098,0.0006142395476719,Education
131,New Construction,Mineral wool high density,4.465344277430048,7.992966256599786,Education
131,New Construction,Modified bitumen,0.4326315182295552,0.2725578564846198,Education
131,New Construction,Mortar and grout,4.349459377489467,1.069967006862409,Education
131,New Construction,Paint,0.0730508207655066,0.1767680052243899,Education
131,New Construction,Polyisocyanurate PIR,1.864287082945113,4.889571368400198,Education
131,New Construction,Precast,1.7557155056067342,0.2809144808970785,Education
131,New Construction,Ready mix NW 4000,180.11232184158885,33.33142576396175,Education
131,New Construction,Ready mix unknown,261.1976295838129,35.1545862182824,Education
131,New Construction,Rebar and reinforcement,10.867396938548788,20.756728152628185,Education
131,New Construction,Roll formed metal panel aluminum,0.2266436866335221,1.464118215652553,Education
131,New Construction,Roll formed metal panel steel,0.3763074495939886,0.8767963575539934,Education
131,New Construction,Roofing and waterproofing - other,0.0328580899921181,0.015870457466193,Education
131,New Construction,Spray applied cementitious,4.061101525807837,4.629655739420933,Education
131,New Construction,Steel - other,0.0010393750211451,0.0025464688018056,Education
131,New Construction,Steel door,0.1077191508332151,0.2348991291881438,Education
131,New Construction,Steel sheet,0.7943359970209043,1.850802873058707,Education
131,New Construction,Stucco finish,0.0434731881210935,0.1091177021839447,Education
132,New Construction,Air and vapor barriers,0.1637486419753086,0.1026592592592592,Office
132,New Construction,Aluminum - other,0.0557925925925925,0.0673595061728395,Office
132,New Construction,Aluminum composite panel ACM,1.4063466666666666,5.208691358024691,Office
132,New Construction,Aluminum framed glass entrances,0.1515338271604938,0.5925925925925926,Office
132,New Construction,Aluminum framed window,11.238864197530864,41.31041975308642,Office
132,New Construction,CMU,60.21944444444444,7.684444444444445,Office
132,New Construction,Carpet,0.2544088888888888,1.4004148148148148,Office
132,New Construction,Coatings - other,0.0586093827160493,1.8862607407407408,Office
132,New Construction,Cold formed steel framing,6.318225185185185,8.917944691358025,Office
132,New Construction,Concrete - other,22.276296296296294,7.3325614814814815,Office
132,New Construction,Extruded polystyrene XPS,0.5471506172839506,6.790688395061728,Office
132,New Construction,Fiberglass blanket,0.1400098765432099,0.1157693827160493,Office
132,New Construction,Flooring and tile - other,0.370756049382716,0.0680859259259259,Office
132,New Construction,Glass mat gypsum board,4.419937777777777,1.7641086419753085,Office
132,New Construction,Glazing - other,10.39191111111111,11.662427654320988,Office
132,New Construction,Gypsum board,8.660393580246913,2.209373827160494,Office
132,New Construction,HDPE,0.0775881481481481,0.0300444444444444,Office
132,New Construction,Hot-rolled sections,0.9923950617283952,1.136355061728395,Office
132,New Construction,Mineral wool high density,3.263148148148148,3.826268641975308,Office
132,New Construction,Modified bitumen,1.9694730864197527,1.4063738271604938,Office
132,New Construction,Mortar and grout,6.605922469135803,3.082892839506173,Office
132,New Construction,Other,0.0064296296296296,0.0147535802469135,Office
132,New Construction,PVC,0.6341807407407407,2.2585264197530863,Office
132,New Construction,Paint,0.1159807407407407,0.2062666666666666,Office
132,New Construction,Raised access floor system,22.55903209876543,21.89185185185185,Office
132,New Construction,Ready mix unknown,1414.2780049382716,187.34855555555555,Office
132,New Construction,Rebar and reinforcement,77.5310024691358,40.65953086419753,Office
132,New Construction,Roll formed metal panel aluminum,0.054313086419753,0.2057481481481481,Office
132,New Construction,Roofing and waterproofing - other,0.5314691358024691,0.0852582716049382,Office
132,New Construction,Softwood framing,0.3275999999999999,0.0370953086419753,Office
132,New Construction,Softwood plywood,0.4237402469135802,0.0179595061728395,Office
132,New Construction,Steel - other,0.4963550617283951,0.2422483950617283,Office
132,New Construction,Steel door,0.6646716049382716,1.765037037037037,Office
132,New Construction,Steel sheet,0.1670014814814814,0.4492167901234568,Office
132,New Construction,Stone masonry,1.3593382716049385,0.1294765432098765,Office
132,New Construction,Terrazzo slabs and tiles,0.722682962962963,0.3844207407407408,Office
132,New Construction,Wood or composite door,0.0792148148148148,0.0697777777777777,Office
133,New Construction,Aluminum storefront or curtain wall,0.3950461538461538,1.505446153846154,Residential: Multifamily (5 or more units)
133,New Construction,Brick clay,30.19295104895105,7.163704895104895,Residential: Multifamily (5 or more units)
133,New Construction,CMU,13.798544755244755,1.588323776223776,Residential: Multifamily (5 or more units)
133,New Construction,Cold formed steel framing,0.3029153846153846,0.4174629370629371,Residential: Multifamily (5 or more units)
133,New Construction,Decking,0.2486377622377622,0.5428769230769231,Residential: Multifamily (5 or more units)
133,New Construction,Extruded polystyrene XPS,0.8810972027972027,4.165523776223776,Residential: Multifamily (5 or more units)
133,New Construction,Fiberglass blanket,0.6627496503496503,2.0767104895104893,Residential: Multifamily (5 or more units)
133,New Construction,Fiberglass framed window,3.342942657342657,4.182822377622378,Residential: Multifamily (5 or more units)
133,New Construction,Glazing - other,0.1350314685314685,0.1868104895104895,Residential: Multifamily (5 or more units)
133,New Construction,Gypsum board,5.173833566433567,1.4417454545454549,Residential: Multifamily (5 or more units)
133,New Construction,Hollow structural sections HSS,0.5672727272727273,1.051386013986014,Residential: Multifamily (5 or more units)
133,New Construction,Hot-rolled sections,1.3581818181818182,1.47146013986014,Residential: Multifamily (5 or more units)
133,New Construction,Laminated strand lumber LSL,8.360106293706293,3.3599314685314687,Residential: Multifamily (5 or more units)
133,New Construction,Laminated veneer lumber LVL,1.066109090909091,0.7031846153846154,Residential: Multifamily (5 or more units)
133,New Construction,Mineral wool high density,4.115447552447552,4.533691608391608,Residential: Multifamily (5 or more units)
133,New Construction,Modified bitumen,0.7858972027972028,0.7988195804195805,Residential: Multifamily (5 or more units)
133,New Construction,Other,0.0488741258741258,0.1082692307692307,Residential: Multifamily (5 or more units)
133,New Construction,Ready mix unknown,957.8853146853148,113.10814615384616,Residential: Multifamily (5 or more units)
133,New Construction,Rebar and reinforcement,44.32479090909091,37.85337062937063,Residential: Multifamily (5 or more units)
133,New Construction,Roll formed metal panel aluminum,1.074023076923077,4.0686,Residential: Multifamily (5 or more units)
133,New Construction,Roofing and waterproofing - other,0.7593776223776224,0.9159797202797204,Residential: Multifamily (5 or more units)
133,New Construction,Softwood framing,9.915090909090909,1.3605223776223776,Residential: Multifamily (5 or more units)
133,New Construction,Softwood plywood,9.524465734265734,4.315921678321679,Residential: Multifamily (5 or more units)
133,New Construction,Steel door,0.0372727272727272,0.1036363636363636,Residential: Multifamily (5 or more units)
133,New Construction,Wood I joists,6.525174825174825,2.961888111888112,Residential: Multifamily (5 or more units)
138,New Construction,Acoustic ceiling tile fiber,0.0262025321984848,0.0356354437899393,Residential: Multifamily (5 or more units)
138,New Construction,Adhesives and sealants,0.0114252587716602,0.0295914202186001,Residential: Multifamily (5 or more units)
138,New Construction,Air and vapor barriers,0.0039275199133251,0.010290102172912,Residential: Multifamily (5 or more units)
138,New Construction,Aluminum - other,0.0685291842316797,0.1123878621399547,Residential: Multifamily (5 or more units)
138,New Construction,Aluminum framed window,0.0305888624453151,0.3246298022190973,Residential: Multifamily (5 or more units)
138,New Construction,Aluminum storefront or curtain wall,0.3669395361084089,3.669395361084089,Residential: Multifamily (5 or more units)
138,New Construction,Brick clay,28.169508722542275,8.140988020814717,Residential: Multifamily (5 or more units)
138,New Construction,CMU,5.4260802207297605,0.6077209847217333,Residential: Multifamily (5 or more units)
138,New Construction,Ceramic tile,0.7862169108569023,0.2059888306445083,Residential: Multifamily (5 or more units)
138,New Construction,Coatings - other,0.0291184071879511,0.3117272595245802,Residential: Multifamily (5 or more units)
138,New Construction,Cold formed steel framing,1.3830004393683366,3.388351076452425,Residential: Multifamily (5 or more units)
138,New Construction,Concrete - other,27.385741023937232,3.8613894843751497,Residential: Multifamily (5 or more units)
138,New Construction,Fasteners,0.014508040374562,0.0611672224375418,Residential: Multifamily (5 or more units)
138,New Construction,Fiberglass blanket,0.5288892661591308,0.9149784304552964,Residential: Multifamily (5 or more units)
138,New Construction,Glass mat gypsum board,5.233732776812569,2.4755556034323445,Residential: Multifamily (5 or more units)
138,New Construction,Glazing - other,0.0170605129941685,0.0187665642935853,Residential: Multifamily (5 or more units)
138,New Construction,Glue laminated timber GLT,0.3454566864524814,0.1281644306738706,Residential: Multifamily (5 or more units)
138,New Construction,Gypsum board,120.14565319266954,28.97431630131769,Residential: Multifamily (5 or more units)
138,New Construction,Hollow structural sections HSS,0.6393449447037498,1.5663951145241872,Residential: Multifamily (5 or more units)
138,New Construction,Hot-rolled sections,0.0245202146652172,0.0237355677959302,Residential: Multifamily (5 or more units)
138,New Construction,Insulated glass unit IGU,3.0837813613717837,4.13226702423819,Residential: Multifamily (5 or more units)
138,New Construction,Mineral wool high density,1.5745673195866432,2.818475502060092,Residential: Multifamily (5 or more units)
138,New Construction,Mortar and grout,9.170311309429543,2.043026146422438,Residential: Multifamily (5 or more units)
138,New Construction,Paint,0.7943824982895282,1.8773783679543516,Residential: Multifamily (5 or more units)
138,New Construction,Polyisocyanurate PIR,0.6542899206950512,1.9497839636712528,Residential: Multifamily (5 or more units)
138,New Construction,Precast,2.4073401189862325,0.3774367602430516,Residential: Multifamily (5 or more units)
138,New Construction,Ready mix LW 3000,271.0405242232131,76.97209662514817,Residential: Multifamily (5 or more units)
138,New Construction,Ready mix LW 4000,21.07339164844646,6.938106834315212,Residential: Multifamily (5 or more units)
138,New Construction,Ready mix LW 5000,331.96553913226296,122.22681900309784,Residential: Multifamily (5 or more units)
138,New Construction,Rebar and reinforcement,20.21720072067005,38.61502997721272,Residential: Multifamily (5 or more units)
138,New Construction,Roll formed metal panel steel,0.3951914231087481,0.9207960158433832,Residential: Multifamily (5 or more units)
138,New Construction,Softwood framing,8.081156409541517,1.3576342768029748,Residential: Multifamily (5 or more units)
138,New Construction,Softwood plywood,9.692454623746936,2.558808020669191,Residential: Multifamily (5 or more units)
138,New Construction,Steel - other,1.340126294405274,3.300450676487112,Residential: Multifamily (5 or more units)
138,New Construction,Suspension assembly,0.0055686595943648,0.0135318428143066,Residential: Multifamily (5 or more units)
138,New Construction,TPO,0.1404046360334687,0.4422746035054266,Residential: Multifamily (5 or more units)
138,New Construction,Vinyl framed window,0.6701620253658566,1.7960342279804955,Residential: Multifamily (5 or more units)
138,New Construction,Wood I joists,4.374276835978603,2.012167344550158,Residential: Multifamily (5 or more units)
138,New Construction,Wood and composites - other,2.108875261685473,0.4976945617577717,Residential: Multifamily (5 or more units)
139,New Construction,Acoustic ceiling tile fiber,0.0065172010720442,0.0227450317414343,Residential: Multifamily (5 or more units)
139,New Construction,Adhesives and sealants,0.0039895344334435,0.0018152381672168,Residential: Multifamily (5 or more units)
139,New Construction,Aluminum - other,0.0397483704895462,0.1295796877959206,Residential: Multifamily (5 or more units)
139,New Construction,Aluminum door,0.0482564106704899,0.3228353873855776,Residential: Multifamily (5 or more units)
139,New Construction,Aluminum door frame,0.0057864102857138,0.0506310899999963,Residential: Multifamily (5 or more units)
139,New Construction,Aluminum storefront or curtain wall,0.0109132011761152,0.1091320117611529,Residential: Multifamily (5 or more units)
139,New Construction,Brick clay,11.740534698554692,3.393014527882306,Residential: Multifamily (5 or more units)
139,New Construction,CMU,9.502372667375806,1.0642657387460903,Residential: Multifamily (5 or more units)
139,New Construction,Carpet,0.0119957078121843,0.0501420586549304,Residential: Multifamily (5 or more units)
139,New Construction,Ceramic tile,0.6683707658577387,0.1751131406547275,Residential: Multifamily (5 or more units)
139,New Construction,Closed cell spray polyurethane foam,0.0023968232074281,0.0553666160915897,Residential: Multifamily (5 or more units)
139,New Construction,Coatings - other,0.0177178701762194,0.2023233503551026,Residential: Multifamily (5 or more units)
139,New Construction,Cold formed steel framing,3.769406892697973,9.2389956423556,Residential: Multifamily (5 or more units)
139,New Construction,Concrete - other,0.942301985169852,0.1470045278707627,Residential: Multifamily (5 or more units)
139,New Construction,Decking,0.0299218486488138,0.0709147812976887,Residential: Multifamily (5 or more units)
139,New Construction,Doors and frames - other,0.161816479765686,0.7266762599170458,Residential: Multifamily (5 or more units)
139,New Construction,EPDM,0.0721610432343313,0.2503988200231296,Residential: Multifamily (5 or more units)
139,New Construction,Extrusion,0.1038228673814617,0.7893045890204181,Residential: Multifamily (5 or more units)
139,New Construction,Fasteners,0.014868578699568,0.0606407020363633,Residential: Multifamily (5 or more units)
139,New Construction,Fiberglass blanket,0.6345742518225784,1.0978134556530608,Residential: Multifamily (5 or more units)
139,New Construction,Gypsum board,29.715808875293654,7.242947938102233,Residential: Multifamily (5 or more units)
139,New Construction,Hardwood,0.0701322923008995,0.0415884493344334,Residential: Multifamily (5 or more units)
139,New Construction,Hollow structural sections HSS,0.3162848124021602,0.7748977903852925,Residential: Multifamily (5 or more units)
139,New Construction,Hot-rolled sections,5.431399575115021,5.257594788711342,Residential: Multifamily (5 or more units)
139,New Construction,Insulated glass unit IGU,2.13799515901407,2.8649135130788537,Residential: Multifamily (5 or more units)
139,New Construction,Medium density fiberboard MDF,0.0257461511645844,0.0181252904198674,Residential: Multifamily (5 or more units)
139,New Construction,Mineral wool low density,0.8558403412211346,1.2923189152439134,Residential: Multifamily (5 or more units)
139,New Construction,Mortar and grout,2.34539925087254,0.7659458902063521,Residential: Multifamily (5 or more units)
139,New Construction,Paint,0.3471622265551241,0.8318881541259943,Residential: Multifamily (5 or more units)
139,New Construction,Precast,1.1705154695854183,0.1826071436544967,Residential: Multifamily (5 or more units)
139,New Construction,Ready mix LW 5000,594.6649447305794,218.9504511735258,Residential: Multifamily (5 or more units)
139,New Construction,Resilient flooring vinyl,0.0227992485280145,0.0574541062905966,Residential: Multifamily (5 or more units)
139,New Construction,Roll formed metal panel steel,0.4004667496240003,0.9330875266239208,Residential: Multifamily (5 or more units)
139,New Construction,Softwood plywood,0.2089928498675267,0.055174112365027,Residential: Multifamily (5 or more units)
139,New Construction,Steel - other,0.0300985484115956,0.0744776547551209,Residential: Multifamily (5 or more units)
139,New Construction,Steel door,0.0158471038980302,0.0379609984416355,Residential: Multifamily (5 or more units)
139,New Construction,Steel door frame,0.0043360147899159,0.0119240406722689,Residential: Multifamily (5 or more units)
139,New Construction,Steel sheet,0.6622863571187593,1.543127212086709,Residential: Multifamily (5 or more units)
139,New Construction,Suspension assembly,0.0027124731329206,0.0065913097129972,Residential: Multifamily (5 or more units)
139,New Construction,Vinyl framed window,0.5549152941176471,1.4871729882352942,Residential: Multifamily (5 or more units)
139,New Construction,Wall coverings,0.0009823493021545,0.0004823335073579,Residential: Multifamily (5 or more units)
139,New Construction,Wood door frame,0.1427351932773106,0.6280348504201667,Residential: Multifamily (5 or more units)
139,New Construction,Wood or composite door,2.1834913272346856,0.5764417103899571,Residential: Multifamily (5 or more units)
14,New Construction,Acoustic ceiling tile fiber,2.7561427780347647,9.618938295341328,Education
14,New Construction,Aluminum - other,0.2964933471737707,0.9458137774843284,Education
14,New Construction,Aluminum door,0.1035571606271873,0.5550663809617241,Education
14,New Construction,Aluminum framed window,0.0307997013333333,0.2694973866666666,Education
14,New Construction,Aluminum storefront or curtain wall,3.15566730329978,31.556673032997804,Education
14,New Construction,Architectural fiber cement panel,6.003766032986079,3.872429091276021,Education
14,New Construction,CMU,28.451134341876,3.186527046290112,Education
14,New Construction,Coatings - other,0.5888095459168081,6.300262141309846,Education
14,New Construction,Cold formed steel framing,7.2482034357714,17.758098417639932,Education
14,New Construction,Decking,2.991990196767293,7.719334707659617,Education
14,New Construction,Doors and frames - other,1.7500981233330617,4.473280866874165,Education
14,New Construction,EPDM,4.646617068935356,16.123761229205687,Education
14,New Construction,Extrusion,0.854854341933512,6.419956107920675,Education
14,New Construction,Fasteners,0.8931347554782809,3.965103952898542,Education
14,New Construction,Fiberglass blanket,0.925927128621968,1.9074098849612544,Education
14,New Construction,Glass mat gypsum board,30.217420752509696,14.292840015937088,Education
14,New Construction,Glazing - other,0.205315307768612,0.3120792678082902,Education
14,New Construction,Gypsum board,44.27237303724282,10.761570854333874,Education
14,New Construction,Hollow structural sections HSS,4.651057562789123,11.395091028833352,Education
14,New Construction,Hot-rolled sections,2.0025039761169143,1.9384238488811727,Education
14,New Construction,Insulated glass unit IGU,2.6308059358803297,3.5252799540796427,Education
14,New Construction,Mineral wool high density,2.409186165913683,4.3124432369854935,Education
14,New Construction,Mineral wool low density,1.7161805944841138,2.591432697671011,Education
14,New Construction,Mortar and grout,4.731182676519573,0.4674408484401338,Education
14,New Construction,Other,0.4835334827819877,1.3732350911008449,Education
14,New Construction,Paint,0.7850252150519512,1.862689157576345,Education
14,New Construction,Polyisocyanurate PIR,7.295694125114043,19.1147186077988,Education
14,New Construction,Ready mix NW 3000,83.70327060458094,12.304380778873387,Education
14,New Construction,Ready mix NW 4000,2537.3778684680174,426.96794356492205,Education
14,New Construction,Rebar and reinforcement,58.64766728285927,69.87273326375409,Education
14,New Construction,Roll formed metal panel steel,5.4211518823117535,12.63128388578639,Education
14,New Construction,Steel - other,2.409202688053424,6.149208996376073,Education
14,New Construction,Steel door,1.2226040064,3.233332372032,Education
14,New Construction,Steel door frame,0.0505203968,0.1389310912,Education
14,New Construction,Stucco finish,10.212114562130305,5.368601748403663,Education
14,New Construction,Suspension assembly,0.4495055043748842,1.0922983756309688,Education
140,New Construction,Aluminum framed window,0.7531934210526317,2.7684947368421056,Warehouse and Storage
140,New Construction,Applied fireproofing - other,0.5905263157894737,0.0903578947368421,Warehouse and Storage
140,New Construction,Closed cell spray polyurethane foam,0.0100236842105263,0.0080381578947368,Warehouse and Storage
140,New Construction,Decking,7.600131578947369,17.442784210526316,Warehouse and Storage
140,New Construction,Expanded polystyrene EPS,0.1583276315789473,0.6930223684210527,Warehouse and Storage
140,New Construction,Fiberglass blanket,0.3016197368421052,0.9451197368421052,Warehouse and Storage
140,New Construction,Glass mat gypsum board,3.350846052631579,1.113732894736842,Warehouse and Storage
140,New Construction,Gypsum board,0.0349894736842105,0.0092736842105263,Warehouse and Storage
140,New Construction,Hollow structural sections HSS,5.11578947368421,9.79706052631579,Warehouse and Storage
140,New Construction,Hot-rolled sections,17.528223684210527,30.14854473684211,Warehouse and Storage
140,New Construction,Open web joists,17.71421052631579,23.11817105263158,Warehouse and Storage
140,New Construction,Plate,1.0263157894736843,1.4317763157894736,Warehouse and Storage
140,New Construction,Ready mix unknown,652.6740500000001,64.08493947368422,Warehouse and Storage
140,New Construction,Rebar and reinforcement,30.07776447368421,23.43248947368421,Warehouse and Storage
140,New Construction,TPO,1.0120513157894735,0.5823842105263157,Warehouse and Storage
140,New Construction,Windows and frames - other,0.9498526315789474,3.918142105263158,Warehouse and Storage
141,New Construction,CMU,64.76409109947643,7.4548680628272255,Other
141,New Construction,Concrete - other,585.0722513089005,89.46729842931937,Other
141,New Construction,Ready mix unknown,853.2488167539268,93.39738429319372,Other
141,New Construction,Rebar and reinforcement,62.19746910994765,41.2350335078534,Other
142,New Construction,Aluminum storefront or curtain wall,0.0450962365591397,0.1718532258064516,Residential: Multifamily (5 or more units)
142,New Construction,Asphalt shingles,1.5726698924731182,0.6235489247311828,Residential: Multifamily (5 or more units)
142,New Construction,CMU,25.269666666666662,2.908741935483871,Residential: Multifamily (5 or more units)
142,New Construction,Closed cell spray polyurethane foam,0.0011032258064516,0.0030499999999999,Residential: Multifamily (5 or more units)
142,New Construction,Cold formed steel framing,0.2635333333333333,0.5648586021505376,Residential: Multifamily (5 or more units)
142,New Construction,Concrete - other,390.238064516129,59.78108494623656,Residential: Multifamily (5 or more units)
142,New Construction,Fiberglass framed window,4.085051612903226,5.111378494623656,Residential: Multifamily (5 or more units)
142,New Construction,Gypsum board,3.3390446236559144,0.9216145161290322,Residential: Multifamily (5 or more units)
142,New Construction,Hollow structural sections HSS,0.2683870967741935,0.4974295698924731,Residential: Multifamily (5 or more units)
142,New Construction,Hot-rolled sections,0.3187096774193548,0.3452913978494624,Residential: Multifamily (5 or more units)
142,New Construction,Laminated veneer lumber LVL,4.844496774193548,3.1953349462365592,Residential: Multifamily (5 or more units)
142,New Construction,Mineral wool high density,4.79772311827957,5.317979569892473,Residential: Multifamily (5 or more units)
142,New Construction,Modified bitumen,0.8284376344086022,0.8420591397849462,Residential: Multifamily (5 or more units)
142,New Construction,Plate,1.067734946236559,1.389144623655914,Residential: Multifamily (5 or more units)
142,New Construction,Polyisocyanurate PIR,1.89529623655914,7.601409139784946,Residential: Multifamily (5 or more units)
142,New Construction,Ready mix unknown,209.62184086021503,28.057072043010752,Residential: Multifamily (5 or more units)
142,New Construction,Rebar and reinforcement,23.195731720430107,15.37806559139785,Residential: Multifamily (5 or more units)
142,New Construction,Roofing and waterproofing - other,0.013621505376344,0.0577747311827956,Residential: Multifamily (5 or more units)
142,New Construction,Softwood framing,12.796142473118278,1.922658064516129,Residential: Multifamily (5 or more units)
142,New Construction,Softwood plywood,11.573233333333334,5.244300537634409,Residential: Multifamily (5 or more units)
142,New Construction,Steel door,0.2110720430107527,0.5495650537634409,Residential: Multifamily (5 or more units)
142,New Construction,TPO,0.5925188172043011,1.7596881720430109,Residential: Multifamily (5 or more units)
142,New Construction,Wood I joists,4.79285752688172,1.9603059139784949,Residential: Multifamily (5 or more units)
145,New Construction,Aluminum storefront or curtain wall,5.178067294117647,19.732634823529413,Residential: Multifamily (5 or more units)
145,New Construction,CMU,12.08692894117647,1.391302588235294,Residential: Multifamily (5 or more units)
145,New Construction,Closed cell spray polyurethane foam,0.0293844705882352,0.0812399999999999,Residential: Multifamily (5 or more units)
145,New Construction,Cold formed steel framing,1.3785675294117647,2.9548277647058825,Residential: Multifamily (5 or more units)
145,New Construction,Concrete - other,66.65223529411765,10.192237647058825,Residential: Multifamily (5 or more units)
145,New Construction,Extruded polystyrene XPS,0.1521590588235294,0.7101844705882353,Residential: Multifamily (5 or more units)
145,New Construction,Extrusion,1.076259294117647,9.761672470588236,Residential: Multifamily (5 or more units)
145,New Construction,Glass mat gypsum board,1.7627717647058825,0.6853802352941176,Residential: Multifamily (5 or more units)
145,New Construction,Gypsum board,1.9806192941176477,0.5466734117647059,Residential: Multifamily (5 or more units)
145,New Construction,Mineral wool high density,22.16135105882353,24.56448894117647,Residential: Multifamily (5 or more units)
145,New Construction,Modified bitumen,0.2522743529411764,0.2564225882352941,Residential: Multifamily (5 or more units)
145,New Construction,PVC,0.1855289411764706,0.6259722352941176,Residential: Multifamily (5 or more units)
145,New Construction,Ready mix unknown,467.236504,86.106104,Residential: Multifamily (5 or more units)
145,New Construction,Rebar and reinforcement,30.760951529411763,20.393576470588236,Residential: Multifamily (5 or more units)
145,New Construction,Steel door,0.056496,0.1470978823529411,Residential: Multifamily (5 or more units)
145,New Construction,TPO,0.2736931764705882,0.8128258823529412,Residential: Multifamily (5 or more units)
147,New Construction,Acoustic ceiling tile fiber,0.9282844879759862,1.2624669036473417,Other
147,New Construction,Adhesives and sealants,0.0004146156130732,0.0010738544378597,Other
147,New Construction,Air and vapor barriers,0.0005400930269131,0.0014150437305124,Other
147,New Construction,Aluminum framed window,0.0028070545802919,0.0245617275775549,Other
147,New Construction,Aluminum sheet,0.0001719681869892,0.0009664612108794,Other
147,New Construction,Aluminum storefront or curtain wall,0.2975159628666095,2.9751596286660957,Other
147,New Construction,CMU,2.698669116150482,0.3022509410088539,Other
147,New Construction,Ceramic tile,1.02755628981427,0.2692197479313387,Other
147,New Construction,Coatings - other,0.0089180349236395,0.1406253549078396,Other
147,New Construction,Cold formed steel framing,3.4291053354978525,8.40130807196974,Other
147,New Construction,Decking,0.0489357228725788,0.1262541650112533,Other
147,New Construction,Extruded polystyrene XPS,0.1820539888698399,11.832337757300676,Other
147,New Construction,Fasteners,0.0033336481471866,0.0135012749961058,Other
147,New Construction,Fiberglass blanket,0.4955054683339477,0.8572244602177296,Other
147,New Construction,GFRC general,0.0695156249872608,0.0171008437468661,Other
147,New Construction,Gypsum board,37.723000019046005,9.202530395692625,Other
147,New Construction,Hardwood,0.1981554945804898,0.1208955884419847,Other
147,New Construction,Insulated glass unit IGU,0.7588510327968722,1.0168603839478088,Other
147,New Construction,Mineral wool high density,0.0405978417463631,0.0726701367259899,Other
147,New Construction,Mortar and grout,3.571394315334333,0.7584557871153542,Other
147,New Construction,Paint,0.5554722094061159,1.3296087637395566,Other
147,New Construction,Parallel strand lumber PSL,0.4318072850768963,0.1597686954784516,Other
147,New Construction,Precast,0.0216608392346475,0.0033792154692318,Other
147,New Construction,Ready mix LW 3000,3.252837337368175,0.9237648523421406,Other
147,New Construction,Ready mix LW 4000,570.8162946687271,187.9329393791029,Other
147,New Construction,Rebar and reinforcement,24.088844930277293,46.00969381682964,Other
147,New Construction,Roll formed metal panel steel,0.1013758244801337,0.2362056710387114,Other
147,New Construction,Softwood plywood,0.0917896596666124,0.0242324701519856,Other
147,New Construction,Spray applied cementitious,0.0986790450020145,0.1124941113022965,Other
147,New Construction,Steel - other,0.5225802899839966,1.2849343104746378,Other
147,New Construction,Steel sheet,0.0110234316034937,0.0522510658005605,Other
147,New Construction,Suspension assembly,0.1972824718279141,0.4793964065418313,Other
147,New Construction,TPO,0.0050951978778581,0.0160498733152532,Other
147,New Construction,Wood and composites - other,0.038274841976589,0.0169940298376055,Other
148,New Construction,Acoustic ceiling tile fiber,1.732539175042218,6.04656172089734,Education
148,New Construction,Acoustic ceiling tile steel,0.0092821371485148,0.0266397336162376,Education
148,New Construction,Adhesives and sealants,0.2151603390445544,0.7248347420503315,Education
148,New Construction,Air and vapor barriers,0.1858696446184158,0.3832073177056416,Education
148,New Construction,Aluminum - other,0.0045267054823762,0.0315814866990574,Education
148,New Construction,Aluminum composite panel ACM,2.0216097523231684,16.07179753096919,Education
148,New Construction,Aluminum door,0.9015633409750496,4.93367607848983,Education
148,New Construction,Aluminum door frame,0.0091008621515247,0.0796325438258415,Education
148,New Construction,Aluminum sheet,0.5106484214225743,2.915189744767144,Education
148,New Construction,CMU,8.051701796712871,0.9017906012318416,Education
148,New Construction,Ceramic tile,1.2366739329172276,0.3240085704243137,Education
148,New Construction,Coatings - other,0.3931803194517624,4.090770578857693,Education
148,New Construction,Cold formed steel framing,9.501824730861388,23.28508231745325,Education
148,New Construction,Concrete - other,16.935695381663365,3.875977398842876,Education
148,New Construction,Decking,2.683777610760396,6.360552937502138,Education
148,New Construction,Doors and frames - other,0.4471887811159604,2.150705948565743,Education
148,New Construction,EPDM,0.0190038492871287,0.0659433570263366,Education
148,New Construction,Expanded polystyrene EPS,0.3428306340673268,1.1141995607188118,Education
148,New Construction,Extruded polystyrene XPS,0.7712651565428515,50.12727207629033,Education
148,New Construction,Extrusion,1.5970145448805149,12.877358649281582,Education
148,New Construction,Fasteners,0.0297157036094257,0.1702322774688467,Education
148,New Construction,Flooring and tile - other,0.0925236697029703,0.1434116880396039,Education
148,New Construction,Glass mat gypsum board,12.357069025821785,5.844893649213703,Education
148,New Construction,Glazing - other,14.776390053533069,52.47117077976697,Education
148,New Construction,Glue laminated timber GLT,1.1359608244629702,0.421441465875762,Education
148,New Construction,Gypsum board,38.05514530596594,7.725194497111087,Education
148,New Construction,Hardwood,0.3967208392079208,0.1745571692514851,Education
148,New Construction,Hollow structural sections HSS,11.21628578983406,27.488172127111294,Education
148,New Construction,Hot-rolled sections,20.3211067086499,25.56463996704246,Education
148,New Construction,Insulated glass unit IGU,1.2046357221663366,1.6142118677028912,Education
148,New Construction,Intumescent,0.1774363095049504,0.4489138630475247,Education
148,New Construction,Mineral wool high density,2.5987848305508914,4.651824846686095,Education
148,New Construction,Mineral wool low density,2.407675092964119,3.563359137586896,Education
148,New Construction,Modified bitumen,1.4007040684950496,0.8866407857280476,Education
148,New Construction,Mortar and grout,10.35096329544396,2.075155993042136,Education
148,New Construction,Paint,0.4642243120693465,1.1141533441662927,Education
148,New Construction,Plate,0.1071665322851485,0.249698020224396,Education
148,New Construction,Polyisocyanurate PIR,1.4627296743701783,3.8712511269116487,Education
148,New Construction,Precast,6.356587315976237,0.9916641713175736,Education
148,New Construction,Ready mix LW 5000,0.1884587613861386,0.0621525634328126,Education
148,New Construction,Ready mix NW 4000,26.74477805940594,4.264847756684039,Education
148,New Construction,Ready mix NW 5000,773.705853558701,149.53295777517096,Education
148,New Construction,Ready mix NW 6000,69.07223204784158,13.572800311677728,Education
148,New Construction,Rebar and reinforcement,86.44472667428595,131.87676640682815,Education
148,New Construction,Roll formed metal panel aluminum,0.0636756339770297,0.4113445954916118,Education
148,New Construction,Roofing and waterproofing - other,0.2856273431762376,0.0535502076611168,Education
148,New Construction,Softwood framing,0.2219854811928713,0.0372935608404023,Education
148,New Construction,Softwood plywood,0.3669067694177821,0.0968633871262945,Education
148,New Construction,Spray applied cementitious,0.4727606800475247,0.5389471752541782,Education
148,New Construction,Steel - other,0.0516505207128712,0.1332583434392079,Education
148,New Construction,Steel door,0.0305962543928712,0.075572748350392,Education
148,New Construction,Steel sheet,0.2441119803564356,1.1570907868895048,Education
148,New Construction,Stucco finish,0.0299374248883168,0.0751429364696752,Education
148,New Construction,Suspension assembly,0.7244293021810693,1.7603632042999986,Education
148,New Construction,Terracotta units,6.412264261869307,1.8531443716802296,Education
15,New Construction,Brick clay,139.1176379310345,25.489741379310345,Other
15,New Construction,Cold formed steel framing,5.370580459770115,7.982827586206897,Other
15,New Construction,Extruded polystyrene XPS,3.9411379310344823,97.74028735632184,Other
15,New Construction,Gypsum board,10.278321839080458,3.169068965517241,Other
15,New Construction,Hollow structural sections HSS,5.386718390804598,13.855063218390804,Other
15,New Construction,Hot-rolled sections,41.62089655172414,66.17324712643679,Other
15,New Construction,Insulated glass unit IGU,4.77548275862069,9.130971264367815,Other
15,New Construction,Mineral wool high density,14.20577011494253,27.59978735632184,Other
15,New Construction,Open web joists,5.596103448275862,8.282235632183909,Other
15,New Construction,PVC,1.8634022988505747,6.287086206896552,Other
15,New Construction,Ready mix NW 2500,40.018540229885055,8.469683908045978,Other
15,New Construction,Ready mix NW 4000,898.1947528735632,124.38874712643678,Other
15,New Construction,Rebar and reinforcement,9.517586206896553,7.312459770114942,Other
15,New Construction,Steel sheet,12.621867816091951,30.72983333333333,Other
15,New Construction,Windows and frames - other,0.0887068965517241,1.1929885057471266,Other
152,New Construction,Acoustic ceiling tile fiber,2.801015164475862,3.809380623687173,Education
152,New Construction,Adhesives and sealants,0.0011290332404597,0.0014533599746643,Education
152,New Construction,Air and vapor barriers,0.5625484300827586,1.141973313068,Education
152,New Construction,Aluminum - other,1.6569021137931037,9.31178987951724,Education
152,New Construction,Aluminum door,0.0989960200413793,0.6444640904693794,Education
152,New Construction,Aluminum door frame,0.0162952386206896,0.1425833379310344,Education
152,New Construction,Aluminum sheet,0.401352871937931,2.2556031402911727,Education
152,New Construction,Aluminum storefront or curtain wall,1.696849025907586,16.96849025907586,Education
152,New Construction,Architectural fiber cement panel,2.2583962500459767,1.4566655812796552,Education
152,New Construction,CMU,0.0515548198160919,0.0057741398194022,Education
152,New Construction,Carpet,0.0454639622988505,0.1900393624091954,Education
152,New Construction,Ceramic tile,1.4400026925057472,0.3772807054365057,Education
152,New Construction,Coatings - other,0.310065003208046,4.616291872102738,Education
152,New Construction,Cold formed steel framing,5.457398402782069,13.759037980520304,Education
152,New Construction,Concrete - other,3.6398387241149424,0.7026685586034538,Education
152,New Construction,Decking,2.066860323218391,5.332499633903448,Education
152,New Construction,Doors and frames - other,0.1639447381910344,0.7795364172167356,Education
152,New Construction,EPDM,0.011075300645977,0.0384312932415402,Education
152,New Construction,Extrusion,0.869068360134023,6.442510429051196,Education
152,New Construction,Fasteners,0.0427849842694252,0.2461828733966482,Education
152,New Construction,Fiberglass blanket,1.7199262276367815,3.54304802893177,Education
152,New Construction,GFRC general,1.4983678841149426,0.3685984994922759,Education
152,New Construction,Glass mat gypsum board,0.4584543530344828,0.2168489089853103,Education
152,New Construction,Glazing - other,13.36051325869885,59.63634061650428,Education
152,New Construction,Gypsum board,46.0473611713954,10.465530033939054,Education
152,New Construction,Hardwood,0.2683541840022989,0.1763793129994942,Education
152,New Construction,Hollow structural sections HSS,42.36016995702988,103.93887353490496,Education
152,New Construction,Hot-rolled sections,6.870630508737931,6.650770332458317,Education
152,New Construction,Insulated glass unit IGU,0.064243346321839,0.0815890498287356,Education
152,New Construction,Intumescent,0.7316604264547126,1.8511008789304229,Education
152,New Construction,Laminated veneer lumber LVL,0.8341833088901149,0.3086478242893425,Education
152,New Construction,Loose-fill cellulose,0.0327742877241379,0.0557162891310344,Education
152,New Construction,Mineral wool high density,5.951917588188506,10.53425138396823,Education
152,New Construction,Mineral wool low density,0.0175235763195402,0.0264606002425057,Education
152,New Construction,Mortar and grout,0.3421075727882758,0.1600650398916922,Education
152,New Construction,Oriented strand board OSB,3.373757465443678,1.3225129264539215,Education
152,New Construction,Paint,0.5124685510657472,1.2227333554662183,Education
152,New Construction,Plate,1.092556893816092,2.5456575625914946,Education
152,New Construction,Polyisocyanurate PIR,2.2020934581310345,5.610863980176874,Education
152,New Construction,Ready mix LW 3000,6.147373380827586,1.7457766480345365,Education
152,New Construction,Ready mix LW 4000,34.84731657471264,11.472970716718171,Education
152,New Construction,Ready mix NW 4000,691.5975300308966,118.66564899109856,Education
152,New Construction,Ready mix NW 5000,96.78105936413796,20.14967033751572,Education
152,New Construction,Ready mix NW 6000,633.2506758413931,135.19741604391078,Education
152,New Construction,Rebar and reinforcement,169.86343574634918,324.43916227552694,Education
152,New Construction,Resilient flooring vinyl,0.0970490087586206,0.2445635020717241,Education
152,New Construction,Roll formed metal panel aluminum,0.2588693111494253,1.6722957500252873,Education
152,New Construction,Softwood plywood,0.51364752,0.13560294528,Education
152,New Construction,Steel - other,0.7116159294252874,1.6580651155609196,Education
152,New Construction,Steel door,0.1432430327494253,0.3454248176534253,Education
152,New Construction,Steel door frame,0.0205438283034482,0.0564955278344827,Education
152,New Construction,Steel sheet,1.3702121787586208,3.192594376507586,Education
152,New Construction,Stone tile,0.4828831413793104,0.4331461778172414,Education
152,New Construction,Suspension assembly,0.5889100879931035,1.4310515138232414,Education
152,New Construction,TPO,0.2495989179310344,0.7962205482,Education
152,New Construction,Wood door frame,0.0637627586206896,0.2805561379310345,Education
152,New Construction,Wood or composite door,0.423883468108046,0.1119052355805241,Education
153,New Construction,Acoustic ceiling tile fiber,1.2976059415151515,1.764744080460606,Education
153,New Construction,Adhesives and sealants,0.1788698771038384,0.2460839589530087,Education
153,New Construction,Air and vapor barriers,1.719706790588081,3.029267648864149,Education
153,New Construction,Aluminum storefront or curtain wall,0.0900261570323232,0.9002615703232324,Education
153,New Construction,Carpet,0.287150779630303,1.2033934134680606,Education
153,New Construction,Ceramic tile,3.3728657297373736,0.8836908211911919,Education
153,New Construction,Closed cell spray polyurethane foam,0.0580071130969696,0.1827224062554545,Education
153,New Construction,Coatings - other,0.244225541470707,0.7722250972118848,Education
153,New Construction,Cold formed steel framing,8.570355618093334,20.997371264328667,Education
153,New Construction,Concrete - other,3.2488456785858584,0.5719551742790092,Education
153,New Construction,Cross laminated timber CLT,79.09607537979798,29.34464396590505,Education
153,New Construction,Decking,0.0446378337979797,0.1151656111987878,Education
153,New Construction,Doors and frames - other,0.8125555580523233,2.742228821316026,Education
153,New Construction,Expanded polystyrene EPS,0.0007101569270707,0.0023080100129797,Education
153,New Construction,Extrusion,0.8419791441939394,7.493614383326062,Education
153,New Construction,Fasteners,0.2010968978630303,0.8375380633905313,Education
153,New Construction,Fiberglass blanket,2.436039469139192,5.017839221129136,Education
153,New Construction,Flooring and tile - other,1.457830212010101,2.948789409303313,Education
153,New Construction,GFRC panel,1.0508865159252525,0.7787069083006122,Education
153,New Construction,Glass mat gypsum board,12.506218484925252,5.915441343369644,Education
153,New Construction,Glazing - other,1.9484149073939392,2.931557640126061,Education
153,New Construction,Glue laminated timber GLT,29.894265834646465,11.09077262465384,Education
153,New Construction,Gypsum board,57.146001945313536,12.868215360394634,Education
153,New Construction,Hollow structural sections HSS,6.4280990017949495,15.873846932291595,Education
153,New Construction,Hot-rolled sections,11.2093763481899,13.887828584518852,Education
153,New Construction,Insulated glass unit IGU,4.344624795715151,5.821797226258303,Education
153,New Construction,Mineral wool high density,8.92057532349495,15.967829829055958,Education
153,New Construction,Mortar and grout,0.7085501831688888,0.3736789765847802,Education
153,New Construction,Paint,0.6231069521814141,1.498528339231994,Education
153,New Construction,Plate,1.119735099353535,2.888916556332121,Education
153,New Construction,Polyisocyanurate PIR,4.58152623640606,11.499630853379212,Education
153,New Construction,Ready mix LW 4000,11.198902923232325,3.3203349224058765,Education
153,New Construction,Ready mix NW 4000,250.114016521798,39.884354243241695,Education
153,New Construction,Ready mix NW 5000,36.718763006060605,7.096579679327959,Education
153,New Construction,Rebar and reinforcement,8.29200662283192,7.897145849264194,Education
153,New Construction,Resilient flooring vinyl,0.0636085016161616,0.1602934240727273,Education
153,New Construction,Roll formed metal panel aluminum,0.1004010417727272,0.6485907298518182,Education
153,New Construction,Softwood framing,3.829711668929293,0.6433915603801212,Education
153,New Construction,Spray applied cementitious,0.0518886642242424,0.0591530772156363,Education
153,New Construction,Steel - other,2.315502698387273,5.894316396965008,Education
153,New Construction,Steel door,0.5374353591191919,1.6838951639791515,Education
153,New Construction,Steel door frame,0.0514134341171717,0.1413869438222222,Education
153,New Construction,Steel sheet,1.9187263735353532,4.470632450337374,Education
153,New Construction,Suspension assembly,0.2757720406949495,0.6701260588887273,Education
153,New Construction,TPO,0.5654032110260605,1.8036362431731328,Education
153,New Construction,Wall coverings,0.0026342172141414,0.0524209225614141,Education
153,New Construction,Wood or composite door,1.162913333838384,0.3070091201333333,Education
154,New Construction,Acoustic ceiling tile fiber,1.281777821160634,1.7432178367784623,Public Order and Safety
154,New Construction,Air and vapor barriers,2.9168802395826288,2.6756073554716835,Public Order and Safety
154,New Construction,Aluminum - other,0.2632922433967429,0.8124032342357499,Public Order and Safety
154,New Construction,Aluminum door frame,0.071537675121951,0.6259546573170715,Public Order and Safety
154,New Construction,Aluminum sheet,16.601420780985688,118.2021159606181,Public Order and Safety
154,New Construction,Aluminum storefront or curtain wall,0.4665496288467736,4.665496288467736,Public Order and Safety
154,New Construction,Coatings - other,0.489335562542233,3.974788064688448,Public Order and Safety
154,New Construction,Cold formed steel framing,6.053050454564741,15.481575376583365,Public Order and Safety
154,New Construction,Concrete - other,1.800856009888678,0.2809438923650276,Public Order and Safety
154,New Construction,Decking,8.45631759898241,21.817299405374616,Public Order and Safety
154,New Construction,Doors and frames - other,0.4673075991358829,2.7777062782757818,Public Order and Safety
154,New Construction,Extruded polystyrene XPS,0.1045070110582946,6.792283215127922,Public Order and Safety
154,New Construction,Fasteners,0.1602222803259929,0.7063129264688157,Public Order and Safety
154,New Construction,GFRC general,1.2803685779250722,0.3149706701695677,Public Order and Safety
154,New Construction,Glass mat gypsum board,8.653931638794306,4.0933096651497065,Public Order and Safety
154,New Construction,Glazing - other,0.2999065802143112,0.9362885540938052,Public Order and Safety
154,New Construction,Gypsum board,50.57830485100202,11.547399664311277,Public Order and Safety
154,New Construction,Heavy timber framing,2.314644598974088,0.4397824738050767,Public Order and Safety
154,New Construction,Hollow structural sections HSS,7.0809589149142695,17.348349341539965,Public Order and Safety
154,New Construction,Hot-rolled sections,75.16227805762935,72.7570851597852,Public Order and Safety
154,New Construction,Insulated glass unit IGU,6.446995663799628,8.250749753668126,Public Order and Safety
154,New Construction,Intumescent,0.4346607683296064,1.099691743873904,Public Order and Safety
154,New Construction,Loose-fill cellulose,2.200306402754039,3.7405208846818656,Public Order and Safety
154,New Construction,Mineral wool high density,7.753922748359697,13.87952171956386,Public Order and Safety
154,New Construction,Modified bitumen,7.092592673264633,5.162140385079795,Public Order and Safety
154,New Construction,Paint,0.6210832032310017,1.4833006904880124,Public Order and Safety
154,New Construction,Polyisocyanurate PIR,3.7425158947234216,9.775963895994364,Public Order and Safety
154,New Construction,Precast,2.1747059626591905,0.3392666346137664,Public Order and Safety
154,New Construction,Ready mix NW 5000,847.6168335341298,182.9507510769854,Public Order and Safety
154,New Construction,Rebar and reinforcement,54.3066885227112,88.21893493271048,Public Order and Safety
154,New Construction,Roofing and waterproofing - other,0.2527911155905429,0.1220981088302322,Public Order and Safety
154,New Construction,Softwood framing,10.974265306955822,1.843676571568578,Public Order and Safety
154,New Construction,Spray applied cementitious,1.9642412478057951,2.239235022498606,Public Order and Safety
154,New Construction,Steel - other,0.6677639341212751,1.6103668039902952,Public Order and Safety
154,New Construction,Steel door,1.2144194751687805,2.7506450428373856,Public Order and Safety
154,New Construction,Steel door frame,0.0193621449365853,0.0532458985756097,Public Order and Safety
154,New Construction,Steel sheet,1.332550170117923,3.272754003588223,Public Order and Safety
154,New Construction,Suspension assembly,0.272408189696378,0.6619519009621988,Public Order and Safety
154,New Construction,Vinyl framed window,0.3878641951219512,1.0394760429268293,Public Order and Safety
154,New Construction,Wood or composite door,1.218343042459317,0.3334400605835332,Public Order and Safety
156,New Construction,Adhesives and sealants,0.3487679691859108,0.9403752315461074,Office
156,New Construction,Air and vapor barriers,2.6079545274427613,4.443027937619581,Office
156,New Construction,Aluminum door,0.0519769515530092,0.2089473452430972,Office
156,New Construction,Aluminum framed window,0.1309943398234633,1.499254399412096,Office
156,New Construction,Aluminum sheet,12.02473444742362,67.57900759452075,Office
156,New Construction,Aluminum storefront or curtain wall,0.0092021437578378,0.0920214375783783,Office
156,New Construction,Coatings - other,0.4204323694259892,7.173078953271526,Office
156,New Construction,Cold formed steel framing,3.5135902115204174,8.608296018225023,Office
156,New Construction,Concrete - other,1.0632080176463945,0.170113282823423,Office
156,New Construction,Doors and frames - other,0.0934446518781225,0.7199792949113875,Office
156,New Construction,Extrusion,0.9296970420784728,9.123062796808057,Office
156,New Construction,Fasteners,0.2165624301714643,0.8823133961728826,Office
156,New Construction,Fiberglass blanket,1.016743513654291,2.2278907734765445,Office
156,New Construction,Glass mat gypsum board,7.494378192292919,3.5448408849545507,Office
156,New Construction,Glazing - other,0.1073973116042515,0.1400487706696471,Office
156,New Construction,Glue laminated timber GLT,33.467018592641445,12.416263897869976,Office
156,New Construction,Gypsum board,31.27462297705225,6.527051467399219,Office
156,New Construction,Heavy timber framing,0.0293177747354147,0.0055703771997288,Office
156,New Construction,Hollow structural sections HSS,59.73399748486793,143.95200510001138,Office
156,New Construction,Hot-rolled sections,27.216074459220494,26.345160076525435,Office
156,New Construction,Insulated glass unit IGU,2.665981157433416,3.0763618291596746,Office
156,New Construction,Laminated veneer lumber LVL,10.499457687377577,3.884799344329703,Office
156,New Construction,Mineral wool high density,8.63176525563564,15.450859807587795,Office
156,New Construction,PVC,0.0288139092102153,0.0893231185516675,Office
156,New Construction,Paint,0.2590520280201623,0.6217248672483894,Office
156,New Construction,Plate,0.9254578329303044,2.1563167507276093,Office
156,New Construction,Polyisocyanurate PIR,5.350986029297135,14.019583396758494,Office
156,New Construction,Ready mix NW 5000,791.1662660821485,178.0124098684832,Office
156,New Construction,Rebar and reinforcement,39.31851440132794,75.09858004341602,Office
156,New Construction,Roll formed metal panel steel,2.6798713648069805,6.244100280000266,Office
156,New Construction,Softwood framing,20.66416330057189,3.471579434496077,Office
156,New Construction,Softwood plywood,12.778098774614314,3.37341807649818,Office
156,New Construction,Steel - other,33.77524034107118,32.953732416143914,Office
156,New Construction,Steel door,0.2574016822313513,0.5491740744482595,Office
156,New Construction,Steel door frame,0.0098243355675675,0.0270169228108108,Office
156,New Construction,Steel sheet,1.1066835154368724,2.5785725909679127,Office
156,New Construction,Synthetic composites,3.2953404050061192,15.157434237270758,Office
156,New Construction,TPO,1.1433352557139784,3.64723946572759,Office
156,New Construction,Wood and composites - other,2.319762126933755,1.0299743843585871,Office
156,New Construction,Wood door frame,0.0024274162162162,0.0106806313513513,Office
156,New Construction,Wood or composite door,0.1097390795623783,0.0402742421993928,Office
157,New Construction,Acoustic ceiling tile fiber,0.0921598156800004,0.1253373493248006,Public Order and Safety
157,New Construction,Adhesives and sealants,0.0001639465411765,2.541171388235809e-05,Public Order and Safety
157,New Construction,Air and vapor barriers,0.0241739505822119,0.0195808999715917,Public Order and Safety
157,New Construction,Aluminum - other,0.3524286072217911,3.175381751068338,Public Order and Safety
157,New Construction,Aluminum door,0.165963624625983,1.709425333647626,Public Order and Safety
157,New Construction,Aluminum framed window,0.2368737132324839,2.4709779402472627,Public Order and Safety
157,New Construction,Built up roofing,0.5770088689401868,3.24278984344385,Public Order and Safety
157,New Construction,Ceramic tile,1.652504465710023,0.4329561700160261,Public Order and Safety
157,New Construction,Coatings - other,0.2557003679698806,4.508995944812902,Public Order and Safety
157,New Construction,Cold formed steel framing,5.670367472622427,9.495710951847494,Public Order and Safety
157,New Construction,Decking,10.8633595474662,28.027467632462788,Public Order and Safety
157,New Construction,Doors and frames - other,0.3764045921931813,2.8621247236055525,Public Order and Safety
157,New Construction,Extrusion,1.5837327194836968,14.19242137841126,Public Order and Safety
157,New Construction,Fasteners,0.0974216442202852,0.4066583058255381,Public Order and Safety
157,New Construction,Flooring and tile - other,0.0147551887058854,0.0057545235952953,Public Order and Safety
157,New Construction,Glass mat gypsum board,17.616214694254218,8.332469550382244,Public Order and Safety
157,New Construction,Glazing - other,0.2978378444610888,0.452713523580855,Public Order and Safety
157,New Construction,Gypsum board,20.89353012447268,4.243285566694647,Public Order and Safety
157,New Construction,Heavy timber framing,2.5742751912611768,0.4891122863396235,Public Order and Safety
157,New Construction,Hollow structural sections HSS,3.6578552124421,8.972714384918328,Public Order and Safety
157,New Construction,Hot-rolled sections,108.3537087692482,116.62553601765173,Public Order and Safety
157,New Construction,Insulated glass unit IGU,5.287583679009604,6.693476665914103,Public Order and Safety
157,New Construction,Mineral wool high density,5.230560864107444,9.362703946752324,Public Order and Safety
157,New Construction,Mortar and grout,0.4486048741660209,0.2990325498320447,Public Order and Safety
157,New Construction,Other,0.0024615953501651,0.0057355171658848,Public Order and Safety
157,New Construction,Paint,0.7703339176337909,1.6613518289113152,Public Order and Safety
157,New Construction,Plate,2.583197275359982,6.018849651588758,Public Order and Safety
157,New Construction,Polyisocyanurate PIR,5.601622321563128,14.676250482495396,Public Order and Safety
157,New Construction,Ready mix NW 5000,1670.8757580871752,375.947045569614,Public Order and Safety
157,New Construction,Ready mix unknown,264.9849040590133,0.580316939889239,Public Order and Safety
157,New Construction,Rebar and reinforcement,73.43721167499031,140.2650742992315,Public Order and Safety
157,New Construction,Roll formed metal panel steel,2.5025697860422085,5.830987601478347,Public Order and Safety
157,New Construction,Softwood plywood,4.519298794434567,1.193094881730726,Public Order and Safety
157,New Construction,Steel - other,6.010973672370922,13.100154397304143,Public Order and Safety
157,New Construction,Steel door,1.804311381882353,4.195504701952941,Public Order and Safety
157,New Construction,Steel door frame,0.0426741515294117,0.1173539167058823,Public Order and Safety
157,New Construction,Suspension assembly,0.0195861467858825,0.0475943366896944,Public Order and Safety
157,New Construction,Synthetic composites,0.7140471697354784,3.0704277471687527,Public Order and Safety
157,New Construction,Wood or composite door,0.0866867336470588,0.0228852976828235,Public Order and Safety
158,New Construction,Acoustic ceiling tile fiber,0.969051745918609,1.317910374449308,Education
158,New Construction,Adhesives and sealants,0.3028415851678934,0.1373369261098469,Education
158,New Construction,Air and vapor barriers,0.0143523263720113,0.022392100701183,Education
158,New Construction,Aluminum - other,0.057644003569192,0.5073630391239652,Education
158,New Construction,Aluminum door,0.9735660894715568,10.026306373496643,Education
158,New Construction,Aluminum door frame,0.0399700519090909,0.3497379542045454,Education
158,New Construction,Aluminum sheet,1.372824634505277,7.715274445919655,Education
158,New Construction,Aluminum storefront or curtain wall,0.1058374457863592,1.0583744578635927,Education
158,New Construction,Built up roofing,1.1097140392844096,0.5176522839018857,Education
158,New Construction,CMU,3.3193061721013057,0.3717622912753462,Education
158,New Construction,Carpet,1.1577688184343258,6.830915589326827,Education
158,New Construction,Closed cell spray polyurethane foam,0.1791647675640458,1.7916476756404582,Education
158,New Construction,Coatings - other,0.2119612752116792,3.427402411335878,Education
158,New Construction,Cold formed steel framing,5.778601255004823,14.420994761565469,Education
158,New Construction,Concrete - other,1.281978753874849,0.2067985045509119,Education
158,New Construction,Decking,0.3740189649880161,0.9649689296690818,Education
158,New Construction,Doors and frames - other,0.3337160101971444,2.1371119989946745,Education
158,New Construction,Expanded polystyrene EPS,0.0117142978770402,0.0380714681003808,Education
158,New Construction,Extruded polystyrene XPS,0.4125728494867756,1.1015695081296923,Education
158,New Construction,Extrusion,3.0613431060843457,23.010409841107748,Education
158,New Construction,Fasteners,0.0047630391683471,0.0196006767103213,Education
158,New Construction,Fiberglass blanket,0.7036201924661013,1.4443124551518385,Education
158,New Construction,Flooring and tile - other,0.0067110294212834,0.0026173014743005,Education
158,New Construction,Glass mat gypsum board,0.5077694949748504,0.2401749711231042,Education
158,New Construction,Glazing - other,1.4571897422686615,2.215884059592191,Education
158,New Construction,Gypsum board,35.143666118812675,7.134165225439239,Education
158,New Construction,Hardwood,0.2564396191089624,0.4073419108293624,Education
158,New Construction,Hollow structural sections HSS,1.391934065616126,3.488552957086666,Education
158,New Construction,Hot-rolled sections,1.3895967561705047,1.345129659973049,Education
158,New Construction,Insulated glass unit IGU,10.177498824880546,13.294580933924296,Education
158,New Construction,Medium density fiberboard MDF,0.941909059113872,0.6631039776161659,Education
158,New Construction,Mineral wool high density,3.249951903635636,5.817413907507788,Education
158,New Construction,Modified bitumen,1.43941570954329,1.0156865404287987,Education
158,New Construction,Mortar and grout,2.0955827864981798,0.3580285253870524,Education
158,New Construction,Paint,0.3421609964920531,0.8214573526742579,Education
158,New Construction,Plate,0.2730890733661283,0.6362975409430791,Education
158,New Construction,Polyisocyanurate PIR,0.5301053697524386,1.4459879136686964,Education
158,New Construction,Precast,27.493738046809924,6.026702783494683,Education
158,New Construction,Ready mix NW 5000,0.0582387462268494,0.013103717901041,Education
158,New Construction,Ready mix unknown,1059.6597507389458,157.48989916573134,Education
158,New Construction,Rebar and reinforcement,79.40065127224803,151.87812373049704,Education
158,New Construction,Resilient flooring vinyl,0.0359412909006514,0.0905720530696416,Education
158,New Construction,Roll formed metal panel aluminum,0.1299062045295271,0.7300728694559424,Education
158,New Construction,Roll formed metal panel steel,0.0270497388069872,0.0630258914202801,Education
158,New Construction,Roofing and waterproofing - other,0.1230031071784459,0.0594105007671894,Education
158,New Construction,Softwood framing,0.0668623633120849,0.0112328770364302,Education
158,New Construction,Softwood plywood,0.0407514997664042,0.0107583959383307,Education
158,New Construction,Spray applied cementitious,0.2966303614913285,0.3381586121001144,Education
158,New Construction,Steel - other,0.4920700517248588,0.8996079780829634,Education
158,New Construction,Steel door,0.2809026874603636,0.8946843108037527,Education
158,New Construction,Steel door frame,0.0076679544610909,0.021086874768,Education
158,New Construction,Steel sheet,1.015892894368846,2.367030443879411,Education
158,New Construction,Stone masonry,2.958131691379005,1.6506374837894848,Education
158,New Construction,Stone tile,0.4749757544143091,0.2650364709631845,Education
158,New Construction,Suspension assembly,0.2059464811060426,0.5004499490876836,Education
158,New Construction,Synthetic composites,0.1215368614037045,0.3548876352988172,Education
158,New Construction,Wood and composites - other,0.0657025441117917,0.0303545753796477,Education
158,New Construction,Wood or composite door,0.1137008719526399,0.0417282200066188,Education
159,New Construction,Acoustic ceiling tile aluminum,0.0921022035858543,0.6216898742045165,Transportation Hub
159,New Construction,Acoustic ceiling tile fiber,0.4694081920458117,0.6383951411823039,Transportation Hub
159,New Construction,Acoustic ceiling tile steel,1.5356766436386315,5.526857924430389,Transportation Hub
159,New Construction,Adhesives and sealants,0.0546255240126741,0.1927514299655311,Transportation Hub
159,New Construction,Air and vapor barriers,0.2755727363614416,0.3701226390386752,Transportation Hub
159,New Construction,Aluminum - other,0.0861891156801392,0.4843828301223825,Transportation Hub
159,New Construction,Aluminum composite panel ACM,0.6449374485858564,5.12725271625756,Transportation Hub
159,New Construction,Aluminum door,0.0608883832633125,0.3963833750441644,Transportation Hub
159,New Construction,Aluminum door frame,0.0117458775749997,0.1027764287812474,Transportation Hub
159,New Construction,Aluminum framed window,0.0386405628,0.290190626628,Transportation Hub
159,New Construction,Aluminum sheet,0.5505968768585005,3.0943544479447724,Transportation Hub
159,New Construction,CMU,39.10128564675538,4.379343992436602,Transportation Hub
159,New Construction,Ceramic tile,4.802512015014012,1.2582581479336712,Transportation Hub
159,New Construction,Coatings - other,0.3717000652335359,3.940442099521123,Transportation Hub
159,New Construction,Cold formed steel framing,9.325002430361533,22.84625595438576,Transportation Hub
159,New Construction,Concrete - other,18.540112214619448,5.011887729865385,Transportation Hub
159,New Construction,Decking,13.728402534504886,35.419278539022606,Transportation Hub
159,New Construction,Doors and frames - other,0.1948440834124365,1.0718224473634992,Transportation Hub
159,New Construction,Extrusion,2.095509794073008,16.654656341609552,Transportation Hub
159,New Construction,Fasteners,0.0039700284712459,0.0211623480122059,Transportation Hub
159,New Construction,Fiberglass blanket,0.376829347994551,1.1411251364786166,Transportation Hub
159,New Construction,GFRC general,0.060751652340436,0.0149449064757472,Transportation Hub
159,New Construction,Glass mat gypsum board,15.903006476221442,7.522122063252742,Transportation Hub
159,New Construction,Glazing - other,0.4313225148426915,0.6713329646257344,Transportation Hub
159,New Construction,Gypsum board,27.58352392739218,6.730379838283692,Transportation Hub
159,New Construction,Hollow structural sections HSS,8.233285696458397,21.536723665024457,Transportation Hub
159,New Construction,Hot-rolled sections,78.07279976786357,76.35265116946037,Transportation Hub
159,New Construction,Insulated glass unit IGU,2.4066377157941727,3.2248945391641906,Transportation Hub
159,New Construction,Insulation - other,0.0046509127794026,0.043346507104033,Transportation Hub
159,New Construction,Intumescent,0.4378067739995345,1.107651138218822,Transportation Hub
159,New Construction,Mineral wool low density,0.028395240540308,0.0420249559996559,Transportation Hub
159,New Construction,Mortar and grout,47.29977109005484,8.818074530158237,Transportation Hub
159,New Construction,Oriented strand board OSB,0.0071620641786005,0.0028075291580113,Transportation Hub
159,New Construction,PVC,0.7306054833984242,2.264876998535115,Transportation Hub
159,New Construction,Paint,0.3159496575878089,0.7378492014322091,Transportation Hub
159,New Construction,Plate,0.9777474460821612,2.522588410891976,Transportation Hub
159,New Construction,Polyisocyanurate PIR,2.103014382412526,5.509897681920816,Transportation Hub
159,New Construction,Precast,39.38469312219537,9.013753315808552,Transportation Hub
159,New Construction,Ready mix NW 2500,22.173844537791023,2.710754460872252,Transportation Hub
159,New Construction,Ready mix NW 4000,488.09158861717526,77.83337413182284,Transportation Hub
159,New Construction,Ready mix NW 6000,17.59657683179002,3.4577545335664883,Transportation Hub
159,New Construction,Rebar and reinforcement,15.736176975084009,29.11410773953793,Transportation Hub
159,New Construction,Resilient flooring vinyl,0.0090876824997684,0.0125410018496804,Transportation Hub
159,New Construction,Roll formed metal panel aluminum,0.0753828697944938,0.4869733388724303,Transportation Hub
159,New Construction,Softwood framing,0.4505209771516074,0.07568752416147,Transportation Hub
159,New Construction,Spray applied cementitious,35.50878521585899,40.480015146079246,Transportation Hub
159,New Construction,Steel - other,0.3179725345053418,1.0743157958073015,Transportation Hub
159,New Construction,Steel door,0.43951341984237,1.125009157786862,Transportation Hub
159,New Construction,Steel door frame,0.0158803762043769,0.0436710345620367,Transportation Hub
159,New Construction,Steel sheet,1.4669724055313025,4.192808179334764,Transportation Hub
159,New Construction,Stucco finish,0.0084824049077896,0.0212908363185519,Transportation Hub
159,New Construction,Suspension assembly,0.1011750557037569,0.2458553853601293,Transportation Hub
159,New Construction,Synthetic composites,0.0924342389602683,0.1483673393825357,Transportation Hub
159,New Construction,Wood and composites - other,1.1880763756142745,0.5275059107727378,Transportation Hub
159,New Construction,Wood door frame,0.0109023784999999,0.0479704654,Transportation Hub
159,New Construction,Wood or composite door,0.0532278677375999,0.0140521570827264,Transportation Hub
16,New Construction,Acoustic ceiling tile fiber,0.1038318279569892,0.1183686021505376,Healthcare
16,New Construction,CMU,8.136289032258064,2.0218679569892477,Healthcare
16,New Construction,Carpet,1.0276120430107527,1.303539784946237,Healthcare
16,New Construction,Decking,1.214849892473118,3.231501075268817,Healthcare
16,New Construction,Extrusion,1.1211243010752687,7.365786236559139,Healthcare
16,New Construction,Fiberglass blanket,0.2276451612903225,0.459843440860215,Healthcare
16,New Construction,Flooring and tile - other,0.4225591397849462,0.3169191397849462,Healthcare
16,New Construction,Glass mat gypsum board,31.965387956989247,9.82627182795699,Healthcare
16,New Construction,Gypsum board,0.1449832258064516,0.0597333333333333,Healthcare
16,New Construction,Insulated glass unit IGU,3.810036559139785,9.671630967741937,Healthcare
16,New Construction,Mineral wool high density,0.3541759139784945,0.4977604301075269,Healthcare
16,New Construction,Mineral wool low density,0.7829901075268817,1.1275058064516128,Healthcare
16,New Construction,Modified bitumen,0.4282404301075269,0.3413045161290322,Healthcare
16,New Construction,Oriented strand board OSB,1.0535187096774197,0.3343772043010753,Healthcare
16,New Construction,Ready mix NW 6000,105.99196645161292,15.987121720430109,Healthcare
16,New Construction,Ready mix unknown,883.395,85.60595440860216,Healthcare
16,New Construction,Rebar and reinforcement,29.244526021505376,41.56381462365591,Healthcare
16,New Construction,Resilient flooring vinyl,0.6186722580645161,2.0678787096774194,Healthcare
16,New Construction,Roofing and waterproofing - other,0.1745247311827956,0.3850610752688171,Healthcare
16,New Construction,Softwood framing,1.6757784946236558,0.2886249462365591,Healthcare
16,New Construction,Softwood plywood,1.3941599999999998,0.3900189247311828,Healthcare
16,New Construction,Steel door,0.1391522580645161,0.3840602150537634,Healthcare
16,New Construction,Steel sheet,104.11647741935484,219.77815268817204,Healthcare
16,New Construction,Suspension assembly,0.4585212903225806,0.1227819354838709,Healthcare
16,New Construction,Terrazzo slabs and tiles,0.4083049462365591,1.084560430107527,Healthcare
16,New Construction,Wood or composite door,0.0279363440860215,0.0253544086021505,Healthcare
161,New Construction,Acoustic ceiling tile aluminum,0.2096122916497027,1.4148829686354931,Transportation Hub
161,New Construction,Acoustic ceiling tile fiber,0.1285042027837017,0.1747657157858343,Transportation Hub
161,New Construction,Acoustic ceiling tile steel,0.0601696359525274,0.1726868551837538,Transportation Hub
161,New Construction,Acoustic ceilings - other,1.243570684183881,1.9524059741686932,Transportation Hub
161,New Construction,Adhesives and sealants,0.1190347887113223,0.5691169120653697,Transportation Hub
161,New Construction,Aluminum - other,3.771036607925925,21.1932257365437,Transportation Hub
161,New Construction,Aluminum composite panel ACM,3.152901549564447,25.06556731903736,Transportation Hub
161,New Construction,Aluminum door,0.64899501823738,3.7423402039585296,Transportation Hub
161,New Construction,Aluminum framed window,0.0586095108015944,0.4401574261199745,Transportation Hub
161,New Construction,Aluminum sheet,2.1522545307295293,12.095670462699957,Transportation Hub
161,New Construction,CMU,78.45981774150825,8.787499587048924,Transportation Hub
161,New Construction,Coatings - other,0.806467083865779,8.99761207225924,Transportation Hub
161,New Construction,Cold formed steel framing,10.274148730384116,25.171664389441087,Transportation Hub
161,New Construction,Concrete - other,8.765714124496263,1.3675018057925206,Transportation Hub
161,New Construction,Decking,13.963262821853755,36.02521808038269,Transportation Hub
161,New Construction,Doors and frames - other,0.1738257591186597,1.384530731744856,Transportation Hub
161,New Construction,EPDM,0.0058818763978913,0.01893964200121,Transportation Hub
161,New Construction,Extrusion,2.936385484950451,25.361815439131863,Transportation Hub
161,New Construction,Fasteners,0.0755870713066599,0.4368932721524943,Transportation Hub
161,New Construction,Fiberglass blanket,6.381350172751228,22.27091210290179,Transportation Hub
161,New Construction,Glass mat gypsum board,11.709573325919632,5.538628183159985,Transportation Hub
161,New Construction,Glazing - other,0.1440519067932103,0.2189588983256797,Transportation Hub
161,New Construction,Gypsum board,58.03287386599018,12.880507013932148,Transportation Hub
161,New Construction,Hollow structural sections HSS,31.520080916496752,78.05863003244501,Transportation Hub
161,New Construction,Hot-rolled sections,98.00238614148633,94.86630978495876,Transportation Hub
161,New Construction,Insulated glass unit IGU,7.392485958927652,9.905931184963055,Transportation Hub
161,New Construction,Insulated metal panel IMP,0.7122520094678579,4.300391501080833,Transportation Hub
161,New Construction,Insulation - other,0.0551931243604601,0.5143999190394883,Transportation Hub
161,New Construction,Intumescent,0.4823240283276896,1.2202797916690549,Transportation Hub
161,New Construction,Mortar and grout,24.168667537291096,4.70076890168259,Transportation Hub
161,New Construction,PVC,0.8696563561785231,2.695934704153421,Transportation Hub
161,New Construction,Paint,0.394502428983455,0.9128885236633776,Transportation Hub
161,New Construction,Plate,4.344943504824318,11.209954242446738,Transportation Hub
161,New Construction,Polyisocyanurate PIR,0.0098648720684652,0.0329486727086737,Transportation Hub
161,New Construction,Ready mix LW 4000,3.992242564706527,1.1836500858321883,Transportation Hub
161,New Construction,Ready mix NW 2500,0.3284507012797946,0.0401531273547712,Transportation Hub
161,New Construction,Ready mix NW 4000,745.1706030337868,118.82839960894144,Transportation Hub
161,New Construction,Ready mix NW 6000,24.68267366032396,4.850183508154829,Transportation Hub
161,New Construction,Rebar and reinforcement,15.40385376112794,22.077510403720325,Transportation Hub
161,New Construction,Roll formed metal panel aluminum,1.134377533409839,7.32807886582756,Transportation Hub
161,New Construction,Spray applied cementitious,48.883958319740735,55.72771248450444,Transportation Hub
161,New Construction,Steel door frame,0.0004932982054054,0.0013565700648648,Transportation Hub
161,New Construction,Steel sheet,10.25458817292716,33.4492226085281,Transportation Hub
161,New Construction,Suspension assembly,0.395537217402753,0.96115543828869,Transportation Hub
161,New Construction,Synthetic composites,0.4370975751632494,0.4435033818129538,Transportation Hub
161,New Construction,Zinc sheet,0.002232696125815,0.0070999736800918,Transportation Hub
164,New Construction,Acoustic ceiling tile fiber,1.5941311643817917,2.168018383559237,Public Assembly
164,New Construction,Adhesives and sealants,0.2200658002575321,0.102225229941564,Public Assembly
164,New Construction,Air and vapor barriers,2.9519920796703323,2.768274157167868,Public Assembly
164,New Construction,Aluminum - other,0.0011305980107303,0.0018541807375978,Public Assembly
164,New Construction,Aluminum door frame,0.0061782593158783,0.0540597690139358,Public Assembly
164,New Construction,Aluminum framed window,0.0256664581862499,0.2670818400180597,Public Assembly
164,New Construction,Aluminum sheet,2.3908333891138343,16.358543041021953,Public Assembly
164,New Construction,Carpet,0.6174481731876149,2.5809333639242307,Public Assembly
164,New Construction,Ceramic tile,0.7337991511668264,0.1922553776057085,Public Assembly
164,New Construction,Closed cell spray polyurethane foam,0.0657868758422094,0.6578687584220946,Public Assembly
164,New Construction,Coatings - other,0.1559392633081442,2.413677599046645,Public Assembly
164,New Construction,Cold formed steel framing,7.243741162985827,18.155519632575903,Public Assembly
164,New Construction,Concrete - other,0.2198770808997549,0.0343020889014085,Public Assembly
164,New Construction,Decking,12.474225291597312,32.18350125232107,Public Assembly
164,New Construction,Doors and frames - other,0.1846266382438054,0.9734678410987848,Public Assembly
164,New Construction,Extruded polystyrene XPS,0.1341338355676337,8.717836159322973,Public Assembly
164,New Construction,Extrusion,0.7747611801365726,6.947495452151828,Public Assembly
164,New Construction,Fasteners,0.2296815177903996,0.932707361196774,Public Assembly
164,New Construction,Fiberglass blanket,1.912556449700195,3.9432886863209977,Public Assembly
164,New Construction,Flooring and tile - other,0.0024702290273649,0.0035818320896791,Public Assembly
164,New Construction,Glass mat gypsum board,19.45439728767647,9.201929917070968,Public Assembly
164,New Construction,Glazing - other,0.7146970459039889,0.9223954782072352,Public Assembly
164,New Construction,Gypsum board,40.01501894502975,9.502003950469772,Public Assembly
164,New Construction,Hardwood,1.7837610229775895,2.2861872468921973,Public Assembly
164,New Construction,Hollow structural sections HSS,9.726291887790117,25.122289798420997,Public Assembly
164,New Construction,Hot-rolled sections,54.60762375546987,53.05282125497676,Public Assembly
164,New Construction,Insulated glass unit IGU,5.9473748044040455,7.615663742537796,Public Assembly
164,New Construction,Insulation - other,2.5930762275374957e-05,0.0002416747044064,Public Assembly
164,New Construction,Intumescent,0.3652382431534172,0.9240527551781452,Public Assembly
164,New Construction,Medium density fiberboard MDF,0.4147256813257514,0.2919668796533288,Public Assembly
164,New Construction,Mineral wool high density,3.006424860321532,5.381500499975542,Public Assembly
164,New Construction,Mineral wool low density,0.8351560579734438,1.2610856475399004,Public Assembly
164,New Construction,Modified bitumen,5.134042380263369,3.2362773812873558,Public Assembly
164,New Construction,Mortar and grout,1.251164507397599,0.2888563389977114,Public Assembly
164,New Construction,Paint,0.521592010132082,1.2031548522359308,Public Assembly
164,New Construction,Plate,3.917775381678631,9.709251097143609,Public Assembly
164,New Construction,Polyisocyanurate PIR,5.256482554985141,13.771984294061069,Public Assembly
164,New Construction,Precast,10.369491341623752,1.617700273294651,Public Assembly
164,New Construction,Ready mix LW 5000,0.5167918938295901,0.1704348512457614,Public Assembly
164,New Construction,Ready mix NW 3000,453.8497112462487,60.992041020203935,Public Assembly
164,New Construction,Ready mix NW 4000,68.7589125485987,10.964618711120412,Public Assembly
164,New Construction,Ready mix NW 6000,292.9489037799093,57.56491218896192,Public Assembly
164,New Construction,Rebar and reinforcement,41.09623121249327,40.77928407206693,Public Assembly
164,New Construction,Resilient flooring vinyl,0.2171851418266369,0.5473065574031251,Public Assembly
164,New Construction,Roll formed metal panel aluminum,0.0546879629842365,0.3073463519714096,Public Assembly
164,New Construction,Roll formed metal panel steel,0.0216510753635578,0.0504470055970897,Public Assembly
164,New Construction,Softwood framing,0.0455715079576734,0.0076560133368891,Public Assembly
164,New Construction,Softwood plywood,0.150955999509163,0.039852383870419,Public Assembly
164,New Construction,Spray applied cementitious,29.15507696881324,33.23678774444709,Public Assembly
164,New Construction,Steel - other,0.7052338673007489,1.813501370900369,Public Assembly
164,New Construction,Steel door,0.0855865768648648,0.2268044286918918,Public Assembly
164,New Construction,Steel door frame,0.0177698363387387,0.0488670499315315,Public Assembly
164,New Construction,Steel framed window,0.0080696944144144,0.0281107593945945,Public Assembly
164,New Construction,Steel sheet,4.316474003618924,10.173237852553855,Public Assembly
164,New Construction,Stone masonry,30.5257022666579,16.730636889392006,Public Assembly
164,New Construction,Stucco finish,5.871574616925685,2.812484241507403,Public Assembly
164,New Construction,Suspension assembly,0.3387906838913869,0.8232613618560702,Public Assembly
164,New Construction,Synthetic composites,0.0060882350594017,0.017777646373453,Public Assembly
164,New Construction,Wall coverings,0.0534133467721262,0.8092693551658455,Public Assembly
164,New Construction,Wood or composite door,0.8688641832988282,0.3040454365143888,Public Assembly
164,New Construction,Zinc sheet,1.3948327958685964,5.481692887763585,Public Assembly
165,New Construction,Aluminum composite panel ACM,0.4191255319148936,3.5823655319148933,Warehouse and Storage
165,New Construction,Aluminum storefront or curtain wall,2.328664255319149,10.321646382978724,Warehouse and Storage
165,New Construction,Decking,8.222915319148937,18.955211914893617,Warehouse and Storage
165,New Construction,Fiberglass blanket,5.166136595744681,12.876259148936173,Warehouse and Storage
165,New Construction,Hollow structural sections HSS,3.6198987234042552,7.149912765957447,Warehouse and Storage
165,New Construction,Open web joists,13.881065531914892,18.950002978723404,Warehouse and Storage
165,New Construction,Paint,0.3348234042553191,0.6462089361702128,Warehouse and Storage
165,New Construction,Precast,170.45343872340425,51.78641404255319,Warehouse and Storage
165,New Construction,Ready mix NW 3000,44.116442127659575,5.723924680851065,Warehouse and Storage
165,New Construction,Ready mix NW 4000,485.33291702127656,77.57237787234043,Warehouse and Storage
165,New Construction,Ready mix unknown,162.95658382978723,0.409691914893617,Warehouse and Storage
165,New Construction,Rebar and reinforcement,10.77002,8.48994340425532,Warehouse and Storage
165,New Construction,Roll formed metal panel steel,0.6165255319148937,1.6879995744680851,Warehouse and Storage
165,New Construction,Steel door,0.3157902127659574,2.822460425531915,Warehouse and Storage
165,New Construction,Synthetic composites,0.0403021276595744,0.1208574468085106,Warehouse and Storage
165,New Construction,TPO,1.55386085106383,4.137776170212766,Warehouse and Storage
166,New Construction,Adhesives and sealants,0.1159081361221118,0.3175882929745863,Residential: Multifamily (5 or more units)
166,New Construction,Aluminum - other,0.0854737739155321,0.2726613387905476,Residential: Multifamily (5 or more units)
166,New Construction,Aluminum door,0.1357873656013708,0.8839757500649243,Residential: Multifamily (5 or more units)
166,New Construction,Aluminum sheet,0.0025828387726192,0.0183898120610487,Residential: Multifamily (5 or more units)
166,New Construction,Aluminum storefront or curtain wall,0.9080352101456756,9.080352101456755,Residential: Multifamily (5 or more units)
166,New Construction,CMU,5.142808413885824,0.5759945423552123,Residential: Multifamily (5 or more units)
166,New Construction,Coatings - other,0.3105755708682314,3.0103356876965006,Residential: Multifamily (5 or more units)
166,New Construction,Cold formed steel framing,1.7858058523884996,4.375224338351825,Residential: Multifamily (5 or more units)
166,New Construction,Decking,0.8065945627492471,2.0810139718930576,Residential: Multifamily (5 or more units)
166,New Construction,Doors and frames - other,0.5436592403422198,3.319708588454788,Residential: Multifamily (5 or more units)
166,New Construction,EPDM,0.9273975694378952,3.1322577484342,Residential: Multifamily (5 or more units)
166,New Construction,Extruded polystyrene XPS,1.9921133529387536,129.4745486716717,Residential: Multifamily (5 or more units)
166,New Construction,Extrusion,0.0494640250368643,0.371474828026851,Residential: Multifamily (5 or more units)
166,New Construction,Fasteners,0.1792359785784034,0.7302084809026143,Residential: Multifamily (5 or more units)
166,New Construction,Flooring and tile - other,0.0646948434120784,0.0802216058309772,Residential: Multifamily (5 or more units)
166,New Construction,Glass mat gypsum board,11.790140239475592,5.576736333271954,Residential: Multifamily (5 or more units)
166,New Construction,Glue laminated timber GLT,2.662601865529087,0.9878252921112912,Residential: Multifamily (5 or more units)
166,New Construction,Gypsum board,90.76920863791167,18.98562794849022,Residential: Multifamily (5 or more units)
166,New Construction,Hardwood,0.5000972649063333,1.0051955024617298,Residential: Multifamily (5 or more units)
166,New Construction,Hollow structural sections HSS,2.936362895860368,7.726621101479666,Residential: Multifamily (5 or more units)
166,New Construction,Hot-rolled sections,1.7832724811745748,1.7262077617769884,Residential: Multifamily (5 or more units)
166,New Construction,Insulated glass unit IGU,4.13319008345612,5.538474711831201,Residential: Multifamily (5 or more units)
166,New Construction,Mineral wool high density,9.234784478883409,16.530264217201303,Residential: Multifamily (5 or more units)
166,New Construction,Mineral wool low density,1.670464171156205,2.522400898445869,Residential: Multifamily (5 or more units)
166,New Construction,Modified bitumen,2.576004212214052,1.9917261177470844,Residential: Multifamily (5 or more units)
166,New Construction,Mortar and grout,1.0873705344120248,0.1551926298340495,Residential: Multifamily (5 or more units)
166,New Construction,Paint,0.9850440470264228,2.364105712863414,Residential: Multifamily (5 or more units)
166,New Construction,Plate,72.69115271374632,169.37038582302893,Residential: Multifamily (5 or more units)
166,New Construction,Precast,11.855315501866,1.8968504802985608,Residential: Multifamily (5 or more units)
166,New Construction,Ready mix NW 2500,11.227585106683255,1.3922205532287215,Residential: Multifamily (5 or more units)
166,New Construction,Ready mix NW 5000,1440.6559091224035,293.89380546097016,Residential: Multifamily (5 or more units)
166,New Construction,Rebar and reinforcement,48.63016140238382,47.670141316907326,Residential: Multifamily (5 or more units)
166,New Construction,Roll formed metal panel steel,2.837933450213173,6.612384938996695,Residential: Multifamily (5 or more units)
166,New Construction,Roofing and waterproofing - other,0.0497426205272413,0.0240256857146575,Residential: Multifamily (5 or more units)
166,New Construction,Softwood framing,12.985376141765013,2.1815431918165222,Residential: Multifamily (5 or more units)
166,New Construction,Softwood plywood,19.16350620997435,5.059165639433229,Residential: Multifamily (5 or more units)
166,New Construction,Steel - other,1.382044182069072,3.6323923909240623,Residential: Multifamily (5 or more units)
166,New Construction,Steel door,0.5346405094644706,1.2555100500374965,Residential: Multifamily (5 or more units)
166,New Construction,Steel door frame,0.087369944081109,0.2402673462230497,Residential: Multifamily (5 or more units)
166,New Construction,Steel sheet,0.0075187705411764,0.0356389723651764,Residential: Multifamily (5 or more units)
166,New Construction,Synthetic composites,0.9938003432453884,2.8919589988440806,Residential: Multifamily (5 or more units)
166,New Construction,Vinyl framed window,0.4686668549019608,1.256027171137255,Residential: Multifamily (5 or more units)
166,New Construction,Windows and frames - other,0.00406912218432,0.041505046280064,Residential: Multifamily (5 or more units)
166,New Construction,Wood I joists,0.9543924068046076,0.4390205071301195,Residential: Multifamily (5 or more units)
166,New Construction,Wood and composites - other,20.78911066689577,25.154823906943875,Residential: Multifamily (5 or more units)
166,New Construction,Wood or composite door,3.1376453376,0.8283383691264,Residential: Multifamily (5 or more units)
167,New Construction,Air and vapor barriers,0.1127126468019016,0.1573759686112438,Office
167,New Construction,Aluminum - other,0.0121986079105962,0.0397674617885438,Office
167,New Construction,Aluminum door frame,0.008875701926457,0.0776623918564989,Office
167,New Construction,Aluminum sheet,0.0277026293813712,0.1556887771233065,Office
167,New Construction,CMU,0.5143930908548723,0.0576120261757457,Office
167,New Construction,Ceramic tile,0.3192401394513023,0.0870666050747389,Office
167,New Construction,Coatings - other,0.2819373477218406,2.954043937311906,Office
167,New Construction,Cold formed steel framing,5.129336244100764,12.566873798046872,Office
167,New Construction,Doors and frames - other,0.0891888407022638,0.6057141978540133,Office
167,New Construction,Extruded polystyrene XPS,1.0286649537479209,2.7465354265069486,Office
167,New Construction,Extrusion,5.992385214954848,47.43147935114012,Office
167,New Construction,Fasteners,0.0758057976220453,0.3492239051575635,Office
167,New Construction,Fiberglass blanket,0.9130397927487424,1.8191534521410748,Office
167,New Construction,Glass mat gypsum board,7.238851533630936,3.423976775407433,Office
167,New Construction,Glazing - other,1.883956951630287,2.8499280033249352,Office
167,New Construction,Glue laminated timber GLT,20.660620029306763,7.665090030872809,Office
167,New Construction,Gypsum board,19.92416205505888,4.309079687072538,Office
167,New Construction,Hollow structural sections HSS,21.074393165441837,51.66775827198679,Office
167,New Construction,Hot-rolled sections,9.874825500668468,9.558831084647077,Office
167,New Construction,Insulated glass unit IGU,6.670070456012099,8.470989479135364,Office
167,New Construction,Intumescent,0.0845608946478582,0.2139390634590813,Office
167,New Construction,Laminated veneer lumber LVL,0.3110024179886808,0.1150708946558119,Office
167,New Construction,Mineral wool high density,3.5325460883270248,6.323257498105374,Office
167,New Construction,Mineral wool low density,0.0486341277083476,0.0734375328396049,Office
167,New Construction,Modified bitumen,2.404171040974765,1.7218136948280034,Office
167,New Construction,Mortar and grout,0.7035357060598408,0.1531191868313804,Office
167,New Construction,Other,0.002884339329387,0.0067205106374718,Office
167,New Construction,Paint,0.269333703591762,0.604753181249067,Office
167,New Construction,Plate,0.975885191248059,2.517783793419992,Office
167,New Construction,Polyisocyanurate PIR,0.9091801251556896,2.385555259988172,Office
167,New Construction,Precast,2.0258607874412724,0.3488555702047936,Office
167,New Construction,Ready mix NW 3000,115.76133118675516,17.016915684452997,Office
167,New Construction,Ready mix NW 4000,338.2394834636898,62.657962486866815,Office
167,New Construction,Ready mix NW 5000,238.05842594698024,53.553283408613005,Office
167,New Construction,Ready mix NW 6000,84.13205982446134,17.391475392131664,Office
167,New Construction,Ready mix unknown,107.38239199215744,0.2351674384628248,Office
167,New Construction,Rebar and reinforcement,27.851005846991395,53.19802169108237,Office
167,New Construction,Resilient flooring vinyl,1.8686259402639107,4.708937369465055,Office
167,New Construction,Roll formed metal panel steel,2.243125282764832,5.226481908842058,Office
167,New Construction,Softwood framing,32.307191363919,5.427608149138392,Office
167,New Construction,Softwood plywood,3.940436025779354,1.0402751108057495,Office
167,New Construction,Steel - other,4.114144201087858,10.614183216284928,Office
167,New Construction,Steel door,0.6018495142120851,1.2842769541863217,Office
167,New Construction,Steel door frame,0.0200757622468085,0.0552083461787234,Office
167,New Construction,Steel sheet,0.0351018755751063,0.0817873700899978,Office
167,New Construction,Synthetic composites,2.228776387095665,6.508027050319341,Office
168,New Construction,Acoustic ceiling tile fiber,0.3784032438983217,1.3206273212051427,Public Assembly
168,New Construction,Air and vapor barriers,0.5074548566746585,0.5664601007232237,Public Assembly
168,New Construction,Aluminum - other,0.00759386782615,0.0426775371829635,Public Assembly
168,New Construction,Aluminum door,0.0611935247334046,0.2416256103125653,Public Assembly
168,New Construction,Aluminum framed window,0.0336118398271791,0.2624887657854544,Public Assembly
168,New Construction,Aluminum sheet,0.9257980764482204,5.202985189638999,Public Assembly
168,New Construction,Aluminum storefront or curtain wall,0.8722295411011636,8.722295411011634,Public Assembly
168,New Construction,Architectural fiber cement panel,0.4887760622339271,0.3152605601408829,Public Assembly
168,New Construction,Brick clay,2.162302739800737,0.6249054918024133,Public Assembly
168,New Construction,CMU,3.008939729625696,0.3370012497180779,Public Assembly
168,New Construction,Coatings - other,0.0327689651969876,0.2944241396691854,Public Assembly
168,New Construction,Cold formed steel framing,1.5896170804607703,3.894561847128888,Public Assembly
168,New Construction,Decking,0.3883726733582048,1.002001497264168,Public Assembly
168,New Construction,Doors and frames - other,0.1091878507644523,0.5771199301057297,Public Assembly
168,New Construction,Extruded polystyrene XPS,0.7427259771709337,48.27240906702033,Public Assembly
168,New Construction,Extrusion,0.2258293806308172,1.6959786485374369,Public Assembly
168,New Construction,Fasteners,0.0147985611683081,0.0776702587181213,Public Assembly
168,New Construction,Fiberglass blanket,0.7578436355016929,2.298458717304688,Public Assembly
168,New Construction,Glass mat gypsum board,2.070274809661478,0.979239984969879,Public Assembly
168,New Construction,Glazing - other,0.3627728798501419,0.649363454931754,Public Assembly
168,New Construction,Gypsum board,14.875648861427784,3.474956508836438,Public Assembly
168,New Construction,Hardwood,0.0033648770649199,0.0036340672301135,Public Assembly
168,New Construction,Hollow structural sections HSS,0.7684189202126831,1.8826263545210735,Public Assembly
168,New Construction,Hot-rolled sections,2.377358142606284,2.3095791972133384,Public Assembly
168,New Construction,Insulated glass unit IGU,2.280182542904835,3.0554446074924786,Public Assembly
168,New Construction,Insulation - other,0.0073294925262734,0.0683108703448683,Public Assembly
168,New Construction,Mineral wool high density,0.5085022191905854,0.9102189723511478,Public Assembly
168,New Construction,Modified bitumen,0.6896852534566017,0.5669212783413264,Public Assembly
168,New Construction,Mortar and grout,0.7499491261019786,0.0804565967519034,Public Assembly
168,New Construction,Paint,0.1983011926204003,0.4759228622889608,Public Assembly
168,New Construction,Precast,28.428989325566896,4.548638292090701,Public Assembly
168,New Construction,Ready mix NW 5000,812.1605584132054,165.68075391629378,Public Assembly
168,New Construction,Rebar and reinforcement,34.76360312576257,32.46920531946225,Public Assembly
168,New Construction,Roll formed metal panel steel,0.0075372004094985,0.0175616769541316,Public Assembly
168,New Construction,Softwood framing,0.0395358206853228,0.0066420178751342,Public Assembly
168,New Construction,Softwood plywood,0.1038809671134252,0.0274245753179442,Public Assembly
168,New Construction,Steel - other,0.4604867699627447,1.187437862188797,Public Assembly
168,New Construction,Steel door,0.172269181138368,0.4367427966236275,Public Assembly
168,New Construction,Steel door frame,0.003548749824,0.009759062016,Public Assembly
168,New Construction,Steel sheet,0.0128046448503499,0.0298348225013153,Public Assembly
168,New Construction,Stone masonry,0.219654124507824,0.1225670014753658,Public Assembly
168,New Construction,Suspension assembly,0.1574922456953252,0.3827061570396401,Public Assembly
168,New Construction,TPO,0.1629547591010098,0.513307491168181,Public Assembly
168,New Construction,Wood door frame,0.0581770258432134,0.255978913710139,Public Assembly
168,New Construction,Wood or composite door,0.41873666962176,0.1105464807801446,Public Assembly
169,New Construction,Acoustic ceiling tile aluminum,0.0180358210475085,0.1217417920706828,Office
169,New Construction,Adhesives and sealants,0.0017239427660694,0.0046068270790295,Office
169,New Construction,Air and vapor barriers,0.2080466614147325,0.3352690989376204,Office
169,New Construction,Aluminum door,0.0148853700665546,0.0969037591332706,Office
169,New Construction,Aluminum door frame,0.0023613291428571,0.02066163,Office
169,New Construction,Aluminum sheet,0.115941195553357,0.6515895190098667,Office
169,New Construction,Aluminum storefront or curtain wall,0.9287503498009574,9.287503498009574,Office
169,New Construction,Brick clay,0.7222598929449032,0.208733109061077,Office
169,New Construction,Built up roofing,0.0032736145574355,0.0183977138127879,Office
169,New Construction,CMU,3.0558615396461537,0.7798500343338807,Office
169,New Construction,Closed cell spray polyurethane foam,0.0330733730312183,0.1041811250483376,Office
169,New Construction,Coatings - other,0.0055011740601337,0.057155591171306,Office
169,New Construction,Cold formed steel framing,0.8724051328950544,2.1388533928204128,Office
169,New Construction,Concrete - other,0.3187104035200258,0.0517844222994283,Office
169,New Construction,Decking,0.0966884077916585,0.2291515264662308,Office
169,New Construction,Doors and frames - other,0.0204718071777459,0.1517977090719065,Office
169,New Construction,Expanded polystyrene EPS,0.0422929750822582,0.1374521690173393,Office
169,New Construction,Extruded polystyrene XPS,0.3778041873629296,24.55484100486669,Office
169,New Construction,Fasteners,0.0120177637534817,0.0487718294823238,Office
169,New Construction,Fiberglass blanket,0.1057708070833843,0.2011751555441523,Office
169,New Construction,Glass mat gypsum board,1.0221934457065809,0.4834974998192126,Office
169,New Construction,Glazing - other,0.7368262938280593,1.3138722745373923,Office
169,New Construction,Gypsum board,8.859900882972449,1.8175027901705765,Office
169,New Construction,Hollow structural sections HSS,0.8782050241125108,2.1516023090756518,Office
169,New Construction,Hot-rolled sections,0.3754416017158573,0.3634274704609498,Office
169,New Construction,Insulated glass unit IGU,2.7974022695297123,3.748519041169814,Office
169,New Construction,Mineral wool high density,1.6856934477798249,3.017391271525886,Office
169,New Construction,Mineral wool low density,0.135741286897368,0.2049693432150257,Office
169,New Construction,Mortar and grout,4.8537608956729255,0.8268927988913567,Office
169,New Construction,PVC,0.0025047953440179,0.0077648655664556,Office
169,New Construction,Paint,0.0858676793391718,0.1993673327260038,Office
169,New Construction,Plate,0.5082794095347017,1.1903112834976728,Office
169,New Construction,Polyisocyanurate PIR,0.0503470288811035,0.1330171572458816,Office
169,New Construction,Ready mix NW 3000,505.6982712005464,80.91172339208738,Office
169,New Construction,Ready mix NW 4000,73.0549314012338,13.53879733285491,Office
169,New Construction,Ready mix NW 8000,124.6654733284808,32.02598778609247,Office
169,New Construction,Rebar and reinforcement,36.84053792569368,70.36542743807492,Office
169,New Construction,Steel - other,0.0175922746279292,0.0440014828738306,Office
169,New Construction,Steel door,0.0922441798376471,0.292887295438659,Office
169,New Construction,Steel door frame,0.0021708549270588,0.0059698510494117,Office
169,New Construction,Steel sheet,0.413247004443883,0.9628655203542474,Office
169,New Construction,TPO,0.0122957945533513,0.0392235846251908,Office
169,New Construction,Wood and composites - other,0.0656309365261933,0.0794134331966939,Office
169,New Construction,Wood or composite door,0.0097708859610352,0.0035859151476999,Office
17,New Construction,Acoustic ceiling tile fiber,1.3137923809523808,1.7001714285714284,Education
17,New Construction,Air and vapor barriers,0.35856,1.1151219047619048,Education
17,New Construction,Aluminum storefront or curtain wall,0.0001990476190476,0.0023028571428571,Education
17,New Construction,CMU,80.63639619047619,14.575510476190477,Education
17,New Construction,Carpet,0.2007447619047619,0.2846990476190476,Education
17,New Construction,Concrete - other,10.196707619047618,1.4044257142857142,Education
17,New Construction,Decking,6.234236190476191,16.583068571428573,Education
17,New Construction,Flooring and tile - other,3.551038095238095,4.036674285714286,Education
17,New Construction,Glass mat gypsum board,5.972551428571429,1.9433819047619048,Education
17,New Construction,Gypsum board,39.34462952380952,12.074449523809523,Education
17,New Construction,Hot-rolled sections,14.812508571428571,20.226089523809524,Education
17,New Construction,Insulated glass unit IGU,0.9833933333333332,1.8802990476190475,Education
17,New Construction,Mineral wool high density,1.5592990476190476,2.191447619047619,Education
17,New Construction,Mineral wool low density,29.20629619047619,42.05706666666667,Education
17,New Construction,Precast,71.52026380952381,10.499552380952382,Education
17,New Construction,Ready mix NW 4000,76.69244095238095,9.490689523809523,Education
17,New Construction,Ready mix NW 5000,103.58464285714284,15.553665714285714,Education
17,New Construction,Ready mix unknown,604.5690114285713,77.57658571428571,Education
17,New Construction,Rebar and reinforcement,15.989909523809525,12.907711428571428,Education
17,New Construction,Resilient flooring vinyl,1.519644761904762,1.649821904761905,Education
17,New Construction,Roofing and waterproofing - other,0.8756942857142858,0.5455580952380952,Education
17,New Construction,Steel door,0.3081228571428571,0.8504190476190476,Education
17,New Construction,Steel sheet,89.90946857142858,138.2463838095238,Education
17,New Construction,Stone masonry,6.758260952380953,1.6290466666666668,Education
17,New Construction,TPO,0.6569076190476191,2.28604,Education
17,New Construction,Terrazzo slabs and tiles,2.671847619047619,7.097095238095238,Education
17,New Construction,Wood or composite door,0.3279171428571428,0.3510619047619047,Education
170,New Construction,Acoustic ceiling tile fiber,0.0167195791857486,0.0583513313582628,Residential: Multifamily (5 or more units)
170,New Construction,Adhesives and sealants,0.0959790843213333,0.0596758641583309,Residential: Multifamily (5 or more units)
170,New Construction,Air and vapor barriers,0.1717581084436162,0.3195244667636622,Residential: Multifamily (5 or more units)
170,New Construction,Aluminum door frame,0.0050869439999998,0.0445107599999988,Residential: Multifamily (5 or more units)
170,New Construction,Aluminum sheet,0.3544226775412396,2.50237365302572,Residential: Multifamily (5 or more units)
170,New Construction,Architectural fiber cement panel,1.1969873185889714,0.7927774826557663,Residential: Multifamily (5 or more units)
170,New Construction,Brick clay,2.459467291351265,0.6443804303340315,Residential: Multifamily (5 or more units)
170,New Construction,Built up roofing,0.0584364200635287,0.0231992587652209,Residential: Multifamily (5 or more units)
170,New Construction,CMU,3.217761911105765,0.3603893340438457,Residential: Multifamily (5 or more units)
170,New Construction,Carpet,0.2574950400000003,0.9372819456000012,Residential: Multifamily (5 or more units)
170,New Construction,Ceramic tile,0.969238835712,0.253940574956544,Residential: Multifamily (5 or more units)
170,New Construction,Coatings - other,0.0242423287716643,0.2437383102530491,Residential: Multifamily (5 or more units)
170,New Construction,Cold formed steel framing,3.278056455786288,8.834384424830851,Residential: Multifamily (5 or more units)
170,New Construction,Concrete - other,0.1069234797754951,0.0171077567640792,Residential: Multifamily (5 or more units)
170,New Construction,Decking,0.0849448936712491,0.2191578256718228,Residential: Multifamily (5 or more units)
170,New Construction,Doors and frames - other,0.3754294466707195,2.440793017859824,Residential: Multifamily (5 or more units)
170,New Construction,Expanded polystyrene EPS,0.6580933239508291,2.1388033028401945,Residential: Multifamily (5 or more units)
170,New Construction,Extruded polystyrene XPS,0.0075896746734926,0.4932800141445994,Residential: Multifamily (5 or more units)
170,New Construction,Extrusion,0.8314775134130898,6.772372523290741,Residential: Multifamily (5 or more units)
170,New Construction,Fasteners,0.0621190817165061,0.29728745566888,Residential: Multifamily (5 or more units)
170,New Construction,Fiberglass blanket,0.9858369897637098,2.0308241989132423,Residential: Multifamily (5 or more units)
170,New Construction,Flooring and tile - other,0.012874752,0.07132612608,Residential: Multifamily (5 or more units)
170,New Construction,Glass mat gypsum board,3.4390279369957795,1.6266602141990036,Residential: Multifamily (5 or more units)
170,New Construction,Glazing - other,0.0871717252915203,0.1252760093694369,Residential: Multifamily (5 or more units)
170,New Construction,Gypsum board,36.736711318472,7.474618482652759,Residential: Multifamily (5 or more units)
170,New Construction,Hardwood,1.134385258863328,1.318296519539232,Residential: Multifamily (5 or more units)
170,New Construction,Hollow structural sections HSS,0.3665130318552448,0.9621784465198504,Residential: Multifamily (5 or more units)
170,New Construction,Insulated glass unit IGU,1.3487119337497722,2.129496920675353,Residential: Multifamily (5 or more units)
170,New Construction,Intumescent,0.0227952788700186,0.0576720555411472,Residential: Multifamily (5 or more units)
170,New Construction,Mineral wool high density,0.4573335104070367,0.8186269836285959,Residential: Multifamily (5 or more units)
170,New Construction,Mortar and grout,4.535385828408751,0.894355336090098,Residential: Multifamily (5 or more units)
170,New Construction,Paint,0.5484372536047314,1.0807221920897787,Residential: Multifamily (5 or more units)
170,New Construction,Polyisocyanurate PIR,0.8536909730766071,2.162547711099496,Residential: Multifamily (5 or more units)
170,New Construction,Precast,0.8895248048215858,0.1423239687714537,Residential: Multifamily (5 or more units)
170,New Construction,Ready mix LW 3000,0.222374820493811,0.0865038051720926,Residential: Multifamily (5 or more units)
170,New Construction,Ready mix NW 3000,332.10634621945786,53.13701539511325,Residential: Multifamily (5 or more units)
170,New Construction,Ready mix NW 4000,29.32390139625532,5.434408744182552,Residential: Multifamily (5 or more units)
170,New Construction,Ready mix NW 6000,495.1599330632503,113.8867846045475,Residential: Multifamily (5 or more units)
170,New Construction,Rebar and reinforcement,38.07533293024235,69.50413299453221,Residential: Multifamily (5 or more units)
170,New Construction,Resilient flooring vinyl,1.9320526614674705,2.679959293931617,Residential: Multifamily (5 or more units)
170,New Construction,Roll formed metal panel aluminum,0.0004369411820819,0.0028226400362495,Residential: Multifamily (5 or more units)
170,New Construction,Softwood framing,1.6562085973804432,0.2782430443599145,Residential: Multifamily (5 or more units)
170,New Construction,Softwood plywood,0.0433573442297671,0.0114463388766585,Residential: Multifamily (5 or more units)
170,New Construction,Steel - other,0.1028628196000365,0.2653860745680942,Residential: Multifamily (5 or more units)
170,New Construction,Steel door,0.194152576896,0.46625859650304,Residential: Multifamily (5 or more units)
170,New Construction,Steel door frame,0.0200994918399999,0.0552736025599999,Residential: Multifamily (5 or more units)
170,New Construction,Steel framed window,0.063585994239994,0.279142514713574,Residential: Multifamily (5 or more units)
170,New Construction,Steel sheet,0.0783686689236146,0.191608026185931,Residential: Multifamily (5 or more units)
170,New Construction,Suspension assembly,0.2279792722437966,0.5539896315524256,Residential: Multifamily (5 or more units)
170,New Construction,Synthetic composites,0.1953151502233557,0.5699737494420485,Residential: Multifamily (5 or more units)
170,New Construction,TPO,0.1191636009924419,0.3801318871658897,Residential: Multifamily (5 or more units)
170,New Construction,Vinyl framed window,0.3731391999999786,1.000013055999943,Residential: Multifamily (5 or more units)
170,New Construction,Wood and composites - other,0.32516064,0.3934443744,Residential: Multifamily (5 or more units)
170,New Construction,Wood door frame,0.1960732799999996,0.8627224319999985,Residential: Multifamily (5 or more units)
170,New Construction,Wood or composite door,1.8054058733567984,0.5600393367883773,Residential: Multifamily (5 or more units)
171,New Construction,Acoustic ceiling tile aluminum,0.0259507875786764,0.1751678161560662,Residential: Multifamily (5 or more units)
171,New Construction,Acoustic ceiling tile fiber,2.054915512786765,7.171655139625811,Residential: Multifamily (5 or more units)
171,New Construction,Air and vapor barriers,0.0471406566428676,0.0690896738145595,Residential: Multifamily (5 or more units)
171,New Construction,Aluminum - other,1.139284156985294,6.995129789970588,Residential: Multifamily (5 or more units)
171,New Construction,Aluminum composite panel ACM,0.8570251804827206,6.8133501848376286,Residential: Multifamily (5 or more units)
171,New Construction,Aluminum door,1.384378503677941,8.125540899629382,Residential: Multifamily (5 or more units)
171,New Construction,Aluminum door frame,0.0073498639258823,0.0643113093514705,Residential: Multifamily (5 or more units)
171,New Construction,Aluminum framed window,0.0771378681730147,0.5925337944682589,Residential: Multifamily (5 or more units)
171,New Construction,Aluminum sheet,1.2576523465514706,7.138868138336177,Residential: Multifamily (5 or more units)
171,New Construction,Aluminum storefront or curtain wall,2.976461661465441,29.76461661465441,Residential: Multifamily (5 or more units)
171,New Construction,CMU,31.77038768261029,3.558283420452353,Residential: Multifamily (5 or more units)
171,New Construction,Closed cell spray polyurethane foam,0.1963098881617647,1.963098881617647,Residential: Multifamily (5 or more units)
171,New Construction,Coatings - other,0.0091348922036764,0.0977433465793382,Residential: Multifamily (5 or more units)
171,New Construction,Cold formed steel framing,3.842763936226471,9.414771643754854,Residential: Multifamily (5 or more units)
171,New Construction,Concrete - other,9.835272191911764,2.25094345807569,Residential: Multifamily (5 or more units)
171,New Construction,Doors and frames - other,0.2981762018771323,2.238207495117421,Residential: Multifamily (5 or more units)
171,New Construction,EPDM,0.1885496037977941,0.6542671251783456,Residential: Multifamily (5 or more units)
171,New Construction,Extruded polystyrene XPS,0.3310718629073529,21.517540638229416,Residential: Multifamily (5 or more units)
171,New Construction,Extrusion,0.3173289407892647,2.603725459632525,Residential: Multifamily (5 or more units)
171,New Construction,Fasteners,0.0064454668050735,0.0265989439046786,Residential: Multifamily (5 or more units)
171,New Construction,Fiberglass blanket,0.2150988679433088,0.3721210415419242,Residential: Multifamily (5 or more units)
171,New Construction,Glass mat gypsum board,0.5001265065654412,0.2365598376054536,Residential: Multifamily (5 or more units)
171,New Construction,Glazing - other,3.123779446687206,5.261599679377324,Residential: Multifamily (5 or more units)
171,New Construction,Gypsum board,15.757919435080884,3.816722263861897,Residential: Multifamily (5 or more units)
171,New Construction,Hollow structural sections HSS,0.6615786230955882,1.6208676265841913,Residential: Multifamily (5 or more units)
171,New Construction,Hot-rolled sections,0.1569943545588235,0.1519705352129411,Residential: Multifamily (5 or more units)
171,New Construction,Insulated glass unit IGU,4.579392728900073,6.149454276704383,Residential: Multifamily (5 or more units)
171,New Construction,Intumescent,0.0090088240875,0.022792324941375,Residential: Multifamily (5 or more units)
171,New Construction,Mineral wool high density,2.5890839931076477,4.634460347662689,Residential: Multifamily (5 or more units)
171,New Construction,Mineral wool low density,0.4804345075330882,0.7254561063749633,Residential: Multifamily (5 or more units)
171,New Construction,Modified bitumen,0.9691158468455884,0.8452144702663015,Residential: Multifamily (5 or more units)
171,New Construction,Mortar and grout,37.8451462807228,7.045674665888175,Residential: Multifamily (5 or more units)
171,New Construction,Paint,0.2318307557431617,0.5558459596768544,Residential: Multifamily (5 or more units)
171,New Construction,Polyisocyanurate PIR,0.0058755632757352,0.0153939757824264,Residential: Multifamily (5 or more units)
171,New Construction,Precast,0.9018477029411764,0.1406934272332053,Residential: Multifamily (5 or more units)
171,New Construction,Ready mix LW 5000,6.569228186744852,2.166491855184775,Residential: Multifamily (5 or more units)
171,New Construction,Ready mix NW 4000,239.20822959926468,38.145266306593726,Residential: Multifamily (5 or more units)
171,New Construction,Ready mix NW 5000,372.35651359914704,78.3476416664574,Residential: Multifamily (5 or more units)
171,New Construction,Ready mix NW 6000,519.699246369853,102.12170482954362,Residential: Multifamily (5 or more units)
171,New Construction,Rebar and reinforcement,70.27017373213707,127.39880543544167,Residential: Multifamily (5 or more units)
171,New Construction,Roofing and waterproofing - other,0.0703802913455882,0.0173839319623602,Residential: Multifamily (5 or more units)
171,New Construction,Steel door,0.1690243676470588,0.3617121467647059,Residential: Multifamily (5 or more units)
171,New Construction,Steel door frame,0.0017511137647058,0.0048155628529411,Residential: Multifamily (5 or more units)
171,New Construction,Steel sheet,0.3347928627205882,0.7800673701389707,Residential: Multifamily (5 or more units)
171,New Construction,Suspension assembly,0.8638848596330883,2.0992402089084043,Residential: Multifamily (5 or more units)
172,New Construction,Acoustic ceiling tile fiber,0.9847712244867726,1.3392888653020103,Residential: Multifamily (5 or more units)
172,New Construction,Adhesives and sealants,0.0073297110060317,0.0176106775961563,Residential: Multifamily (5 or more units)
172,New Construction,Air and vapor barriers,2.383441847672963,2.7996413275397374,Residential: Multifamily (5 or more units)
172,New Construction,Aluminum - other,0.0312400398941798,0.2814727594465608,Residential: Multifamily (5 or more units)
172,New Construction,Aluminum composite panel ACM,0.0949981758518518,0.7552354980222222,Residential: Multifamily (5 or more units)
172,New Construction,Aluminum door,0.0013021805555555,0.0084771954166666,Residential: Multifamily (5 or more units)
172,New Construction,Aluminum door frame,0.1833352842568254,1.6041837372472223,Residential: Multifamily (5 or more units)
172,New Construction,Aluminum framed window,0.1786007608195767,1.3632250337256773,Residential: Multifamily (5 or more units)
172,New Construction,Aluminum storefront or curtain wall,0.0002367541160317,0.0023675411603174,Residential: Multifamily (5 or more units)
172,New Construction,Brick clay,3.1489026423280424,0.9100328636328042,Residential: Multifamily (5 or more units)
172,New Construction,CMU,0.9784629194179896,0.1095878469748148,Residential: Multifamily (5 or more units)
172,New Construction,Carpet,0.0188064182830687,0.0957246690608201,Residential: Multifamily (5 or more units)
172,New Construction,Closed cell spray polyurethane foam,0.0916639143915343,0.916639143915344,Residential: Multifamily (5 or more units)
172,New Construction,Coatings - other,0.3691214955868783,3.573351487103518,Residential: Multifamily (5 or more units)
172,New Construction,Cold formed steel framing,6.838226423995661,16.753654738789372,Residential: Multifamily (5 or more units)
172,New Construction,Concrete - other,2.623647050740741,0.5645706993754008,Residential: Multifamily (5 or more units)
172,New Construction,Cross laminated timber CLT,60.16654936418148,22.32178981411133,Residential: Multifamily (5 or more units)
172,New Construction,Decking,0.9573583016931216,2.469984418368254,Residential: Multifamily (5 or more units)
172,New Construction,Doors and frames - other,0.0003078551388888,0.0022604802872222,Residential: Multifamily (5 or more units)
172,New Construction,EPDM,0.0350187329047619,0.1078576973466666,Residential: Multifamily (5 or more units)
172,New Construction,Extruded polystyrene XPS,0.0255126061534391,1.6581552260978216,Residential: Multifamily (5 or more units)
172,New Construction,Extrusion,8.520617084380213,75.89596736466562,Residential: Multifamily (5 or more units)
172,New Construction,Fasteners,0.258726379176455,1.4982866583338437,Residential: Multifamily (5 or more units)
172,New Construction,Fiberglass blanket,0.6183850617989418,2.158163865678307,Residential: Multifamily (5 or more units)
172,New Construction,Flooring and tile - other,0.0007130395558201,0.0039502391392433,Residential: Multifamily (5 or more units)
172,New Construction,GFRC panel,0.3819799182904762,0.2830471194532428,Residential: Multifamily (5 or more units)
172,New Construction,Glass mat gypsum board,19.77517469557513,9.35365763100704,Residential: Multifamily (5 or more units)
172,New Construction,Glazing - other,6.889069876601798,11.76562053417184,Residential: Multifamily (5 or more units)
172,New Construction,Gypsum board,67.55136635815714,14.150899973724252,Residential: Multifamily (5 or more units)
172,New Construction,Hardwood,0.0001856066571428,0.0001299246599999,Residential: Multifamily (5 or more units)
172,New Construction,Hollow structural sections HSS,7.597916109304233,18.61489446779537,Residential: Multifamily (5 or more units)
172,New Construction,Hot-rolled sections,14.922107495037038,38.28780886636212,Residential: Multifamily (5 or more units)
172,New Construction,Insulated glass unit IGU,5.609262024680953,7.2173985258690685,Residential: Multifamily (5 or more units)
172,New Construction,Insulated metal panel IMP,3.2058423624338626,11.576131297989296,Residential: Multifamily (5 or more units)
172,New Construction,Intumescent,0.060042310037037,0.1519070443937037,Residential: Multifamily (5 or more units)
172,New Construction,Mineral wool high density,5.786573832375715,10.35796715995253,Residential: Multifamily (5 or more units)
172,New Construction,Mineral wool low density,0.7570109417830688,1.143086522092434,Residential: Multifamily (5 or more units)
172,New Construction,Modified bitumen,0.0200152860767195,0.0158613679428968,Residential: Multifamily (5 or more units)
172,New Construction,Mortar and grout,1.4515509581481485,0.2292068056048889,Residential: Multifamily (5 or more units)
172,New Construction,Paint,0.8231659631183069,1.9785906918332437,Residential: Multifamily (5 or more units)
172,New Construction,Polyisocyanurate PIR,0.374945398100529,0.9823569430233862,Residential: Multifamily (5 or more units)
172,New Construction,Precast,0.250863887989418,0.0391362089798218,Residential: Multifamily (5 or more units)
172,New Construction,Ready mix NW 4000,20.21768979460317,3.224007646439314,Residential: Multifamily (5 or more units)
172,New Construction,Ready mix NW 5000,344.1935284980513,66.47551364391335,Residential: Multifamily (5 or more units)
172,New Construction,Ready mix NW 6000,236.5206640137037,46.47667589516874,Residential: Multifamily (5 or more units)
172,New Construction,Rebar and reinforcement,18.65160552597365,27.034551626783244,Residential: Multifamily (5 or more units)
172,New Construction,Roll formed metal panel aluminum,0.6611878195534392,4.271273314315217,Residential: Multifamily (5 or more units)
172,New Construction,Softwood plywood,0.1160412421481481,0.0306348879271111,Residential: Multifamily (5 or more units)
172,New Construction,Steel - other,0.5513881847396825,1.422581516628381,Residential: Multifamily (5 or more units)
172,New Construction,Steel sheet,0.3454285714285715,0.8048485714285715,Residential: Multifamily (5 or more units)
172,New Construction,Suspension assembly,0.2092872431746031,0.5085680009142857,Residential: Multifamily (5 or more units)
174,New Construction,Adhesives and sealants,0.3455003664972384,0.7557235571361081,Public Assembly
174,New Construction,Air and vapor barriers,0.2184308511875683,0.5722888301114291,Public Assembly
174,New Construction,Aluminum storefront or curtain wall,0.0027393010822459,0.0273930108224594,Public Assembly
174,New Construction,Architectural fiber cement panel,0.7099994828672208,0.4579496664493573,Public Assembly
174,New Construction,Carpet,0.001548384,0.00707611488,Public Assembly
174,New Construction,Cladding - other,3.5727418657816616,11.897230413052934,Public Assembly
174,New Construction,Coatings - other,0.029093732933963,0.548783207483345,Public Assembly
174,New Construction,Cold formed steel framing,3.734132169142089,9.148623814398118,Public Assembly
174,New Construction,Decking,13.2634193114874,34.219621823637496,Public Assembly
174,New Construction,Extruded polystyrene XPS,0.062228022489257,4.044421023854707,Public Assembly
174,New Construction,Extrusion,0.7841319141210595,5.147215797591384,Public Assembly
174,New Construction,Fasteners,0.1633473390128473,0.7127266368470996,Public Assembly
174,New Construction,Fiberglass blanket,0.5117554706781998,0.8847360149761124,Public Assembly
174,New Construction,Glass mat gypsum board,14.312956398875816,6.770028376668262,Public Assembly
174,New Construction,Glazing - other,2.1744854886233003,10.807192878457805,Public Assembly
174,New Construction,Glue laminated timber GLT,7.127060388071613,2.6441394039745685,Public Assembly
174,New Construction,Gypsum board,20.348308201630232,4.309853840382061,Public Assembly
174,New Construction,Hollow structural sections HSS,11.372729649226564,28.421548074501143,Public Assembly
174,New Construction,Hot-rolled sections,73.23991108610045,70.89623393134522,Public Assembly
174,New Construction,Insulated glass unit IGU,2.950566164756564,3.953758660773796,Public Assembly
174,New Construction,Mineral wool low density,2.7470784361744505,4.078057182015345,Public Assembly
174,New Construction,Modified bitumen,3.425863643608954,2.81605991504656,Public Assembly
174,New Construction,Paint,0.1961886810204362,0.462765295562756,Public Assembly
174,New Construction,Precast,1.6568446778025985,0.2650951484484148,Public Assembly
174,New Construction,Ready mix LW 4000,95.53890592397322,31.786515155238423,Public Assembly
174,New Construction,Ready mix LW 5000,23.729709026180423,7.807074269613355,Public Assembly
174,New Construction,Ready mix NW 4000,879.3621180263867,147.9714313931929,Public Assembly
174,New Construction,Ready mix NW 5000,413.7031337921108,84.39543929359067,Public Assembly
174,New Construction,Rebar and reinforcement,73.99562417169113,141.6756154230539,Public Assembly
174,New Construction,Resilient flooring vinyl,0.0326312727671738,0.1138831419574368,Public Assembly
174,New Construction,Roll formed metal panel steel,0.0012695132900103,0.002957965965724,Public Assembly
174,New Construction,Softwood framing,0.4989201211698941,0.0848163864772783,Public Assembly
174,New Construction,Softwood plywood,5.238990602868517,1.3830935191572888,Public Assembly
174,New Construction,Spray applied cementitious,17.521959141258296,19.97503342103446,Public Assembly
174,New Construction,Steel - other,0.7749889536558127,1.898780699311437,Public Assembly
174,New Construction,TPO,0.8079267214215602,2.577286241334777,Public Assembly
174,New Construction,Wood I joists,0.1159047390298137,0.0533161799537143,Public Assembly
175,New Construction,Acoustic ceiling tile fiber,0.9037122712122267,1.2290486888486287,Residential: Multifamily (5 or more units)
175,New Construction,Adhesives and sealants,0.3273558380639979,0.3443217133322939,Residential: Multifamily (5 or more units)
175,New Construction,Air and vapor barriers,0.1555264276774114,0.1259764064187032,Residential: Multifamily (5 or more units)
175,New Construction,Aluminum - other,0.0953226328293252,0.5444588243592582,Residential: Multifamily (5 or more units)
175,New Construction,Aluminum composite panel ACM,0.4535091748864323,3.6053979403471375,Residential: Multifamily (5 or more units)
175,New Construction,Aluminum door,0.125766501173835,0.5055813347188166,Residential: Multifamily (5 or more units)
175,New Construction,Aluminum framed window,0.0060077425388598,0.0732944589740904,Residential: Multifamily (5 or more units)
175,New Construction,Aluminum sheet,0.0002110333358087,0.0015025573509585,Residential: Multifamily (5 or more units)
175,New Construction,Architectural fiber cement panel,0.3604013843945399,0.2324588929344783,Residential: Multifamily (5 or more units)
175,New Construction,Brick clay,24.221897666559617,7.0001284256357295,Residential: Multifamily (5 or more units)
175,New Construction,CMU,0.0795126919391589,0.0089054214971858,Residential: Multifamily (5 or more units)
175,New Construction,Carpet,1.76641245498504,8.461115659378343,Residential: Multifamily (5 or more units)
175,New Construction,Ceramic tile,0.2082112293081804,0.0545513420787432,Residential: Multifamily (5 or more units)
175,New Construction,Coatings - other,0.05520189729157,0.7248956031122268,Residential: Multifamily (5 or more units)
175,New Construction,Cold formed steel framing,2.6154830473802417,6.4197382324313725,Residential: Multifamily (5 or more units)
175,New Construction,Concrete - other,19.575269618541217,5.531088820795752,Residential: Multifamily (5 or more units)
175,New Construction,Decking,2.220769808039373,5.729586104741584,Residential: Multifamily (5 or more units)
175,New Construction,Doors and frames - other,0.3917774016743059,2.2016883276709507,Residential: Multifamily (5 or more units)
175,New Construction,Extrusion,1.2186735220096536,11.372379356674744,Residential: Multifamily (5 or more units)
175,New Construction,Fasteners,0.0125572562553977,0.0699595089370369,Residential: Multifamily (5 or more units)
175,New Construction,Fiberglass blanket,2.6894252132660057,4.386863579406678,Residential: Multifamily (5 or more units)
175,New Construction,Flooring and tile - other,0.0014889635860751,0.0033894829795204,Residential: Multifamily (5 or more units)
175,New Construction,Glass mat gypsum board,5.952083005827937,2.8153352617566143,Residential: Multifamily (5 or more units)
175,New Construction,Glazing - other,0.1952327929721375,0.296753845317649,Residential: Multifamily (5 or more units)
175,New Construction,Glue laminated timber GLT,0.0888223797332005,0.0329531028810174,Residential: Multifamily (5 or more units)
175,New Construction,Gypsum board,96.514362710278,19.596766900406426,Residential: Multifamily (5 or more units)
175,New Construction,Hardwood,0.0020387593633333,0.0022018601124,Residential: Multifamily (5 or more units)
175,New Construction,Heavy timber framing,2.569471864415161,0.4881996542388805,Residential: Multifamily (5 or more units)
175,New Construction,Hollow structural sections HSS,1.200047768338006,2.940117032428115,Residential: Multifamily (5 or more units)
175,New Construction,Hot-rolled sections,4.702897943223071,4.665690733679361,Residential: Multifamily (5 or more units)
175,New Construction,Insulated glass unit IGU,2.964665803429896,3.9727808419637296,Residential: Multifamily (5 or more units)
175,New Construction,Insulated metal panel IMP,0.1632023082513337,0.3466515712303607,Residential: Multifamily (5 or more units)
175,New Construction,Intumescent,0.0354832550479657,0.0897726352713533,Residential: Multifamily (5 or more units)
175,New Construction,Mineral wool high density,2.6868153129261487,4.78442946306539,Residential: Multifamily (5 or more units)
175,New Construction,Mortar and grout,5.19923093441396,1.28373330042486,Residential: Multifamily (5 or more units)
175,New Construction,Paint,0.7696315896806722,1.8445500033199265,Residential: Multifamily (5 or more units)
175,New Construction,Plate,0.1059286994614648,0.2468138697452132,Residential: Multifamily (5 or more units)
175,New Construction,Polyisocyanurate PIR,0.994985868722195,2.557937798502811,Residential: Multifamily (5 or more units)
175,New Construction,Ready mix LW 3000,0.0791606743820875,0.0208350283447679,Residential: Multifamily (5 or more units)
175,New Construction,Ready mix unknown,460.6075973419939,86.66441358322045,Residential: Multifamily (5 or more units)
175,New Construction,Rebar and reinforcement,9.146668659092088,17.470137138865887,Residential: Multifamily (5 or more units)
175,New Construction,Resilient flooring vinyl,0.3796730348154852,0.5239487880453696,Residential: Multifamily (5 or more units)
175,New Construction,Roll formed metal panel steel,0.0661671716204696,0.1541695098756943,Residential: Multifamily (5 or more units)
175,New Construction,Softwood framing,12.16301368346342,2.044220097039449,Residential: Multifamily (5 or more units)
175,New Construction,Softwood plywood,12.751478525167784,3.3663903306442955,Residential: Multifamily (5 or more units)
175,New Construction,Spray applied cementitious,5.400620972609675,6.156707908775029,Residential: Multifamily (5 or more units)
175,New Construction,Steel - other,0.82619249307359,2.0579185389190284,Residential: Multifamily (5 or more units)
175,New Construction,Steel door,0.9854609507331428,2.109752133298354,Residential: Multifamily (5 or more units)
175,New Construction,Steel sheet,0.0613977122002607,0.1430566694266076,Residential: Multifamily (5 or more units)
175,New Construction,Suspension assembly,0.1920602929331488,0.4667065118275515,Residential: Multifamily (5 or more units)
175,New Construction,Synthetic composites,0.0431884261622701,0.0592280458375022,Residential: Multifamily (5 or more units)
175,New Construction,TPO,0.4275846376179646,1.3639949940013076,Residential: Multifamily (5 or more units)
175,New Construction,Vinyl framed window,0.3891957333333333,1.0430445653333331,Residential: Multifamily (5 or more units)
175,New Construction,Wall coverings,0.0022681770282751,0.0294129953162377,Residential: Multifamily (5 or more units)
175,New Construction,Wood I joists,4.354501911441077,2.003070879262896,Residential: Multifamily (5 or more units)
175,New Construction,Wood or composite door,1.1203599896902798,0.4091751990488846,Residential: Multifamily (5 or more units)
176,New Construction,Acoustic ceiling tile fiber,0.4918153983540189,0.6688689417614656,Residential: Multifamily (5 or more units)
176,New Construction,Adhesives and sealants,0.3222001806681405,0.1731414883319716,Residential: Multifamily (5 or more units)
176,New Construction,Aluminum - other,0.169607272351779,0.8150012492678521,Residential: Multifamily (5 or more units)
176,New Construction,Aluminum composite panel ACM,0.2107610136487625,1.6755500585076624,Residential: Multifamily (5 or more units)
176,New Construction,Brick clay,20.93833638426091,6.051179215051404,Residential: Multifamily (5 or more units)
176,New Construction,Carpet,1.8180043892538496,8.708241024525943,Residential: Multifamily (5 or more units)
176,New Construction,Ceramic tile,0.1157210808508662,0.0303189231829269,Residential: Multifamily (5 or more units)
176,New Construction,Coatings - other,0.0378765266649046,0.2793734274172076,Residential: Multifamily (5 or more units)
176,New Construction,Cold formed steel framing,0.0094916736782842,0.0232546005117963,Residential: Multifamily (5 or more units)
176,New Construction,Concrete - other,27.76003465414672,7.856089807123522,Residential: Multifamily (5 or more units)
176,New Construction,Cross laminated timber CLT,0.7843455361105985,0.2909921938970321,Residential: Multifamily (5 or more units)
176,New Construction,Doors and frames - other,0.4120995515585471,2.4210751722170265,Residential: Multifamily (5 or more units)
176,New Construction,EPDM,0.0108061065481618,0.0332828081683386,Residential: Multifamily (5 or more units)
176,New Construction,Expanded polystyrene EPS,0.4324088755219051,1.4053288454461914,Residential: Multifamily (5 or more units)
176,New Construction,Extrusion,0.2495187591843742,2.343389548771715,Residential: Multifamily (5 or more units)
176,New Construction,Fasteners,0.0041578652199607,0.0240324609713733,Residential: Multifamily (5 or more units)
176,New Construction,Fiberglass blanket,2.110488618619183,3.295900522178306,Residential: Multifamily (5 or more units)
176,New Construction,Flooring and tile - other,0.001792792803734,0.0025995495654143,Residential: Multifamily (5 or more units)
176,New Construction,Glass mat gypsum board,5.60267158753916,2.650063660906022,Residential: Multifamily (5 or more units)
176,New Construction,Glazing - other,0.035450706061764,0.0557276440906611,Residential: Multifamily (5 or more units)
176,New Construction,Glue laminated timber GLT,0.255642823186149,0.0948434874020612,Residential: Multifamily (5 or more units)
176,New Construction,Gypsum board,87.18905444128778,17.70958138542939,Residential: Multifamily (5 or more units)
176,New Construction,Heavy timber framing,3.171677499823831,0.6026187249665279,Residential: Multifamily (5 or more units)
176,New Construction,Hollow structural sections HSS,0.5838655767096464,1.4304706629386343,Residential: Multifamily (5 or more units)
176,New Construction,Hot-rolled sections,0.939123881065426,0.9090719168713324,Residential: Multifamily (5 or more units)
176,New Construction,Insulated glass unit IGU,2.4163183672453576,3.237866612108779,Residential: Multifamily (5 or more units)
176,New Construction,Insulated metal panel IMP,0.074679584773475,0.1586239537782057,Residential: Multifamily (5 or more units)
176,New Construction,Intumescent,0.001122867937346,0.0028408558814855,Residential: Multifamily (5 or more units)
176,New Construction,Mineral wool high density,0.0069392060532364,0.0088127916876103,Residential: Multifamily (5 or more units)
176,New Construction,Mineral wool low density,0.0111517823776168,0.0165046379188729,Residential: Multifamily (5 or more units)
176,New Construction,Mortar and grout,4.396946601316879,1.0874230730350103,Residential: Multifamily (5 or more units)
176,New Construction,Paint,0.7390612723214192,1.7550815741645538,Residential: Multifamily (5 or more units)
176,New Construction,Polyisocyanurate PIR,1.0621234613187818,2.665929887910141,Residential: Multifamily (5 or more units)
176,New Construction,Ready mix unknown,131.83187452671555,23.518662291024977,Residential: Multifamily (5 or more units)
176,New Construction,Rebar and reinforcement,3.536990847060308,6.755652517885188,Residential: Multifamily (5 or more units)
176,New Construction,Resilient flooring vinyl,0.7307353716007295,1.0084148128090065,Residential: Multifamily (5 or more units)
176,New Construction,Softwood framing,12.48255762294605,2.0970696806549367,Residential: Multifamily (5 or more units)
176,New Construction,Softwood plywood,13.193316947447606,3.4830356741261683,Residential: Multifamily (5 or more units)
176,New Construction,Spray applied cementitious,0.6702808497670066,0.7641201687343876,Residential: Multifamily (5 or more units)
176,New Construction,Steel - other,1.0733692492105646,2.7692926629632573,Residential: Multifamily (5 or more units)
176,New Construction,Steel door,0.5200112769599632,1.0763745751351808,Residential: Multifamily (5 or more units)
176,New Construction,Steel sheet,0.0088538598584264,0.0206294934701336,Residential: Multifamily (5 or more units)
176,New Construction,Suspension assembly,0.1045224376008541,0.2539895233700755,Residential: Multifamily (5 or more units)
176,New Construction,TPO,0.2675979780631295,0.8536375500213831,Residential: Multifamily (5 or more units)
176,New Construction,Vinyl framed window,0.6276051675675636,1.6819818490810703,Residential: Multifamily (5 or more units)
176,New Construction,Wall coverings,0.0721713544821991,0.0191975802922649,Residential: Multifamily (5 or more units)
176,New Construction,Wood I joists,3.907748260102162,1.7975641996469944,Residential: Multifamily (5 or more units)
176,New Construction,Wood or composite door,2.075522712067453,0.7622606388165601,Residential: Multifamily (5 or more units)
177,New Construction,Acoustic ceiling tile fiber,1.388294494823039,1.8880805129593323,Education
177,New Construction,Adhesives and sealants,0.5946870941703597,1.6214612962996082,Education
177,New Construction,Air and vapor barriers,2.796621843469642,3.2201000360058925,Education
177,New Construction,Aluminum door,0.209853284357928,0.9567235427823048,Education
177,New Construction,Aluminum door frame,0.0164592,0.144018,Education
177,New Construction,Aluminum sheet,0.194725869848193,1.3864481933191344,Education
177,New Construction,Aluminum storefront or curtain wall,1.5539209039727786,15.539209039727783,Education
177,New Construction,Brick clay,1.920877333832118,0.5551335494774821,Education
177,New Construction,Carpet,0.0260116026494001,0.1245955766906267,Education
177,New Construction,Coatings - other,0.172132255443647,1.53469587684639,Education
177,New Construction,Cold formed steel framing,8.551460396345108,20.95119228920623,Education
177,New Construction,Decking,10.155362014602227,26.200833997673747,Education
177,New Construction,Doors and frames - other,0.1429010748201886,1.0353258753506067,Education
177,New Construction,Extruded polystyrene XPS,0.1989050102158189,12.92754570829844,Education
177,New Construction,Extrusion,0.4295649799927869,3.769797155288941,Education
177,New Construction,Fasteners,0.1100911685132738,0.447072319532538,Education
177,New Construction,Fiberglass blanket,0.8247148706101279,1.451105545244748,Education
177,New Construction,Flooring and tile - other,0.0005087346499002,0.0028183899604474,Education
177,New Construction,Glass mat gypsum board,7.17966114109302,3.3959797197369985,Education
177,New Construction,Glazing - other,2.3347230225146287,11.603573421897703,Education
177,New Construction,Glue laminated timber GLT,0.5637020189072168,0.2091334490145774,Education
177,New Construction,Gypsum board,43.56879875909017,8.844487981341883,Education
177,New Construction,Hardwood,0.79103846193341,0.3488479617126338,Education
177,New Construction,Hollow structural sections HSS,10.035322237774816,24.705922461943985,Education
177,New Construction,Hot-rolled sections,29.517765231490728,28.57319674408302,Education
177,New Construction,Insulated glass unit IGU,3.7632012725845874,4.343910767697066,Education
177,New Construction,Mineral wool low density,1.3692054005646288,2.0675001548525893,Education
177,New Construction,Mortar and grout,0.2976589634811327,0.0732241050163586,Education
177,New Construction,Open web joists,4.152676313839335,5.730693313098282,Education
177,New Construction,PVC,1.5215426379950858,4.716782177784767,Education
177,New Construction,Paint,0.4191726317507288,1.0089017043402448,Education
177,New Construction,Polyisocyanurate PIR,8.669266478113963,23.12233329494735,Education
177,New Construction,Precast,0.211922402976921,0.0485014890582156,Education
177,New Construction,Ready mix unknown,585.7033323731218,87.2482601257308,Education
177,New Construction,Rebar and reinforcement,10.23847240010733,19.54726290611029,Education
177,New Construction,Softwood framing,2.379246860093085,0.3997134724956384,Education
177,New Construction,Softwood plywood,0.0858563339720363,0.0226660721686175,Education
177,New Construction,Spray applied cementitious,32.1996474754076,36.70759812196466,Education
177,New Construction,Steel - other,1.1378375647998549,2.7877020337596443,Education
177,New Construction,Steel door,0.2111889080631933,0.4519442632552336,Education
177,New Construction,Steel sheet,3.722761985700968,10.6710628313166,Education
177,New Construction,Suspension assembly,0.2950455093362054,0.7169605876869791,Education
177,New Construction,Synthetic composites,0.8511499842241446,1.0298914809112147,Education
177,New Construction,Wood and composites - other,0.4012182776237415,0.0946875135192029,Education
177,New Construction,Wood door frame,0.1102535025210084,0.485115411092437,Education
177,New Construction,Wood or composite door,0.254969660837647,0.0673119904611388,Education
178,New Construction,Aluminum - other,0.0500259383676415,0.1595827433927766,Other
178,New Construction,Aluminum door,0.7397343946207492,2.9737322663754115,Other
178,New Construction,Aluminum sheet,1.7433459756432674,12.412623346580064,Other
178,New Construction,Aluminum storefront or curtain wall,0.2324021390183025,2.324021390183025,Other
178,New Construction,CMU,0.9963769419657034,0.1115942175001587,Other
178,New Construction,Coatings - other,0.3079705517042153,2.3547661308411496,Other
178,New Construction,Cold formed steel framing,0.3659814396952538,0.896654527253372,Other
178,New Construction,Decking,1.0330662934048815,2.665311036984594,Other
178,New Construction,Doors and frames - other,0.4585970195204587,2.8622512635017503,Other
178,New Construction,Extruded polystyrene XPS,1.95130837138142,126.82248745090938,Other
178,New Construction,Fasteners,0.0349765934844263,0.1426035231912877,Other
178,New Construction,Flooring and tile - other,0.007129293461573,0.0088403238923505,Other
178,New Construction,Glass mat gypsum board,4.8344477002415776,2.2866937622142665,Other
178,New Construction,Glue laminated timber GLT,24.721316069064827,9.17160826162305,Other
178,New Construction,Gypsum board,8.49392961390737,1.7407528779930412,Other
178,New Construction,Hardwood,1.898395617351721,3.1287994799370447,Other
178,New Construction,Hollow structural sections HSS,1.4191323891294911,4.909243423680297,Other
178,New Construction,Hot-rolled sections,4.462181651560631,4.319391838710691,Other
178,New Construction,Insulated glass unit IGU,4.393058859116443,5.886698871216035,Other
178,New Construction,Mineral wool high density,0.9982439374447174,1.786856648026044,Other
178,New Construction,Mineral wool low density,0.649934564169992,0.9814011918966876,Other
178,New Construction,Modified bitumen,6.205808206230585,4.172808312688083,Other
178,New Construction,Mortar and grout,0.0967135818029177,0.0095553018821282,Other
178,New Construction,Paint,0.0976102369431169,0.2342645686634806,Other
178,New Construction,Plate,44.22174815380384,103.04132240785933,Other
178,New Construction,Precast,10.318505402088412,1.6509608643341482,Other
178,New Construction,Ready mix NW 3000,6.432070876232382,0.9455144188061596,Other
178,New Construction,Ready mix NW 5000,1505.9431428477085,307.2124011409325,Other
178,New Construction,Rebar and reinforcement,58.62901494412042,57.43966489288604,Other
178,New Construction,Roll formed metal panel steel,1.0696457750626698,2.4922746558960207,Other
178,New Construction,Roofing and waterproofing - other,0.2944740159149451,0.1422309496869185,Other
178,New Construction,Softwood framing,11.895361313570524,1.998420700679848,Other
178,New Construction,Softwood plywood,3.970211618407449,1.0481358672595664,Other
178,New Construction,Steel - other,0.7442607596316956,3.5109930337940742,Other
178,New Construction,Steel door,0.117708673607191,0.355932392012009,Other
178,New Construction,Steel door frame,0.0317708085932584,0.0873697236314606,Other
178,New Construction,Wood or composite door,4.734638779175663,1.249944637702375,Other
179,New Construction,Acoustic ceiling tile fiber,0.0701182210321443,0.2447125914021837,Education
179,New Construction,Adhesives and sealants,0.205446771731404,0.1080534009687279,Education
179,New Construction,Air and vapor barriers,1.1605842703570382,4.653354532113125,Education
179,New Construction,Aluminum door,0.0594689307567567,0.3871427392264865,Education
179,New Construction,Aluminum door frame,0.0595348334594594,0.5209297927702703,Education
179,New Construction,Aluminum sheet,0.0261986073512639,0.1472361733141035,Education
179,New Construction,Aluminum storefront or curtain wall,0.0815186602009496,0.815186602009496,Education
179,New Construction,Architectural fiber cement panel,0.1005204425534162,0.0648356854469534,Education
179,New Construction,Brick clay,49.21057132851902,14.221855113941997,Education
179,New Construction,Carpet,1.4566610794490775,6.977406570561082,Education
179,New Construction,Coatings - other,0.1539468604387081,3.022386610687963,Education
179,New Construction,Cold formed steel framing,12.5336560072232,30.70745721769684,Education
179,New Construction,Concrete - other,4.227172969283533,0.9674493146400276,Education
179,New Construction,Decking,13.811151262932931,32.79725986045405,Education
179,New Construction,Doors and frames - other,0.040132020520454,0.2311465787312012,Education
179,New Construction,Extruded polystyrene XPS,0.2235351310582282,14.528345067981125,Education
179,New Construction,Extrusion,1.8535036854643656,12.031881405773762,Education
179,New Construction,Fasteners,0.0396876647320943,0.2179537849257827,Education
179,New Construction,Fiberglass blanket,0.9481313703936048,1.7734577922330168,Education
179,New Construction,Flooring and tile - other,0.0284893620076096,0.1578310655221573,Education
179,New Construction,Glazing - other,0.8494816319927346,1.0271814985265877,Education
179,New Construction,Gypsum board,45.468432308520704,9.287198099392084,Education
179,New Construction,Hollow structural sections HSS,12.89946983631902,32.54714712688862,Education
179,New Construction,Hot-rolled sections,42.51595518057582,41.1554446147974,Education
179,New Construction,Insulated glass unit IGU,6.177119514906382,8.277340149974552,Education
179,New Construction,Mineral wool high density,1.4046892381481138,2.4737513506476505,Education
179,New Construction,Modified bitumen,0.1808000348314567,0.1486176286314574,Education
179,New Construction,Mortar and grout,5.455772885884116,0.5390303611253506,Education
179,New Construction,Paint,0.3558626616459276,0.8540703879502263,Education
179,New Construction,Plate,4.841412955867694,12.49084542613865,Education
179,New Construction,Polyisocyanurate PIR,3.0326507077124867,10.129053363759704,Education
179,New Construction,Precast,12.621620201393702,1.9690453250350697,Education
179,New Construction,Ready mix LW 3000,68.76515850711837,18.09893659714032,Education
179,New Construction,Ready mix LW 4000,206.4602950632176,61.21290027137437,Education
179,New Construction,Ready mix NW 4000,391.2592408361373,62.39203375909282,Education
179,New Construction,Rebar and reinforcement,78.92785665054846,150.70891606336835,Education
179,New Construction,Resilient flooring vinyl,0.4489157474847567,0.6195037315289643,Education
179,New Construction,Roll formed metal panel steel,0.734849138280038,1.7121984921924884,Education
179,New Construction,Roofing and waterproofing - other,0.1153830451706754,0.0203074159500388,Education
179,New Construction,Softwood plywood,0.1626197381753043,0.0429316108782803,Education
179,New Construction,Spray applied cementitious,39.003389457808616,44.46386398190182,Education
179,New Construction,Steel - other,18.46522808036426,57.974424475194105,Education
179,New Construction,Steel sheet,1.989986590401735,6.665263333972817,Education
179,New Construction,Suspension assembly,0.0291833547216654,0.0709155519736469,Education
179,New Construction,TPO,0.7208500138547476,2.3753540939611573,Education
179,New Construction,Wood or composite door,0.4026933323623783,0.1477884529769928,Education
18,New Construction,Acoustic ceiling tile fiber,2.3789659862361807,3.3361706572966834,Healthcare
18,New Construction,Adhesives and sealants,0.206966025282412,0.1667935752295318,Healthcare
18,New Construction,Air and vapor barriers,0.6432954306877388,0.6322852732358976,Healthcare
18,New Construction,Aluminum - other,2.1137507337472363,19.0448941110626,Healthcare
18,New Construction,Aluminum composite panel ACM,0.2857631436179899,2.27181699176302,Healthcare
18,New Construction,Aluminum door,0.0706125030311557,0.5242497901149347,Healthcare
18,New Construction,Aluminum door frame,0.013282732160804,0.1162239064070351,Healthcare
18,New Construction,Aluminum framed window,0.006889617152211,0.0535830153376663,Healthcare
18,New Construction,Aluminum sheet,0.0005500124517587,0.0030910699788844,Healthcare
18,New Construction,Aluminum storefront or curtain wall,2.55860116080402e-05,0.0002558601160804,Healthcare
18,New Construction,CMU,1.265612659798995,0.2200478757095612,Healthcare
18,New Construction,Carpet,0.0264498588040201,0.1266948236712562,Healthcare
18,New Construction,Ceramic tile,1.025798596480402,0.269526735257599,Healthcare
18,New Construction,Coatings - other,0.0479971784593467,0.3275129243361407,Healthcare
18,New Construction,Cold formed steel framing,6.558413748751005,15.724698461641124,Healthcare
18,New Construction,Concrete - other,0.1243530805025125,0.0244335290424654,Healthcare
18,New Construction,Copper sheet,1.7412606711055276,2.0546875919045227,Healthcare
18,New Construction,Decking,10.293413096115575,26.557005787978195,Healthcare
18,New Construction,Doors and frames - other,0.394443657320603,2.2846242795106364,Healthcare
18,New Construction,Extruded polystyrene XPS,0.478479126982412,31.098064235889854,Healthcare
18,New Construction,Extrusion,0.5414712567611558,4.1082124820163175,Healthcare
18,New Construction,Fasteners,0.0005951599131658,0.0040756652426653,Healthcare
18,New Construction,Flooring and tile - other,0.0173923920542713,0.0943377628203497,Healthcare
18,New Construction,Glass mat gypsum board,5.947167019347236,2.813010000151243,Healthcare
18,New Construction,Glazing - other,0.7090960120296482,1.7269021716090152,Healthcare
18,New Construction,Gypsum board,44.41296720635799,10.787700108247796,Healthcare
18,New Construction,Hollow structural sections HSS,1.1257195792964825,2.758012969276382,Healthcare
18,New Construction,Hot-rolled sections,54.20785290708744,52.522160531647934,Healthcare
18,New Construction,Insulated glass unit IGU,1.195785816613417,1.6008560731777697,Healthcare
18,New Construction,Loose-fill cellulose,2.134035689768744,0.4011987096765238,Healthcare
18,New Construction,Mineral wool high density,0.4408072916080402,0.789045051978392,Healthcare
18,New Construction,Mineral wool low density,1.068092886475628,1.5807774719839296,Healthcare
18,New Construction,Mortar and grout,2.738767931204221,0.6206008874960789,Healthcare
18,New Construction,Open web joists,0.097718384160804,0.1348513701419095,Healthcare
18,New Construction,Oriented strand board OSB,2.947127229991457,1.1552738741566513,Healthcare
18,New Construction,Other,0.0119579701251256,0.0332544808290301,Healthcare
18,New Construction,Paint,0.6841383013441709,1.6410243000070186,Healthcare
18,New Construction,Polyisocyanurate PIR,2.7381737898221106,7.960980757427206,Healthcare
18,New Construction,Ready mix LW 3000,317.1657529714874,75.22410053045338,Healthcare
18,New Construction,Ready mix LW 4000,137.00730401817083,35.78477591686086,Healthcare
18,New Construction,Ready mix LW 5000,0.0048831373909547,0.0014001266497227,Healthcare
18,New Construction,Ready mix NW 3000,80.49796176934673,10.064690556320407,Healthcare
18,New Construction,Ready mix NW 4000,94.00618767568844,13.65460012171056,Healthcare
18,New Construction,Rebar and reinforcement,21.201146947767334,35.16670155459237,Healthcare
18,New Construction,Resilient flooring vinyl,0.7266557482049749,1.7998177879166286,Healthcare
18,New Construction,Roll formed metal panel aluminum,0.0221184652361809,0.1428852854257286,Healthcare
18,New Construction,Softwood plywood,0.2839913359947739,0.0749737127026203,Healthcare
18,New Construction,Steel - other,0.561373589868191,1.312272170703802,Healthcare
18,New Construction,Steel door,0.8210876417678391,1.7581822503173163,Healthcare
18,New Construction,Stone masonry,15.469163542110552,4.74903320742794,Healthcare
18,New Construction,Stucco finish,0.4094589869035176,0.5846364694098241,Healthcare
18,New Construction,Suspension assembly,0.5152233587150754,1.2519927616776332,Healthcare
18,New Construction,Synthetic composites,0.4034619604164824,1.5238301493714392,Healthcare
18,New Construction,TPO,0.7377540524924624,2.354805407113417,Healthcare
18,New Construction,Wall coverings,0.0016337396158291,0.0047209864785168,Healthcare
18,New Construction,Wood or composite door,0.9380011325577888,0.3960656540020703,Healthcare
180,New Construction,Acoustic ceiling tile fiber,1.009147854087151,1.3724410815585255,Education
180,New Construction,Adhesives and sealants,0.3319485970441334,0.147234690320803,Education
180,New Construction,Air and vapor barriers,0.2872982968787544,0.7527215378223366,Education
180,New Construction,Aluminum - other,1.0792726672592292,9.724246732005655,Education
180,New Construction,Brick clay,43.92186313509495,12.693418446042438,Education
180,New Construction,Carpet,2.377623248585076,11.388815360722518,Education
180,New Construction,Coatings - other,0.1501193800138593,2.978274452444092,Education
180,New Construction,Cold formed steel framing,0.4310962775347123,1.0561858799600454,Education
180,New Construction,Cross laminated timber CLT,48.29387658314729,17.917028212347642,Education
180,New Construction,Decking,1.93958115617325,5.004119382926985,Education
180,New Construction,Doors and frames - other,0.2539258962708827,1.730501863603311,Education
180,New Construction,Expanded polystyrene EPS,0.355608184647904,1.1557266001056885,Education
180,New Construction,Extrusion,1.6830154251200626,16.371237739366492,Education
180,New Construction,Fasteners,0.2371970914064761,0.9606482201962282,Education
180,New Construction,Fiberglass blanket,0.935586335857034,1.9273078518654905,Education
180,New Construction,Flooring and tile - other,0.0042848011582031,0.0016710724516992,Education
180,New Construction,Glue laminated timber GLT,22.85789911760976,8.480280572633221,Education
180,New Construction,Gypsum board,58.00739155370744,11.77550048540261,Education
180,New Construction,Hollow structural sections HSS,4.470999751558668,10.953949391318735,Education
180,New Construction,Hot-rolled sections,15.849159382746889,15.341986282498988,Education
180,New Construction,Insulated glass unit IGU,5.802143152554192,7.774871824422618,Education
180,New Construction,Mineral wool low density,0.2968610022220152,0.4393542832885825,Education
180,New Construction,Mortar and grout,13.276465878633177,2.9738566793537142,Education
180,New Construction,Other,0.0018504722527861,0.0043116003489918,Education
180,New Construction,Paint,0.6503625331484929,1.560870079556383,Education
180,New Construction,Polyisocyanurate PIR,6.599653882238739,17.2910931714655,Education
180,New Construction,Ready mix LW 3000,2.8200111077412915,0.7422247450641397,Education
180,New Construction,Ready mix NW 3000,194.34387496346875,26.117521505628687,Education
180,New Construction,Ready mix NW 4000,220.9794865773617,35.23842544175466,Education
180,New Construction,Ready mix NW 6000,94.12654959746926,18.49601241825805,Education
180,New Construction,Rebar and reinforcement,11.878871454589856,22.68864447826662,Education
180,New Construction,Roll formed metal panel steel,2.0821711133733585,4.851458694159926,Education
180,New Construction,Softwood framing,13.375411732168612,2.247069171004327,Education
180,New Construction,Softwood plywood,9.06761623783477,2.3938506867883795,Education
180,New Construction,Steel - other,1.0110428656629686,2.9439766955885034,Education
180,New Construction,Steel door,1.3868211013537208,3.885431790213044,Education
180,New Construction,Steel door frame,0.06605679405356,0.1816561836472901,Education
180,New Construction,Steel framed window,0.1002153573645833,0.4399454188305208,Education
180,New Construction,Steel sheet,0.0725967905741203,0.1691505220377003,Education
180,New Construction,TPO,0.91865661305708,2.9305145956520864,Education
180,New Construction,Vinyl framed window,0.63621840625,1.70506532875,Education
180,New Construction,Wall coverings,0.2734727400519773,4.294248063774679,Education
181,New Construction,Acoustic ceiling tile fiber,0.3539667394456929,0.4813947656461424,Public Assembly
181,New Construction,Adhesives and sealants,0.0410748935987845,0.018575878332496,Public Assembly
181,New Construction,Air and vapor barriers,1.7955218834256548,2.4373518937377936,Public Assembly
181,New Construction,Aluminum door,0.1102502118944681,0.4432058518157617,Public Assembly
181,New Construction,Aluminum door frame,0.0132296170212765,0.1157591489361702,Public Assembly
181,New Construction,Aluminum framed window,0.0483291554043046,0.4842186406518274,Public Assembly
181,New Construction,Brick clay,24.547456596481133,7.094214956383047,Public Assembly
181,New Construction,Carpet,0.2955932280198818,1.4158915622152348,Public Assembly
181,New Construction,Ceramic tile,1.5854589102576455,0.4153902344875031,Public Assembly
181,New Construction,Coatings - other,0.2407639254216123,3.625271724581636,Public Assembly
181,New Construction,Cold formed steel framing,2.055821444507909,5.036762539044378,Public Assembly
181,New Construction,Decking,12.798003753092376,33.01884968297833,Public Assembly
181,New Construction,Doors and frames - other,0.1210058801565952,0.8179289063489329,Public Assembly
181,New Construction,Extrusion,0.5009770067415901,4.748205059537574,Public Assembly
181,New Construction,Fasteners,0.2978399548325125,1.49833003680883,Public Assembly
181,New Construction,Fiberglass blanket,0.9830689146340408,2.025121964146124,Public Assembly
181,New Construction,Glass mat gypsum board,6.712948085027716,3.175224444218109,Public Assembly
181,New Construction,Gypsum board,17.76453662199887,3.618838996284421,Public Assembly
181,New Construction,Hardwood,12.456362769555817,5.493255981374115,Public Assembly
181,New Construction,Hollow structural sections HSS,2.5032225049414505,6.132895137106553,Public Assembly
181,New Construction,Hot-rolled sections,8.827075828922355,8.54460940239684,Public Assembly
181,New Construction,Insulated glass unit IGU,1.751326371793298,2.346777338203019,Public Assembly
181,New Construction,Mineral wool high density,6.831548584337348,8.676066702108432,Public Assembly
181,New Construction,Mortar and grout,10.763841848319748,1.6832231024215143,Public Assembly
181,New Construction,Paint,0.2119319969769958,0.5086367927447901,Public Assembly
181,New Construction,Polyisocyanurate PIR,4.648489827492281,12.179043348029776,Public Assembly
181,New Construction,Precast,240.89079217204824,55.13132144896384,Public Assembly
181,New Construction,Ready mix NW 4000,331.70756624723504,50.91908664857544,Public Assembly
181,New Construction,Rebar and reinforcement,14.36924814623081,27.44526395930084,Public Assembly
181,New Construction,Resilient flooring vinyl,0.2141262553141603,0.5395981633916839,Public Assembly
181,New Construction,Roll formed metal panel steel,3.12603528180576,7.283662206607421,Public Assembly
181,New Construction,Softwood framing,2.2194201359344,0.3728625828369791,Public Assembly
181,New Construction,Softwood plywood,7.9636583607728815,2.1024058072440406,Public Assembly
181,New Construction,Steel - other,0.0184225826659666,0.0451353275316183,Public Assembly
181,New Construction,Steel door,0.0848461721055297,0.1442384925794006,Public Assembly
181,New Construction,Steel door frame,0.0249499624397162,0.0686123967092197,Public Assembly
181,New Construction,Steel framed window,0.001481102242911,0.0065020388463794,Public Assembly
181,New Construction,Suspension assembly,0.1940718473637418,0.4715945890938926,Public Assembly
181,New Construction,Synthetic composites,0.0072088465637487,0.0376301790627686,Public Assembly
181,New Construction,TPO,1.2078591715653446,3.853070757293448,Public Assembly
181,New Construction,Vinyl framed window,0.0493981388574902,0.1323870121380738,Public Assembly
181,New Construction,Wood or composite door,0.7940930171642553,0.2914321372992816,Public Assembly
182,New Construction,Acoustic ceiling tile fiber,1.6982572782372385,2.3096298984026444,Education
182,New Construction,Adhesives and sealants,0.3179611215021874,0.1433876621875101,Education
182,New Construction,Air and vapor barriers,0.8938422897119211,1.2819795612419211,Education
182,New Construction,Aluminum door,0.0740084197247996,0.3172339110792947,Education
182,New Construction,Aluminum door frame,0.0101263268571427,0.0886053599999992,Education
182,New Construction,Aluminum framed window,0.0893788347884067,0.9120219828229492,Education
182,New Construction,Brick clay,13.902750618404166,4.017894928718802,Education
182,New Construction,Carpet,2.320517244219512,11.115277599811463,Education
182,New Construction,Ceramic tile,0.3097164128239886,0.081145700159885,Education
182,New Construction,Coatings - other,0.1025525564490451,1.8849466978548288,Education
182,New Construction,Cold formed steel framing,4.319489916605621,10.58275029568377,Education
182,New Construction,Concrete - other,52.345460952082064,14.595500769702708,Education
182,New Construction,Cross laminated timber CLT,66.50214804359291,24.67229692417297,Education
182,New Construction,Decking,2.194113751636892,5.66081347922318,Education
182,New Construction,Doors and frames - other,0.1965236069519996,1.3331507225964452,Education
182,New Construction,Extruded polystyrene XPS,0.0596838984847982,3.8790693350283,Education
182,New Construction,Extrusion,1.7936226046926604,16.702393437286627,Education
182,New Construction,Fasteners,0.1407808692504855,0.6396967384839654,Education
182,New Construction,Fiberglass blanket,1.8707054552724052,3.8536532378611543,Education
182,New Construction,Glass mat gypsum board,3.761589003864173,1.7792315988277538,Education
182,New Construction,Glue laminated timber GLT,20.92889694354807,7.764620766056335,Education
182,New Construction,Gypsum board,37.03937440130779,7.524955390234296,Education
182,New Construction,Hollow structural sections HSS,2.897986202513619,7.100066196158367,Education
182,New Construction,Hot-rolled sections,5.389907301971047,5.217430268307974,Education
182,New Construction,Insulated glass unit IGU,5.439514782069984,7.288949807973781,Education
182,New Construction,Mineral wool high density,3.228959462758155,4.100778517702857,Education
182,New Construction,Mortar and grout,5.983786759395489,0.8783592475932795,Education
182,New Construction,Paint,0.4392727499065141,1.053239304278579,Education
182,New Construction,Polyisocyanurate PIR,3.297302970001929,8.638933781405054,Education
182,New Construction,Ready mix unknown,314.59426583916894,47.950560787538045,Education
182,New Construction,Rebar and reinforcement,7.615090519485924,14.544822892218114,Education
182,New Construction,Resilient flooring vinyl,2.9117977232428345,7.337730262571943,Education
182,New Construction,Roll formed metal panel steel,1.516587205905153,3.5336481897590053,Education
182,New Construction,Softwood framing,2.5949640077551277,0.4359539533028614,Education
182,New Construction,Softwood plywood,4.671444020666522,1.233261221455962,Education
182,New Construction,Steel - other,0.0193305392526706,0.0916267560576589,Education
182,New Construction,Steel door,0.1216360922111982,0.224470095575037,Education
182,New Construction,Steel door frame,0.0399542406399999,0.1098741617599998,Education
182,New Construction,Steel framed window,0.0007826733128502,0.0034359358434126,Education
182,New Construction,Steel sheet,1.2883830126954765,3.00193241958046,Education
182,New Construction,Suspension assembly,0.3983169767188325,0.9679102534267632,Education
182,New Construction,Synthetic composites,0.0051119602351129,0.0266844324272894,Education
182,New Construction,TPO,0.8798390208743917,2.8066864765893094,Education
182,New Construction,Vinyl framed window,0.0422994107824065,0.1133624208968496,Education
182,New Construction,Wood or composite door,1.4312252149632,0.5896459868476032,Education
183,New Construction,Acoustic ceiling tile fiber,2.9427360712476,4.002121056896737,Education
183,New Construction,Adhesives and sealants,0.2991772530641612,0.1418283647339225,Education
183,New Construction,Air and vapor barriers,0.4550292300828403,0.9249679604131869,Education
183,New Construction,Aluminum - other,0.2756083356203612,0.8984831741223774,Education
183,New Construction,Aluminum door frame,0.0981776842105263,0.8590547368421052,Education
183,New Construction,CMU,56.45148530425693,6.322566354076778,Education
183,New Construction,Carpet,2.208061561457179,10.576614879379887,Education
183,New Construction,Coatings - other,0.0832129911811735,0.8903790056385572,Education
183,New Construction,Cold formed steel framing,6.630038351065444,16.24359396011034,Education
183,New Construction,Concrete - other,6.493223632099818,1.424013493641987,Education
183,New Construction,Decking,11.96057801760462,29.57500342181644,Education
183,New Construction,Doors and frames - other,0.2270009876253026,1.3294658777013344,Education
183,New Construction,EPDM,0.0924799410836877,0.3209053955603966,Education
183,New Construction,Extrusion,1.7256301478216556,17.135507367869035,Education
183,New Construction,Fasteners,0.046532966238905,0.1956348220094046,Education
183,New Construction,Fiberglass blanket,2.5745804592539545,5.303635746063146,Education
183,New Construction,Glass mat gypsum board,0.912229366716083,0.4314844904567072,Education
183,New Construction,Glazing - other,0.1645937500045182,0.2501825000068677,Education
183,New Construction,Gypsum board,40.76434526440538,8.293098492448166,Education
183,New Construction,Hollow structural sections HSS,9.801159388137169,24.012840500936065,Education
183,New Construction,Hot-rolled sections,41.74998192649923,40.41398250485126,Education
183,New Construction,Insulated glass unit IGU,2.9137213068077474,3.904386551122384,Education
183,New Construction,Mineral wool high density,3.35109611937954,5.9984620536893765,Education
183,New Construction,Mortar and grout,2.727756495832008,0.6710280979746741,Education
183,New Construction,Paint,0.581313770448702,1.3951530490768849,Education
183,New Construction,Polyisocyanurate PIR,3.1620897014265976,10.561379602764836,Education
183,New Construction,Ready mix NW 4000,11.77958818483699,1.8784283845307683,Education
183,New Construction,Ready mix unknown,447.0064391563982,85.9585764534033,Education
183,New Construction,Rebar and reinforcement,5.245088407642111,10.018118858596432,Education
183,New Construction,Roll formed metal panel steel,0.4854226967529516,1.1310348834343773,Education
183,New Construction,Softwood framing,0.290476096249365,0.0487999841698933,Education
183,New Construction,Softwood plywood,9.081123634580871,2.3974166395293506,Education
183,New Construction,Steel - other,1.0147204945714052,2.6135386298229903,Education
183,New Construction,Steel door,0.3902956067765741,1.0977632352206503,Education
183,New Construction,Steel door frame,0.0189344233734785,0.0520696642770659,Education
183,New Construction,Steel sheet,0.5972711949763494,1.391641884294894,Education
183,New Construction,Suspension assembly,0.631859703333358,1.53541907910006,Education
183,New Construction,TPO,0.9656931877262254,3.08056126884666,Education
183,New Construction,Wood or composite door,0.5239790131604211,0.2698491917776168,Education
184,New Construction,Acoustic ceiling tile fiber,0.0677115710260517,0.0920877365954303,Residential: Multifamily (5 or more units)
184,New Construction,Adhesives and sealants,0.282605852916225,0.1059322782288087,Residential: Multifamily (5 or more units)
184,New Construction,Air and vapor barriers,1.129187446945115,1.5648767839595707,Residential: Multifamily (5 or more units)
184,New Construction,Aluminum - other,0.0967986423666383,0.1587497734812868,Residential: Multifamily (5 or more units)
184,New Construction,Aluminum composite panel ACM,0.0588273674127534,0.4676775709313896,Residential: Multifamily (5 or more units)
184,New Construction,Aluminum door,0.0582022488509225,0.2425393801457299,Residential: Multifamily (5 or more units)
184,New Construction,Aluminum door frame,0.0069455533380967,0.0607735917083461,Residential: Multifamily (5 or more units)
184,New Construction,Architectural fiber cement panel,3.3058018403193645,2.13224218700599,Residential: Multifamily (5 or more units)
184,New Construction,Brick clay,2.7139859529698542,0.7843419404082879,Residential: Multifamily (5 or more units)
184,New Construction,Carpet,0.3837093218042553,2.256210812209021,Residential: Multifamily (5 or more units)
184,New Construction,Coatings - other,0.0653032569956057,0.3966331445904316,Residential: Multifamily (5 or more units)
184,New Construction,Cold formed steel framing,1.0251764306039002,2.511682254979556,Residential: Multifamily (5 or more units)
184,New Construction,Concrete - other,40.621779142179975,5.727670859047374,Residential: Multifamily (5 or more units)
184,New Construction,Doors and frames - other,0.4689148572370475,3.1707858774514874,Residential: Multifamily (5 or more units)
184,New Construction,Extruded polystyrene XPS,0.2193572171917028,14.25680755157448,Residential: Multifamily (5 or more units)
184,New Construction,Extrusion,0.1627837474900637,1.458513325267997,Residential: Multifamily (5 or more units)
184,New Construction,Fasteners,0.079509810647056,0.3659329924965065,Residential: Multifamily (5 or more units)
184,New Construction,Fiberglass blanket,1.9598702341767984,3.385139567348725,Residential: Multifamily (5 or more units)
184,New Construction,Flooring and tile - other,0.0053481153298289,0.0077547672282519,Residential: Multifamily (5 or more units)
184,New Construction,Glass mat gypsum board,5.251869599344784,2.4841343204900825,Residential: Multifamily (5 or more units)
184,New Construction,Glazing - other,0.0291997848398469,0.1451229306540391,Residential: Multifamily (5 or more units)
184,New Construction,Glue laminated timber GLT,0.2990792708725793,0.1109584094937269,Residential: Multifamily (5 or more units)
184,New Construction,Gypsum board,82.85146734478796,16.818847870991956,Residential: Multifamily (5 or more units)
184,New Construction,Heavy timber framing,0.7359368510955469,0.1398280017081539,Residential: Multifamily (5 or more units)
184,New Construction,Hollow structural sections HSS,0.4274246328896873,1.0471903505797338,Residential: Multifamily (5 or more units)
184,New Construction,Hot-rolled sections,2.935403224929765,2.8414703217320127,Residential: Multifamily (5 or more units)
184,New Construction,Insulated glass unit IGU,3.318698702594799,4.247111524785286,Residential: Multifamily (5 or more units)
184,New Construction,Mineral wool high density,0.3217650504051903,0.5759594402252908,Residential: Multifamily (5 or more units)
184,New Construction,Modified bitumen,1.997297343300724,1.4073077975823658,Residential: Multifamily (5 or more units)
184,New Construction,Mortar and grout,1.1768097074079171,0.2492651832332372,Residential: Multifamily (5 or more units)
184,New Construction,Paint,0.7570212375271621,1.7791948849846948,Residential: Multifamily (5 or more units)
184,New Construction,Polyisocyanurate PIR,1.1380070676031746,2.940448261431685,Residential: Multifamily (5 or more units)
184,New Construction,Precast,4.279440072961671,0.6676172579256072,Residential: Multifamily (5 or more units)
184,New Construction,Ready mix unknown,278.98461987392585,41.455535395298085,Residential: Multifamily (5 or more units)
184,New Construction,Rebar and reinforcement,6.484465342034262,12.38532880328544,Residential: Multifamily (5 or more units)
184,New Construction,Resilient flooring vinyl,5.130351414138151,10.852982035851458,Residential: Multifamily (5 or more units)
184,New Construction,Roll formed metal panel steel,0.0519179171864302,0.1209687470443824,Residential: Multifamily (5 or more units)
184,New Construction,Softwood framing,7.552774966123075,1.2688661943086768,Residential: Multifamily (5 or more units)
184,New Construction,Softwood plywood,11.55618528121406,3.050832914240512,Residential: Multifamily (5 or more units)
184,New Construction,Steel - other,1.2662794996430142,3.1052069249778764,Residential: Multifamily (5 or more units)
184,New Construction,Steel door,0.0288095786195744,0.0787209412537532,Residential: Multifamily (5 or more units)
184,New Construction,Steel door frame,0.0088876048340425,0.024440913293617,Residential: Multifamily (5 or more units)
184,New Construction,Suspension assembly,0.0269263862279954,0.0654311185340289,Residential: Multifamily (5 or more units)
184,New Construction,Synthetic composites,0.0102601237386704,0.0299595613169175,Residential: Multifamily (5 or more units)
184,New Construction,Vinyl framed window,0.5525872680851064,1.4809338784680852,Residential: Multifamily (5 or more units)
184,New Construction,Wood I joists,6.239601582386373,2.870216727897732,Residential: Multifamily (5 or more units)
184,New Construction,Wood door frame,0.4151527319148937,1.826672020425533,Residential: Multifamily (5 or more units)
184,New Construction,Wood or composite door,4.3371492666587255,1.417208692659994,Residential: Multifamily (5 or more units)
185,New Construction,Acoustic ceiling tile fiber,0.4678697215957572,0.6953619528058961,Office
185,New Construction,Adhesives and sealants,0.0589755219291714,0.152746601796554,Office
185,New Construction,Air and vapor barriers,0.3418737230943116,0.7768279430851743,Office
185,New Construction,Aluminum door frame,0.0885059957638664,0.7744274629338312,Office
185,New Construction,Aluminum framed window,0.0875396888888905,0.9979524533333516,Office
185,New Construction,Ceramic tile,0.1954823871950889,0.0512163854451132,Office
185,New Construction,Coatings - other,0.2220824570140577,2.6477475633755345,Office
185,New Construction,Cold formed steel framing,0.3868833736553453,0.947864265455596,Office
185,New Construction,Concrete - other,1.42773624526401,0.222735063665582,Office
185,New Construction,Doors and frames - other,0.1778048482002823,1.1068670596925436,Office
185,New Construction,Expanded polystyrene EPS,6.958087229154581,22.613783494752383,Office
185,New Construction,Extruded polystyrene XPS,0.0005589826423733,0.0363302746953767,Office
185,New Construction,Extrusion,1.17640465186017,11.334882744680538,Office
185,New Construction,Fasteners,0.1366210140550742,0.5597844625226741,Office
185,New Construction,Glass mat gypsum board,8.153050583300532,3.8563929259011513,Office
185,New Construction,Glazing - other,0.1219867331543834,0.1854198343946628,Office
185,New Construction,Glue laminated timber GLT,22.0324238209428,8.174029237569778,Office
185,New Construction,Gypsum board,26.24935458544748,6.18017650317536,Office
185,New Construction,Hardwood,0.0257450862324136,0.0255648706287867,Office
185,New Construction,Hollow structural sections HSS,3.423590928783923,8.585315009847209,Office
185,New Construction,Hot-rolled sections,3.1399464700933173,3.0394681830503307,Office
185,New Construction,Insulated glass unit IGU,4.105515676503874,5.501391006515192,Office
185,New Construction,Mineral wool high density,1.0569237538245462,1.8918935193459376,Office
185,New Construction,Mineral wool low density,5.166174547117768,7.800923566147828,Office
185,New Construction,Mortar and grout,0.0583943318716126,0.0307991652367804,Office
185,New Construction,Oriented strand board OSB,18.1309845350892,7.107345937754967,Office
185,New Construction,Paint,0.4150936569640549,0.989657085322294,Office
185,New Construction,Plate,0.4646565190429343,1.198813819130771,Office
185,New Construction,Ready mix NW 5000,459.4561111507553,88.79838630177505,Office
185,New Construction,Rebar and reinforcement,12.177098456754107,23.34186666323443,Office
185,New Construction,Roll formed metal panel steel,1.7660886429852825,4.114986538155709,Office
185,New Construction,Softwood framing,13.554492204329726,2.277154690327394,Office
185,New Construction,Softwood plywood,8.803351083779964,2.324084686117911,Office
185,New Construction,Steel - other,1.067135199231705,2.756579685707369,Office
185,New Construction,Steel door,1.0228723237527273,3.2147836466661817,Office
185,New Construction,Steel door frame,0.051715262060606,0.1422169706666666,Office
185,New Construction,Steel framed window,0.0141689192020206,0.0622015552968704,Office
185,New Construction,Steel sheet,1.1600940101987516,2.703019043763091,Office
185,New Construction,Suspension assembly,0.1050808647418444,0.2553465013226821,Office
185,New Construction,Synthetic composites,1.48072846815696,3.7197289997306417,Office
185,New Construction,TPO,0.9361332004303554,2.9862649093728337,Office
186,New Construction,Acoustic ceiling tile fiber,1.6713353191809797,2.2730160340861323,Education
186,New Construction,Adhesives and sealants,0.0888052464474677,0.2433263752660616,Education
186,New Construction,Air and vapor barriers,4.571120242603588,11.01407565086924,Education
186,New Construction,Aluminum - other,0.0513853169597876,0.2887854813140069,Education
186,New Construction,Aluminum door,0.017368173380129,0.0821892726242477,Education
186,New Construction,Aluminum door frame,0.005332033548387,0.046655293548387,Education
186,New Construction,Aluminum sheet,2.1419163375892825,12.04666254797958,Education
186,New Construction,Coatings - other,0.2639637932177862,4.3875755091161865,Education
186,New Construction,Cold formed steel framing,2.4512620770960254,6.3071365905624575,Education
186,New Construction,Concrete - other,0.9385584092943388,0.2148025870763792,Education
186,New Construction,Cross laminated timber CLT,31.671961782922367,11.750297821464198,Education
186,New Construction,Decking,3.856026851359323,9.89761915297071,Education
186,New Construction,Doors and frames - other,0.0090859198093935,0.0655484264054864,Education
186,New Construction,EPDM,0.2526766859349913,0.7782441926797733,Education
186,New Construction,Extruded polystyrene XPS,0.5997656891419244,38.9809102960178,Education
186,New Construction,Extrusion,0.3784805532800071,3.4288275899331144,Education
186,New Construction,Fasteners,0.0411650974798416,0.1951591611906696,Education
186,New Construction,Fiberglass blanket,0.8930014544081508,1.8395829960807903,Education
186,New Construction,Glass mat gypsum board,2.126620330363798,1.0058914162620765,Education
186,New Construction,Glazing - other,0.003671161173792,0.0040382772911712,Education
186,New Construction,Gypsum board,10.484566663534908,2.3051086525544,Education
186,New Construction,Hardwood,0.0752937140733175,0.0459291655847237,Education
186,New Construction,Hollow structural sections HSS,5.64727201625569,14.298743881098728,Education
186,New Construction,Hot-rolled sections,55.75339102191449,53.96928250921322,Education
186,New Construction,Insulated glass unit IGU,2.122526063809316,3.3107296012820875,Education
186,New Construction,Mineral wool high density,4.285817271217858,7.671612915479967,Education
186,New Construction,Modified bitumen,1.9069870245610925,1.3748397607821807,Education
186,New Construction,Other,0.0281037433204875,0.0654817219367359,Education
186,New Construction,Paint,0.3266169064403949,0.8042399344886155,Education
186,New Construction,Plate,0.4465145501030673,1.0426015512771931,Education
186,New Construction,Polyisocyanurate PIR,1.202632042494267,3.151273607062822,Education
186,New Construction,Precast,4.362451245339921,0.6780039565716857,Education
186,New Construction,Ready mix LW 5000,7.013386546468579,2.3129726047339085,Education
186,New Construction,Ready mix NW 3000,140.27555442570437,18.851377796784107,Education
186,New Construction,Ready mix NW 4000,92.1462472982996,10.973262593677452,Education
186,New Construction,Ready mix NW 5000,248.51380505672395,35.39538360772712,Education
186,New Construction,Rebar and reinforcement,13.790094758822136,26.339080989350283,Education
186,New Construction,Roll formed metal panel steel,0.0944518792124382,0.2200728785649812,Education
186,New Construction,Softwood framing,0.0589686000670989,0.0099067248112726,Education
186,New Construction,Steel - other,3.7740685335324726,9.675109203713708,Education
186,New Construction,Steel door,0.0180436184392258,0.0393157603693625,Education
186,New Construction,Steel door frame,0.0001689313032258,0.0004645610838709,Education
186,New Construction,Steel sheet,0.0023310854389644,0.0110493449806914,Education
186,New Construction,Suspension assembly,0.3551983980043067,0.8631321071504655,Education
186,New Construction,Synthetic composites,0.1303895263258662,0.2158921408359032,Education
186,New Construction,Vinyl framed window,0.3119214225804254,0.8359494125155401,Education
186,New Construction,Wood and composites - other,0.0149938860371426,0.0069271753491599,Education
187,New Construction,Acoustic ceiling tile fiber,0.2770803686956521,0.7138972014198758,Education
187,New Construction,Adhesives and sealants,0.1315003761242236,0.3161666842592794,Education
187,New Construction,Air and vapor barriers,0.1558165137956521,0.4082392661446087,Education
187,New Construction,Aluminum - other,3.92751391115528,21.51278844702757,Education
187,New Construction,Aluminum composite panel ACM,0.3418587199378882,2.7177768235062114,Education
187,New Construction,Aluminum door,0.2990987406273291,1.2023769373218631,Education
187,New Construction,Aluminum door frame,0.0458780795031055,0.4014331956521739,Education
187,New Construction,Brick clay,21.81129476475776,6.303464187014993,Education
187,New Construction,Carpet,1.2253098385093169,5.869234126459627,Education
187,New Construction,Coatings - other,0.3530998883701863,4.8980529554019565,Education
187,New Construction,Cold formed steel framing,8.510249772440993,20.850111942480435,Education
187,New Construction,Doors and frames - other,0.2151871116031055,1.326545909551764,Education
187,New Construction,EPDM,0.3189864277639752,1.0271362974,Education
187,New Construction,Expanded polystyrene EPS,0.1878783829813664,0.610604744689441,Education
187,New Construction,Extrusion,1.4928617692621118,11.34388655458354,Education
187,New Construction,Fasteners,0.1370800771285714,0.5803066350143353,Education
187,New Construction,Fiberglass blanket,2.313996902690062,4.54696341020574,Education
187,New Construction,Glazing - other,0.0164340284409937,0.0816771213517391,Education
187,New Construction,Glue laminated timber GLT,22.956017157142856,8.5166823653,Education
187,New Construction,Gypsum board,56.43960795436646,11.457240414736392,Education
187,New Construction,Hardwood,0.370779106484472,0.4154525148168322,Education
187,New Construction,Hollow structural sections HSS,1.1404100667391304,2.794004663510869,Education
187,New Construction,Hot-rolled sections,10.02406731052174,9.703297156585045,Education
187,New Construction,Insulated glass unit IGU,4.963444604453416,6.42140721710236,Education
187,New Construction,Laminated strand lumber LSL,0.8587415301608696,0.3366266798230609,Education
187,New Construction,Medium density fiberboard MDF,3.160818241180124,2.225216041790807,Education
187,New Construction,Mineral wool high density,3.154112695,4.00572312265,Education
187,New Construction,Mineral wool low density,0.7972804257024845,1.2038934428107515,Education
187,New Construction,Modified bitumen,0.1026266794534161,0.0646548080556521,Education
187,New Construction,Mortar and grout,9.4575815251677,2.00325148321159,Education
187,New Construction,Oriented strand board OSB,8.490688269565217,3.328349801669565,Education
187,New Construction,Paint,0.6291827257018634,1.5100385416844722,Education
187,New Construction,Parallel strand lumber PSL,0.4003314426024845,0.1481226337629192,Education
187,New Construction,Polyisocyanurate PIR,3.734715934468323,9.782869831907504,Education
187,New Construction,Precast,3.6453791683229815,0.5687001109868604,Education
187,New Construction,Ready mix unknown,891.7815198014285,139.91778122637734,Education
187,New Construction,Rebar and reinforcement,27.622583486275776,52.75913445878673,Education
187,New Construction,Roll formed metal panel steel,2.429920107453416,5.66171385036646,Education
187,New Construction,Softwood framing,5.86607980027764,0.9855014064466436,Education
187,New Construction,Softwood plywood,16.516351903985715,4.360316902652229,Education
187,New Construction,Steel - other,5.871172557285714,22.038590008720373,Education
187,New Construction,Steel door,0.1877455672049689,0.4393246272596273,Education
187,New Construction,Steel sheet,0.2841775942857142,0.6621337946857142,Education
187,New Construction,Suspension assembly,0.0911178231118012,0.221416310161677,Education
187,New Construction,Synthetic composites,13.69487905652174,64.09203398452173,Education
187,New Construction,TPO,0.7171420903515529,2.2876832682214534,Education
187,New Construction,Vinyl framed window,1.526673785590062,4.091485745381366,Education
187,New Construction,Wood I joists,0.0293694361490683,0.0135099406285714,Education
187,New Construction,Wood door frame,0.0811758757763975,0.3571738534161491,Education
187,New Construction,Wood or composite door,0.3212131263602484,0.1840551214044223,Education
189,New Construction,Adhesives and sealants,0.027189391421422,0.0744989324946962,Other
189,New Construction,Aluminum sheet,0.0005488532391815,0.0039078350629728,Other
189,New Construction,Aluminum storefront or curtain wall,0.029175778452423,0.2917577845242307,Other
189,New Construction,CMU,2.0251084826320165,0.2268121500547859,Other
189,New Construction,Coatings - other,0.0267018704988667,0.2402169127253409,Other
189,New Construction,Cold formed steel framing,0.1780181184893553,0.4361443902989205,Other
189,New Construction,Decking,0.171401344584215,0.4422154690272747,Other
189,New Construction,Doors and frames - other,0.0890132382366084,0.5297987131813685,Other
189,New Construction,EPDM,0.0805179402608634,0.2592677676399803,Other
189,New Construction,Extruded polystyrene XPS,0.0318282883761172,2.0686339290936377,Other
189,New Construction,Fasteners,0.0071253283566593,0.0290334140998102,Other
189,New Construction,Flooring and tile - other,0.0026437796586666,0.0032782867767466,Other
189,New Construction,Glass mat gypsum board,0.7928494618982681,0.3750177954778808,Other
189,New Construction,Glue laminated timber GLT,0.3939630166362563,0.146160279172051,Other
189,New Construction,Gypsum board,4.409297649539145,0.9153553125853008,Other
189,New Construction,Hardwood,0.106457716364715,0.213980009893077,Other
189,New Construction,Hollow structural sections HSS,0.190659334880742,0.681256653855307,Other
189,New Construction,Hot-rolled sections,0.3661071091085899,0.354391681617115,Other
189,New Construction,Insulated glass unit IGU,0.2508078773673917,0.3360825556723048,Other
189,New Construction,Mineral wool high density,5.689435376340935,10.184089323650277,Other
189,New Construction,Modified bitumen,0.7002901942356661,0.4762795515296656,Other
189,New Construction,Mortar and grout,0.1965676709744208,0.0194208858922727,Other
189,New Construction,Paint,0.0509688847507245,0.1223253234017388,Other
189,New Construction,Plate,15.693682696544863,36.566280682949525,Other
189,New Construction,Precast,2.4057624644544,0.384921994312705,Other
189,New Construction,Ready mix NW 2500,2.3858618351701915,0.2958468675611033,Other
189,New Construction,Ready mix NW 5000,1201.9630753371453,245.20046736877757,Other
189,New Construction,Rebar and reinforcement,42.77877654233087,41.9091492066925,Other
189,New Construction,Roll formed metal panel steel,0.1983301541262033,0.4621092591140538,Other
189,New Construction,Roofing and waterproofing - other,0.0393033972041345,0.0189835408495969,Other
189,New Construction,Softwood framing,0.9160894376449792,0.1539030255243564,Other
189,New Construction,Softwood plywood,33.4830627942299,8.839528577676694,Other
189,New Construction,Steel - other,0.1046628701477564,0.2654480538747457,Other
189,New Construction,Steel door,0.1226381676264,0.344860981631496,Other
189,New Construction,Steel door frame,0.0145849407733333,0.0401085871266666,Other
189,New Construction,Steel framed window,0.0010994813333333,0.0045738423466666,Other
189,New Construction,Wood or composite door,0.47880678432,0.12640499106048,Other
19,New Construction,Acoustic ceiling tile fiber,0.9335855953926702,1.2696764097340316,Education
19,New Construction,Aluminum door frame,0.0107430031413612,0.0940012774869109,Education
19,New Construction,Aluminum storefront or curtain wall,0.4365004283664921,4.365004283664922,Education
19,New Construction,CMU,121.73947438389528,31.06768158385295,Education
19,New Construction,Ceramic tile,3.3665016376963357,0.8820234290764399,Education
19,New Construction,Coatings - other,0.228694666839267,0.2768207665627059,Education
19,New Construction,Cross laminated timber CLT,73.3073182816754,27.19701508250157,Education
19,New Construction,Fasteners,0.0001567387240837,0.0014200528401989,Education
19,New Construction,Fiberglass blanket,1.2530202149371727,4.373040550130733,Education
19,New Construction,Glass mat gypsum board,2.929487603172775,1.3856476363007224,Education
19,New Construction,Glazing - other,7.444450957774869,36.85950741973272,Education
19,New Construction,Glue laminated timber GLT,21.922648131502616,8.133302456787472,Education
19,New Construction,Gypsum board,113.76068113048169,27.757606195837525,Education
19,New Construction,Mineral wool high density,23.3734991460733,41.8385634714712,Education
19,New Construction,Mortar and grout,186.6410576986801,35.15311362261248,Education
19,New Construction,Paint,2.044981110194241,4.720578279886178,Education
19,New Construction,Ready mix LW 4000,63.87690361780105,18.802476345085548,Education
19,New Construction,Ready mix NW 4000,507.2902518848168,87.04184782742121,Education
19,New Construction,Rebar and reinforcement,24.68660936872357,47.86703722205473,Education
19,New Construction,Softwood framing,211.29976209142407,35.49836003135925,Education
19,New Construction,Softwood plywood,7.250383706806282,1.9141012985968584,Education
19,New Construction,Steel - other,2.598030690790576,12.314665474347333,Education
19,New Construction,Steel sheet,0.1389781350675392,0.6587563602201361,Education
19,New Construction,Suspension assembly,0.1984090828848167,0.4821340714101048,Education
19,New Construction,Wood and composites - other,1.88501712513089,0.44486404153089,Education
190,New Construction,Acoustic ceiling tile fiber,1.309624947563825,4.57059106699775,Education
190,New Construction,Adhesives and sealants,0.1140267528984692,0.3124333029418057,Education
190,New Construction,Air and vapor barriers,1.051152216143042,1.155282441051157,Education
190,New Construction,Aluminum - other,3.701140718398568,17.451076059476534,Education
190,New Construction,Aluminum door,0.4185884851492332,2.725011038321508,Education
190,New Construction,Aluminum door frame,0.0034646809523809,0.0303159583333332,Education
190,New Construction,Aluminum framed window,0.01194816,0.1045464,Education
190,New Construction,Aluminum sheet,1.359814136150145,7.642155445163817,Education
190,New Construction,Aluminum storefront or curtain wall,2.428859835298218,24.28859835298218,Education
190,New Construction,Architectural fiber cement panel,2.022329415060484,1.3044024727140124,Education
190,New Construction,CMU,55.34226873293837,6.198334098089097,Education
190,New Construction,Ceramic tile,0.4641157308074127,0.1215983214715421,Education
190,New Construction,Coatings - other,0.1212963578094913,1.2952699812733393,Education
190,New Construction,Cold formed steel framing,6.400716318278904,15.681754979783316,Education
190,New Construction,Decking,9.132123744344764,23.560879260409493,Education
190,New Construction,Doors and frames - other,0.4724505345344847,2.1100887185809745,Education
190,New Construction,EPDM,0.3376757918452518,1.087316049741711,Education
190,New Construction,Extruded polystyrene XPS,1.0372918546324117,67.41729556764929,Education
190,New Construction,Extrusion,1.053659159552509,7.912980288239343,Education
190,New Construction,Fasteners,0.0647127842864196,0.3711978781527608,Education
190,New Construction,Glass mat gypsum board,6.147337898834655,2.9076908261487917,Education
190,New Construction,Glazing - other,0.7876228676046274,1.2759490455194964,Education
190,New Construction,Gypsum board,63.03920336941443,13.799492681456108,Education
190,New Construction,Hollow structural sections HSS,4.1339879139391655,10.128270389150956,Education
190,New Construction,Hot-rolled sections,19.59141887696584,18.96449347290293,Education
190,New Construction,Insulated glass unit IGU,4.94619309134872,6.627898742407284,Education
190,New Construction,Mineral wool high density,7.027406671757332,12.579057942445624,Education
190,New Construction,Mineral wool low density,1.33673115477738,2.018464043713844,Education
190,New Construction,Modified bitumen,4.043417985932943,3.381323045732537,Education
190,New Construction,Mortar and grout,7.057838981281356,0.7325853705314218,Education
190,New Construction,Paint,0.76772547966156,1.842541151187744,Education
190,New Construction,Plate,2.8877210556041883,6.728390059557758,Education
190,New Construction,Precast,0.1592207940842063,0.0254753270534729,Education
190,New Construction,Ready mix LW 5000,32.46418886557892,10.68071813677547,Education
190,New Construction,Ready mix NW 3000,3.892492626494491,0.5721964160946897,Education
190,New Construction,Ready mix NW 5000,1389.4321251207975,283.4441535246428,Education
190,New Construction,Rebar and reinforcement,32.877207854683554,40.58383317032709,Education
190,New Construction,Roll formed metal panel aluminum,0.0959532838601536,0.5392574552940635,Education
190,New Construction,Roll formed metal panel steel,0.7621313365349447,1.7757660141264209,Education
190,New Construction,Roofing and waterproofing - other,0.0504156195548399,0.0243507442449877,Education
190,New Construction,Softwood framing,2.736970391721032,0.4598110258091333,Education
190,New Construction,Softwood plywood,6.735869621314576,1.778269580027048,Education
190,New Construction,Spray applied cementitious,16.320667128347868,18.60556052631657,Education
190,New Construction,Steel - other,1.7517701238928045,4.320837495162106,Education
190,New Construction,Steel door,0.8623438605622857,2.566948399733485,Education
190,New Construction,Steel door frame,0.0128110181587301,0.0352302999365079,Education
190,New Construction,Suspension assembly,0.3560214376114076,0.8651320933957207,Education
190,New Construction,Wood or composite door,0.03579863808,0.00945084045312,Education
191,New Construction,Adhesives and sealants,0.1078308779156929,0.2954566054889986,Residential: Multifamily (5 or more units)
191,New Construction,Air and vapor barriers,5.769095590289898e-06,1.5115030446559528e-05,Residential: Multifamily (5 or more units)
191,New Construction,Aluminum - other,0.0506026163261216,0.0829882907748395,Residential: Multifamily (5 or more units)
191,New Construction,Aluminum door,0.0242509507686886,0.2497847929174935,Residential: Multifamily (5 or more units)
191,New Construction,Aluminum door frame,0.0039425217391304,0.0344970652173913,Residential: Multifamily (5 or more units)
191,New Construction,Architectural fiber cement panel,2.905302595926746,1.8739201743727516,Residential: Multifamily (5 or more units)
191,New Construction,Ceramic tile,0.2094172110825789,0.0548673093036356,Residential: Multifamily (5 or more units)
191,New Construction,Coatings - other,0.0082853943926491,0.0357334742246004,Residential: Multifamily (5 or more units)
191,New Construction,Cold formed steel framing,0.2087436596316214,0.5129169055658213,Residential: Multifamily (5 or more units)
191,New Construction,Concrete - other,44.203687332922,8.819255460116535,Residential: Multifamily (5 or more units)
191,New Construction,Cross laminated timber CLT,2.21285332176071,0.8209685823732232,Residential: Multifamily (5 or more units)
191,New Construction,Doors and frames - other,0.0069403507756521,0.0360709023321043,Residential: Multifamily (5 or more units)
191,New Construction,Extruded polystyrene XPS,0.943289084902561,61.30772044397223,Residential: Multifamily (5 or more units)
191,New Construction,Extrusion,1.4531718509536116,11.002459033707684,Residential: Multifamily (5 or more units)
191,New Construction,Fasteners,0.0567173489897782,0.3280095424382552,Residential: Multifamily (5 or more units)
191,New Construction,Fiberglass blanket,0.6604399139195065,1.3604929130579848,Residential: Multifamily (5 or more units)
191,New Construction,Glazing - other,0.3571773173959981,1.7698354678206512,Residential: Multifamily (5 or more units)
191,New Construction,Glue laminated timber GLT,0.3222781446560733,0.1195651916674032,Residential: Multifamily (5 or more units)
191,New Construction,Gypsum board,55.89335084284038,11.346353654781366,Residential: Multifamily (5 or more units)
191,New Construction,Hollow structural sections HSS,0.1254948468241853,0.3074623747192541,Residential: Multifamily (5 or more units)
191,New Construction,Hot-rolled sections,0.1646348471672347,0.4247579056914658,Residential: Multifamily (5 or more units)
191,New Construction,Insulated glass unit IGU,1.6507560813704356,2.212013149036384,Residential: Multifamily (5 or more units)
191,New Construction,Medium density fiberboard MDF,9.68011017814819e-05,6.814797565416325e-05,Residential: Multifamily (5 or more units)
191,New Construction,Mineral wool high density,0.13768048388719,0.1748542145367313,Residential: Multifamily (5 or more units)
191,New Construction,Mineral wool low density,0.6812492081346937,1.0082488280393462,Residential: Multifamily (5 or more units)
191,New Construction,Modified bitumen,1.2186894642832309,0.7677743624984353,Residential: Multifamily (5 or more units)
191,New Construction,Mortar and grout,0.0534013888260576,0.01059729619532,Residential: Multifamily (5 or more units)
191,New Construction,Oriented strand board OSB,1.3618929644524231,0.5338620420653498,Residential: Multifamily (5 or more units)
191,New Construction,Paint,0.6801179139388198,1.5817334710513795,Residential: Multifamily (5 or more units)
191,New Construction,Polyisocyanurate PIR,0.7472602904770653,1.9578219610499108,Residential: Multifamily (5 or more units)
191,New Construction,Ready mix LW 5000,35.993789481453305,10.801645569568846,Residential: Multifamily (5 or more units)
191,New Construction,Ready mix NW 4000,51.52343411775252,8.366871623977307,Residential: Multifamily (5 or more units)
191,New Construction,Ready mix NW 6000,177.69663215943186,35.836661855352816,Residential: Multifamily (5 or more units)
191,New Construction,Ready mix NW 8000,0.1049068517896594,0.0283163484975532,Residential: Multifamily (5 or more units)
191,New Construction,Rebar and reinforcement,10.210287309580108,19.534111985736985,Residential: Multifamily (5 or more units)
191,New Construction,Roofing and waterproofing - other,0.000827309670819,0.0014229726338088,Residential: Multifamily (5 or more units)
191,New Construction,Softwood framing,11.36268757000321,1.9089315117605392,Residential: Multifamily (5 or more units)
191,New Construction,Softwood plywood,12.277600703260816,3.241286585660855,Residential: Multifamily (5 or more units)
191,New Construction,Spray applied cementitious,0.0253540029967788,0.0289035634163279,Residential: Multifamily (5 or more units)
191,New Construction,Steel - other,0.4889570259257876,1.2173562830482036,Residential: Multifamily (5 or more units)
191,New Construction,Steel door,0.028451556,0.0597482675999999,Residential: Multifamily (5 or more units)
191,New Construction,Vinyl framed window,0.6476249043478239,1.7356347436521682,Residential: Multifamily (5 or more units)
191,New Construction,Wood I joists,4.552270679755451,2.094044512687508,Residential: Multifamily (5 or more units)
192,New Construction,Adhesives and sealants,0.0322403411856603,0.0883385348487092,Residential: Multifamily (5 or more units)
192,New Construction,Aluminum - other,0.0362229815510867,0.2035731563171076,Residential: Multifamily (5 or more units)
192,New Construction,Aluminum sheet,0.1989984426491563,1.3909465654614763,Residential: Multifamily (5 or more units)
192,New Construction,Architectural fiber cement panel,0.7804136499615796,0.5033668042252188,Residential: Multifamily (5 or more units)
192,New Construction,Brick clay,9.890514119233451,2.8583585804584666,Residential: Multifamily (5 or more units)
192,New Construction,CMU,13.084566355237364,1.465471431786585,Residential: Multifamily (5 or more units)
192,New Construction,Ceramic tile,0.0542676236236772,0.0142181173894034,Residential: Multifamily (5 or more units)
192,New Construction,Coatings - other,0.0071713486089068,0.0668124459134963,Residential: Multifamily (5 or more units)
192,New Construction,Cold formed steel framing,0.4277191554865497,0.9788440091944444,Residential: Multifamily (5 or more units)
192,New Construction,Concrete - other,19.52181828608329,5.487006605995429,Residential: Multifamily (5 or more units)
192,New Construction,Cross laminated timber CLT,0.1852586435379252,0.0687309567525702,Residential: Multifamily (5 or more units)
192,New Construction,EPDM,0.0011675206194226,0.0040512965493967,Residential: Multifamily (5 or more units)
192,New Construction,Extrusion,0.4855997728111829,3.980006874166479,Residential: Multifamily (5 or more units)
192,New Construction,Fasteners,0.0026668860585509,0.0154146014184242,Residential: Multifamily (5 or more units)
192,New Construction,Fiberglass blanket,0.6781761309309029,1.2982514378453094,Residential: Multifamily (5 or more units)
192,New Construction,Glass mat gypsum board,0.9309014156264716,0.440316369591321,Residential: Multifamily (5 or more units)
192,New Construction,Glazing - other,0.2359150448768763,1.132310884720481,Residential: Multifamily (5 or more units)
192,New Construction,Glue laminated timber GLT,0.1116908376139288,0.0414373007547675,Residential: Multifamily (5 or more units)
192,New Construction,Gypsum board,41.90264368705841,8.511931322005326,Residential: Multifamily (5 or more units)
192,New Construction,Hollow structural sections HSS,0.0674316545941165,0.1652075537555856,Residential: Multifamily (5 or more units)
192,New Construction,Hot-rolled sections,1.1020638230598996,2.674514636425237,Residential: Multifamily (5 or more units)
192,New Construction,Insulated glass unit IGU,0.9667845484813196,1.295491294964968,Residential: Multifamily (5 or more units)
192,New Construction,Mineral wool high density,0.1369329967860906,0.2451100642471021,Residential: Multifamily (5 or more units)
192,New Construction,Mineral wool low density,0.0072296418470364,0.010699869933614,Residential: Multifamily (5 or more units)
192,New Construction,Mortar and grout,24.22090713425216,4.609071696801664,Residential: Multifamily (5 or more units)
192,New Construction,Paint,0.5412299277620131,1.2832420336511243,Residential: Multifamily (5 or more units)
192,New Construction,Polyisocyanurate PIR,0.6598059465811177,1.730776300474418,Residential: Multifamily (5 or more units)
192,New Construction,Precast,0.0001637822294729,2.5550969536536888e-05,Residential: Multifamily (5 or more units)
192,New Construction,Ready mix NW 4000,47.21672642187832,7.75467948193192,Residential: Multifamily (5 or more units)
192,New Construction,Ready mix NW 5000,45.101513493765175,8.861775963698733,Residential: Multifamily (5 or more units)
192,New Construction,Ready mix NW 6000,219.8012721914994,44.57806158907388,Residential: Multifamily (5 or more units)
192,New Construction,Ready mix NW 8000,2.181504599686706,0.5888294562265475,Residential: Multifamily (5 or more units)
192,New Construction,Rebar and reinforcement,19.19729257329838,33.02129430308086,Residential: Multifamily (5 or more units)
192,New Construction,Softwood framing,5.673445037465206,0.9531387662941546,Residential: Multifamily (5 or more units)
192,New Construction,Softwood plywood,6.92456979834425,1.828086426762882,Residential: Multifamily (5 or more units)
192,New Construction,Spray applied cementitious,0.0095287544196981,0.0108627800384558,Residential: Multifamily (5 or more units)
192,New Construction,Steel - other,0.2933349138037832,0.7560953775144535,Residential: Multifamily (5 or more units)
192,New Construction,Steel sheet,0.2043515645248641,0.480121464466289,Residential: Multifamily (5 or more units)
192,New Construction,TPO,0.1491717278739505,0.4758578119179023,Residential: Multifamily (5 or more units)
192,New Construction,Vinyl framed window,0.1737628577391302,0.4656844587408691,Residential: Multifamily (5 or more units)
192,New Construction,Wood I joists,3.8696049870680023,1.7800182940512812,Residential: Multifamily (5 or more units)
192,New Construction,Wood and composites - other,0.0569593743661875,0.0263152309571786,Residential: Multifamily (5 or more units)
193,New Construction,Acoustic ceiling tile aluminum,0.0431878394809981,0.2915179164967372,Office
193,New Construction,Acoustic ceiling tile fiber,0.596748969974827,0.8115785991657648,Office
193,New Construction,Adhesives and sealants,0.5735966744703769,1.2054225154433424,Office
193,New Construction,Aluminum - other,2.2788505680434548,4.142652551124577,Office
193,New Construction,Aluminum door frame,0.0064749759375,0.056656039453125,Office
193,New Construction,Aluminum sheet,0.1412024129085057,0.7935575605458023,Office
193,New Construction,Architectural fiber cement panel,0.8469995701007449,0.5463147227149806,Office
193,New Construction,CMU,18.415734046494727,2.0625622132074093,Office
193,New Construction,Carpet,0.371162501670195,1.5514592569814152,Office
193,New Construction,Ceramic tile,2.540381757920897,0.6655800205752753,Office
193,New Construction,Coatings - other,0.3288463782512934,2.7916894056657577,Office
193,New Construction,Cold formed steel framing,1.767430347397022,4.559970296284317,Office
193,New Construction,Cross laminated timber CLT,115.44573779110998,42.8303687205018,Office
193,New Construction,Decking,0.9772872137230776,2.52140101140554,Office
193,New Construction,Extruded polystyrene XPS,0.1019930492800107,6.628891876908652,Office
193,New Construction,Extrusion,2.940886276948628,18.017077948144404,Office
193,New Construction,Fasteners,0.0087495419866469,0.050882210607372,Office
193,New Construction,Fiberglass blanket,1.5528614763719275,3.198894641326171,Office
193,New Construction,Flooring and tile - other,0.0185581250835097,0.102812012962644,Office
193,New Construction,Glass mat gypsum board,0.0918755388634152,0.0434571298823954,Office
193,New Construction,Glue laminated timber GLT,0.5560599329962974,0.2062982351416263,Office
193,New Construction,Gypsum board,37.47487460901922,7.607399545630901,Office
193,New Construction,Hardwood,3.113326972131495,2.415907467948316,Office
193,New Construction,Heavy timber framing,0.608061280907265,0.1155316433723803,Office
193,New Construction,Hollow structural sections HSS,0.3054579106841708,0.7880814095651608,Office
193,New Construction,Hot-rolled sections,7.668639837528355,19.78509078082316,Office
193,New Construction,Insulated glass unit IGU,8.205959064750585,10.995985146765785,Office
193,New Construction,Intumescent,0.0937105670839986,0.2370877347225165,Office
193,New Construction,Medium density fiberboard MDF,2.098462930210372,1.4773179028681018,Office
193,New Construction,Mineral wool high density,1.425790939449625,2.5521657816148298,Office
193,New Construction,Mineral wool low density,0.0002200909213843,0.0003257345636488,Office
193,New Construction,Modified bitumen,3.499813881819965,2.204882745546578,Office
193,New Construction,Mortar and grout,22.80068257648559,4.489772674280263,Office
193,New Construction,Paint,0.3291947819788819,0.6810623074763241,Office
193,New Construction,Polyisocyanurate PIR,7.313293039887616,18.95485146936393,Office
193,New Construction,Precast,5.939032059912851,0.9265231504520712,Office
193,New Construction,Ready mix NW 4000,131.16932814096543,21.223690389582607,Office
193,New Construction,Ready mix NW 5000,92.2552897769146,17.871366174931957,Office
193,New Construction,Rebar and reinforcement,3.414209819641191,6.666289081604537,Office
193,New Construction,Softwood framing,2.2430785579814687,0.3768371977408867,Office
193,New Construction,Softwood plywood,0.5487263115748843,0.1448637462557694,Office
193,New Construction,Spray applied cementitious,0.2409794067108717,0.2747165236503937,Office
193,New Construction,Steel - other,2.039634807851492,4.771907774991069,Office
193,New Construction,Steel sheet,0.4983237379003856,2.345350982694124,Office
193,New Construction,Stone tile,10.8699547238112,8.119856178686964,Office
193,New Construction,Suspension assembly,0.1411765390585325,0.343058989912234,Office
194,New Construction,Adhesives and sealants,0.2672193571156967,0.7321810384970091,Residential: Multifamily (5 or more units)
194,New Construction,Air and vapor barriers,0.0023870745339232,0.0062541352788788,Residential: Multifamily (5 or more units)
194,New Construction,Aluminum - other,0.3408457555326547,1.734603210509378,Residential: Multifamily (5 or more units)
194,New Construction,Aluminum sheet,5.951703469201169,33.4575462154677,Residential: Multifamily (5 or more units)
194,New Construction,Architectural fiber cement panel,9.67122009003969,6.237936958075598,Residential: Multifamily (5 or more units)
194,New Construction,Brick clay,15.507895882367562,4.481781910004225,Residential: Multifamily (5 or more units)
194,New Construction,CMU,3.4925310670797765,0.391163479512935,Residential: Multifamily (5 or more units)
194,New Construction,Ceramic tile,0.0290512343203234,0.0076114233919247,Residential: Multifamily (5 or more units)
194,New Construction,Coatings - other,0.0233086353025538,0.3226048610828984,Residential: Multifamily (5 or more units)
194,New Construction,Cold formed steel framing,1.6464420331788543,4.246318067373828,Residential: Multifamily (5 or more units)
194,New Construction,Concrete - other,35.70703317633743,10.054824103148402,Residential: Multifamily (5 or more units)
194,New Construction,Cross laminated timber CLT,0.0002212888264481,8.209815461226833e-05,Residential: Multifamily (5 or more units)
194,New Construction,Decking,0.2651510781934112,0.684089781739001,Residential: Multifamily (5 or more units)
194,New Construction,Doors and frames - other,0.0017800856958498,0.0052755260301288,Residential: Multifamily (5 or more units)
194,New Construction,Extrusion,1.5589019060999365,11.965026862962342,Residential: Multifamily (5 or more units)
194,New Construction,Fasteners,0.0148812769524722,0.0840311585301446,Residential: Multifamily (5 or more units)
194,New Construction,Fiberglass blanket,1.0909725523011864,1.8981965236717837,Residential: Multifamily (5 or more units)
194,New Construction,Glazing - other,0.0791913689445983,0.1282900176902493,Residential: Multifamily (5 or more units)
194,New Construction,Gypsum board,82.22518173741462,16.691711892695167,Residential: Multifamily (5 or more units)
194,New Construction,Hollow structural sections HSS,0.4580735379314048,1.122280167931942,Residential: Multifamily (5 or more units)
194,New Construction,Hot-rolled sections,0.0290905167261864,0.0281596201909484,Residential: Multifamily (5 or more units)
194,New Construction,Insulated glass unit IGU,2.724004984724367,3.578476932840149,Residential: Multifamily (5 or more units)
194,New Construction,Medium density fiberboard MDF,1.515622566297849,1.0669982866736856,Residential: Multifamily (5 or more units)
194,New Construction,Modified bitumen,2.4921714195127755,1.7340217707896293,Residential: Multifamily (5 or more units)
194,New Construction,Mortar and grout,10.426579392778825,2.070560848008562,Residential: Multifamily (5 or more units)
194,New Construction,Paint,0.8984365025325347,2.0755465445730645,Residential: Multifamily (5 or more units)
194,New Construction,Polyisocyanurate PIR,1.4271783225173191,3.8521364889234446,Residential: Multifamily (5 or more units)
194,New Construction,Ready mix NW 2500,0.0093546776754654,0.0013224490358706,Residential: Multifamily (5 or more units)
194,New Construction,Ready mix NW 3000,0.0676950502059095,0.0095831106539763,Residential: Multifamily (5 or more units)
194,New Construction,Ready mix NW 4000,5.194928354667112,0.8913559084592063,Residential: Multifamily (5 or more units)
194,New Construction,Ready mix NW 5000,205.2868084683737,37.76631264167902,Residential: Multifamily (5 or more units)
194,New Construction,Ready mix NW 6000,18.474661336945847,4.326952669399162,Residential: Multifamily (5 or more units)
194,New Construction,Ready mix NW 8000,76.54463439786667,20.660848231091805,Residential: Multifamily (5 or more units)
194,New Construction,Rebar and reinforcement,6.133240700545091,11.526759533787226,Residential: Multifamily (5 or more units)
194,New Construction,Roll formed metal panel steel,0.0063038359347875,0.0146879377280551,Residential: Multifamily (5 or more units)
194,New Construction,Softwood framing,11.201068543549924,1.8817795153163872,Residential: Multifamily (5 or more units)
194,New Construction,Softwood plywood,13.99180943003719,3.693837689529819,Residential: Multifamily (5 or more units)
194,New Construction,Spray applied cementitious,0.122487089961219,0.1396352825557896,Residential: Multifamily (5 or more units)
194,New Construction,Steel - other,0.5711280247904621,1.4105657998725276,Residential: Multifamily (5 or more units)
194,New Construction,Steel sheet,0.2774115915083698,0.6463690082145017,Residential: Multifamily (5 or more units)
194,New Construction,Synthetic composites,0.5244871912542257,0.6346295014176132,Residential: Multifamily (5 or more units)
194,New Construction,TPO,0.0048131465303059,0.0153539374316758,Residential: Multifamily (5 or more units)
194,New Construction,Vinyl framed window,0.5156675843575413,1.381989126078211,Residential: Multifamily (5 or more units)
194,New Construction,Windows and frames - other,0.0003600230680223,0.0026785716260862,Residential: Multifamily (5 or more units)
194,New Construction,Wood I joists,1.949250029020828,0.8966550133495805,Residential: Multifamily (5 or more units)
195,New Construction,Adhesives and sealants,0.0102083103095918,0.026648334519004,Office
195,New Construction,Air and vapor barriers,0.1743267142779183,1.220648362559591,Office
195,New Construction,Aluminum - other,0.0983212909139591,0.5505554360504032,Office
195,New Construction,Aluminum door frame,0.0046886557648979,0.0410257379428571,Office
195,New Construction,Aluminum framed window,0.0080078942857142,0.0601392860857142,Office
195,New Construction,Aluminum sheet,0.3090861339591836,2.200693273789388,Office
195,New Construction,Aluminum storefront or curtain wall,6.654342330762041,66.54342330762042,Office
195,New Construction,Architectural fiber cement panel,0.4877704643510204,0.2831212758190938,Office
195,New Construction,Ceramic tile,0.7006228609795919,0.1835631895766531,Office
195,New Construction,Coatings - other,0.1178401616505714,2.2054762105469203,Office
195,New Construction,Cold formed steel framing,1.4895563330148571,3.676213570389094,Office
195,New Construction,Concrete - other,1.5468209958204082,0.2413129694831054,Office
195,New Construction,Decking,17.346918401187754,44.74968546252097,Office
195,New Construction,Doors and frames - other,0.0992115568271836,0.6435341868466143,Office
195,New Construction,EPDM,0.0211386405959183,0.0680664227188571,Office
195,New Construction,Expanded polystyrene EPS,0.019010442070204,0.0617839367281632,Office
195,New Construction,Extrusion,0.2842527002440816,2.134737778833053,Office
195,New Construction,Fasteners,0.3128172127667755,1.7747336526409965,Office
195,New Construction,Fiberglass blanket,0.0766709958073469,0.1793641784559224,Office
195,New Construction,GFRC general,0.0421453619183673,0.0103677590319183,Office
195,New Construction,GFRC panel,0.0139137244571428,0.0103100698227428,Office
195,New Construction,Glass mat gypsum board,1.148916312155102,0.5434374156493632,Office
195,New Construction,Glazing - other,7.001254128737143,11.530988711934173,Office
195,New Construction,Gypsum board,23.43811235684469,5.605597940880105,Office
195,New Construction,Hardwood,2.2862600125436736,4.592928623403706,Office
195,New Construction,Heavy timber framing,0.0140878668857142,0.0026766947082857,Office
195,New Construction,Hollow structural sections HSS,9.69686247127506,21.84759032754107,Office
195,New Construction,Hot-rolled sections,82.00763823704898,79.38339381346341,Office
195,New Construction,Insulated glass unit IGU,9.184084801859878,14.348397123356143,Office
195,New Construction,Insulated metal panel IMP,5.126835534632204,13.169399361380403,Office
195,New Construction,Insulation - other,0.0242841210632653,0.2263280083096326,Office
195,New Construction,Mineral wool high density,6.785751976193306,12.14649603738602,Office
195,New Construction,Mineral wool low density,0.5557359885418367,0.8224892630419184,Office
195,New Construction,Modified bitumen,0.005966040832653,0.0049040855644408,Office
195,New Construction,Mortar and grout,0.1786588295330612,0.0354541440976824,Office
195,New Construction,Paint,0.3593351535599592,0.8480455306693592,Office
195,New Construction,Plate,0.7220388588367347,1.6823505410895918,Office
195,New Construction,Ready mix LW 3000,6.172731277624489,1.6246581037597068,Office
195,New Construction,Ready mix LW 4000,1.586770400244898,0.4704576162405393,Office
195,New Construction,Ready mix NW 3000,30.29273372865306,4.070985642182436,Office
195,New Construction,Ready mix NW 4000,386.3641595139756,61.61144113090812,Office
195,New Construction,Ready mix NW 5000,0.8246529353795918,0.1593794230689914,Office
195,New Construction,Ready mix NW 6000,115.9800636335102,22.790261689284748,Office
195,New Construction,Rebar and reinforcement,34.01530700206327,64.96923637394083,Office
195,New Construction,Roofing and waterproofing - other,0.019525709035102,0.0188618349279085,Office
195,New Construction,Softwood plywood,0.0108835529836734,0.0028732579876897,Office
195,New Construction,Spray applied cementitious,42.36037436311343,48.290826773949306,Office
195,New Construction,Steel - other,0.0200844675469387,0.051817926271102,Office
195,New Construction,Steel door,0.3850791828114285,1.0030050538924244,Office
195,New Construction,Steel door frame,0.0104195960848979,0.0286538892334693,Office
195,New Construction,Steel sheet,1.6139623216530612,3.983814206342041,Office
195,New Construction,Synthetic composites,0.0670678335918367,0.1951673957522449,Office
195,New Construction,Wall coverings,0.1488149863265306,0.0395847863628571,Office
195,New Construction,Wood and composites - other,0.0917915746530612,0.0216628116181224,Office
196,New Construction,Acoustic ceiling tile fiber,0.0006060570485915,0.0008242375860845,Residential: Multifamily (5 or more units)
196,New Construction,Acoustic ceilings - other,0.0053716276028169,0.0084334553364225,Residential: Multifamily (5 or more units)
196,New Construction,Adhesives and sealants,0.010457594963507,0.0279402183784008,Residential: Multifamily (5 or more units)
196,New Construction,Air and vapor barriers,0.0415708492591549,0.4116784329911267,Residential: Multifamily (5 or more units)
196,New Construction,Aluminum - other,0.0327333003873239,0.1839611481767605,Residential: Multifamily (5 or more units)
196,New Construction,Aluminum door,0.0838003129112676,0.3284972266121689,Residential: Multifamily (5 or more units)
196,New Construction,Aluminum door frame,0.0059815700528169,0.0523387379621478,Residential: Multifamily (5 or more units)
196,New Construction,Aluminum sheet,0.6842147644204225,4.036012763738408,Residential: Multifamily (5 or more units)
196,New Construction,Aluminum storefront or curtain wall,2.9637957156617323,29.637957156617325,Residential: Multifamily (5 or more units)
196,New Construction,Architectural fiber cement panel,0.48144260132,0.3105304778514,Residential: Multifamily (5 or more units)
196,New Construction,Built up roofing,0.00998958418,0.00396586491946,Residential: Multifamily (5 or more units)
196,New Construction,CMU,1.925867528566197,0.2156971631994141,Residential: Multifamily (5 or more units)
196,New Construction,Carpet,0.0011226449561971,0.0059163389191591,Residential: Multifamily (5 or more units)
196,New Construction,Ceramic tile,0.0122588382667605,0.0032602205284546,Residential: Multifamily (5 or more units)
196,New Construction,Coatings - other,0.0646571529522253,0.7122027416874303,Residential: Multifamily (5 or more units)
196,New Construction,Cold formed steel framing,4.48675095101876,11.222327282703732,Residential: Multifamily (5 or more units)
196,New Construction,Concrete - other,0.2161327769154929,0.0494650936731315,Residential: Multifamily (5 or more units)
196,New Construction,Decking,0.0222457542605633,0.0545226719984366,Residential: Multifamily (5 or more units)
196,New Construction,Doors and frames - other,0.8545722742854789,5.363413511510452,Residential: Multifamily (5 or more units)
196,New Construction,EPDM,0.0286648001541267,0.0923006564962881,Residential: Multifamily (5 or more units)
196,New Construction,Expanded polystyrene EPS,0.0195699079894788,0.0636022009658063,Residential: Multifamily (5 or more units)
196,New Construction,Extruded polystyrene XPS,0.3460114025329859,22.48851457780867,Residential: Multifamily (5 or more units)
196,New Construction,Extrusion,0.9387614514466056,7.050098500364008,Residential: Multifamily (5 or more units)
196,New Construction,Fasteners,0.0281361174664788,0.149534790382485,Residential: Multifamily (5 or more units)
196,New Construction,Fiberglass blanket,0.0355601860039436,0.0554738901661521,Residential: Multifamily (5 or more units)
196,New Construction,Flooring and tile - other,0.0001075988235915,0.0003484947850856,Residential: Multifamily (5 or more units)
196,New Construction,Glass mat gypsum board,0.493996165617183,0.2336601863369276,Residential: Multifamily (5 or more units)
196,New Construction,Glazing - other,0.5786257373301409,0.860553122521493,Residential: Multifamily (5 or more units)
196,New Construction,Gypsum board,40.86037025230179,9.172437528863894,Residential: Multifamily (5 or more units)
196,New Construction,Hardwood,0.0289951317916901,0.0128719341792535,Residential: Multifamily (5 or more units)
196,New Construction,Hollow structural sections HSS,2.6347815011210987,6.4578747197098325,Residential: Multifamily (5 or more units)
196,New Construction,Hot-rolled sections,1.6962514034939438,1.647287229174729,Residential: Multifamily (5 or more units)
196,New Construction,Insulated glass unit IGU,5.376902423762183,8.375457707370916,Residential: Multifamily (5 or more units)
196,New Construction,Insulated metal panel IMP,0.3470497102905071,0.888921972230181,Residential: Multifamily (5 or more units)
196,New Construction,Medium density fiberboard MDF,0.000963021896338,0.0006779674150219,Residential: Multifamily (5 or more units)
196,New Construction,Mineral wool high density,17.546867742109733,29.75894366995179,Residential: Multifamily (5 or more units)
196,New Construction,Mineral wool low density,0.968878059948014,1.4629811930639185,Residential: Multifamily (5 or more units)
196,New Construction,Modified bitumen,0.1548615949687324,0.0979714756374135,Residential: Multifamily (5 or more units)
196,New Construction,Mortar and grout,2.284127383803662,0.429165309989586,Residential: Multifamily (5 or more units)
196,New Construction,Paint,0.5028085511145352,1.2054026970279057,Residential: Multifamily (5 or more units)
196,New Construction,Polyisocyanurate PIR,0.1052781224929577,0.2642480874573239,Residential: Multifamily (5 or more units)
196,New Construction,Precast,3.665846047042253,0.5718930617504867,Residential: Multifamily (5 or more units)
196,New Construction,Ready mix LW 4000,1.1623931196802817,0.3609924375936445,Residential: Multifamily (5 or more units)
196,New Construction,Ready mix NW 3000,1.589114900709859,0.2135582744864292,Residential: Multifamily (5 or more units)
196,New Construction,Ready mix NW 4000,14.594477645012676,2.4171099490842685,Residential: Multifamily (5 or more units)
196,New Construction,Ready mix NW 5000,409.1913442736338,86.13291518312273,Residential: Multifamily (5 or more units)
196,New Construction,Ready mix NW 6000,626.6578700568381,123.13657076008532,Residential: Multifamily (5 or more units)
196,New Construction,Ready mix NW 8000,280.0189892314929,63.1665607214501,Residential: Multifamily (5 or more units)
196,New Construction,Rebar and reinforcement,87.33488828178707,166.8093960312266,Residential: Multifamily (5 or more units)
196,New Construction,Resilient flooring vinyl,0.0028353810704225,0.0071451602974647,Residential: Multifamily (5 or more units)
196,New Construction,Roll formed metal panel aluminum,1.1764813144081268,6.613386398302108,Residential: Multifamily (5 or more units)
196,New Construction,Roll formed metal panel steel,0.0009575293419718,0.0022310433667943,Residential: Multifamily (5 or more units)
196,New Construction,Roofing and waterproofing - other,0.0122153571664929,0.005900017511416,Residential: Multifamily (5 or more units)
196,New Construction,Softwood framing,0.0260035094159154,0.0045162073925526,Residential: Multifamily (5 or more units)
196,New Construction,Spray applied cementitious,1.83305972695662,2.0896880887305462,Residential: Multifamily (5 or more units)
196,New Construction,Steel - other,0.5692018231025211,1.327597214685233,Residential: Multifamily (5 or more units)
196,New Construction,Steel door,1.7224313570838732,3.983128371254677,Residential: Multifamily (5 or more units)
196,New Construction,Steel door frame,0.0010362018005633,0.0028495549515492,Residential: Multifamily (5 or more units)
196,New Construction,Steel sheet,1.3060736687549297,6.114546634846803,Residential: Multifamily (5 or more units)
196,New Construction,Stone tile,0.0984022537788732,0.0735064835728183,Residential: Multifamily (5 or more units)
196,New Construction,Stucco finish,0.0591421512391549,0.0283290904435552,Residential: Multifamily (5 or more units)
196,New Construction,Suspension assembly,0.0001288014979859,0.0003129876401057,Residential: Multifamily (5 or more units)
196,New Construction,Terracotta units,0.1751592398154929,0.0506210203066774,Residential: Multifamily (5 or more units)
196,New Construction,Wall coverings,0.0002101360288028,0.0033776280713334,Residential: Multifamily (5 or more units)
196,New Construction,Wood and composites - other,0.0339088099402816,0.0370447897065324,Residential: Multifamily (5 or more units)
196,New Construction,Wood or composite door,1.8930484312053524,0.5662812310444101,Residential: Multifamily (5 or more units)
197,New Construction,Acoustic ceiling tile aluminum,0.216142130065971,1.4195409317598051,Healthcare
197,New Construction,Acoustic ceiling tile fiber,1.6121792185049275,2.2078188017128624,Healthcare
197,New Construction,Adhesives and sealants,0.0497071763629275,0.1225555470416141,Healthcare
197,New Construction,Air and vapor barriers,0.1665865708952898,0.3996254333891804,Healthcare
197,New Construction,Aluminum - other,1.80031277519029,9.946207369607636,Healthcare
197,New Construction,Aluminum composite panel ACM,0.2928313845391304,2.3280095070860867,Healthcare
197,New Construction,Aluminum door,0.0259845090308695,0.1957283331780696,Healthcare
197,New Construction,Aluminum door frame,0.0795590688288405,0.696141852252355,Healthcare
197,New Construction,Aluminum framed window,0.0119267249462173,0.1039670376263182,Healthcare
197,New Construction,Aluminum sheet,0.0443464192912028,0.3100716085169081,Healthcare
197,New Construction,Aluminum storefront or curtain wall,2.454460608839116,24.54460608839116,Healthcare
197,New Construction,Brick clay,0.0174671846811594,0.005048016372855,Healthcare
197,New Construction,Built up roofing,0.0355748243008695,0.0141232052474452,Healthcare
197,New Construction,CMU,19.73205095622319,2.209989707096997,Healthcare
197,New Construction,Carpet,0.0316768650768116,0.1477768567934579,Healthcare
197,New Construction,Ceramic tile,0.0425286788101449,0.0111425138482579,Healthcare
197,New Construction,Coatings - other,0.0619632066003768,0.7537851690683507,Healthcare
197,New Construction,Cold formed steel framing,7.044913223608319,17.316278436394086,Healthcare
197,New Construction,Concrete - other,1.4692000320304348,0.2666033772265664,Healthcare
197,New Construction,Copper sheet,3.528899785556812,4.164101746957038,Healthcare
197,New Construction,Decking,13.329498350895651,34.36912702971926,Healthcare
197,New Construction,Doors and frames - other,0.3366106732330435,1.47669581270717,Healthcare
197,New Construction,EPDM,0.0067439985101449,0.0217156752026666,Healthcare
197,New Construction,Expanded polystyrene EPS,0.3221664065910145,1.0470408214207971,Healthcare
197,New Construction,Extrusion,0.2404231591251884,1.9230485251504004,Healthcare
197,New Construction,Fasteners,0.0033870715910579,0.0194954044848631,Healthcare
197,New Construction,Fiberglass blanket,0.003094276747971,0.0048270717268347,Healthcare
197,New Construction,Flooring and tile - other,0.0006154839758115,0.003047228981603,Healthcare
197,New Construction,Glass mat gypsum board,3.217736737428406,1.521989476803636,Healthcare
197,New Construction,Glazing - other,7.098747188636522,12.246767281667164,Healthcare
197,New Construction,Gypsum board,54.872878398752334,11.930265789915634,Healthcare
197,New Construction,Hardwood,0.7704915381011594,0.6556632660108511,Healthcare
197,New Construction,Hollow structural sections HSS,3.9988855137200434,8.839979696108962,Healthcare
197,New Construction,Hot-rolled sections,94.97399236157044,91.93423780625938,Healthcare
197,New Construction,Insulated glass unit IGU,3.1849713230728987,4.267861572917684,Healthcare
197,New Construction,Mineral wool high density,5.681623195672262,10.164624729047375,Healthcare
197,New Construction,Mineral wool low density,1.2968723119431884,1.9574909524350408,Healthcare
197,New Construction,Modified bitumen,0.1119571462463768,0.0737678577122608,Healthcare
197,New Construction,Mortar and grout,26.184617021772667,4.707715000941838,Healthcare
197,New Construction,Oriented strand board OSB,0.3491142155072464,0.1368527724788406,Healthcare
197,New Construction,Other,6.804011028985508e-05,0.0001932339132231,Healthcare
197,New Construction,Paint,0.6910371408441884,1.635165041287255,Healthcare
197,New Construction,Plate,18.477117731503625,43.03309269127024,Healthcare
197,New Construction,Polyisocyanurate PIR,0.093923692057826,0.2513809888911507,Healthcare
197,New Construction,Precast,4.540334271566811,0.7955293753925441,Healthcare
197,New Construction,Ready mix LW 4000,0.392850632942029,0.1164753087680293,Healthcare
197,New Construction,Ready mix LW 5000,2.5755613289855077,0.849404600229135,Healthcare
197,New Construction,Ready mix NW 3000,42.95808508722464,6.079139349365636,Healthcare
197,New Construction,Ready mix NW 4000,12.109157102116232,1.933982228711306,Healthcare
197,New Construction,Ready mix NW 5000,423.3805955697144,87.4883167499369,Healthcare
197,New Construction,Ready mix NW 6000,0.5718977572463768,0.1123787928617253,Healthcare
197,New Construction,Ready mix NW 8000,58.56516017577826,14.396408493223028,Healthcare
197,New Construction,Rebar and reinforcement,57.87178430070167,58.47649443722615,Healthcare
197,New Construction,Resilient flooring vinyl,0.2444212147040579,0.6049306061403421,Healthcare
197,New Construction,Roofing and waterproofing - other,0.0094149314216231,0.004547411876644,Healthcare
197,New Construction,Softwood framing,0.0070505099304347,0.001184485668313,Healthcare
197,New Construction,Softwood plywood,0.0893820960381449,0.0235968733540702,Healthcare
197,New Construction,Spray applied cementitious,22.233351164413623,25.34602032743153,Healthcare
197,New Construction,Steel - other,0.1667400022597101,0.4070676534953493,Healthcare
197,New Construction,Steel door,0.7865835587011594,1.8264615198877188,Healthcare
197,New Construction,Steel door frame,0.0192224506857971,0.052861739385942,Healthcare
197,New Construction,Steel framed window,0.0017896259857971,0.0076870874909826,Healthcare
197,New Construction,Steel sheet,3.512670013217391,14.015245500335508,Healthcare
197,New Construction,Stone masonry,0.317738413895942,0.1743025189074558,Healthcare
197,New Construction,Stone tile,0.6461506180363769,0.537684083726456,Healthcare
197,New Construction,Stucco finish,0.0028078864652173,0.0013449776168391,Healthcare
197,New Construction,Suspension assembly,0.4709944875669275,1.144516604787634,Healthcare
197,New Construction,Synthetic composites,0.5562752107083623,1.791484457195358,Healthcare
197,New Construction,TPO,0.0094462994209275,0.0301336951527588,Healthcare
197,New Construction,Wall coverings,0.0182101021153043,0.3140990194146435,Healthcare
197,New Construction,Wood door frame,0.0038152456521739,0.0167870808695652,Healthcare
197,New Construction,Wood framed window,0.0002756452173913,0.0012128389565217,Healthcare
197,New Construction,Wood or composite door,0.2840434917414492,0.1190287960174107,Healthcare
197,New Construction,Zinc sheet,0.0002389269555072,0.000759787718513,Healthcare
198,New Construction,Acoustic ceiling tile fiber,0.2656882291843448,0.7365896346072962,Other
198,New Construction,Adhesives and sealants,0.3910257270557362,1.003385307731371,Other
198,New Construction,Air and vapor barriers,0.4244822110601103,0.861698888452024,Other
198,New Construction,Aluminum framed window,0.0209985776849777,0.2143895215366968,Other
198,New Construction,Aluminum sheet,0.7095457086124153,3.987646882401773,Other
198,New Construction,Architectural fiber cement panel,3.367830344372858,2.1722505721204937,Other
198,New Construction,Carpet,0.1527780042550998,0.6386120577863174,Other
198,New Construction,Ceramic tile,3.3608379797937635,0.8805395507059661,Other
198,New Construction,Coatings - other,0.0557037071871287,0.5182710247435632,Other
198,New Construction,Cold formed steel framing,0.4430130724073178,1.085382027397929,Other
198,New Construction,Concrete - other,44.457292003237335,6.268478172456463,Other
198,New Construction,Cross laminated timber CLT,1.8628791702044163,0.6911281721458385,Other
198,New Construction,Extruded polystyrene XPS,5.01397371180072,325.8760262960716,Other
198,New Construction,Extrusion,1.7925412592779326,13.479296698834828,Other
198,New Construction,Fasteners,0.0710286472607791,0.4105455811673036,Other
198,New Construction,Fiberglass blanket,0.598982208292063,1.2339033490816498,Other
198,New Construction,Flooring and tile - other,0.0076389002127549,0.0423195071786626,Other
198,New Construction,Glazing - other,1.4519063839300557,7.215974728132376,Other
198,New Construction,Glue laminated timber GLT,3.1449289034361847,1.1667686231748244,Other
198,New Construction,Gypsum board,87.60341835287528,17.783493925633685,Other
198,New Construction,Hollow structural sections HSS,0.0798001492882711,0.1955103657562642,Other
198,New Construction,Insulated glass unit IGU,0.12910732243,0.1730038120562,Other
198,New Construction,Mineral wool low density,0.0068418603787751,0.0101259533605872,Other
198,New Construction,Modified bitumen,4.08285794659829,2.5722005063569227,Other
198,New Construction,Mortar and grout,0.871985902856242,0.1757375335903766,Other
198,New Construction,Paint,0.3337701917379857,0.7561134677972449,Other
198,New Construction,Plate,0.3716017320139209,0.8658320355924357,Other
198,New Construction,Polyisocyanurate PIR,0.00476488708311,0.0141993635076678,Other
198,New Construction,Ready mix LW 4000,13.967867492529622,4.111509532318478,Other
198,New Construction,Ready mix NW 4000,89.46140745310613,14.475192032397397,Other
198,New Construction,Ready mix NW 5000,9.421794852520817,1.7324443275000825,Other
198,New Construction,Rebar and reinforcement,2.237749268187222,4.274101102237595,Other
198,New Construction,Resilient flooring vinyl,0.642648885234768,0.8868554616239799,Other
198,New Construction,Roll formed metal panel steel,0.0185677171300691,0.0432627809130611,Other
198,New Construction,Softwood framing,10.39988635545972,1.747180907717233,Other
198,New Construction,Softwood plywood,17.181377968927695,4.535883783796912,Other
198,New Construction,Steel - other,0.3100132158523354,0.7998340968990252,Other
198,New Construction,Suspension assembly,0.0733245891916852,0.1781787517357952,Other
198,New Construction,Wood I joists,7.046902034095472,3.2415749356839174,Other
198,New Construction,Wood and composites - other,8.76833087151022,10.001684440262869,Other
2,New Construction,Aluminum storefront or curtain wall,0.67305465,3.1421025,Office
2,New Construction,Brick clay,32.8192974,12.94182115,Office
2,New Construction,Extrusion,10.20582835,92.566863,Office
2,New Construction,Glazing - other,9.5864283,13.7085925,Office
2,New Construction,Hot-rolled sections,6.99537965,5.29186775,Office
2,New Construction,Mineral wool high density,24.06480705,15.53122825,Office
2,New Construction,Ready mix NW 2500,10.52333305,0.9164069,Office
2,New Construction,Ready mix NW 4000,24.50551225,3.14101685,Office
2,New Construction,Ready mix NW 5000,41.00154795,5.45108505,Office
2,New Construction,Ready mix NW 6000,1126.56546685,171.6189216,Office
2,New Construction,Ready mix NW 8000,508.89077165,49.66932165,Office
2,New Construction,Ready mix unknown,257.4225625,41.102347300000005,Office
2,New Construction,Rebar and reinforcement,111.1029152,93.65681025,Office
20,New Construction,Acoustic ceiling tile fiber,0.5333246798539901,0.7253215646014266,Public Assembly
20,New Construction,Adhesives and sealants,0.0985424134505935,0.0445276723450944,Public Assembly
20,New Construction,Aluminum - other,1.6155568077792402,14.09334034678659,Public Assembly
20,New Construction,Aluminum door,0.294599922958841,1.2462690336207125,Public Assembly
20,New Construction,Aluminum door frame,0.0397770830735132,0.3480494768932408,Public Assembly
20,New Construction,Architectural fiber cement panel,9.137757992874809,16.539341967103404,Public Assembly
20,New Construction,Carpet,0.7261652259520102,3.478331432310128,Public Assembly
20,New Construction,Ceramic tile,0.8418930707374453,0.2205759845332107,Public Assembly
20,New Construction,Cladding - other,0.1328304213476129,0.4423253030875513,Public Assembly
20,New Construction,Coatings - other,0.7442997661470836,9.204886689873296,Public Assembly
20,New Construction,Cold formed steel framing,4.445972214280819,10.892631924988008,Public Assembly
20,New Construction,Concrete - other,0.9228826291991828,0.1439749966791162,Public Assembly
20,New Construction,Decking,16.348185598680768,38.74519986887341,Public Assembly
20,New Construction,Doors and frames - other,0.2560593386818782,1.7114080551860504,Public Assembly
20,New Construction,Extrusion,4.7125965061456485,37.41286778499535,Public Assembly
20,New Construction,Fasteners,0.2326055271495854,1.144478340660753,Public Assembly
20,New Construction,Fiberglass blanket,1.949737777604799,3.784690406665895,Public Assembly
20,New Construction,Flooring and tile - other,0.0989202479761882,0.1968512934726145,Public Assembly
20,New Construction,Glass mat gypsum board,8.37190751022823,3.959912252337952,Public Assembly
20,New Construction,Glazing - other,0.0806245469498655,0.1225493113637956,Public Assembly
20,New Construction,Gypsum board,54.31016000886593,11.03429833104292,Public Assembly
20,New Construction,Hardwood,0.3125043502803952,0.223690062106156,Public Assembly
20,New Construction,Heavy timber framing,3.0251917206904197,0.5747864269311797,Public Assembly
20,New Construction,Hollow structural sections HSS,19.336400781422885,47.37418191448607,Public Assembly
20,New Construction,Hot-rolled sections,90.83629437909774,87.92953295896662,Public Assembly
20,New Construction,Insulated glass unit IGU,8.896234373918785,11.920954061051171,Public Assembly
20,New Construction,Medium density fiberboard MDF,0.027990675526902,0.019705435570939,Public Assembly
20,New Construction,Mineral wool high density,4.95376002291221,8.867230441012856,Public Assembly
20,New Construction,Modified bitumen,6.457533311478898,4.068245986231706,Public Assembly
20,New Construction,Mortar and grout,0.2514895795905674,0.1326441945455966,Public Assembly
20,New Construction,Paint,0.8453495129919433,1.9422856522897736,Public Assembly
20,New Construction,Plate,0.7962224049624183,1.8551982035624348,Public Assembly
20,New Construction,Polyisocyanurate PIR,4.995384287904085,12.538414562639254,Public Assembly
20,New Construction,Ready mix NW 4000,0.5731207842136762,0.0927330973816812,Public Assembly
20,New Construction,Ready mix unknown,869.402864473109,69.79913464938836,Public Assembly
20,New Construction,Rebar and reinforcement,28.24252182441313,53.94321668462907,Public Assembly
20,New Construction,Roll formed metal panel aluminum,0.1988738308404849,1.1176709293235254,Public Assembly
20,New Construction,Roll formed metal panel steel,5.602084003878476,13.052855729036851,Public Assembly
20,New Construction,Roofing and waterproofing - other,0.4904455679604226,0.2368852093248841,Public Assembly
20,New Construction,Softwood framing,0.0299074462214344,0.0050244509652009,Public Assembly
20,New Construction,Softwood plywood,1.4422239001154136,0.3807471096304691,Public Assembly
20,New Construction,Steel - other,1.808653901529664,4.556637154178962,Public Assembly
20,New Construction,Steel door,0.1700894294057142,0.357187801752,Public Assembly
20,New Construction,Steel door frame,0.0087273838780952,0.0240003056647619,Public Assembly
20,New Construction,Steel sheet,0.9594496291234532,2.2355176358576463,Public Assembly
20,New Construction,Suspension assembly,0.1133441444850983,0.2754262710987889,Public Assembly
20,New Construction,Wall coverings,0.0032458958509726,0.0015937348628275,Public Assembly
20,New Construction,Wood door frame,0.0593239678571428,0.2610254585714285,Public Assembly
20,New Construction,Wood or composite door,0.6219698353205142,0.1642000365246158,Public Assembly
200,New Construction,Air and vapor barriers,0.3511448010199781,0.4437011780937278,Office
200,New Construction,Aluminum door,0.0936345473013114,0.6264151214457738,Office
200,New Construction,Aluminum sheet,0.2870930737046667,1.613463074220227,Office
200,New Construction,Architectural fiber cement panel,1.169035194748634,2.104263350547541,Office
200,New Construction,CMU,0.3487590993005464,0.0390610191216612,Office
200,New Construction,Closed cell spray polyurethane foam,0.0014592937603497,0.0145929376034972,Office
200,New Construction,Cold formed steel framing,2.6529626522150056,6.844643642714714,Office
200,New Construction,Concrete - other,0.0042038568928961,0.0013840585666349,Office
200,New Construction,Decking,0.2103540837639344,0.5172062318742295,Office
200,New Construction,Extruded polystyrene XPS,0.2405679323773988,15.635367547480406,Office
200,New Construction,Extrusion,1.64757877631859,14.788396677853113,Office
200,New Construction,Fasteners,0.0507228855483278,0.2055990692473291,Office
200,New Construction,Glazing - other,0.994208430178907,1.6106176568898296,Office
200,New Construction,Gypsum board,4.022944213364612,0.8448182848065685,Office
200,New Construction,Hollow structural sections HSS,1.2295526299,3.0124039432550003,Office
200,New Construction,Hot-rolled sections,4.203144110031585,4.068643498510574,Office
200,New Construction,Insulated glass unit IGU,3.010942600340765,4.034663084456625,Office
200,New Construction,Laminated strand lumber LSL,0.0068732823300546,0.0026943266733814,Office
200,New Construction,Mineral wool high density,1.0455671565918798,1.8715652102994649,Office
200,New Construction,Modified bitumen,1.236420532648634,0.7789449355686393,Office
200,New Construction,Mortar and grout,0.0855184514698579,0.014045318687908,Office
200,New Construction,Polyisocyanurate PIR,1.6425199500787322,4.314367316869539,Office
200,New Construction,Ready mix unknown,1210.4352573459778,199.84226893437145,Office
200,New Construction,Rebar and reinforcement,93.75124923518372,91.8389309365097,Office
200,New Construction,Roll formed metal panel steel,0.3776314832454973,0.8798813559620088,Office
200,New Construction,Softwood framing,0.0218194605071038,0.0036656693651934,Office
200,New Construction,Softwood plywood,0.0273631666010929,0.0072238759826885,Office
200,New Construction,Steel door,0.0023087166940983,0.0057025302344229,Office
200,New Construction,Steel sheet,0.0336978238888087,0.0785159296609243,Office
201,New Construction,Acoustic ceiling tile aluminum,0.0929793992,0.605295888792,Public Assembly
201,New Construction,Acoustic ceiling tile fiber,0.47683800532,0.6484996872352,Public Assembly
201,New Construction,Adhesives and sealants,0.5299570691984,1.4138290710832362,Public Assembly
201,New Construction,Air and vapor barriers,1.5172834197416,3.802703924485972,Public Assembly
201,New Construction,Aluminum - other,0.2464343894,2.220373848494,Public Assembly
201,New Construction,Aluminum door,0.12387998252,0.8287570830588,Public Assembly
201,New Construction,Aluminum door frame,0.33267205416,2.9108804739,Public Assembly
201,New Construction,Aluminum framed window,0.00647490018,0.0491301456072,Public Assembly
201,New Construction,Aluminum sheet,0.41545325828,2.4953975272736,Public Assembly
201,New Construction,Aluminum storefront or curtain wall,1.1483685204584,11.483685204584,Public Assembly
201,New Construction,Architectural fiber cement panel,0.2879606044,0.51832908792,Public Assembly
201,New Construction,Carpet,0.0616778659799999,0.3250423537146,Public Assembly
201,New Construction,Ceramic tile,4.6134660182,1.2087280967684,Public Assembly
201,New Construction,Coatings - other,0.4393081679636,4.07329959718242,Public Assembly
201,New Construction,Cold formed steel framing,1.3200487603516,3.234255623318632,Public Assembly
201,New Construction,Concrete - other,10.83739831,3.06698372173,Public Assembly
201,New Construction,Cross laminated timber CLT,82.5681428029,30.6327809798759,Public Assembly
201,New Construction,Doors and frames - other,0.878506758425,5.227535119024078,Public Assembly
201,New Construction,EPDM,1.4697947780799998,4.7330985471764,Public Assembly
201,New Construction,Extruded polystyrene XPS,4.236036646212,275.3151230656013,Public Assembly
201,New Construction,Extrusion,0.332473823904,2.49687841751904,Public Assembly
201,New Construction,Fasteners,0.0882524417082,0.480610476579518,Public Assembly
201,New Construction,Flooring and tile - other,0.4419287017684,1.062191582970936,Public Assembly
201,New Construction,Glass mat gypsum board,1.1123858244,0.5261584949412,Public Assembly
201,New Construction,Glazing - other,0.5457869671000001,0.6171262369988,Public Assembly
201,New Construction,Glue laminated timber GLT,31.619342738294,11.730776155907074,Public Assembly
201,New Construction,Gypsum board,24.811084562472,5.482574130910728,Public Assembly
201,New Construction,Heavy timber framing,3.223348866664,0.61243628466616,Public Assembly
201,New Construction,Hollow structural sections HSS,4.4844849816400005,10.986988205018,Public Assembly
201,New Construction,Hot-rolled sections,6.54998273972,6.33722613561328,Public Assembly
201,New Construction,Insulated glass unit IGU,5.8212990766024,7.833950001740619,Public Assembly
201,New Construction,Intumescent,0.036197161988,0.09157881982964,Public Assembly
201,New Construction,Mineral wool high density,5.782662475686,10.35096583147794,Public Assembly
201,New Construction,Mineral wool low density,0.0979178092249999,0.14751112765127,Public Assembly
201,New Construction,Modified bitumen,18.98377704258,15.5724923914302,Public Assembly
201,New Construction,Mortar and grout,1.156868691562,0.244263045305554,Public Assembly
201,New Construction,Paint,0.3478551101506,0.782780007486198,Public Assembly
201,New Construction,Plate,6.017733760860001,14.0213196628038,Public Assembly
201,New Construction,Polyisocyanurate PIR,7.91980089428,20.7498783430136,Public Assembly
201,New Construction,Precast,75.87673198659999,17.36548111254672,Public Assembly
201,New Construction,Ready mix LW 4000,17.1962139326,5.6616026219450095,Public Assembly
201,New Construction,Ready mix NW 4000,970.205724162,154.7908412395509,Public Assembly
201,New Construction,Ready mix NW 5000,100.1953124374,20.76985206129281,Public Assembly
201,New Construction,Rebar and reinforcement,28.75934077326,54.9303408769266,Public Assembly
201,New Construction,Resilient flooring vinyl,0.23034848908,0.49385604111,Public Assembly
201,New Construction,Roll formed metal panel steel,2.68038060574,6.245286811374201,Public Assembly
201,New Construction,Softwood framing,1.355748646706,0.229933694377028,Public Assembly
201,New Construction,Softwood plywood,8.35929532638,2.20685396616432,Public Assembly
201,New Construction,Spray applied cementitious,0.3315337584,0.377948484576,Public Assembly
201,New Construction,Steel - other,0.1512999519819999,0.384222912537028,Public Assembly
201,New Construction,Steel door,0.0236902752,0.0554352439679999,Public Assembly
201,New Construction,Steel door frame,0.00722380064,0.01986545176,Public Assembly
201,New Construction,Steel sheet,0.66884217346,1.5584022641618,Public Assembly
201,New Construction,Suspension assembly,0.137125271928,0.33321441078504,Public Assembly
201,New Construction,Synthetic composites,0.005279629248,0.00533242554048,Public Assembly
201,New Construction,Wall coverings,0.0003389799721999,0.002501672194836,Public Assembly
201,New Construction,Wood and composites - other,0.03565683672,0.01647345856464,Public Assembly
201,New Construction,Wood door frame,0.001558544,0.0068575936,Public Assembly
201,New Construction,Wood or composite door,2.25401789194,0.88006753902212,Public Assembly
203,New Construction,Architectural fiber cement panel,1.596780513369631,1.0299234311234118,Office
203,New Construction,Coatings - other,0.0082761018733876,0.1671772578424298,Office
203,New Construction,Cold formed steel framing,0.5532568044845418,1.3554791709871277,Office
203,New Construction,Cross laminated timber CLT,49.31931270014305,18.297465011753072,Office
203,New Construction,Extruded polystyrene XPS,0.4431993648017153,28.805106719767004,Office
203,New Construction,Extrusion,1.8153982039922447,16.559675900861485,Office
203,New Construction,Fasteners,0.0275908967419689,0.1594753831685804,Office
203,New Construction,Fiberglass blanket,0.2809652114642434,0.5684406155757579,Office
203,New Construction,Glass mat gypsum board,4.61162880012641,2.1813004224597923,Office
203,New Construction,Glazing - other,0.7306599434692317,0.804408554999305,Office
203,New Construction,Glue laminated timber GLT,17.73731814496457,6.580545031781856,Office
203,New Construction,Gypsum board,4.934946941538686,1.013177989586503,Office
203,New Construction,Hollow structural sections HSS,1.9673956004849908,4.820119221188228,Office
203,New Construction,Hot-rolled sections,5.182723309394811,5.016876163494177,Office
203,New Construction,Insulated glass unit IGU,6.644218405636436,7.447996594535111,Office
203,New Construction,Mineral wool high density,0.0127844966768131,0.0228842490514955,Office
203,New Construction,Mineral wool low density,0.5377197885036447,0.8119568806405036,Office
203,New Construction,Modified bitumen,0.8422187063008705,0.6923037765793154,Office
203,New Construction,Paint,0.0659790088641124,0.1431923044889368,Office
203,New Construction,Polyisocyanurate PIR,0.831449536442973,2.4278326464134814,Office
203,New Construction,Precast,0.958435215539861,0.2193516799853269,Office
203,New Construction,Ready mix NW 4000,18.86600517293987,3.571868004752962,Office
203,New Construction,Ready mix unknown,798.1838206950792,124.98643906225958,Office
203,New Construction,Rebar and reinforcement,44.57788365059463,42.36095748642615,Office
203,New Construction,Roll formed metal panel aluminum,0.0561001145489301,0.3624067399860889,Office
203,New Construction,Roofing and waterproofing - other,0.1122958275067829,0.0542388846857761,Office
203,New Construction,Softwood framing,0.0206779253180146,0.0034738914534264,Office
203,New Construction,Spray applied cementitious,1.4939226166190478,1.7030717829457145,Office
203,New Construction,Steel - other,0.1576681795603819,0.7473471711162102,Office
203,New Construction,Wood I joists,0.0011059507172981,0.0005087373299571,Office
204,New Construction,Acoustic ceiling tile aluminum,0.01613781431456,0.10893024662328,Healthcare
204,New Construction,Acoustic ceiling tile fiber,0.1865666825599999,0.2537306882816,Healthcare
204,New Construction,Adhesives and sealants,0.008890688556888,0.0243604866458731,Healthcare
204,New Construction,Air and vapor barriers,0.101600463600896,0.0941247309709536,Healthcare
204,New Construction,Aluminum - other,0.0426497354104,0.239691513006448,Healthcare
204,New Construction,Aluminum door,0.0023970997216,0.016036597137504,Healthcare
204,New Construction,Aluminum door frame,0.000119798592,0.00104823768,Healthcare
204,New Construction,Aluminum sheet,0.254202975742824,1.4415984282670709,Healthcare
204,New Construction,Built up roofing,0.123806627904,0.049151231277888,Healthcare
204,New Construction,CMU,11.411287256344,1.278064172710528,Healthcare
204,New Construction,Ceramic tile,0.08930345368,0.02339750486416,Healthcare
204,New Construction,Closed cell spray polyurethane foam,0.00025565203232,0.0025565203232,Healthcare
204,New Construction,Coatings - other,0.0069892724858879,0.1233147599857345,Healthcare
204,New Construction,Cold formed steel framing,0.753492634009328,1.8588665619783336,Healthcare
204,New Construction,Concrete - other,0.138051304456,0.019465233928296,Healthcare
204,New Construction,Decking,4.272268241784,11.01702228102024,Healthcare
204,New Construction,Doors and frames - other,0.042002430829584,0.285508181406061,Healthcare
204,New Construction,EPDM,0.039675358916656,0.1222024241853923,Healthcare
204,New Construction,Extruded polystyrene XPS,0.00054251839768,0.0352602047378857,Healthcare
204,New Construction,Extrusion,0.725520661497032,7.102364254826727,Healthcare
204,New Construction,Fasteners,0.000228698370312,0.0013249116576603,Healthcare
204,New Construction,Fiberglass blanket,0.05681224310928,0.116758515335652,Healthcare
204,New Construction,Glass mat gypsum board,0.74244823407384,0.3511780147169263,Healthcare
204,New Construction,Glazing - other,1.35585542568888,2.193234522719788,Healthcare
204,New Construction,Gypsum board,8.00344019665784,1.6806466623751029,Healthcare
204,New Construction,Hardwood,0.130668474440592,0.1306300801299125,Healthcare
204,New Construction,Hollow structural sections HSS,1.8983712354504,4.756189752433064,Healthcare
204,New Construction,Hot-rolled sections,33.83438708315992,32.99336327489234,Healthcare
204,New Construction,Insulated glass unit IGU,2.2925170584581283,2.617939691365142,Healthcare
204,New Construction,Laminated veneer lumber LVL,0.05409088812976,0.0200136286080112,Healthcare
204,New Construction,Mineral wool high density,0.50858269574912,0.8754932529850432,Healthcare
204,New Construction,Mineral wool low density,1.113687291463048,1.6012009407258552,Healthcare
204,New Construction,Modified bitumen,0.3154451575008,0.1992609827811935,Healthcare
204,New Construction,Mortar and grout,13.3391766693312,2.321292610364038,Healthcare
204,New Construction,Other,0.00113178223464,0.0026370526067112,Healthcare
204,New Construction,Paint,0.02191864505308,0.0524613388963785,Healthcare
204,New Construction,Plate,1.3676070231039998,1.003823554958336,Healthcare
204,New Construction,Polyisocyanurate PIR,0.20602371838608,0.6688010934981985,Healthcare
204,New Construction,Precast,1.1505105487536,0.1794862609775454,Healthcare
204,New Construction,Ready mix LW 3000,3.5257260128568,0.879062862594451,Healthcare
204,New Construction,Ready mix NW 4000,1.567270285656,0.2499242710876328,Healthcare
204,New Construction,Ready mix NW 5000,297.35642226356,57.4696250907184,Healthcare
204,New Construction,Ready mix NW 6000,316.8651921928096,62.26449981195856,Healthcare
204,New Construction,Ready mix NW 8000,161.23297309567653,37.6020265842149,Healthcare
204,New Construction,Rebar and reinforcement,37.494510029640296,36.73461946084161,Healthcare
204,New Construction,Roll formed metal panel steel,0.0075513090208,0.017594550018464,Healthcare
204,New Construction,Roofing and waterproofing - other,0.03218612271328,0.0155458972705142,Healthcare
204,New Construction,Spray applied cementitious,15.0731954198912,17.183442778675968,Healthcare
204,New Construction,Steel - other,0.196589002616096,0.4825744002587152,Healthcare
204,New Construction,Steel door,0.19460107873744,0.4254652999361248,Healthcare
204,New Construction,Steel sheet,0.00745140154728,0.0187295503085552,Healthcare
204,New Construction,Stone masonry,0.04352584456,0.01336243427992,Healthcare
204,New Construction,Suspension assembly,0.044832663636976,0.1089433726378516,Healthcare
204,New Construction,Wood or composite door,0.00372043230128,0.0009821941275379,Healthcare
206,New Construction,Acoustic ceiling tile steel,2.321382206275862,8.335067440393793,Laboratory
206,New Construction,Adhesives and sealants,0.4689470440503448,1.8798211950766408,Laboratory
206,New Construction,Air and vapor barriers,1.0243333668731034,6.808097492121445,Laboratory
206,New Construction,Aluminum door,0.1126294622655172,0.4527704383073793,Laboratory
206,New Construction,Aluminum door frame,0.003140228275862,0.0274769974137931,Laboratory
206,New Construction,Aluminum sheet,0.6959017629310345,4.954820552068966,Laboratory
206,New Construction,Aluminum storefront or curtain wall,2.317706033181552,23.17706033181552,Laboratory
206,New Construction,Brick clay,54.66536044056897,15.79828916732443,Laboratory
206,New Construction,CMU,50.156952186206894,5.617578644855172,Laboratory
206,New Construction,Carpet,0.5887589061551723,2.8300266916584484,Laboratory
206,New Construction,Ceramic tile,0.4583185844827586,0.1200794691344827,Laboratory
206,New Construction,Coatings - other,0.0463289514396551,0.8674174173407793,Laboratory
206,New Construction,Cold formed steel framing,3.211245387628276,7.961733700898362,Laboratory
206,New Construction,Concrete - other,12.53054358909655,2.626449059103245,Laboratory
206,New Construction,Decking,7.783514165586206,19.207794817715172,Laboratory
206,New Construction,Doors and frames - other,0.8598274911975862,5.009791913814357,Laboratory
206,New Construction,Expanded polystyrene EPS,0.0286117779999999,0.0929882785,Laboratory
206,New Construction,Extrusion,0.6961393439455172,5.2293405671598965,Laboratory
206,New Construction,Fasteners,0.2914809533153448,1.4159232089856328,Laboratory
206,New Construction,Flooring and tile - other,2.440430597289655,4.007102211415725,Laboratory
206,New Construction,Glass mat gypsum board,10.849997786156724,5.132048952852131,Laboratory
206,New Construction,Glazing - other,1.0583575355465518,1.7276871750837586,Laboratory
206,New Construction,Gypsum board,42.25562300199965,10.210203063611829,Laboratory
206,New Construction,Hollow structural sections HSS,3.2023347589827584,7.845720159507759,Laboratory
206,New Construction,Hot-rolled sections,11.373610113943103,11.009654590296924,Laboratory
206,New Construction,Insulated glass unit IGU,8.234617182319655,12.144305112801725,Laboratory
206,New Construction,Insulated metal panel IMP,3.614623056462931,6.910646715625154,Laboratory
206,New Construction,Insulation - other,1.6941612412451723,9.385653276498257,Laboratory
206,New Construction,Intumescent,0.3536373501051724,0.8947024957660861,Laboratory
206,New Construction,Mineral wool high density,3.6814922744668968,6.589871171295745,Laboratory
206,New Construction,Mineral wool low density,2.3181992606991377,3.4309349058347243,Laboratory
206,New Construction,Mortar and grout,79.71285063144914,14.94474043652122,Laboratory
206,New Construction,Paint,0.6244779304003448,1.5013217211301966,Laboratory
206,New Construction,Polyisocyanurate PIR,1.4733751322413793,3.860242846472414,Laboratory
206,New Construction,Ready mix LW 3000,53.347620969451725,14.041052627464396,Laboratory
206,New Construction,Ready mix LW 4000,5.50341418674138,1.6316936080223814,Laboratory
206,New Construction,Ready mix NW 3000,21.741528913793104,2.921804708679274,Laboratory
206,New Construction,Ready mix NW 4000,270.38957108117245,43.11758927648817,Laboratory
206,New Construction,Ready mix NW 5000,688.4539715422069,133.05645573606745,Laboratory
206,New Construction,Rebar and reinforcement,48.49364946026138,91.8818147422663,Laboratory
206,New Construction,Roll formed metal panel aluminum,0.2842911142605172,1.5977160621441069,Laboratory
206,New Construction,Roll formed metal panel steel,0.0584084776551724,0.1360917529365517,Laboratory
206,New Construction,Softwood framing,0.1504320970344827,0.0252725923017931,Laboratory
206,New Construction,Spray applied cementitious,6.264267361208621,7.141264791777828,Laboratory
206,New Construction,Steel door,1.8899105517224135,4.046304350513742,Laboratory
206,New Construction,Steel door frame,0.0371520369689655,0.1021681016646551,Laboratory
206,New Construction,Steel sheet,1.0134143334827586,2.5143626563772417,Laboratory
206,New Construction,Suspension assembly,0.5405561899172414,1.3135515414988963,Laboratory
206,New Construction,Synthetic composites,9.834006603036896,28.55867832403409,Laboratory
206,New Construction,Wall coverings,0.4824980457534483,3.5608355776604483,Laboratory
206,New Construction,Wood and composites - other,0.0127255204327586,0.0058791904399344,Laboratory
206,New Construction,Wood door frame,0.0010247586206896,0.0045089379310344,Laboratory
206,New Construction,Wood or composite door,0.7424925788965517,0.4806928951045517,Laboratory
207,New Construction,Acoustic ceiling tile fiber,0.3911315326378962,1.3650490489062577,Office
207,New Construction,Acoustic ceiling tile steel,0.1262434152882226,0.362318601877199,Office
207,New Construction,Adhesives and sealants,0.3909072879491266,0.523034191975797,Office
207,New Construction,Air and vapor barriers,0.0014914377009946,0.0033618668698839,Office
207,New Construction,Aluminum door frame,0.0902990930011579,0.7901170637601321,Office
207,New Construction,Aluminum framed window,0.0068370026666666,0.0598237733333333,Office
207,New Construction,Aluminum sheet,0.7244386045081197,4.908376192543424,Office
207,New Construction,Aluminum storefront or curtain wall,2.7307906686802297,27.3079066868023,Office
207,New Construction,Carpet,0.54917338986472,2.50972239168177,Office
207,New Construction,Coatings - other,0.3889246900496264,4.089671860677592,Office
207,New Construction,Cold formed steel framing,14.1055342288046,30.94192890561876,Office
207,New Construction,Decking,11.316782837064302,29.1972997196259,Office
207,New Construction,Doors and frames - other,0.6788209092104972,2.341469620982188,Office
207,New Construction,EPDM,0.8121018797128958,2.8179935226037487,Office
207,New Construction,Extruded polystyrene XPS,2.501952161311192,162.61079039804991,Office
207,New Construction,Fasteners,0.2490960216670472,1.2272261288843,Office
207,New Construction,Fiberglass blanket,0.5580437737057501,1.3258964791678542,Office
207,New Construction,Flooring and tile - other,0.9540429353634428,1.217699685089813,Office
207,New Construction,Glass mat gypsum board,15.667447570627262,7.410702700906695,Office
207,New Construction,Glazing - other,0.1160386513607729,0.5767120972630416,Office
207,New Construction,Gypsum board,41.99506887892454,9.905768188417971,Office
207,New Construction,Hardwood,0.7695447479159522,0.4635483111224703,Office
207,New Construction,Hollow structural sections HSS,4.068574238448655,5.096305870512354,Office
207,New Construction,Hot-rolled sections,36.30393257788826,35.411148734679365,Office
207,New Construction,Insulated glass unit IGU,9.23352788659538,12.37292736803781,Office
207,New Construction,Intumescent,0.034921620131741,0.0883516989333047,Office
207,New Construction,Medium density fiberboard MDF,0.0961171466606835,0.0676664712491212,Office
207,New Construction,Other,0.001828738278,0.0042609601877401,Office
207,New Construction,Paint,0.5648881091435864,1.3557314619446077,Office
207,New Construction,Plate,1.024381961062773,2.3868099692762605,Office
207,New Construction,Precast,1.86343733145374,0.298149973032598,Office
207,New Construction,Ready mix NW 2500,35.83830648371191,4.44395000398027,Office
207,New Construction,Ready mix NW 3000,450.82399490678665,66.27112725129764,Office
207,New Construction,Rebar and reinforcement,17.808305614138984,29.449385784212552,Office
207,New Construction,Roll formed metal panel aluminum,0.5076750123408911,2.853133569355808,Office
207,New Construction,Roll formed metal panel steel,3.816014128485473,8.89131291937115,Office
207,New Construction,Softwood framing,2.1387762112017663,0.3593144034818968,Office
207,New Construction,Softwood plywood,0.8288426278718206,0.2188144537581606,Office
207,New Construction,Spray applied cementitious,6.938702852364488,7.910121251695517,Office
207,New Construction,Steel - other,1.769824062890308,4.156119277163905,Office
207,New Construction,Steel door,0.816140819328,2.7241741490601603,Office
207,New Construction,Steel door frame,0.0339729131733334,0.0934255112266669,Office
207,New Construction,Steel framed window,0.005522976,0.02297558016,Office
207,New Construction,Suspension assembly,0.2082536535014064,0.5060563780084177,Office
207,New Construction,Synthetic composites,0.206313600600029,0.2496394567260351,Office
207,New Construction,Wall coverings,0.1351363288786484,1.9525129406691637,Office
207,New Construction,Wood or composite door,0.058183625568,0.022241162743392,Office
209,New Construction,Adhesives and sealants,0.1883515357957607,0.5117656428244108,Residential: Multifamily (5 or more units)
209,New Construction,Air and vapor barriers,0.2440052864378668,0.4953307314688696,Residential: Multifamily (5 or more units)
209,New Construction,Aluminum - other,0.0159568209531149,0.0566031483365995,Residential: Multifamily (5 or more units)
209,New Construction,Aluminum sheet,0.0011076525121655,0.0062250071183702,Residential: Multifamily (5 or more units)
209,New Construction,Architectural fiber cement panel,4.905103430246776,3.1637917125091715,Residential: Multifamily (5 or more units)
209,New Construction,CMU,1.8705589975300343,0.2095026077233639,Residential: Multifamily (5 or more units)
209,New Construction,Carpet,0.0055040746881939,0.0230070321966508,Residential: Multifamily (5 or more units)
209,New Construction,Closed cell spray polyurethane foam,0.0368416907448341,0.1160513258462274,Residential: Multifamily (5 or more units)
209,New Construction,Coatings - other,0.0184826143850253,0.2001582105832522,Residential: Multifamily (5 or more units)
209,New Construction,Cold formed steel framing,2.4463482794069167,6.123558917609201,Residential: Multifamily (5 or more units)
209,New Construction,Concrete - other,26.55413412014684,3.756734491303714,Residential: Multifamily (5 or more units)
209,New Construction,Extruded polystyrene XPS,0.0218239974308527,1.418419395363721,Residential: Multifamily (5 or more units)
209,New Construction,Extrusion,1.5771439847302586,12.173021875301814,Residential: Multifamily (5 or more units)
209,New Construction,Fasteners,0.0657755346115268,0.3789044825675894,Residential: Multifamily (5 or more units)
209,New Construction,Fiberglass blanket,1.691658229954635,3.484815953706548,Residential: Multifamily (5 or more units)
209,New Construction,Flooring and tile - other,0.0002752037344096,0.0015246286886297,Residential: Multifamily (5 or more units)
209,New Construction,Glazing - other,0.1647691077629069,0.363727464393151,Residential: Multifamily (5 or more units)
209,New Construction,Gypsum board,94.02176139878384,19.086417563953123,Residential: Multifamily (5 or more units)
209,New Construction,Hardwood,0.0511751828326054,0.0594418905970381,Residential: Multifamily (5 or more units)
209,New Construction,Heavy timber framing,0.3513417261471773,0.0667549279679637,Residential: Multifamily (5 or more units)
209,New Construction,Hollow structural sections HSS,0.486568298910325,1.1920923323302963,Residential: Multifamily (5 or more units)
209,New Construction,Insulated glass unit IGU,2.896299139331499,3.881040846704209,Residential: Multifamily (5 or more units)
209,New Construction,Medium density fiberboard MDF,1.1931704502450249,0.8399919969724973,Residential: Multifamily (5 or more units)
209,New Construction,Mineral wool high density,0.637345228097604,1.1408479582947109,Residential: Multifamily (5 or more units)
209,New Construction,Modified bitumen,0.7236163069940249,0.5491268503483943,Residential: Multifamily (5 or more units)
209,New Construction,Mortar and grout,2.266628456941346,0.4242784636968708,Residential: Multifamily (5 or more units)
209,New Construction,Paint,1.189468761956073,2.7428352783067997,Residential: Multifamily (5 or more units)
209,New Construction,Polyisocyanurate PIR,0.7328839286184206,2.183994107282893,Residential: Multifamily (5 or more units)
209,New Construction,Ready mix NW 4000,78.00649722926214,12.621744496476062,Residential: Multifamily (5 or more units)
209,New Construction,Ready mix NW 5000,168.15554188664223,33.04006060594354,Residential: Multifamily (5 or more units)
209,New Construction,Ready mix NW 6000,277.53099649981675,57.17744897216263,Residential: Multifamily (5 or more units)
209,New Construction,Rebar and reinforcement,28.52226676478476,49.99907657307752,Residential: Multifamily (5 or more units)
209,New Construction,Roll formed metal panel steel,12.267043525339185,28.5822114140403,Residential: Multifamily (5 or more units)
209,New Construction,Softwood framing,8.8246170187445,1.4825362608620372,Residential: Multifamily (5 or more units)
209,New Construction,Softwood plywood,11.225022622339052,2.963405972297509,Residential: Multifamily (5 or more units)
209,New Construction,Spray applied cementitious,0.0903527515734659,0.1030021367937511,Residential: Multifamily (5 or more units)
209,New Construction,Steel - other,0.711987488253191,1.9011228537041984,Residential: Multifamily (5 or more units)
209,New Construction,Steel sheet,0.0221991489248467,0.051724016994893,Residential: Multifamily (5 or more units)
209,New Construction,Vinyl framed window,0.0450263172413793,0.1206705302068965,Residential: Multifamily (5 or more units)
209,New Construction,Wood I joists,6.876248226314675,3.16307418410475,Residential: Multifamily (5 or more units)
21,New Construction,Acoustic ceiling tile fiber,0.1602260416666666,0.1826572916666666,Warehouse and Storage
21,New Construction,Aluminum storefront or curtain wall,1.6829,7.459339583333334,Warehouse and Storage
21,New Construction,Carpet,0.0603864583333333,0.3774187499999999,Warehouse and Storage
21,New Construction,Cold formed steel framing,0.1855947916666666,0.2758677083333333,Warehouse and Storage
21,New Construction,Decking,8.509582291666668,26.93378333333333,Warehouse and Storage
21,New Construction,Fiberglass blanket,1.296634375,3.2317760416666665,Warehouse and Storage
21,New Construction,Flooring and tile - other,0.1644239583333333,0.2266947916666666,Warehouse and Storage
21,New Construction,Gypsum board,1.2390864583333332,0.3820427083333333,Warehouse and Storage
21,New Construction,Hollow structural sections HSS,3.435017708333333,8.83514375,Warehouse and Storage
21,New Construction,Open web joists,15.313467708333334,20.96373020833333,Warehouse and Storage
21,New Construction,Paint,0.5230312500000001,1.00945,Warehouse and Storage
21,New Construction,Ready mix NW 3000,62.693497916666665,5.828475,Warehouse and Storage
21,New Construction,Ready mix unknown,1156.9374520833333,83.75110625,Warehouse and Storage
21,New Construction,Rebar and reinforcement,18.43900208333333,18.260511458333333,Warehouse and Storage
21,New Construction,Steel door,1.4661958333333334,4.430879166666667,Warehouse and Storage
21,New Construction,Synthetic composites,0.0463041666666666,0.1455177083333333,Warehouse and Storage
21,New Construction,TPO,1.495003125,5.2026104166666665,Warehouse and Storage
21,New Construction,Wood or composite door,0.1390625,0.1736979166666666,Warehouse and Storage
210,New Construction,Adhesives and sealants,0.005778397267302,0.0027072125733078,Residential: Multifamily (5 or more units)
210,New Construction,Air and vapor barriers,1.606064041871894e-05,3.2603100049999446e-05,Residential: Multifamily (5 or more units)
210,New Construction,Aluminum - other,14.435192806894896,81.05739790624904,Residential: Multifamily (5 or more units)
210,New Construction,Aluminum framed window,0.3438275268775836,2.4218282160792373,Residential: Multifamily (5 or more units)
210,New Construction,Architectural fiber cement panel,5.395949425295457,3.480037985544313,Residential: Multifamily (5 or more units)
210,New Construction,Carpet,0.0167183329353488,0.0698826316697582,Residential: Multifamily (5 or more units)
210,New Construction,Ceramic tile,0.3829415792375946,0.1003306937602498,Residential: Multifamily (5 or more units)
210,New Construction,Closed cell spray polyurethane foam,0.7462720314585276,2.2279952658957427,Residential: Multifamily (5 or more units)
210,New Construction,Coatings - other,0.0707141085382976,0.7722601658440933,Residential: Multifamily (5 or more units)
210,New Construction,Cold formed steel framing,2.346029012399023,5.85666448678508,Residential: Multifamily (5 or more units)
210,New Construction,Concrete - other,26.43695624863232,3.7335835595808,Residential: Multifamily (5 or more units)
210,New Construction,Cross laminated timber CLT,0.0007838852182406,0.0002908214159672,Residential: Multifamily (5 or more units)
210,New Construction,Decking,0.0002690708055627,0.0006942026783518,Residential: Multifamily (5 or more units)
210,New Construction,Extruded polystyrene XPS,0.6718105889677901,43.66336517504824,Residential: Multifamily (5 or more units)
210,New Construction,Extrusion,2.1069966735651104,16.714794160145765,Residential: Multifamily (5 or more units)
210,New Construction,Fasteners,0.0921919278758106,0.5328693431221855,Residential: Multifamily (5 or more units)
210,New Construction,Fiberglass blanket,2.426551580818924,5.127527163306847,Residential: Multifamily (5 or more units)
210,New Construction,Flooring and tile - other,0.0008359166467674,0.0046309782230916,Residential: Multifamily (5 or more units)
210,New Construction,Glass mat gypsum board,0.2722314883489626,0.1287654939890593,Residential: Multifamily (5 or more units)
210,New Construction,Gypsum board,105.57563751017834,21.431854414566203,Residential: Multifamily (5 or more units)
210,New Construction,Hollow structural sections HSS,0.1995924141622029,0.4890014146973973,Residential: Multifamily (5 or more units)
210,New Construction,Hot-rolled sections,0.0147480298421449,0.0380499169927339,Residential: Multifamily (5 or more units)
210,New Construction,Insulated glass unit IGU,4.887490886060202,6.549237787320671,Residential: Multifamily (5 or more units)
210,New Construction,Medium density fiberboard MDF,1.499435683466142,1.0556027211601635,Residential: Multifamily (5 or more units)
210,New Construction,Mineral wool high density,0.3699193797979447,0.662155689838321,Residential: Multifamily (5 or more units)
210,New Construction,Modified bitumen,1.4690586609064895,1.2074945699139958,Residential: Multifamily (5 or more units)
210,New Construction,Mortar and grout,0.0976501027055866,0.0187549057552855,Residential: Multifamily (5 or more units)
210,New Construction,Oriented strand board OSB,1.2989157390588897,0.5091749697110849,Residential: Multifamily (5 or more units)
210,New Construction,Paint,1.3297064934485912,3.040066046583612,Residential: Multifamily (5 or more units)
210,New Construction,Polyisocyanurate PIR,0.0037484757118503,0.0111396173371563,Residential: Multifamily (5 or more units)
210,New Construction,Ready mix NW 4000,176.2119470413156,30.17666756099732,Residential: Multifamily (5 or more units)
210,New Construction,Ready mix NW 5000,346.9116373379826,68.16297217418413,Residential: Multifamily (5 or more units)
210,New Construction,Ready mix NW 6000,43.749883450765566,9.022460968827271,Residential: Multifamily (5 or more units)
210,New Construction,Rebar and reinforcement,9.834084116186386,18.783100661915995,Residential: Multifamily (5 or more units)
210,New Construction,Roll formed metal panel steel,0.8645596473955005,2.014423978431516,Residential: Multifamily (5 or more units)
210,New Construction,Softwood framing,9.453001095415864,1.5881073890723725,Residential: Multifamily (5 or more units)
210,New Construction,Softwood plywood,7.952856259430296,2.099554052489598,Residential: Multifamily (5 or more units)
210,New Construction,Spray applied cementitious,0.0130134345748414,0.0148353154153192,Residential: Multifamily (5 or more units)
210,New Construction,Steel - other,0.524758505543634,1.353874320862423,Residential: Multifamily (5 or more units)
210,New Construction,Steel sheet,0.5991808199882824,1.3960913105726982,Residential: Multifamily (5 or more units)
210,New Construction,Vinyl framed window,0.1817188571428571,0.4870065371428572,Residential: Multifamily (5 or more units)
210,New Construction,Wood I joists,6.556557669271663,3.016016527864964,Residential: Multifamily (5 or more units)
212,New Construction,Acoustic ceiling tile fiber,1.0106806585699395,3.527275498409089,Laboratory
212,New Construction,Acoustic ceiling tile steel,0.0518551131506024,0.1488241747422289,Laboratory
212,New Construction,Adhesives and sealants,0.0186966511657831,0.0916403441748051,Laboratory
212,New Construction,Air and vapor barriers,0.322682238661747,0.5462866022621283,Laboratory
212,New Construction,Aluminum - other,0.2487219611662048,1.397817421754071,Laboratory
212,New Construction,Aluminum composite panel ACM,0.4821013735720482,3.832705919897783,Laboratory
212,New Construction,Aluminum door,0.4805035203801204,3.1561900834886445,Laboratory
212,New Construction,Aluminum door frame,0.0052496865361445,0.045934757191265,Laboratory
212,New Construction,Aluminum framed window,0.0034737329327108,0.0257886572590433,Laboratory
212,New Construction,Aluminum sheet,0.118965628844518,0.6685868341061916,Laboratory
212,New Construction,Architectural fiber cement panel,0.9550833613493976,1.7573533848828915,Laboratory
212,New Construction,Built up roofing,0.4361112034337349,0.1731361477631927,Laboratory
212,New Construction,CMU,1.581007241566265,0.1770728110554217,Laboratory
212,New Construction,Ceramic tile,1.7965857360024096,0.4707054628326313,Laboratory
212,New Construction,Coatings - other,0.1378939080138554,2.7181051589463614,Laboratory
212,New Construction,Cold formed steel framing,6.8666534062001805,16.841257304929442,Laboratory
212,New Construction,Concrete - other,4.810656028795181,0.8773520271977944,Laboratory
212,New Construction,Decking,2.390347108486626,6.167095539895497,Laboratory
212,New Construction,Doors and frames - other,0.5789197479193373,2.1922856053555675,Laboratory
212,New Construction,EPDM,0.0087777410361445,0.0282643261363855,Laboratory
212,New Construction,Extruded polystyrene XPS,0.2868567093513855,18.64384018204682,Laboratory
212,New Construction,Extrusion,4.839331148238013,29.106616968581097,Laboratory
212,New Construction,Fasteners,0.0399367866676505,0.1822957312772795,Laboratory
212,New Construction,Fiberglass blanket,1.530701483340542,3.1585465092659724,Laboratory
212,New Construction,Flooring and tile - other,0.0011235874987349,0.0016292018731656,Laboratory
212,New Construction,Glass mat gypsum board,3.284616704795964,1.5536237013684908,Laboratory
212,New Construction,Glazing - other,11.108586805511443,16.53221623776472,Laboratory
212,New Construction,Gypsum board,44.73526327613807,9.897689248954954,Laboratory
212,New Construction,Hardwood,0.0386222439186747,0.0417120234321686,Laboratory
212,New Construction,Hollow structural sections HSS,6.111321813307772,15.787184686957046,Laboratory
212,New Construction,Hot-rolled sections,12.04439378800259,31.57752530290326,Laboratory
212,New Construction,Insulated glass unit IGU,2.2289817451250604,2.787713255572281,Laboratory
212,New Construction,Insulation - other,0.0001343295219879,0.0012519511449277,Laboratory
212,New Construction,Intumescent,0.8391708346537953,2.1231022116741016,Laboratory
212,New Construction,Loose-fill cellulose,0.434365804753494,0.7384218680809398,Laboratory
212,New Construction,Mineral wool high density,2.13431295522994,3.820420189861592,Laboratory
212,New Construction,Modified bitumen,1.1871029518048193,0.769485332788265,Laboratory
212,New Construction,Mortar and grout,0.8067895193746385,0.1623385669133641,Laboratory
212,New Construction,Open web joists,0.4476153185542169,0.6177091396048192,Laboratory
212,New Construction,Oriented strand board OSB,0.0655173016692771,0.0256827822543566,Laboratory
212,New Construction,Paint,0.6285505086322891,1.5103791687207018,Laboratory
212,New Construction,Plate,0.5147084220916868,1.297317525573359,Laboratory
212,New Construction,Polyisocyanurate PIR,0.9284440621554216,2.330394596010109,Laboratory
212,New Construction,Ready mix LW 4000,2.9561482266331325,0.8764610480135485,Laboratory
212,New Construction,Ready mix NW 3000,11.599648273554218,1.5588557308493916,Laboratory
212,New Construction,Ready mix NW 4000,672.0187429021747,107.16326087095706,Laboratory
212,New Construction,Ready mix NW 5000,514.7519496599639,99.48532921025704,Laboratory
212,New Construction,Rebar and reinforcement,32.8406878637994,32.24992994433725,Laboratory
212,New Construction,Roofing and waterproofing - other,0.1591994994296385,0.1030407775551835,Laboratory
212,New Construction,Softwood framing,0.8501854351439759,0.1428311531041879,Laboratory
212,New Construction,Softwood plywood,0.7926684109598795,0.2092644604934082,Laboratory
212,New Construction,Steel - other,2.636042093475542,6.3594417145034985,Laboratory
212,New Construction,Steel door,0.0980499515855421,0.2124283022823976,Laboratory
212,New Construction,Steel door frame,0.0023266977524698,0.0063984188192921,Laboratory
212,New Construction,Steel sheet,4.488803050292771,13.835017638669724,Laboratory
212,New Construction,Suspension assembly,0.4393219786219879,1.067552408051431,Laboratory
212,New Construction,Synthetic composites,1.648408088307229,2.4766692065874096,Laboratory
212,New Construction,Wall coverings,0.0031311956690361,0.0623107938138192,Laboratory
212,New Construction,Wood and composites - other,0.3273786932289156,0.0853663848318795,Laboratory
212,New Construction,Wood or composite door,0.7502262284012048,0.408111844888271,Laboratory
213,New Construction,Aluminum storefront or curtain wall,0.9277661016949152,8.918138983050847,Public Assembly
213,New Construction,Asphalt shingles,2.9464847457627115,1.1832338983050847,Public Assembly
213,New Construction,Brick clay,72.9064406779661,17.29808474576271,Public Assembly
213,New Construction,Cross laminated timber CLT,24.48208474576271,6.782349152542373,Public Assembly
213,New Construction,Decking,0.3278203389830508,0.7769322033898305,Public Assembly
213,New Construction,Extruded polystyrene XPS,3.749471186440678,17.72620338983051,Public Assembly
213,New Construction,Fiberglass framed window,18.878640677966104,25.111925423728813,Public Assembly
213,New Construction,Glass mat gypsum board,8.38724406779661,2.6253593220338987,Public Assembly
213,New Construction,Glue laminated timber GLT,11.604806779661017,2.712769491525424,Public Assembly
213,New Construction,Hollow structural sections HSS,7.667606779661017,18.32557966101695,Public Assembly
213,New Construction,Hot-rolled sections,12.001172881355933,14.509108474576273,Public Assembly
213,New Construction,Laminated veneer lumber LVL,11.873986440677967,7.831847457627119,Public Assembly
213,New Construction,Mineral wool high density,14.3648406779661,16.510657627118647,Public Assembly
213,New Construction,Precast,17.954928813559324,5.474257627118644,Public Assembly
213,New Construction,Ready mix NW 3000,109.84686779661016,12.061186440677966,Public Assembly
213,New Construction,Ready mix NW 4000,164.36659322033898,21.51832881355932,Public Assembly
213,New Construction,Ready mix NW 5000,10.671277966101696,1.6808576271186442,Public Assembly
213,New Construction,Ready mix unknown,1.7035559322033895,2.144342372881356,Public Assembly
213,New Construction,Rebar and reinforcement,4.337769491525424,2.552138983050847,Public Assembly
213,New Construction,Roofing and waterproofing - other,1.1309389830508474,1.808522033898305,Public Assembly
213,New Construction,Softwood framing,24.928254237288137,7.285098305084745,Public Assembly
213,New Construction,Softwood plywood,20.48542033898305,9.282772881355932,Public Assembly
213,New Construction,Steel door,0.7460440677966103,2.059077966101695,Public Assembly
213,New Construction,Steel sheet,0.6758949152542373,1.8612779661016952,Public Assembly
213,New Construction,Stone masonry,0.0598881355932203,0.0144372881355932,Public Assembly
213,New Construction,TPO,1.575033898305085,4.29691186440678,Public Assembly
213,New Construction,Wood and composites - other,1.4984203389830508,2.705315254237288,Public Assembly
214,New Construction,Aluminum - other,0.2245765161290322,2.757338322580645,Laboratory
214,New Construction,Aluminum sheet,1.8560567741935483,19.470209806451614,Laboratory
214,New Construction,Brick clay,2.603173419354839,0.6176397419354839,Laboratory
214,New Construction,CMU,61.89993341935484,5.723826064516129,Laboratory
214,New Construction,Cold formed steel framing,3.514254451612903,5.223588129032258,Laboratory
214,New Construction,Extruded polystyrene XPS,0.4449367741935484,2.103507870967742,Laboratory
214,New Construction,Extrusion,2.4217633548387094,15.910983741935484,Laboratory
214,New Construction,Glass mat gypsum board,0.932672,0.3099953548387096,Laboratory
214,New Construction,Gypsum board,1.5482727741935485,0.4133174193548387,Laboratory
214,New Construction,Hollow structural sections HSS,4.929735483870967,11.782068387096771,Laboratory
214,New Construction,Hot-rolled sections,74.6274993548387,110.96247148387096,Laboratory
214,New Construction,Insulated glass unit IGU,0.0011770322580645,0.002674064516129,Laboratory
214,New Construction,Mineral wool high density,1.890020129032258,1.6912668387096774,Laboratory
214,New Construction,PVC,0.1073863225806451,0.3952872258064516,Laboratory
214,New Construction,Ready mix NW 3000,236.1789700645161,25.93245083870968,Laboratory
214,New Construction,Ready mix NW 4000,894.6625832258064,117.12586425806452,Laboratory
214,New Construction,Ready mix NW 5000,112.9545695483871,17.985611612903224,Laboratory
214,New Construction,Rebar and reinforcement,59.79235329032258,44.38518916129031,Laboratory
214,New Construction,Roofing and waterproofing - other,0.3448954838709678,0.6741450322580645,Laboratory
214,New Construction,Softwood plywood,0.0879014193548387,0.0521267096774193,Laboratory
214,New Construction,Steel door,0.0491145806451612,0.1355556129032258,Laboratory
214,New Construction,Steel sheet,20.81512748387097,26.0785504516129,Laboratory
214,New Construction,Stone masonry,0.1936934193548387,0.0466887741935483,Laboratory
214,New Construction,TPO,0.2839383225806451,0.8988676129032258,Laboratory
215,New Construction,Acoustic ceiling tile fiber,1.586487658351968,4.705814406668847,Education
215,New Construction,Adhesives and sealants,0.1044386506357978,0.1700844182030005,Education
215,New Construction,Air and vapor barriers,0.3026036188829787,0.2451089312952127,Education
215,New Construction,Aluminum - other,1.7022829911788298,9.58703152209978,Education
215,New Construction,Aluminum door,0.0449873000155851,0.4531813584589984,Education
215,New Construction,Aluminum door frame,0.0751864033771276,0.657881029549867,Education
215,New Construction,Aluminum framed window,0.1541641859680851,1.5675588023744682,Education
215,New Construction,Aluminum sheet,0.0674699437870212,0.3812343787067297,Education
215,New Construction,CMU,26.507502495271275,2.968840279470383,Education
215,New Construction,Carpet,0.0518608447712766,0.2167783311439361,Education
215,New Construction,Ceramic tile,0.0976779683123404,0.0255916276978331,Education
215,New Construction,Coatings - other,0.0299218515637765,0.3179467063377755,Education
215,New Construction,Cold formed steel framing,2.52172282326133,6.142915225172176,Education
215,New Construction,Concrete - other,0.0422806085,0.0065960180371589,Education
215,New Construction,Decking,21.382385896975,52.88974913062511,Education
215,New Construction,Doors and frames - other,0.3716134630539893,2.131436596894712,Education
215,New Construction,Expanded polystyrene EPS,1.5494378041271275,5.035672863413165,Education
215,New Construction,Extruded polystyrene XPS,0.2454767851984042,15.954411392328756,Education
215,New Construction,Extrusion,0.6114222423097341,5.888304207069294,Education
215,New Construction,Fasteners,0.005805689370851,0.033353288323592,Education
215,New Construction,Flooring and tile - other,0.3557823707601064,0.8380397497252446,Education
215,New Construction,Glass mat gypsum board,7.275290799294575,3.4412125480663334,Education
215,New Construction,Glazing - other,0.746290836324468,0.9268284589973405,Education
215,New Construction,Gypsum board,47.44015795908383,11.519165806874378,Education
215,New Construction,Hardwood,1.1824466842484045,0.4650468808202059,Education
215,New Construction,Hollow structural sections HSS,12.7942252628483,31.34585189397833,Education
215,New Construction,Hot-rolled sections,55.77537642908176,54.49126066775999,Education
215,New Construction,Insulated glass unit IGU,1.6347403607340425,2.190552083383617,Education
215,New Construction,Insulated metal panel IMP,0.0020211305988297,0.0090085855687703,Education
215,New Construction,Intumescent,0.0916723259324468,0.2319309846090904,Education
215,New Construction,Mineral wool high density,2.671381143404787,4.781772246694569,Education
215,New Construction,Mineral wool low density,1.0406974809668086,1.1659238506240912,Education
215,New Construction,Mortar and grout,3.0806560636643083,0.7641869592700347,Education
215,New Construction,Paint,0.7179738164142553,1.725052849866903,Education
215,New Construction,Plate,0.7297542942223403,1.7280507755032128,Education
215,New Construction,Polyisocyanurate PIR,0.1319310737952127,0.3403821703916489,Education
215,New Construction,Ready mix LW 4000,124.86088927531917,34.68468910609909,Education
215,New Construction,Ready mix NW 4000,649.8426292599771,98.19314682924724,Education
215,New Construction,Ready mix NW 5000,13.51172968643617,2.4344602671240727,Education
215,New Construction,Rebar and reinforcement,16.55607475760005,29.474872199063444,Education
215,New Construction,Roll formed metal panel steel,0.1554816027787234,0.3622721344744255,Education
215,New Construction,Softwood plywood,0.4154288510882978,0.1096732166873106,Education
215,New Construction,Spray applied cementitious,6.641739573542819,7.5715831138388126,Education
215,New Construction,Steel - other,0.2954140813365425,0.4509564478095225,Education
215,New Construction,Steel door,1.0636100871361702,3.256936082365931,Education
215,New Construction,Steel door frame,0.0001573027404255,0.0004325825361702,Education
215,New Construction,Steel sheet,0.1312091947340425,0.3057174237303192,Education
215,New Construction,Stone masonry,0.0430364428861702,0.0240143351304829,Education
215,New Construction,Suspension assembly,0.5808336737962234,1.4114258273248228,Education
215,New Construction,TPO,0.7522346145374468,2.399628420374456,Education
215,New Construction,Wood and composites - other,0.0999479065957446,0.0235877059565957,Education
215,New Construction,Wood or composite door,0.4439736213106383,0.1172090360260085,Education
216,New Construction,Acoustic ceiling tile fiber,0.4054581318095238,0.5514230592609524,Office
216,New Construction,Acoustic ceilings - other,0.9007509176190476,1.4141789406619047,Office
216,New Construction,Adhesives and sealants,0.0104119009314285,0.0285286085521142,Office
216,New Construction,Air and vapor barriers,0.2594599585523809,0.6797850914072382,Office
216,New Construction,Aluminum door,0.250430516047619,0.9816876229066668,Office
216,New Construction,Aluminum door frame,0.0610503514285714,0.534190575,Office
216,New Construction,Aluminum storefront or curtain wall,1.8898177152380955,18.898177152380956,Office
216,New Construction,Built up roofing,0.5013131535761904,2.81737992309819,Office
216,New Construction,CMU,0.1215264666190476,0.0136109642613333,Office
216,New Construction,Coatings - other,0.1153280833690476,1.0126499976735666,Office
216,New Construction,Cold formed steel framing,8.312585667414286,20.34762574017072,Office
216,New Construction,Decking,13.606538652666666,35.10486972388,Office
216,New Construction,Doors and frames - other,0.3273688446804761,1.6672073305341142,Office
216,New Construction,Extruded polystyrene XPS,0.9997818311333332,64.9793854175855,Office
216,New Construction,Extrusion,1.559818129209524,14.131952250638289,Office
216,New Construction,Fasteners,0.0083464417090476,0.0355894828174238,Office
216,New Construction,Fiberglass blanket,0.0433004635809523,0.0891989549767619,Office
216,New Construction,Glass mat gypsum board,17.002638857638097,8.042248179662819,Office
216,New Construction,Glazing - other,1.7681561672380952,2.7551702413090475,Office
216,New Construction,Gypsum board,40.82261634440477,9.689989195031933,Office
216,New Construction,Hardwood,4.721715551857143,2.559407713951229,Office
216,New Construction,Heavy timber framing,0.0315047392,0.005985900448,Office
216,New Construction,Hollow structural sections HSS,12.557381240820476,32.39804360131683,Office
216,New Construction,Hot-rolled sections,64.48769272638096,62.24798855007391,Office
216,New Construction,Insulated glass unit IGU,8.345692139910952,11.038155763421,Office
216,New Construction,Intumescent,4.589376378252381,11.611122236978524,Office
216,New Construction,Mineral wool high density,0.5537630916190476,0.7032791263561905,Office
216,New Construction,Mineral wool low density,7.372537465711905,9.101767090053777,Office
216,New Construction,Modified bitumen,4.334978604157143,3.563352412617172,Office
216,New Construction,Mortar and grout,0.1466857802095238,0.0251482368968342,Office
216,New Construction,Other,1.4681729394457144,4.169611148025828,Office
216,New Construction,Paint,1.1988572284833334,2.841009559119238,Office
216,New Construction,Plate,1.916069748333333,4.943459950699999,Office
216,New Construction,Polyisocyanurate PIR,1.0834622163333334,2.7194901629966663,Office
216,New Construction,Ready mix LW 3000,213.3756408604762,54.213529280591615,Office
216,New Construction,Ready mix LW 5000,0.7843954928571428,0.2543862060559451,Office
216,New Construction,Ready mix NW 5000,394.1637471519524,82.0642966329705,Office
216,New Construction,Rebar and reinforcement,51.63132424551857,48.223656845314345,Office
216,New Construction,Roofing and waterproofing - other,0.170142646047619,0.164357796082,Office
216,New Construction,Softwood framing,0.1083337249238095,0.0182000657872,Office
216,New Construction,Softwood plywood,0.1799947267619047,0.0475186078651428,Office
216,New Construction,Steel door,0.1153724939090476,0.3205248249631715,Office
216,New Construction,Steel door frame,0.018483072,0.050828448,Office
216,New Construction,Steel sheet,0.2370255948428571,0.5522696359838571,Office
216,New Construction,Stucco finish,47.74772743018095,22.871161439056674,Office
216,New Construction,Suspension assembly,0.9041276872823808,2.1970302800961856,Office
216,New Construction,TPO,0.4100285051952381,1.3079909315728095,Office
216,New Construction,Wall coverings,0.0253765978357142,0.0124599095373357,Office
216,New Construction,Wood and composites - other,2.339701795238095,0.5521696236761905,Office
216,New Construction,Wood or composite door,0.7444081700904762,0.2545949202307428,Office
217,New Construction,Acoustic ceiling tile fiber,1.5075670565408803,5.261409027327674,Education
217,New Construction,Adhesives and sealants,0.0010419900366037,0.0026987541948037,Education
217,New Construction,Air and vapor barriers,0.7611082208695598,0.6164976589043434,Education
217,New Construction,Aluminum - other,0.2144658285283018,1.205297956329057,Education
217,New Construction,Brick clay,48.38603432426415,12.677140992957208,Education
217,New Construction,Coatings - other,0.0612409290818867,1.0108934474295097,Education
217,New Construction,Cold formed steel framing,1.3858367337627673,3.4934369691077536,Education
217,New Construction,Decking,11.179460289308176,26.495320885660377,Education
217,New Construction,Extrusion,1.0904998263047798,8.331261010743487,Education
217,New Construction,Fasteners,0.0331703195250314,0.1917244468546817,Education
217,New Construction,Glass mat gypsum board,4.559247104113208,2.156523880245547,Education
217,New Construction,Gypsum board,50.73892088017107,12.366824382551467,Education
217,New Construction,Hardwood,0.9693029998867924,0.5598733128283145,Education
217,New Construction,Hollow structural sections HSS,11.022261979029308,27.004541848621805,Education
217,New Construction,Hot-rolled sections,71.53814625419749,69.24892557406316,Education
217,New Construction,Intumescent,0.0985874075225157,0.2494261410319647,Education
217,New Construction,Mineral wool high density,5.859467662836478,10.488447116477296,Education
217,New Construction,Mineral wool low density,1.0295393792981131,1.554604462740151,Education
217,New Construction,Mortar and grout,7.497895137836478,1.8444822039077733,Education
217,New Construction,Paint,0.7738147880455346,1.8602652545302487,Education
217,New Construction,Ready mix LW 4000,693.3818544083522,204.10031133681,Education
217,New Construction,Rebar and reinforcement,19.789345512066166,37.797649928046376,Education
217,New Construction,Softwood framing,99.61238222641512,16.734880214037737,Education
217,New Construction,Softwood plywood,0.6272154518238993,0.1655848792815094,Education
217,New Construction,Spray applied cementitious,50.01070129955849,57.01219948149668,Education
217,New Construction,Suspension assembly,0.627452658254088,1.524709959557434,Education
217,New Construction,TPO,0.0165397682955974,0.0527618608629559,Education
217,New Construction,Terracotta units,11.999663293913208,3.467902691940917,Education
218,New Construction,Acoustic ceiling tile fiber,0.7127419835545454,0.969329097634182,Public Assembly
218,New Construction,Adhesives and sealants,0.0057183514657272,0.0134253851235881,Public Assembly
218,New Construction,Air and vapor barriers,0.9841861295818182,2.114726183602182,Public Assembly
218,New Construction,Aluminum - other,0.0311630189,0.175136166218,Public Assembly
218,New Construction,Aluminum composite panel ACM,0.0177053263272727,0.1407573443018181,Public Assembly
218,New Construction,Aluminum door,0.2428203733636363,1.396675968265909,Public Assembly
218,New Construction,Aluminum door frame,0.0130242343350909,0.1139620504320454,Public Assembly
218,New Construction,Aluminum sheet,0.4526578525272727,2.555619481303273,Public Assembly
218,New Construction,CMU,98.42239661054546,11.023308420381092,Public Assembly
218,New Construction,Carpet,0.0691639846181818,0.289105455704,Public Assembly
218,New Construction,Ceramic tile,2.526243742279091,0.6618758604771218,Public Assembly
218,New Construction,Closed cell spray polyurethane foam,0.0809049788190909,0.2548506832801364,Public Assembly
218,New Construction,Coatings - other,0.2280358987918181,2.4156613951778265,Public Assembly
218,New Construction,Cold formed steel framing,3.1709190799454547,7.842375303672628,Public Assembly
218,New Construction,Concrete - other,2.0058440902727277,0.3129232115750571,Public Assembly
218,New Construction,Decking,13.605123507272728,32.24414271223637,Public Assembly
218,New Construction,Doors and frames - other,0.1596473513976363,1.238020283337991,Public Assembly
218,New Construction,Extruded polystyrene XPS,1.9378346112672729,125.94677974727088,Public Assembly
218,New Construction,Extrusion,0.513362625574,4.803577536762703,Public Assembly
218,New Construction,Fasteners,0.1994595920726363,1.1505988624562864,Public Assembly
218,New Construction,Flooring and tile - other,0.0206286138,0.041050941462,Public Assembly
218,New Construction,Glass mat gypsum board,21.23548873830909,10.0443861732202,Public Assembly
218,New Construction,Glazing - other,0.0152493939181818,0.0231790787556363,Public Assembly
218,New Construction,Gypsum board,5.8433192704685455,1.4054841140353431,Public Assembly
218,New Construction,Hardwood,0.0028891141835454,0.0020223799284818,Public Assembly
218,New Construction,Hollow structural sections HSS,7.943577109407182,19.462504885706437,Public Assembly
218,New Construction,Hot-rolled sections,40.69337402913364,39.39118606020136,Public Assembly
218,New Construction,Insulated glass unit IGU,2.2087772167378183,3.4046638100256543,Public Assembly
218,New Construction,Insulated metal panel IMP,2.084759342318182,7.527958378172741,Public Assembly
218,New Construction,Mineral wool high density,0.0365226395636363,0.0653755248189091,Public Assembly
218,New Construction,Mineral wool low density,1.5289678276202727,2.308741419706612,Public Assembly
218,New Construction,Modified bitumen,0.5772371784363637,0.4744889606746909,Public Assembly
218,New Construction,Mortar and grout,41.72895671243073,6.470833063161655,Public Assembly
218,New Construction,PVC,1.3890385633672726,4.306019546438546,Public Assembly
218,New Construction,Paint,0.02641298989,0.063391175736,Public Assembly
218,New Construction,Polyisocyanurate PIR,4.310271204445455,11.336743332953818,Public Assembly
218,New Construction,Precast,47.92593314727273,10.968538906197487,Public Assembly
218,New Construction,Ready mix NW 2500,3.4545238845454547,0.3967603691099032,Public Assembly
218,New Construction,Ready mix NW 3000,301.2220839986091,37.90972945113063,Public Assembly
218,New Construction,Ready mix NW 4000,149.78329029218182,22.21529121451674,Public Assembly
218,New Construction,Ready mix NW 5000,3.0270163781818185,0.5341377122037255,Public Assembly
218,New Construction,Rebar and reinforcement,11.586566694272728,24.05686421736091,Public Assembly
218,New Construction,Resilient flooring vinyl,0.9726103943636364,2.450978193796364,Public Assembly
218,New Construction,Roll formed metal panel steel,1.0033080832181818,2.337707833898364,Public Assembly
218,New Construction,Softwood plywood,0.058376252990909,0.0154113307896,Public Assembly
218,New Construction,Steel - other,1.1226792503,2.745371676684182,Public Assembly
218,New Construction,Steel door,0.3780459950781818,1.1529057808867635,Public Assembly
218,New Construction,Steel door frame,0.0223379292363636,0.0614293054,Public Assembly
218,New Construction,Steel sheet,1.4521334041272729,3.3834708316165454,Public Assembly
218,New Construction,Stucco finish,0.0010980273518181,0.0027560486530636,Public Assembly
218,New Construction,Suspension assembly,0.1514745771481818,0.3680832224700818,Public Assembly
218,New Construction,Wood door frame,0.0030264,0.0133161599999999,Public Assembly
218,New Construction,Wood or composite door,0.0160957636363636,0.0081605521636363,Public Assembly
219,New Construction,Acoustic ceiling tile fiber,0.9193085297972972,1.2502596005243245,Public Assembly
219,New Construction,Adhesives and sealants,0.0490181080101351,0.2841112297486148,Public Assembly
219,New Construction,Air and vapor barriers,1.0303423249114865,2.099141156561939,Public Assembly
219,New Construction,Aluminum door,0.3197853986689189,1.4008998019605403,Public Assembly
219,New Construction,Aluminum door frame,0.0285862848986486,0.2501299928631756,Public Assembly
219,New Construction,Aluminum sheet,1.5448222845243242,8.681901239026702,Public Assembly
219,New Construction,CMU,48.40873609391892,5.421778442518919,Public Assembly
219,New Construction,Carpet,0.0083754225337837,0.0350092661912162,Public Assembly
219,New Construction,Ceramic tile,3.698297792172297,0.9981849576685676,Public Assembly
219,New Construction,Cladding - other,1.9281169680263512,6.42062950352775,Public Assembly
219,New Construction,Coatings - other,0.2366535229414189,2.7213255618035204,Public Assembly
219,New Construction,Cold formed steel framing,4.681870646545946,11.475184344819253,Public Assembly
219,New Construction,Decking,18.54042065108108,43.94079694306217,Public Assembly
219,New Construction,Doors and frames - other,0.0831503685991891,0.6622967807914865,Public Assembly
219,New Construction,Extruded polystyrene XPS,0.3302484680732432,21.464025272566275,Public Assembly
219,New Construction,Extrusion,1.2188240672285813,10.27821549160408,Public Assembly
219,New Construction,Fasteners,0.0254946358182432,0.1184542070951601,Public Assembly
219,New Construction,Fiberglass blanket,0.0127067097083108,0.0443464168820047,Public Assembly
219,New Construction,Flooring and tile - other,0.2036078642216216,0.405179649801027,Public Assembly
219,New Construction,Glass mat gypsum board,20.40079777023581,9.649577345321536,Public Assembly
219,New Construction,Glazing - other,0.7774893335135136,1.1817837869405403,Public Assembly
219,New Construction,Gypsum board,11.667783004097297,2.647004619709669,Public Assembly
219,New Construction,Hardwood,1.6907457578108107,0.8640615782756486,Public Assembly
219,New Construction,Hollow structural sections HSS,49.436188172725,121.11866102317624,Public Assembly
219,New Construction,Hot-rolled sections,33.04132883734257,31.984006314547603,Public Assembly
219,New Construction,Insulated glass unit IGU,6.468189614098919,10.225582794255043,Public Assembly
219,New Construction,Medium density fiberboard MDF,1.9296850694797296,1.3584982889137298,Public Assembly
219,New Construction,Mineral wool high density,0.0081940321918918,0.0146673176234864,Public Assembly
219,New Construction,Mineral wool low density,1.1360014381716217,1.7153621716391487,Public Assembly
219,New Construction,Modified bitumen,7.373797994031757,4.894181821684634,Public Assembly
219,New Construction,Mortar and grout,39.142236144224256,7.379200815981958,Public Assembly
219,New Construction,Plate,1.487725999897973,3.466401579762277,Public Assembly
219,New Construction,Polyisocyanurate PIR,7.2207204239209455,18.89621747544753,Public Assembly
219,New Construction,Ready mix LW 3000,1.5626041168918918,0.385167193767395,Public Assembly
219,New Construction,Ready mix NW 4000,515.8130836202703,76.50344602878772,Public Assembly
219,New Construction,Ready mix NW 5000,479.646959771696,84.63698168419273,Public Assembly
219,New Construction,Rebar and reinforcement,33.56106261263784,64.10162959013827,Public Assembly
219,New Construction,Resilient flooring vinyl,1.2078593834256757,3.000178317337703,Public Assembly
219,New Construction,Roll formed metal panel aluminum,0.0422899965717567,0.2731933778535486,Public Assembly
219,New Construction,Roll formed metal panel steel,0.585301740981081,1.363753056485919,Public Assembly
219,New Construction,Roofing and waterproofing - other,0.4616614435229729,0.2229824772215959,Public Assembly
219,New Construction,Softwood framing,0.1181593461486486,0.0198507701529729,Public Assembly
219,New Construction,Softwood plywood,1.472790051010135,0.3888165734666757,Public Assembly
219,New Construction,Steel - other,0.7149676726094595,1.975239899574919,Public Assembly
219,New Construction,Steel sheet,4.059588839121622,18.98973863584865,Public Assembly
219,New Construction,Stone masonry,3.2610533372905404,1.001143374548196,Public Assembly
219,New Construction,Stucco finish,0.0005560520047972,0.0013956905320412,Public Assembly
219,New Construction,Suspension assembly,0.0347276248851351,0.0843881284708783,Public Assembly
219,New Construction,Synthetic composites,0.0795621857732432,0.2323215824578702,Public Assembly
22,New Construction,Aluminum - other,0.0088806754489307,0.0145643077362464,Education
22,New Construction,Aluminum storefront or curtain wall,1.60746095500653,16.0746095500653,Education
22,New Construction,Ceramic tile,6.89108558769055,1.805464423974924,Education
22,New Construction,Coatings - other,0.0086726965767744,0.1751884708508438,Education
22,New Construction,Cold formed steel framing,3.8063661604976375,9.325597093219212,Education
22,New Construction,Doors and frames - other,0.2828635891104,2.232256482058752,Education
22,New Construction,Fiberglass blanket,0.58814589777839,2.052629183246581,Education
22,New Construction,Gypsum board,14.58966690239306,2.961702381185791,Education
22,New Construction,Hollow structural sections HSS,0.465512007603155,1.14050441862773,Education
22,New Construction,Insulated glass unit IGU,7.646369935721247,10.802683348590634,Education
22,New Construction,Mortar and grout,1.5809419260737891,0.8480705689083727,Education
22,New Construction,Paint,0.045948276566591,0.1102758637598185,Education
22,New Construction,Ready mix NW 4000,2026.0113555023984,347.3902668954966,Education
22,New Construction,Rebar and reinforcement,80.01323244072545,152.82527396178557,Education
22,New Construction,Softwood framing,7.301862577632602,1.2267129130422774,Education
22,New Construction,Softwood plywood,3.023623448327394,0.7982365903584321,Education
22,New Construction,Spray applied cementitious,0.512294169883885,0.584015353667629,Education
22,New Construction,Steel door,1.0790688095999998,2.324378318976,Education
22,New Construction,Synthetic composites,1.16413702656,5.4481612843008,Education
22,New Construction,Wood framed window,0.0548132,0.24117808,Education
220,New Construction,Aluminum - other,0.5076779661016949,6.23328813559322,Public Order and Safety
220,New Construction,Aluminum framed window,0.1250677966101694,1.2954576271186442,Public Order and Safety
220,New Construction,CMU,91.83794915254236,10.540983050847458,Public Order and Safety
220,New Construction,Cold formed steel framing,13.92013559322034,20.6908813559322,Public Order and Safety
220,New Construction,Decking,3.845881355932204,8.922457627118645,Public Order and Safety
220,New Construction,EPDM,2.38564406779661,8.11649152542373,Public Order and Safety
220,New Construction,Extruded polystyrene XPS,3.3016779661016944,92.41872881355933,Public Order and Safety
220,New Construction,Extrusion,4.164440677966102,41.4362372881356,Public Order and Safety
220,New Construction,Fiberglass blanket,1.2635593220338983,3.056508474576272,Public Order and Safety
220,New Construction,Flooring and tile - other,2.480762711864407,0.9763220338983052,Public Order and Safety
220,New Construction,Glass mat gypsum board,9.87228813559322,3.5439830508474577,Public Order and Safety
220,New Construction,Glazing - other,1.4949322033898302,1.8523389830508477,Public Order and Safety
220,New Construction,Gypsum board,34.426,10.69257627118644,Public Order and Safety
220,New Construction,Hollow structural sections HSS,39.920203389830505,79.4412033898305,Public Order and Safety
220,New Construction,Hot-rolled sections,148.7213220338983,181.44,Public Order and Safety
220,New Construction,Insulated glass unit IGU,0.5015762711864407,1.354271186440678,Public Order and Safety
220,New Construction,Mineral wool high density,9.373661016949152,12.806542372881356,Public Order and Safety
220,New Construction,Mortar and grout,1.2767627118644067,0.6677966101694915,Public Order and Safety
220,New Construction,Oriented strand board OSB,3.0439152542372883,1.1909491525423728,Public Order and Safety
220,New Construction,Precast,85.50915254237289,26.736745762711863,Public Order and Safety
220,New Construction,Ready mix LW 4000,290.71133898305084,69.37705084745762,Public Order and Safety
220,New Construction,Ready mix NW 4000,933.199372881356,122.17135593220338,Public Order and Safety
220,New Construction,Ready mix NW 5000,75.34208474576272,12.752779661016948,Public Order and Safety
220,New Construction,Ready mix unknown,167.33155932203388,0.4836101694915254,Public Order and Safety
220,New Construction,Rebar and reinforcement,26.16091525423729,23.01449152542373,Public Order and Safety
220,New Construction,Resilient flooring rubber,0.3813050847457627,1.089457627118644,Public Order and Safety
220,New Construction,Roll formed metal panel aluminum,1.844220338983051,8.068661016949152,Public Order and Safety
220,New Construction,Roofing and waterproofing - other,0.395135593220339,1.1242881355932206,Public Order and Safety
220,New Construction,Softwood plywood,5.472271186440678,2.4797118644067795,Public Order and Safety
220,New Construction,Steel door,1.8607627118644068,5.135728813559322,Public Order and Safety
220,New Construction,Steel door frame,0.576271186440678,1.1813559322033895,Public Order and Safety
220,New Construction,TPO,0.2783389830508475,0.9036610169491526,Public Order and Safety
222,New Construction,Aluminum - other,3.020986387434555,37.09152837696335,Laboratory
222,New Construction,Aluminum framed glass entrances,0.065125445026178,0.718909947643979,Laboratory
222,New Construction,Aluminum sheet,1.0733183246073297,11.938953089005237,Laboratory
222,New Construction,CMU,0.1113631413612565,0.0132157068062827,Laboratory
222,New Construction,Cold formed steel framing,7.286816544502618,10.831123979057592,Laboratory
222,New Construction,Decking,6.423366492146597,15.604611099476442,Laboratory
222,New Construction,Extrusion,2.288030785340314,15.03236062827225,Laboratory
222,New Construction,Glass mat gypsum board,0.8702739267015707,0.3106498429319372,Laboratory
222,New Construction,HDPE,0.0014441884816753,0.0019174869109947,Laboratory
222,New Construction,Hollow structural sections HSS,5.947615916230366,14.214801884816756,Laboratory
222,New Construction,Hot-rolled sections,0.022784502617801,0.0493269109947644,Laboratory
222,New Construction,Insulated glass unit IGU,2.243882931937173,5.098026806282722,Laboratory
222,New Construction,Mineral wool high density,1.5450360209424083,1.4088580104712043,Laboratory
222,New Construction,Polyisocyanurate PIR,1.187746387434555,7.303541361256545,Laboratory
222,New Construction,Ready mix NW 4000,437.7155166492146,60.80522282722513,Laboratory
222,New Construction,Ready mix NW 5000,56.11985968586387,10.489323560209424,Laboratory
222,New Construction,Ready mix NW 6000,73.24356083769634,12.816402303664924,Laboratory
222,New Construction,Ready mix NW 8000,36.86654890052356,5.909707853403141,Laboratory
222,New Construction,Rebar and reinforcement,30.125571518324605,17.755955392670156,Laboratory
222,New Construction,Roofing and waterproofing - other,0.1465063874345549,0.3310756020942408,Laboratory
222,New Construction,Steel - other,92.36381863874344,82.23620586387435,Laboratory
222,New Construction,Steel door,0.000446282722513,0.0012316230366492,Laboratory
222,New Construction,Steel sheet,0.3114649214659685,0.8705528795811518,Laboratory
222,New Construction,TPO,0.1048494240837696,0.3648758115183246,Laboratory
222,New Construction,Windows and frames - other,0.1178883769633507,0.4532906806282722,Laboratory
223,New Construction,Aluminum framed window,0.0072121212121212,0.0747063636363636,Laboratory
223,New Construction,Aluminum storefront or curtain wall,11.175256060606062,56.90993030303031,Laboratory
223,New Construction,CMU,58.86599878787879,10.470514848484848,Laboratory
223,New Construction,Closed cell spray polyurethane foam,0.0480827272727272,0.8905366666666666,Laboratory
223,New Construction,Cold formed steel framing,6.021867272727272,8.997032727272726,Laboratory
223,New Construction,Decking,8.923696666666666,21.69182393939394,Laboratory
223,New Construction,Extruded polystyrene XPS,0.4815051515151515,11.941329696969698,Laboratory
223,New Construction,Extrusion,0.0659896969696969,0.7365975757575758,Laboratory
223,New Construction,Fiberglass blanket,7.902619696969698,24.76266121212121,Laboratory
223,New Construction,Glass mat gypsum board,17.977217575757578,7.105345151515151,Laboratory
223,New Construction,Glazing - other,0.0149851515151515,0.0341663636363636,Laboratory
223,New Construction,Gypsum board,7.6666,2.1004212121212125,Laboratory
223,New Construction,Hollow structural sections HSS,5.273472424242424,11.650290303030305,Laboratory
223,New Construction,Hot-rolled sections,88.9589493939394,132.42168393939394,Laboratory
223,New Construction,Insulated glass unit IGU,6.23669696969697,12.297520303030304,Laboratory
223,New Construction,Mineral wool high density,0.3025836363636364,0.508709696969697,Laboratory
223,New Construction,PVC,0.1849121212121212,0.525890303030303,Laboratory
223,New Construction,Plate,0.0004924242424242,0.0007239393939393,Laboratory
223,New Construction,Precast,1.4583772727272728,0.285020909090909,Laboratory
223,New Construction,Ready mix NW 4000,910.0195963636364,119.13673212121212,Laboratory
223,New Construction,Ready mix NW 5000,407.4895375757576,64.18469606060606,Laboratory
223,New Construction,Ready mix NW 6000,245.55295787878788,40.85080393939394,Laboratory
223,New Construction,Rebar and reinforcement,84.6858193939394,47.61793848484848,Laboratory
223,New Construction,Roll formed metal panel aluminum,3.814484848484848,24.60902787878788,Laboratory
223,New Construction,Roofing and waterproofing - other,1.837276363636364,4.597698787878787,Laboratory
223,New Construction,Softwood plywood,0.1471318181818182,0.0666715151515151,Laboratory
223,New Construction,Steel - other,0.2332018181818181,0.7299536363636364,Laboratory
223,New Construction,Steel door,0.2214536363636363,0.6112118181818181,Laboratory
223,New Construction,Steel sheet,0.0126839393939393,0.0354669696969696,Laboratory
223,New Construction,Stone masonry,4.957005454545454,0.968079090909091,Laboratory
223,New Construction,TPO,1.1751133333333332,3.774779393939394,Laboratory
224,New Construction,Acoustic ceiling tile fiber,0.8641590731176471,1.1752563394400002,Public Assembly
224,New Construction,Adhesives and sealants,0.1791929708678431,0.0961283716346641,Public Assembly
224,New Construction,Air and vapor barriers,0.4364995695686274,0.8860941262243136,Public Assembly
224,New Construction,Aluminum - other,3.2403949602760784,17.625310035050415,Public Assembly
224,New Construction,Aluminum door,0.1722097066745098,0.6922830208315294,Public Assembly
224,New Construction,Aluminum sheet,0.036454403372549,0.259555352012549,Public Assembly
224,New Construction,Aluminum storefront or curtain wall,0.0220841084313725,0.2208410843137254,Public Assembly
224,New Construction,Carpet,0.4620907063313725,1.9315391524651373,Public Assembly
224,New Construction,Ceramic tile,2.6178791614509804,0.6869207585635686,Public Assembly
224,New Construction,Coatings - other,0.4021024226578431,1.558692821572094,Public Assembly
224,New Construction,Cold formed steel framing,9.344011554204313,23.7470133123448,Public Assembly
224,New Construction,Concrete - other,3.250291645098039,0.5070641856323757,Public Assembly
224,New Construction,Cross laminated timber CLT,86.78137516764707,43.51198802926058,Public Assembly
224,New Construction,Decking,0.0581479519921568,0.1378106462214117,Public Assembly
224,New Construction,Doors and frames - other,0.2849084762192156,2.1065941678833355,Public Assembly
224,New Construction,Expanded polystyrene EPS,1.3366117235294117,4.343988101470588,Public Assembly
224,New Construction,Extrusion,2.35997470126098,22.272841244257226,Public Assembly
224,New Construction,Fasteners,0.0256167736109803,0.1301487838433627,Public Assembly
224,New Construction,Fiberglass blanket,1.4742010208294116,3.112492849676177,Public Assembly
224,New Construction,Flooring and tile - other,0.0273677799654901,0.1516175010088156,Public Assembly
224,New Construction,Glass mat gypsum board,5.147725143137255,2.434873992703922,Public Assembly
224,New Construction,Glazing - other,0.0163604658686274,0.0248679081203137,Public Assembly
224,New Construction,Glue laminated timber GLT,103.96625397937451,38.57148022634794,Public Assembly
224,New Construction,Gypsum board,46.204331079009805,9.41373511208507,Public Assembly
224,New Construction,Hardwood,2.0109062627137253,1.246184221870196,Public Assembly
224,New Construction,Hollow structural sections HSS,0.1188489851352941,0.2911800135814706,Public Assembly
224,New Construction,Insulated glass unit IGU,5.170363409039216,6.928286968112549,Public Assembly
224,New Construction,Mineral wool high density,3.3107566974313727,5.926254488402157,Public Assembly
224,New Construction,Mortar and grout,0.4642486452156862,0.2953138379881765,Public Assembly
224,New Construction,Oriented strand board OSB,0.2138844419607843,0.0838427012486274,Public Assembly
224,New Construction,Paint,0.407704558187451,0.9751520388941824,Public Assembly
224,New Construction,Polyisocyanurate PIR,7.805393465411765,20.149724738621178,Public Assembly
224,New Construction,Ready mix NW 5000,845.1010873164902,152.265110871826,Public Assembly
224,New Construction,Rebar and reinforcement,37.90956575157255,72.40727058550357,Public Assembly
224,New Construction,Resilient flooring vinyl,0.2344784560784313,0.3235802693882353,Public Assembly
224,New Construction,Softwood framing,0.1752746538823529,0.0294461418522352,Public Assembly
224,New Construction,Softwood plywood,4.293545549333333,1.133496025024,Public Assembly
224,New Construction,Steel - other,1.1357910741568626,2.647966870131373,Public Assembly
224,New Construction,Steel door,0.0644499811529411,0.1589607164531764,Public Assembly
224,New Construction,Steel sheet,10.843333184313726,25.264966319450977,Public Assembly
224,New Construction,Stone masonry,0.5945943441176471,0.331783644017647,Public Assembly
224,New Construction,Suspension assembly,0.2626176893156863,0.6381609850371177,Public Assembly
224,New Construction,Synthetic composites,2.004687247627451,2.4211859025939217,Public Assembly
224,New Construction,TPO,0.864440324,2.8526530692,Public Assembly
224,New Construction,Wood framed window,0.0012431058823529,0.0054696658823529,Public Assembly
224,New Construction,Wood or composite door,0.8410691337901961,0.2353396456014745,Public Assembly
225,New Construction,Acoustic ceiling tile aluminum,0.02334971278608,0.15761056130604,Healthcare
225,New Construction,Acoustic ceiling tile fiber,1.2930790882284,4.512846017917116,Healthcare
225,New Construction,Adhesives and sealants,0.02199862683996,0.0436626888246683,Healthcare
225,New Construction,Aluminum composite panel ACM,1.643661994009,13.06711285237155,Healthcare
225,New Construction,Aluminum door frame,0.0066069124404,0.0578104838535,Healthcare
225,New Construction,Aluminum framed window,0.0005830681468,0.00463133444102,Healthcare
225,New Construction,Aluminum sheet,5.8246048962602,41.24986623095063,Healthcare
225,New Construction,Aluminum storefront or curtain wall,1.84212107359592,18.4212107359592,Healthcare
225,New Construction,Architectural fiber cement panel,1.212051453534,0.7817731875294299,Healthcare
225,New Construction,CMU,1.3948474275199998,0.15622291188224,Healthcare
225,New Construction,Carpet,0.032147571648,0.1694177025849599,Healthcare
225,New Construction,Cast bronze,0.038269396232,0.1974700845571199,Healthcare
225,New Construction,Ceramic tile,0.736071218,0.192850659116,Healthcare
225,New Construction,Coatings - other,0.2021312662996,1.8886872312378489,Healthcare
225,New Construction,Cold formed steel framing,5.73196350460264,14.788465841874812,Healthcare
225,New Construction,Concrete - other,0.07189576132,0.0120898532144259,Healthcare
225,New Construction,Copper sheet,0.00107614716352,0.0012698536529536,Healthcare
225,New Construction,Decking,12.227327539292,29.25363393756204,Healthcare
225,New Construction,Doors and frames - other,0.22391145165904,1.5122117415057057,Healthcare
225,New Construction,EPDM,0.04966502927832,0.1647786188674096,Healthcare
225,New Construction,Extruded polystyrene XPS,0.0163326001639999,1.0615139102146185,Healthcare
225,New Construction,Extrusion,0.56745228143396,4.329083479967164,Healthcare
225,New Construction,Fasteners,0.07019563820696,0.38852790014119,Healthcare
225,New Construction,Fiberglass blanket,0.37489628885788,0.7722863550472329,Healthcare
225,New Construction,Flooring and tile - other,0.01225123070032,0.0241068925855627,Healthcare
225,New Construction,GFRC general,0.0701681212,0.0172613578152,Healthcare
225,New Construction,Glass mat gypsum board,2.0798492205312,0.9837686813112576,Healthcare
225,New Construction,Glazing - other,6.252754085202921,25.92774118899639,Healthcare
225,New Construction,Gypsum board,73.0793960016988,14.835117388344855,Healthcare
225,New Construction,Hardwood,0.115765053732,0.0962592492722744,Healthcare
225,New Construction,Hollow structural sections HSS,47.87127883790816,42.31468136751256,Healthcare
225,New Construction,Hot-rolled sections,64.8949080737144,62.821173954520496,Healthcare
225,New Construction,Insulated glass unit IGU,0.425745156586,0.57049850982524,Healthcare
225,New Construction,Insulated metal panel IMP,0.871228592588,8.588819202291084,Healthcare
225,New Construction,Intumescent,1.766184969015,4.46844797160795,Healthcare
225,New Construction,Loose-fill cellulose,3.9093579063532,6.64590844080044,Healthcare
225,New Construction,Medium density fiberboard MDF,1.2344856333224,0.8690778858589696,Healthcare
225,New Construction,Mineral wool high density,0.8173215209119999,1.46300552243248,Healthcare
225,New Construction,Mortar and grout,1.9133146366122,0.4472766813259834,Healthcare
225,New Construction,Oriented strand board OSB,0.032406931488,0.012703517143296,Healthcare
225,New Construction,Paint,0.88453311940304,2.111537471813077,Healthcare
225,New Construction,Plate,1.1216129753576,2.616270121350908,Healthcare
225,New Construction,Precast,0.283611992424,0.0442451015714047,Healthcare
225,New Construction,Ready mix LW 3000,15.162481724,4.3059539221361085,Healthcare
225,New Construction,Ready mix LW 4000,7.823021315486399,1.7054169373449295,Healthcare
225,New Construction,Ready mix NW 4000,926.506531340084,99.3841532336821,Healthcare
225,New Construction,Ready mix NW 5000,193.5119769885624,34.310931778633794,Healthcare
225,New Construction,Ready mix NW 6000,1.530368570324,0.3592577889176617,Healthcare
225,New Construction,Rebar and reinforcement,59.35106564407688,86.50365373711772,Healthcare
225,New Construction,Resilient flooring vinyl,0.013554729032,0.03415791716064,Healthcare
225,New Construction,Softwood plywood,1.3157744216088,0.3473644473047232,Healthcare
225,New Construction,Spray applied cementitious,28.57160327962972,32.57162773877788,Healthcare
225,New Construction,Steel - other,0.7893556574172,1.839198681782076,Healthcare
225,New Construction,Steel door,0.6934870672212,1.43549602234796,Healthcare
225,New Construction,Steel door frame,0.0005816006656,0.0015994018304,Healthcare
225,New Construction,Steel sheet,1.5474971193716,7.187457131333784,Healthcare
225,New Construction,Stone tile,0.401892892304,0.300213990551088,Healthcare
225,New Construction,Suspension assembly,0.5381823035703199,1.3077829976758777,Healthcare
225,New Construction,Synthetic composites,0.10282705943508,0.2336685612009199,Healthcare
225,New Construction,Wall coverings,0.01793119173344,0.356830715495456,Healthcare
225,New Construction,Wood door frame,0.0068227450072,0.03002007803168,Healthcare
225,New Construction,Wood or composite door,0.4276708391112,0.2020123294637608,Healthcare
226,New Construction,Acoustic ceiling tile fiber,1.044422045862069,2.4895235632413795,Office
226,New Construction,Adhesives and sealants,0.1720479100061724,0.4715604507087876,Office
226,New Construction,Air and vapor barriers,0.0167359203248275,0.0438481112510482,Office
226,New Construction,Aluminum composite panel ACM,0.0514255555724137,0.4088331668006896,Office
226,New Construction,Aluminum door frame,0.0684722350875862,0.5991320570163793,Office
226,New Construction,Aluminum framed window,0.0019379092854137,0.0155374891911131,Office
226,New Construction,CMU,11.49500309,1.28744034608,Office
226,New Construction,Ceramic tile,1.324295246186207,0.3469653545007862,Office
226,New Construction,Coatings - other,0.0163840740407586,0.1996750712503703,Office
226,New Construction,Cold formed steel framing,1.1302586890207589,1.073350181308507,Office
226,New Construction,Concrete - other,0.2833337301241379,0.0442016910526334,Office
226,New Construction,Decking,0.0704865572127586,0.1818553176089172,Office
226,New Construction,Doors and frames - other,0.3716229201025862,0.9690206380684648,Office
226,New Construction,EPDM,0.3076828717034482,0.9476632448466208,Office
226,New Construction,Extrusion,1.667944421416207,16.157871938713217,Office
226,New Construction,Fasteners,0.0287183015702413,0.163428942615401,Office
226,New Construction,Fiberglass blanket,0.1144851352536551,0.1790146380620469,Office
226,New Construction,Flooring and tile - other,0.0593618749491034,0.0298159697410275,Office
226,New Construction,Glass mat gypsum board,0.288538194275862,0.1364785658924827,Office
226,New Construction,Glazing - other,0.5525691249137931,1.0793286855738278,Office
226,New Construction,Gypsum board,12.126204611552758,2.841280296855808,Office
226,New Construction,Hollow structural sections HSS,0.8733539502893103,1.2594312362059483,Office
226,New Construction,Hot-rolled sections,0.7867807894248275,0.7616038041632331,Office
226,New Construction,Insulated glass unit IGU,4.253347962013794,5.699486269098482,Office
226,New Construction,Loose-fill cellulose,0.0502846107310344,0.0094535068174344,Office
226,New Construction,Mineral wool high density,0.1373198545896551,0.2458025397154827,Office
226,New Construction,Mineral wool low density,0.0370119920517241,0.0547777482365517,Office
226,New Construction,Mortar and grout,13.37521589915914,2.543935731569724,Office
226,New Construction,Other,0.0007493549331034,0.001745996994131,Office
226,New Construction,Paint,0.1942706594542413,0.4711035025387476,Office
226,New Construction,Plate,0.2133648009137931,0.4576103816540345,Office
226,New Construction,Polyisocyanurate PIR,1.7583575247034482,4.606896714723034,Office
226,New Construction,Ready mix LW 3000,4.170746559551724,1.0982475519646444,Office
226,New Construction,Ready mix LW 4000,0.7533861210689654,0.2480413918493352,Office
226,New Construction,Ready mix NW 3000,95.98206550710344,11.567191153842428,Office
226,New Construction,Ready mix NW 4000,131.17764702771035,15.621328154536362,Office
226,New Construction,Ready mix NW 5000,737.0926039851173,153.0026523129409,Office
226,New Construction,Ready mix NW 6000,26.378286464831035,5.631697376355344,Office
226,New Construction,Ready mix NW 8000,93.3369923986207,25.193424065112755,Office
226,New Construction,Rebar and reinforcement,64.76306948355803,61.28311310682872,Office
226,New Construction,Roll formed metal panel aluminum,0.0034814847482758,0.022490391473862,Office
226,New Construction,Roll formed metal panel steel,0.0902463371862069,0.210273965643862,Office
226,New Construction,Softwood framing,0.0060455967482758,0.0010156602537103,Office
226,New Construction,Softwood plywood,0.812659664762069,0.2145421514971862,Office
226,New Construction,Steel - other,0.1935371205791034,0.4510997802876607,Office
226,New Construction,Steel door,0.3716105588034483,1.0045400699736209,Office
226,New Construction,Steel door frame,0.0053569041434482,0.0147314863944827,Office
226,New Construction,Steel sheet,0.3348078040586206,0.7801021834565862,Office
226,New Construction,Suspension assembly,0.1248214571448275,0.303316140861931,Office
226,New Construction,TPO,0.4654153261893103,1.4849676310992068,Office
226,New Construction,Wall coverings,0.0174522923537931,0.3473006178404828,Office
226,New Construction,Wood and composites - other,0.126154165275862,0.0297723830051034,Office
226,New Construction,Wood or composite door,0.21239408812,0.0613563304137117,Office
227,New Construction,Adhesives and sealants,0.1823969166895796,0.5361912958207301,Public Assembly
227,New Construction,Air and vapor barriers,0.4913685132,0.398008495692,Public Assembly
227,New Construction,Aluminum - other,0.00286932135,0.016125585987,Public Assembly
227,New Construction,Aluminum door frame,0.002296788730484,0.0200969013917356,Public Assembly
227,New Construction,Aluminum sheet,0.4183838844830573,2.3513174307947824,Public Assembly
227,New Construction,Architectural fiber cement panel,0.0391172663452229,0.0252306367926687,Public Assembly
227,New Construction,CMU,1.4634639775057323,0.163907965480642,Public Assembly
227,New Construction,Coatings - other,0.0127218882857197,0.1350461460416025,Public Assembly
227,New Construction,Cold formed steel framing,0.2404840695853375,0.5891859704840771,Public Assembly
227,New Construction,Decking,0.0432641050445859,0.1116213910150318,Public Assembly
227,New Construction,Doors and frames - other,0.006978642077707,0.0306362387211337,Public Assembly
227,New Construction,EPDM,0.0047228195597452,0.0152074789823796,Public Assembly
227,New Construction,Extruded polystyrene XPS,0.0266640183221401,1.7329896077145652,Public Assembly
227,New Construction,Extrusion,1.2325689979170191,9.829028786261468,Public Assembly
227,New Construction,Fasteners,0.0218927190577579,0.1266498282517956,Public Assembly
227,New Construction,Glass mat gypsum board,7.441187159320663,3.5196815263586734,Public Assembly
227,New Construction,Glazing - other,0.7312640675159235,1.111521382624204,Public Assembly
227,New Construction,Gypsum board,0.1833983463863949,0.0447491965182803,Public Assembly
227,New Construction,Hollow structural sections HSS,0.624826183105605,0.4586224183995139,Public Assembly
227,New Construction,Hot-rolled sections,104.87477727490446,101.51878440210751,Public Assembly
227,New Construction,Insulated glass unit IGU,0.1319511209146497,0.1768145020256306,Public Assembly
227,New Construction,Mineral wool low density,0.0914729051722293,0.1381240868100662,Public Assembly
227,New Construction,Mortar and grout,0.1822347416278598,0.0448297464404535,Public Assembly
227,New Construction,Oriented strand board OSB,0.0027257658713375,0.0010685002215643,Public Assembly
227,New Construction,Paint,0.0035884372929681,0.007659696661468,Public Assembly
227,New Construction,Plate,0.1029729393143566,0.239926948602451,Public Assembly
227,New Construction,Ready mix LW 3000,0.9321894565605096,0.2647300698999116,Public Assembly
227,New Construction,Ready mix NW 3000,0.2221061232140127,0.0346498323193026,Public Assembly
227,New Construction,Ready mix NW 5000,586.4457066708535,83.52642923793115,Public Assembly
227,New Construction,Rebar and reinforcement,48.3008939164766,92.27602369146128,Public Assembly
227,New Construction,Softwood plywood,0.074394542343949,0.0196401591788025,Public Assembly
227,New Construction,Steel - other,0.2226959140550318,0.545604989434828,Public Assembly
227,New Construction,Steel sheet,22.318524388881524,52.2050046960373,Public Assembly
227,New Construction,Stone masonry,8.695891726378598,2.728412017530768,Public Assembly
227,New Construction,Stucco finish,0.0058363806980891,0.0146493155522038,Public Assembly
227,New Construction,TPO,1.184208416178344,3.7776248476089176,Public Assembly
229,New Construction,Acoustic ceiling tile fiber,0.2564226804123711,0.2923220618556701,Warehouse and Storage
229,New Construction,Air and vapor barriers,0.0573484536082474,0.1783534020618556,Warehouse and Storage
229,New Construction,Aluminum - other,0.0220713402061855,0.2709896907216494,Warehouse and Storage
229,New Construction,Aluminum framed window,0.1456758762886598,0.4482334020618557,Warehouse and Storage
229,New Construction,Aluminum storefront or curtain wall,0.1501468041237113,0.6528115463917525,Warehouse and Storage
229,New Construction,CMU,125.97709773195876,14.6228,Warehouse and Storage
229,New Construction,Cladding - other,0.0416362886597938,0.1526663917525773,Warehouse and Storage
229,New Construction,Coatings - other,0.6260449484536083,7.0743080412371135,Warehouse and Storage
229,New Construction,Cold formed steel framing,4.486696082474227,10.609241237113402,Warehouse and Storage
229,New Construction,Decking,15.48412206185567,34.50211546391753,Warehouse and Storage
229,New Construction,EPDM,1.4015835051546393,4.754542680412372,Warehouse and Storage
229,New Construction,Extruded polystyrene XPS,3.326574845360825,143.6142305154639,Warehouse and Storage
229,New Construction,Fiberglass blanket,11.943056907216496,29.74110762886598,Warehouse and Storage
229,New Construction,Flooring and tile - other,0.1496292783505154,0.2062977319587629,Warehouse and Storage
229,New Construction,Gypsum board,0.4950395876288659,0.1438791752577319,Warehouse and Storage
229,New Construction,Hollow structural sections HSS,10.866876288659794,24.100260206185567,Warehouse and Storage
229,New Construction,Hot-rolled sections,18.552171134020615,23.320811546391752,Warehouse and Storage
229,New Construction,Insulated metal panel IMP,9.534789690721649,43.8455806185567,Warehouse and Storage
229,New Construction,Open web joists,15.541570721649483,22.023857319587627,Warehouse and Storage
229,New Construction,Other,0.3695290721649484,1.0926362886597938,Warehouse and Storage
229,New Construction,Paint,1.9369237113402065,3.738262680412371,Warehouse and Storage
229,New Construction,Precast,57.352593402061856,18.71741525773196,Warehouse and Storage
229,New Construction,Ready mix NW 3000,70.21924041237114,9.11065360824742,Warehouse and Storage
229,New Construction,Ready mix NW 4000,540.583898556701,86.40332659793813,Warehouse and Storage
229,New Construction,Ready mix NW 5000,310.53853731958765,60.67017278350515,Warehouse and Storage
229,New Construction,Ready mix unknown,510.6954878350516,10.948230515463916,Warehouse and Storage
229,New Construction,Rebar and reinforcement,7.1483723711340215,5.696558350515463,Warehouse and Storage
229,New Construction,Resilient flooring vinyl,0.1607080412371134,0.322500206185567,Warehouse and Storage
229,New Construction,Roofing and waterproofing - other,0.0873950515463917,0.2493340206185567,Warehouse and Storage
229,New Construction,Steel - other,0.0079496907216494,0.0114564948453608,Warehouse and Storage
229,New Construction,Steel door,0.1786449484536082,1.6210309278350514,Warehouse and Storage
229,New Construction,Synthetic composites,0.2837896907216495,0.7236643298969072,Warehouse and Storage
229,New Construction,TPO,1.5663665979381445,5.097421855670103,Warehouse and Storage
229,New Construction,Wood or composite door,0.0912824742268041,0.1338074226804123,Warehouse and Storage
23,New Construction,Acoustic ceiling tile fiber,0.12461293186,0.1694735873296,Residential: Multifamily (5 or more units)
23,New Construction,Acoustic ceiling tile steel,0.01149917311,0.0330026268257,Residential: Multifamily (5 or more units)
23,New Construction,Adhesives and sealants,0.3368512989138572,0.7158335045556624,Residential: Multifamily (5 or more units)
23,New Construction,Air and vapor barriers,0.0079563195445714,0.01615132867548,Residential: Multifamily (5 or more units)
23,New Construction,Aluminum - other,0.2850674074077285,2.319903151905377,Residential: Multifamily (5 or more units)
23,New Construction,Aluminum composite panel ACM,4.179123152148857,33.224029059583415,Residential: Multifamily (5 or more units)
23,New Construction,Aluminum door frame,0.3714110312375714,3.249846523328749,Residential: Multifamily (5 or more units)
23,New Construction,Aluminum sheet,0.0042156723964285,0.0300155874625714,Residential: Multifamily (5 or more units)
23,New Construction,Architectural fiber cement panel,0.003993110726,0.00257555641827,Residential: Multifamily (5 or more units)
23,New Construction,Brick clay,1.4302680257142857,0.4133474594314286,Residential: Multifamily (5 or more units)
23,New Construction,Built up roofing,0.2483209845528571,0.0985834308674842,Residential: Multifamily (5 or more units)
23,New Construction,CMU,6.187582807828571,0.6930092744768,Residential: Multifamily (5 or more units)
23,New Construction,Carpet,0.2717979882257142,1.3019123636011714,Residential: Multifamily (5 or more units)
23,New Construction,Ceramic tile,2.523754375244143,0.6612236463139657,Residential: Multifamily (5 or more units)
23,New Construction,Closed cell spray polyurethane foam,0.0027282102242857,0.0272821022428571,Residential: Multifamily (5 or more units)
23,New Construction,Coatings - other,0.2072081149616571,3.632240772038161,Residential: Multifamily (5 or more units)
23,New Construction,Cold formed steel framing,3.090108710057143,3.1952271131072743,Residential: Multifamily (5 or more units)
23,New Construction,Concrete - other,1.3292013335642858,0.2450250442695609,Residential: Multifamily (5 or more units)
23,New Construction,Decking,0.1220622149342857,0.2963044316372571,Residential: Multifamily (5 or more units)
23,New Construction,Doors and frames - other,0.6747878847460858,3.733392973567178,Residential: Multifamily (5 or more units)
23,New Construction,Expanded polystyrene EPS,0.1704598712857142,0.5539945816785714,Residential: Multifamily (5 or more units)
23,New Construction,Extrusion,0.9313000029613429,7.132641777003481,Residential: Multifamily (5 or more units)
23,New Construction,Fasteners,0.0062911566439428,0.0531075459149024,Residential: Multifamily (5 or more units)
23,New Construction,Fiberglass blanket,1.4960435081662715,3.515702244190738,Residential: Multifamily (5 or more units)
23,New Construction,Flooring and tile - other,2.578346737035757,0.7481927232465554,Residential: Multifamily (5 or more units)
23,New Construction,Glass mat gypsum board,0.2498506825299999,0.1181793728366899,Residential: Multifamily (5 or more units)
23,New Construction,Glazing - other,0.4388940217375714,0.5315670031668015,Residential: Multifamily (5 or more units)
23,New Construction,Gypsum board,47.886408153477,10.483912764324783,Residential: Multifamily (5 or more units)
23,New Construction,Hardwood,0.2658145933266571,0.1624962889386111,Residential: Multifamily (5 or more units)
23,New Construction,Hollow structural sections HSS,0.4450479445381428,1.09036746411845,Residential: Multifamily (5 or more units)
23,New Construction,Hot-rolled sections,0.1577835489142857,0.1527344753490285,Residential: Multifamily (5 or more units)
23,New Construction,Insulated glass unit IGU,5.863799530602857,7.857491371007828,Residential: Multifamily (5 or more units)
23,New Construction,Intumescent,0.0017585138957142,0.0044490401561571,Residential: Multifamily (5 or more units)
23,New Construction,Mineral wool low density,1.1799320622327143,1.7816974139713986,Residential: Multifamily (5 or more units)
23,New Construction,Mortar and grout,2.167238826083714,0.5473026537880858,Residential: Multifamily (5 or more units)
23,New Construction,Other,0.0006422021625714,0.0018238541417028,Residential: Multifamily (5 or more units)
23,New Construction,Paint,0.6116767490745286,1.4679322436770628,Residential: Multifamily (5 or more units)
23,New Construction,Polyisocyanurate PIR,0.0951050623206142,0.3143669497560517,Residential: Multifamily (5 or more units)
23,New Construction,Precast,108.1376278055714,21.002468494356386,Residential: Multifamily (5 or more units)
23,New Construction,Ready mix LW 3000,0.2719451318285714,0.0772289937965473,Residential: Multifamily (5 or more units)
23,New Construction,Ready mix LW 4000,0.0714941478571428,0.0210446491260631,Residential: Multifamily (5 or more units)
23,New Construction,Ready mix NW 4000,156.82685536320713,26.56602549193524,Residential: Multifamily (5 or more units)
23,New Construction,Ready mix NW 6000,504.7411724430714,107.76096242551642,Residential: Multifamily (5 or more units)
23,New Construction,Ready mix NW 8000,95.22378491761428,23.41535663274071,Residential: Multifamily (5 or more units)
23,New Construction,Rebar and reinforcement,30.02618408989493,58.074774371392174,Residential: Multifamily (5 or more units)
23,New Construction,Resilient flooring vinyl,2.184521923607143,3.0881660954262857,Residential: Multifamily (5 or more units)
23,New Construction,Roofing and waterproofing - other,0.0152969805650285,0.0073884416129088,Residential: Multifamily (5 or more units)
23,New Construction,Spray applied cementitious,0.4830640377472857,0.5506930030319057,Residential: Multifamily (5 or more units)
23,New Construction,Steel - other,0.1038650086949142,0.2423844521516829,Residential: Multifamily (5 or more units)
23,New Construction,Steel door,1.2047534050664286,3.050509313745794,Residential: Multifamily (5 or more units)
23,New Construction,Steel sheet,0.9569428483487286,2.229676836652537,Residential: Multifamily (5 or more units)
23,New Construction,Stucco finish,0.0133711422342571,0.0066483120393182,Residential: Multifamily (5 or more units)
23,New Construction,Suspension assembly,0.0195041724314285,0.0473951390083714,Residential: Multifamily (5 or more units)
23,New Construction,Synthetic composites,0.0505778736571428,0.272614739012,Residential: Multifamily (5 or more units)
23,New Construction,TPO,0.0331454478232857,0.1057339785562814,Residential: Multifamily (5 or more units)
23,New Construction,Wood and composites - other,0.0120312119,0.0055584198978,Residential: Multifamily (5 or more units)
23,New Construction,Wood or composite door,4.277768365220286,1.190677908177463,Residential: Multifamily (5 or more units)
230,New Construction,Adhesives and sealants,0.15343378081509,0.3680414686420167,Laboratory
230,New Construction,Air and vapor barriers,1.9647177013265,1.7542131857453176,Laboratory
230,New Construction,Aluminum - other,1.8525748829282556,10.214200577254765,Laboratory
230,New Construction,Aluminum composite panel ACM,1.4925560191711458,11.86582035241061,Laboratory
230,New Construction,Aluminum door frame,0.1250629429253731,1.0943007505970148,Laboratory
230,New Construction,Aluminum framed window,0.04287124821491,0.3989700309111267,Laboratory
230,New Construction,Aluminum storefront or curtain wall,1.8071182807978443,18.07118280797844,Laboratory
230,New Construction,Brick clay,69.5818677653172,20.10915978417667,Laboratory
230,New Construction,Carpet,0.2049983035011319,1.080341059450965,Laboratory
230,New Construction,Ceramic tile,1.893252606911203,0.4960321830107352,Laboratory
230,New Construction,Coatings - other,0.1341484324737285,1.6502933584603954,Laboratory
230,New Construction,Cold formed steel framing,4.704479917081826,11.525975796850476,Laboratory
230,New Construction,Concrete - other,16.545036297047158,4.506099713631753,Laboratory
230,New Construction,Decking,9.367709881014456,22.39327610426252,Laboratory
230,New Construction,Doors and frames - other,0.5455123912943056,1.7872316856741903,Laboratory
230,New Construction,EPDM,0.067214094591146,0.2332329082312766,Laboratory
230,New Construction,Extrusion,0.2769586991746445,2.0995005612816597,Laboratory
230,New Construction,Fasteners,0.0018246486459982,0.0165313167327438,Laboratory
230,New Construction,Flooring and tile - other,1.41719168421617,2.6369042032939944,Laboratory
230,New Construction,Glass mat gypsum board,8.532249866662408,4.035754186931319,Laboratory
230,New Construction,Glazing - other,1.7674950093053077,2.607784429079375,Laboratory
230,New Construction,Gypsum board,36.23880748077073,8.439723306992757,Laboratory
230,New Construction,Hollow structural sections HSS,14.442588115458364,35.38434088287301,Laboratory
230,New Construction,Hot-rolled sections,36.37441733856171,35.77619809905315,Laboratory
230,New Construction,Insulated glass unit IGU,4.94611899783804,6.242995178970817,Laboratory
230,New Construction,Intumescent,1.1937516904219958,3.02019177676765,Laboratory
230,New Construction,Mineral wool high density,8.191298503733126,14.662424321682298,Laboratory
230,New Construction,Mineral wool low density,3.871242092400276,5.845575559524416,Laboratory
230,New Construction,Mortar and grout,12.120183959362585,1.4509508830410964,Laboratory
230,New Construction,Open web joists,0.6703697230251442,0.9251102177746988,Laboratory
230,New Construction,Paint,0.7544928258308082,1.854895543181936,Laboratory
230,New Construction,Polyisocyanurate PIR,0.0530749574770919,0.1369333902908971,Laboratory
230,New Construction,Precast,1.7659281572404897,0.2754949465186905,Laboratory
230,New Construction,Ready mix NW 4000,435.9658164579366,66.9233488858461,Laboratory
230,New Construction,Rebar and reinforcement,14.55945166467223,14.087475213704565,Laboratory
230,New Construction,Softwood plywood,0.1840559307868847,0.0485907657277376,Laboratory
230,New Construction,Spray applied cementitious,18.857492360792357,21.49754129130328,Laboratory
230,New Construction,Steel - other,0.0555512992284648,0.1409981907242828,Laboratory
230,New Construction,Steel door,0.0990041351641791,0.3465144730746268,Laboratory
230,New Construction,Steel sheet,1.6803586999403015,3.915235770860901,Laboratory
230,New Construction,Stone masonry,3.4782637675202865,1.94087118227632,Laboratory
230,New Construction,Wood or composite door,1.428939624541612,0.5075927767507887,Laboratory
231,New Construction,Adhesives and sealants,0.063654877718779,0.1742683950462133,Laboratory
231,New Construction,Air and vapor barriers,0.2879196011158677,0.458574892751964,Laboratory
231,New Construction,Aluminum composite panel ACM,0.1413724668812018,1.1239111117055545,Laboratory
231,New Construction,Aluminum door,0.0356824524585688,0.2155827781144337,Laboratory
231,New Construction,Aluminum door frame,0.0037828196697247,0.0330996721100917,Laboratory
231,New Construction,Aluminum sheet,0.107804412272741,0.6058607969728049,Laboratory
231,New Construction,CMU,1.7519497443748044,0.196218371369978,Laboratory
231,New Construction,Coatings - other,0.0400607055082833,0.8092262512673244,Laboratory
231,New Construction,Cold formed steel framing,0.4587074273850966,1.123833197093487,Laboratory
231,New Construction,Concrete - other,1.0470106058634088,0.1649907047890781,Laboratory
231,New Construction,Decking,12.335795231865458,31.82635169821289,Laboratory
231,New Construction,Doors and frames - other,0.0142034132030605,0.085050212928059,Laboratory
231,New Construction,EPDM,0.1319653572136499,0.4249284502279527,Laboratory
231,New Construction,Expanded polystyrene EPS,0.0133238967414452,0.043302664409697,Laboratory
231,New Construction,Extruded polystyrene XPS,0.9001270066923355,58.50246310871248,Laboratory
231,New Construction,Extrusion,5.329429843099546,50.75439618436564,Laboratory
231,New Construction,Fasteners,0.1561725831281985,0.9024482032862592,Laboratory
231,New Construction,Fiberglass blanket,0.0238698186184113,0.0412947862098516,Laboratory
231,New Construction,Glass mat gypsum board,0.9383589550398472,0.4438437857338477,Laboratory
231,New Construction,Glazing - other,0.0669044350820247,0.1130684952886218,Laboratory
231,New Construction,Gypsum board,1.0255914111697706,0.2081950564674634,Laboratory
231,New Construction,Hollow structural sections HSS,2.658333499092259,2.077833645451177,Laboratory
231,New Construction,Hot-rolled sections,146.0187257252984,141.34612650208885,Laboratory
231,New Construction,Insulated glass unit IGU,15.24550628513918,21.975010551641024,Laboratory
231,New Construction,Insulated metal panel IMP,1.8523926494122172,4.9030053580044415,Laboratory
231,New Construction,Loose-fill cellulose,0.7260852020122174,0.1365040179782968,Laboratory
231,New Construction,Mineral wool high density,1.9150659740067493,3.427968093472081,Laboratory
231,New Construction,Mineral wool low density,0.1681378197047602,0.253888107754188,Laboratory
231,New Construction,Modified bitumen,0.0403686767814289,0.0331830523143346,Laboratory
231,New Construction,Mortar and grout,0.2483542163975252,0.0526006894675632,Laboratory
231,New Construction,Paint,0.0442965020313412,0.1156138703018005,Laboratory
231,New Construction,Precast,0.5654384275559688,0.088211645938397,Laboratory
231,New Construction,Ready mix NW 3000,5.779897606817944,0.7725027834885599,Laboratory
231,New Construction,Ready mix NW 4000,350.1503519287932,56.15614877712285,Laboratory
231,New Construction,Ready mix NW 5000,103.08292003290124,16.719882668888644,Laboratory
231,New Construction,Ready mix NW 6000,112.8507099484486,19.008151354403235,Laboratory
231,New Construction,Ready mix NW 8000,117.99198934890404,19.656791898789816,Laboratory
231,New Construction,Rebar and reinforcement,48.33182297617139,92.31378188448736,Laboratory
231,New Construction,Roll formed metal panel aluminum,2.588494363827012,14.547338324707807,Laboratory
231,New Construction,Spray applied cementitious,23.285337588247447,26.54528485060209,Laboratory
231,New Construction,Steel - other,2.950112805314371,3.053676552718483,Laboratory
231,New Construction,Steel door,0.0131880789804036,0.02976199466944,Laboratory
231,New Construction,Steel door frame,0.0005084257878899,0.0013981709166972,Laboratory
231,New Construction,Steel sheet,0.7056293193233688,1.6441163140234496,Laboratory
231,New Construction,Stone masonry,0.0935919638794348,0.0522243158447246,Laboratory
231,New Construction,Synthetic composites,0.9177071658576494,2.67052785264576,Laboratory
231,New Construction,TPO,0.0838366322838628,0.2674388569855226,Laboratory
231,New Construction,Terracotta units,0.3063609509367064,0.0885383148207081,Laboratory
232,New Construction,Air and vapor barriers,3.5351568514662306,6.009815579701862,Education
232,New Construction,Aluminum framed window,0.5930624228571428,4.999516224685714,Education
232,New Construction,Aluminum storefront or curtain wall,3.087409348670757,30.87409348670757,Education
232,New Construction,Brick clay,180.41348689301225,52.13949771208053,Education
232,New Construction,CMU,195.93612227696,21.94484569501952,Education
232,New Construction,Cold formed steel framing,7.216149177734662,17.679565485449924,Education
232,New Construction,Decking,7.390792322319398,19.068244191584043,Education
232,New Construction,Doors and frames - other,0.09458110116,0.69447830394384,Education
232,New Construction,Extruded polystyrene XPS,1.8576066274740728,120.73247706859084,Education
232,New Construction,Fasteners,0.0727929719989271,0.3813710223475286,Education
232,New Construction,Fiberglass blanket,1.798073996616106,3.704032433029178,Education
232,New Construction,Glass mat gypsum board,12.855384280022063,6.080596764450437,Education
232,New Construction,Glazing - other,0.9405278710724572,1.41525010323929,Education
232,New Construction,Gypsum board,50.87716192298956,12.294014477813777,Education
232,New Construction,Hollow structural sections HSS,4.479389689605846,10.974504739534323,Education
232,New Construction,Hot-rolled sections,27.61686417621963,26.733124522580603,Education
232,New Construction,Insulated glass unit IGU,7.927758987336697,10.623197043031174,Education
232,New Construction,Mortar and grout,223.41956367424797,41.82049525008503,Education
232,New Construction,Open web joists,0.3155571911701785,0.4354689238148464,Education
232,New Construction,Paint,1.0420432135475846,2.365051429481096,Education
232,New Construction,Polyisocyanurate PIR,3.653760952040797,9.426703256265258,Education
232,New Construction,Ready mix LW 4000,622.5947687047188,204.9802467405645,Education
232,New Construction,Ready mix NW 4000,266.49996733909666,50.4559761263913,Education
232,New Construction,Rebar and reinforcement,18.266869564874664,34.88972086891061,Education
232,New Construction,Roofing and waterproofing - other,7.036085366391465,9.569076098292392,Education
232,New Construction,Steel door,0.64161162,2.24564067,Education
232,New Construction,Steel door frame,0.0521486674285714,0.1434088354285714,Education
232,New Construction,TPO,1.2117702575451903,3.865547121569157,Education
233,New Construction,Acoustic ceiling tile fiber,0.1159141612052399,0.4045404226062875,Public Assembly
233,New Construction,Adhesives and sealants,0.1127537484377331,0.3201121848533064,Public Assembly
233,New Construction,Air and vapor barriers,0.6851710602826666,0.8030896989333239,Public Assembly
233,New Construction,Aluminum door frame,0.0075710358415841,0.0662465636138613,Public Assembly
233,New Construction,Aluminum sheet,0.1083206233455362,0.6087619032019137,Public Assembly
233,New Construction,Aluminum storefront or curtain wall,0.0039920712249029,0.0399207122490297,Public Assembly
233,New Construction,Cladding - other,1.9130945488647173,6.370604847719507,Public Assembly
233,New Construction,Coatings - other,0.0653260548375398,0.1034289488829179,Public Assembly
233,New Construction,Cold formed steel framing,1.865441159224668,4.628532486376084,Public Assembly
233,New Construction,Concrete - other,6.9009202725674825,1.6816667540827923,Public Assembly
233,New Construction,Cross laminated timber CLT,18.22959863283645,6.763181092782321,Public Assembly
233,New Construction,Decking,0.7695730987554108,1.98549859478896,Public Assembly
233,New Construction,EPDM,0.3154684242877826,1.0158083262066602,Public Assembly
233,New Construction,Extruded polystyrene XPS,1.097302657523521,71.31761158545467,Public Assembly
233,New Construction,Extrusion,0.4642015310633123,4.419298278807575,Public Assembly
233,New Construction,Fasteners,0.0582075493104842,0.2487226892835633,Public Assembly
233,New Construction,Glass mat gypsum board,3.92404752472328,1.8560744791941115,Public Assembly
233,New Construction,Glazing - other,0.4880729531866032,0.5387086698086115,Public Assembly
233,New Construction,Glue laminated timber GLT,15.861823864399014,5.884736653692034,Public Assembly
233,New Construction,Gypsum board,14.497248144396764,3.537241377138227,Public Assembly
233,New Construction,Hardwood,1.4109510163200805,0.7589635974813784,Public Assembly
233,New Construction,Hollow structural sections HSS,1.1675474366807297,2.860491219867788,Public Assembly
233,New Construction,Hot-rolled sections,3.4900597148389827,3.378377803964135,Public Assembly
233,New Construction,Insulated glass unit IGU,0.1863914196150064,0.240988418142028,Public Assembly
233,New Construction,Mineral wool high density,3.087290306706557,5.526249649004738,Public Assembly
233,New Construction,Mineral wool low density,0.0733597927198019,0.1107732870069009,Public Assembly
233,New Construction,Paint,0.249116244660455,0.5976496346718958,Public Assembly
233,New Construction,Ready mix LW 3000,14.99849632772576,4.259384134082056,Public Assembly
233,New Construction,Ready mix NW 4000,782.4699929956026,143.4751821224866,Public Assembly
233,New Construction,Rebar and reinforcement,25.49536399208413,48.69525643313828,Public Assembly
233,New Construction,Softwood framing,0.1855743483937428,0.0311764905301487,Public Assembly
233,New Construction,Softwood plywood,6.85160351860566,1.8088233289118945,Public Assembly
233,New Construction,Steel - other,5.30048561633962,12.986189760032069,Public Assembly
233,New Construction,Steel sheet,0.0735865663366336,0.1714566995643564,Public Assembly
233,New Construction,Suspension assembly,0.04824372372719,0.1172322486570719,Public Assembly
234,New Construction,CMU,1.7917086821705428,0.2494293023255814,Healthcare
234,New Construction,Extrusion,1.5908086821705427,15.7766096124031,Healthcare
234,New Construction,Hot-rolled sections,144.98865147286818,110.00612263565893,Healthcare
234,New Construction,Insulated glass unit IGU,4.52101503875969,5.610771162790697,Healthcare
234,New Construction,Insulation - other,0.508226046511628,2.586111317829457,Healthcare
234,New Construction,Mineral wool low density,0.5915868217054263,0.1294420155038759,Healthcare
234,New Construction,Polyisocyanurate PIR,0.6668075968992248,1.4466161240310078,Healthcare
234,New Construction,Precast,112.51897875968992,16.710323100775195,Healthcare
234,New Construction,Ready mix NW 4000,617.5861358139535,84.13669131782946,Healthcare
234,New Construction,Ready mix unknown,407.0105589147287,38.67505751937985,Healthcare
234,New Construction,Rebar and reinforcement,8.110899689922482,4.218022480620156,Healthcare
234,New Construction,Steel - other,0.7028756589147287,1.916773953488372,Healthcare
234,New Construction,Steel sheet,36.04699581395349,40.766138914728685,Healthcare
235,New Construction,Aluminum composite panel ACM,0.9728382352941176,8.360116176470589,Laboratory
235,New Construction,Aluminum sheet,0.0181566176470588,0.252985294117647,Laboratory
235,New Construction,CMU,4.033463970588235,0.8078205882352942,Laboratory
235,New Construction,Cold formed steel framing,4.829033088235295,7.177875,Laboratory
235,New Construction,Decking,14.341523529411765,40.41031176470588,Laboratory
235,New Construction,Extruded polystyrene XPS,0.316372794117647,3.910395588235294,Laboratory
235,New Construction,Extrusion,2.303716176470588,20.76815,Laboratory
235,New Construction,Fiberglass blanket,1.7434566176470587,4.345451470588236,Laboratory
235,New Construction,Fiberglass door,0.0122551470588235,0.0930147058823529,Laboratory
235,New Construction,Glass mat gypsum board,0.4297198529411764,0.1428272058823529,Laboratory
235,New Construction,Glazing - other,3.75182205882353,6.23445,Laboratory
235,New Construction,Gypsum board,2.2047823529411765,0.7555529411764706,Laboratory
235,New Construction,Hollow structural sections HSS,73.84216911764706,178.04493161764705,Laboratory
235,New Construction,Insulated metal panel IMP,0.3673404411764706,1.7851132352941177,Laboratory
235,New Construction,Masonry - other,23.02088235294117,7.624173529411764,Laboratory
235,New Construction,Mineral wool high density,3.022510294117647,6.234218382352941,Laboratory
235,New Construction,Mineral wool low density,0.7275301470588236,0.804072794117647,Laboratory
235,New Construction,Modified bitumen,2.469109558823529,2.509708088235294,Laboratory
235,New Construction,Mortar and grout,0.0797757352941176,0.0437639705882353,Laboratory
235,New Construction,Ready mix NW 3000,482.5411529411765,63.2571330882353,Laboratory
235,New Construction,Ready mix NW 4000,761.0918742647059,120.89311617647058,Laboratory
235,New Construction,Ready mix unknown,1.1477808823529412,2.350593382352941,Laboratory
235,New Construction,Rebar and reinforcement,14.341523529411765,29.610316911764706,Laboratory
235,New Construction,Roll formed metal panel aluminum,0.8598801470588235,3.257386029411765,Laboratory
235,New Construction,Roofing and waterproofing - other,1.5550433823529413,2.2910764705882354,Laboratory
235,New Construction,Steel door,0.0323529411764705,0.0705882352941176,Laboratory
235,New Construction,Steel sheet,0.1761191176470588,0.494175,Laboratory
235,New Construction,Stone masonry,1.0060426470588235,0.1964749999999999,Laboratory
235,New Construction,TPO,0.7372301470588234,3.5820433823529414,Laboratory
236,New Construction,Aluminum composite panel ACM,0.6936626086956522,5.961013913043479,Laboratory
236,New Construction,Aluminum sheet,0.0214721739130434,0.2991826086956521,Laboratory
236,New Construction,CMU,2.210228695652174,0.4426634782608696,Laboratory
236,New Construction,Cold formed steel framing,4.749084347826087,7.059039130434782,Laboratory
236,New Construction,Decking,15.067155652173916,42.454934782608696,Laboratory
236,New Construction,Extruded polystyrene XPS,0.5480130434782609,6.773489565217392,Laboratory
236,New Construction,Extrusion,2.696238260869565,24.31066086956522,Laboratory
236,New Construction,Fiberglass blanket,1.6975591304347826,4.231055652173913,Laboratory
236,New Construction,Fiberglass door,0.0231886956521739,0.176,Laboratory
236,New Construction,Glass mat gypsum board,1.060718260869565,0.3525547826086956,Laboratory
236,New Construction,Glazing - other,4.561804347826087,7.578681739130434,Laboratory
236,New Construction,Gypsum board,2.9785530434782608,1.0207147826086955,Laboratory
236,New Construction,Hollow structural sections HSS,77.54457391304348,187.0496208695652,Laboratory
236,New Construction,Insulated metal panel IMP,0.8991286956521739,4.369371304347826,Laboratory
236,New Construction,Masonry - other,11.32992608695652,3.752302608695653,Laboratory
236,New Construction,Mineral wool high density,3.301593043478261,6.809853913043479,Laboratory
236,New Construction,Mineral wool low density,0.8671026086956521,0.958328695652174,Laboratory
236,New Construction,Modified bitumen,2.404109565217391,2.443639130434782,Laboratory
236,New Construction,Mortar and grout,0.0356791304347826,0.0195730434782608,Laboratory
236,New Construction,Ready mix NW 3000,7.145064347826088,0.9366582608695652,Laboratory
236,New Construction,Ready mix NW 4000,821.2515869565218,130.4489860869565,Laboratory
236,New Construction,Ready mix unknown,2.3417591304347827,4.795796521739131,Laboratory
236,New Construction,Rebar and reinforcement,18.53812260869565,37.32089304347826,Laboratory
236,New Construction,Roll formed metal panel aluminum,1.0928495652173913,4.139917391304348,Laboratory
236,New Construction,Roofing and waterproofing - other,1.663828695652174,2.4308,Laboratory
236,New Construction,Steel door,0.0459130434782608,0.1001739130434782,Laboratory
236,New Construction,Steel sheet,0.181755652173913,0.5099878260869565,Laboratory
236,New Construction,Stone masonry,1.8804034782608696,0.3672339130434782,Laboratory
236,New Construction,TPO,0.7047060869565218,3.424013043478261,Laboratory
237,New Construction,Adhesives and sealants,0.1564649527676503,0.3633549761054451,Education
237,New Construction,Air and vapor barriers,2.125096545041297,1.65984562466133,Education
237,New Construction,Aluminum door frame,0.0252911820204345,0.2212978426788019,Education
237,New Construction,Aluminum framed window,0.0078964955517236,0.0667290114427825,Education
237,New Construction,Architectural fiber cement panel,0.3355431112863448,0.2164253067796924,Education
237,New Construction,CMU,22.53731241811173,2.524178990828513,Education
237,New Construction,Coatings - other,0.0945680845619379,0.8511218574539976,Education
237,New Construction,Cold formed steel framing,1.1218899306666728,2.6813169342933483,Education
237,New Construction,Cross laminated timber CLT,71.72129040127292,26.60859873887226,Education
237,New Construction,Decking,1.8386014528005368,4.743591748225384,Education
237,New Construction,Doors and frames - other,0.2438282651400128,0.8133108781972835,Education
237,New Construction,Extrusion,3.3589177659552543,21.28215410216411,Education
237,New Construction,Fasteners,0.0136226837004755,0.0796880588058488,Education
237,New Construction,Glass mat gypsum board,9.964835283126142,4.713367088918666,Education
237,New Construction,Glazing - other,0.0050818756923076,0.0077244510523076,Education
237,New Construction,Glue laminated timber GLT,3.670912005625764,1.3619083540871584,Education
237,New Construction,Gypsum board,13.700303455021244,2.7824536618847584,Education
237,New Construction,Hardwood,0.1167437656414788,0.0514840006478921,Education
237,New Construction,Hot-rolled sections,44.27435946539232,42.85757996249977,Education
237,New Construction,Insulated glass unit IGU,8.156635147823945,12.632350478735914,Education
237,New Construction,Mineral wool high density,1.0661548428085803,1.290047359798382,Education
237,New Construction,Mortar and grout,33.1500572565223,6.317707098287055,Education
237,New Construction,Paint,0.005786690897313,0.0116841481951087,Education
237,New Construction,Polyisocyanurate PIR,1.885310424334509,6.296936817277259,Education
237,New Construction,Ready mix NW 4000,278.7967729467034,41.46592775276432,Education
237,New Construction,Rebar and reinforcement,6.401236898374389,6.217202460180811,Education
237,New Construction,Softwood framing,0.6642069591679828,0.1115867691402211,Education
237,New Construction,Softwood plywood,1.3455133931920944,0.355215535802713,Education
237,New Construction,Spray applied cementitious,3.6499290186892015,4.16091908130569,Education
237,New Construction,Steel - other,0.4537110617675545,1.1875749291877864,Education
237,New Construction,Steel door,0.3778614848530702,0.8208054584944174,Education
237,New Construction,Stone masonry,47.478701700332046,14.57596142200194,Education
237,New Construction,Synthetic composites,2.4828567839169318,5.960832592541101,Education
237,New Construction,TPO,0.7997334017570983,2.5482079764078773,Education
237,New Construction,Wood door frame,0.0039849777777777,0.0175339022222222,Education
239,New Construction,Aluminum composite panel ACM,1.2888730158730155,11.07596746031746,Laboratory
239,New Construction,Aluminum sheet,0.0230563492063492,0.3212539682539683,Laboratory
239,New Construction,CMU,2.017272222222222,0.4040182539682539,Laboratory
239,New Construction,Cold formed steel framing,4.334481746031746,6.44277380952381,Laboratory
239,New Construction,Decking,14.399757936507935,40.574399206349206,Laboratory
239,New Construction,Extruded polystyrene XPS,0.5750682539682539,7.107889682539683,Laboratory
239,New Construction,Extrusion,2.24921507936508,20.28135476190476,Laboratory
239,New Construction,Fiberglass blanket,1.6027238095238094,3.994685714285714,Laboratory
239,New Construction,Fiberglass door,0.0185182539682539,0.1405555555555555,Laboratory
239,New Construction,Glass mat gypsum board,0.9697214285714284,0.3223095238095238,Laboratory
239,New Construction,Glazing - other,3.5439896825396824,5.886427777777778,Laboratory
239,New Construction,Gypsum board,2.718520634920635,0.9316047619047618,Laboratory
239,New Construction,Hollow structural sections HSS,70.84680793650793,170.85824682539683,Laboratory
239,New Construction,Insulated metal panel IMP,0.8206333333333333,3.9879182539682536,Laboratory
239,New Construction,Masonry - other,3.796720634920635,1.2574174603174602,Laboratory
239,New Construction,Mineral wool high density,3.01335873015873,6.215342857142858,Laboratory
239,New Construction,Mineral wool low density,0.6174968253968254,0.6824626984126985,Laboratory
239,New Construction,Modified bitumen,2.269801587301587,2.307123015873016,Laboratory
239,New Construction,Mortar and grout,0.0325642857142857,0.0178642857142857,Laboratory
239,New Construction,Ready mix NW 3000,6.691675396825397,0.8772230158730159,Laboratory
239,New Construction,Ready mix NW 4000,777.9527714285714,123.57133015873016,Laboratory
239,New Construction,Ready mix unknown,1.8771698412698408,3.84434126984127,Laboratory
239,New Construction,Rebar and reinforcement,17.639703174603177,35.11390873015873,Laboratory
239,New Construction,Roll formed metal panel aluminum,0.8696333333333334,3.294333333333334,Laboratory
239,New Construction,Roofing and waterproofing - other,1.6421650793650793,2.412897619047619,Laboratory
239,New Construction,Steel door,0.0314285714285714,0.0685714285714285,Laboratory
239,New Construction,Steel sheet,0.2629785714285714,0.7378928571428571,Laboratory
239,New Construction,Stone masonry,1.0003007936507935,0.1953539682539682,Laboratory
239,New Construction,TPO,0.664986507936508,3.231025396825397,Laboratory
24,New Construction,Acoustic ceiling tile fiber,2.359222685659375,3.219456816294532,Education
24,New Construction,Adhesives and sealants,0.2585461874515625,0.9685099781694132,Education
24,New Construction,Aluminum composite panel ACM,3.930948908375,31.25104382158125,Education
24,New Construction,Aluminum door,0.146335449263125,0.6733019834563813,Education
24,New Construction,Aluminum door frame,0.0456794628524375,0.3996952999588281,Education
24,New Construction,Aluminum sheet,0.01987221054225,0.11249569977957,Education
24,New Construction,Brick clay,27.84500468885,8.047206355077648,Education
24,New Construction,CMU,22.42419109322625,2.51150940244134,Education
24,New Construction,Carpet,0.109494631715,0.4576875605687,Education
24,New Construction,Ceramic tile,1.287770188549375,0.3373957893999362,Education
24,New Construction,Closed cell spray polyurethane foam,1.43867782934875,4.531835162448562,Education
24,New Construction,Coatings - other,0.177959635964,2.8497315060693365,Education
24,New Construction,Cold formed steel framing,4.44774208641775,10.88537182471007,Education
24,New Construction,Concrete - other,1.2148171428125,0.1895184594100907,Education
24,New Construction,Decking,9.7458105876875,23.54572466954644,Education
24,New Construction,Doors and frames - other,0.3405655387341875,2.131665377050587,Education
24,New Construction,EPDM,1.7030423653,5.671131076449,Education
24,New Construction,Extrusion,2.526232853224375,20.07223586241203,Education
24,New Construction,Fasteners,0.207589225317625,0.8434196462795287,Education
24,New Construction,Fiberglass blanket,0.420552192794875,0.7658756509589024,Education
24,New Construction,Flooring and tile - other,0.1023306883084375,0.1541412654965131,Education
24,New Construction,Glass mat gypsum board,5.278364812956875,2.4966665565286017,Education
24,New Construction,Glazing - other,0.730831246388125,1.1209737073377624,Education
24,New Construction,Gypsum board,34.16855394641375,7.86215156521203,Education
24,New Construction,Hardwood,0.005802176205875,0.0038128638409825,Education
24,New Construction,Hollow structural sections HSS,13.222876252559438,29.883586216690624,Education
24,New Construction,Hot-rolled sections,28.57170552677875,27.65028336114736,Education
24,New Construction,Insulated glass unit IGU,3.8521127249375,5.16183105141625,Education
24,New Construction,Intumescent,0.175118436775,0.44304964504075,Education
24,New Construction,Mortar and grout,23.255558331885936,4.815651428075699,Education
24,New Construction,Open web joists,7.606326568055625,10.496730663916765,Education
24,New Construction,Other,1.4402579707125,1.7870404062735,Education
24,New Construction,PVC,0.215594378875,0.6683425745125,Education
24,New Construction,Paint,0.7661424337034375,1.600787167030493,Education
24,New Construction,Polyisocyanurate PIR,4.82112647627375,12.456645211759325,Education
24,New Construction,Ready mix LW 3000,67.529912348125,16.016473618905295,Education
24,New Construction,Ready mix LW 4000,0.1218279251249999,0.0318200918721532,Education
24,New Construction,Ready mix NW 3000,688.046263552175,86.02668414049356,Education
24,New Construction,Ready mix NW 4000,290.11901669390625,42.14040861146058,Education
24,New Construction,Rebar and reinforcement,42.52242036104006,45.17345050078442,Education
24,New Construction,Resilient flooring vinyl,0.20137877627625,0.507680207538025,Education
24,New Construction,Softwood plywood,0.005914417756875,0.001561406287815,Education
24,New Construction,Steel - other,5.441790283435,13.332386194415747,Education
24,New Construction,Steel door,0.1422695208024375,0.4175138746333456,Education
24,New Construction,Steel door frame,0.0294405494512499,0.0809615109909375,Education
24,New Construction,Steel sheet,1.5492061078125,3.609650231203125,Education
24,New Construction,Stucco finish,0.3811654963749999,0.1825782727636249,Education
24,New Construction,Suspension assembly,0.422089528459375,1.0256775541562813,Education
24,New Construction,Wall coverings,0.0860686387505,0.46967980600539,Education
24,New Construction,Wood or composite door,1.5530302433375,0.7925596768368499,Education
240,New Construction,Aluminum storefront or curtain wall,2.889182481751825,12.806107299270074,Warehouse and Storage
240,New Construction,Decking,8.180753284671534,25.893004379562043,Warehouse and Storage
240,New Construction,Fiberglass blanket,4.283024817518248,10.675160583941606,Warehouse and Storage
240,New Construction,Hollow structural sections HSS,2.4781372262773727,6.364543065693431,Warehouse and Storage
240,New Construction,Open web joists,13.509205839416058,18.44235182481752,Warehouse and Storage
240,New Construction,Paint,0.3778153284671532,0.7291839416058394,Warehouse and Storage
240,New Construction,Precast,299.7501496350365,94.96552408759123,Warehouse and Storage
240,New Construction,Ready mix NW 3000,106.5490591240876,13.824296350364964,Warehouse and Storage
240,New Construction,Ready mix NW 4000,511.0078802919708,81.67609270072992,Warehouse and Storage
240,New Construction,Ready mix NW 5000,49.23410875912408,9.618908759124087,Warehouse and Storage
240,New Construction,Ready mix unknown,347.1670197080292,0.8728189781021899,Warehouse and Storage
240,New Construction,Rebar and reinforcement,13.884727737226278,10.832203649635035,Warehouse and Storage
240,New Construction,Steel door,0.403607299270073,0.9766043795620438,Warehouse and Storage
240,New Construction,TPO,1.4857744525547445,5.170494160583942,Warehouse and Storage
241,New Construction,Acoustic ceiling tile fiber,0.1030701754385964,0.1175,Warehouse and Storage
241,New Construction,Aluminum storefront or curtain wall,0.5421463157894737,2.4030266666666664,Warehouse and Storage
241,New Construction,Carpet,0.0149301754385964,0.0933136842105263,Warehouse and Storage
241,New Construction,Cold formed steel framing,0.378518947368421,0.5626305263157895,Warehouse and Storage
241,New Construction,Decking,8.134423157894737,25.74636350877193,Warehouse and Storage
241,New Construction,Fiberglass blanket,4.428084210526316,11.036711578947369,Warehouse and Storage
241,New Construction,Gypsum board,2.5273477192982456,0.7792466666666666,Warehouse and Storage
241,New Construction,Hollow structural sections HSS,7.545548771929825,19.40776456140351,Warehouse and Storage
241,New Construction,Open web joists,15.11815403508772,20.69635192982456,Warehouse and Storage
241,New Construction,Paint,0.5401105263157895,1.0424129824561403,Warehouse and Storage
241,New Construction,Precast,158.3835747368421,50.34838736842105,Warehouse and Storage
241,New Construction,Ready mix NW 3000,117.17332280701756,14.20404701754386,Warehouse and Storage
241,New Construction,Ready mix NW 4000,764.426090877193,122.21521228070176,Warehouse and Storage
241,New Construction,Ready mix unknown,244.0167796491228,0.6134866666666666,Warehouse and Storage
241,New Construction,Rebar and reinforcement,11.028660701754388,8.041159649122807,Warehouse and Storage
241,New Construction,Steel door,0.6194024561403508,1.754104561403509,Warehouse and Storage
241,New Construction,Synthetic composites,0.337138596491228,1.0595028070175438,Warehouse and Storage
241,New Construction,TPO,1.4884989473684211,5.179975789473684,Warehouse and Storage
241,New Construction,Wood or composite door,0.0281052631578947,0.0351052631578947,Warehouse and Storage
242,New Construction,Acoustic ceiling tile steel,0.0058612448820919,0.0173492848509922,Education
242,New Construction,Adhesives and sealants,0.0510000179559508,0.1320900465059125,Education
242,New Construction,Air and vapor barriers,0.0479006645560984,0.0387995382904397,Education
242,New Construction,Aluminum - other,0.0145149865297434,0.0815742242971579,Education
242,New Construction,Aluminum composite panel ACM,0.5313641780918447,4.224345215830165,Education
242,New Construction,Aluminum door,0.0363335895717647,0.2430717142351059,Education
242,New Construction,Aluminum door frame,0.003280156,0.028701365,Education
242,New Construction,Aluminum framed window,0.0149147047090158,0.15891619381022,Education
242,New Construction,Aluminum sheet,0.0016019394353304,0.0090028996265568,Education
242,New Construction,Aluminum storefront or curtain wall,1.200138612231503,12.001386122315033,Education
242,New Construction,Brick clay,14.729010765621714,4.256684111264676,Education
242,New Construction,CMU,16.205775932619296,1.815046904453361,Education
242,New Construction,Coatings - other,1.0883923071818575,12.312249207027907,Education
242,New Construction,Cold formed steel framing,1.7474843326636869,4.457565513737861,Education
242,New Construction,Decking,13.294213450314563,34.29907070181158,Education
242,New Construction,Doors and frames - other,0.1513813381475341,0.4253367335233136,Education
242,New Construction,EPDM,0.0115859576076541,0.0373067834966462,Education
242,New Construction,Extruded polystyrene XPS,0.3058473757445801,0.8166124932380305,Education
242,New Construction,Extrusion,2.2244895537991645,16.705916549031723,Education
242,New Construction,Fasteners,0.0650907986232781,0.3746088441796195,Education
242,New Construction,Fiberglass blanket,0.0039166572935079,0.0080683140246264,Education
242,New Construction,Glass mat gypsum board,11.931891642935962,5.64378474710871,Education
242,New Construction,Glazing - other,0.7567352979886148,3.6290675099979226,Education
242,New Construction,Gypsum board,5.3968708599986535,1.095564784579727,Education
242,New Construction,Hardwood,0.0718425629456724,0.0438239633968602,Education
242,New Construction,Hollow structural sections HSS,10.90293669748948,26.788052836383702,Education
242,New Construction,Hot-rolled sections,46.60564092291041,45.685671361121386,Education
242,New Construction,Insulated glass unit IGU,4.556531462686544,6.795779106448693,Education
242,New Construction,Intumescent,0.0900004403263843,0.2277011140257524,Education
242,New Construction,Mineral wool high density,3.847317017105744,6.886697460619282,Education
242,New Construction,Mineral wool low density,1.833231749072947,2.7681799411001498,Education
242,New Construction,Modified bitumen,0.0556446630807485,0.0457399130523752,Education
242,New Construction,Mortar and grout,9.66430914963696,1.803511134372948,Education
242,New Construction,Open web joists,1.1594532466832157,1.6000454804228377,Education
242,New Construction,Other,0.0422531976495104,0.0984499505233594,Education
242,New Construction,PVC,0.9295149302274446,2.8814962837050784,Education
242,New Construction,Polyisocyanurate PIR,2.7103668168533024,7.101406414960501,Education
242,New Construction,Ready mix LW 5000,89.57330632584153,33.5004165658647,Education
242,New Construction,Ready mix NW 5000,533.0211305558905,119.9287321319379,Education
242,New Construction,Rebar and reinforcement,35.62645175479077,68.04652285165037,Education
242,New Construction,Roll formed metal panel aluminum,0.0058847068857131,0.0380152064817068,Education
242,New Construction,Roofing and waterproofing - other,0.0529204386574434,0.0511211437430903,Education
242,New Construction,Softwood plywood,0.283408085968136,0.0748197346955879,Education
242,New Construction,Spray applied cementitious,16.885242498073566,19.249176447803865,Education
242,New Construction,Steel - other,0.0432836748700017,0.1116718811646044,Education
242,New Construction,Steel door,0.0305870356,0.1070546246,Education
242,New Construction,Steel door frame,0.0043040339843137,0.0118360934568627,Education
242,New Construction,Steel sheet,0.035831968456592,0.1698435304842464,Education
242,New Construction,Stone masonry,1.8188216022264856,1.0149024540423794,Education
242,New Construction,Suspension assembly,0.0016789243652028,0.0040797862074428,Education
242,New Construction,Synthetic composites,0.1103694103979913,0.1335469865815695,Education
242,New Construction,Terracotta units,22.145723153966863,6.400113991496424,Education
243,New Construction,Adhesives and sealants,0.1664676370627989,0.4846402238835727,Education
243,New Construction,Air and vapor barriers,0.8846143105679706,1.7957670504529804,Education
243,New Construction,Aluminum composite panel ACM,0.3596083426873188,2.8588863243641844,Education
243,New Construction,Aluminum door,0.0532551490291885,0.2305190855853378,Education
243,New Construction,Aluminum door frame,0.0071598831614453,0.0626489776626467,Education
243,New Construction,Aluminum framed window,0.176294772288316,1.6199145949479,Education
243,New Construction,Aluminum sheet,0.0080860053333333,0.0454433499733333,Education
243,New Construction,Aluminum storefront or curtain wall,0.2605398682397895,2.605398682397895,Education
243,New Construction,CMU,44.03433283751287,4.931845277801442,Education
243,New Construction,Coatings - other,0.1716724600776425,2.320276268787246,Education
243,New Construction,Cold formed steel framing,3.7231460112896686,9.12170772765969,Education
243,New Construction,Decking,10.574678437455256,27.28267036863457,Education
243,New Construction,Doors and frames - other,0.0198660662320995,0.1472904741294922,Education
243,New Construction,Extruded polystyrene XPS,1.9228356749135924,5.133971252019297,Education
243,New Construction,Extrusion,0.0709143707318503,0.5325669241961958,Education
243,New Construction,Fasteners,0.0143861620017746,0.0643213718222653,Education
243,New Construction,Glass mat gypsum board,8.084728489418548,3.824076575494973,Education
243,New Construction,Glazing - other,0.02107718868873,0.0341450456757427,Education
243,New Construction,Gypsum board,5.671004373317462,1.151213887783445,Education
243,New Construction,Hollow structural sections HSS,11.204302310597908,27.450540660964865,Education
243,New Construction,Hot-rolled sections,42.49903462821008,41.13906552010736,Education
243,New Construction,Insulated glass unit IGU,2.0398658931250986,2.733420296787632,Education
243,New Construction,Intumescent,0.0362232168992336,0.0916447387550611,Education
243,New Construction,Mineral wool low density,2.4543715378475115,3.706101022149743,Education
243,New Construction,Mortar and grout,49.87111882293425,9.120677652900554,Education
243,New Construction,Oriented strand board OSB,3.808656763085105,1.4929934511293612,Education
243,New Construction,Other,0.083607098344709,0.194804539143172,Education
243,New Construction,Paint,0.280755969371365,0.7327730800592628,Education
243,New Construction,Precast,5.257434977544383,1.0725167354190537,Education
243,New Construction,Ready mix unknown,407.7670497531146,68.37763889323456,Education
243,New Construction,Rebar and reinforcement,5.067416261574696,10.987259395747795,Education
243,New Construction,Roll formed metal panel aluminum,0.0460813426146234,0.2976854732904673,Education
243,New Construction,Roll formed metal panel steel,0.3157211334383864,0.7356302409114404,Education
243,New Construction,Softwood plywood,0.2670949883921395,0.0705130769355248,Education
243,New Construction,Spray applied cementitious,22.94920412450658,26.162092701937496,Education
243,New Construction,Steel door,0.0105125237777777,0.0347465254888888,Education
243,New Construction,Steel door frame,0.0004021779555555,0.0011059893777777,Education
243,New Construction,Steel framed window,0.002613754074074,0.0108732169481481,Education
243,New Construction,Synthetic composites,0.0968789131723126,0.5205663174566916,Education
243,New Construction,TPO,0.7333649842805309,2.3394342998548936,Education
244,New Construction,Adhesives and sealants,0.0798913058045683,0.2187685785287852,Laboratory
244,New Construction,Air and vapor barriers,0.0330343731497291,0.0810571323770859,Laboratory
244,New Construction,Aluminum - other,2.588498859256988,23.292133446060035,Laboratory
244,New Construction,Aluminum composite panel ACM,0.0449303273502491,0.3571961024344805,Laboratory
244,New Construction,Aluminum door,0.0499306913098947,0.3019981296527874,Laboratory
244,New Construction,Aluminum door frame,0.004823092368421,0.0422020582236842,Laboratory
244,New Construction,Aluminum sheet,0.0105426688585204,0.0592497989848849,Laboratory
244,New Construction,Aluminum storefront or curtain wall,0.6632734003698748,6.632734003698749,Laboratory
244,New Construction,Built up roofing,0.1636396331709442,0.0649649343688648,Laboratory
244,New Construction,CMU,6.50062655170825,0.7280701737913239,Laboratory
244,New Construction,Coatings - other,0.2538821530755423,5.029734524140621,Laboratory
244,New Construction,Cold formed steel framing,0.1953366612818341,0.4975854272742143,Laboratory
244,New Construction,Concrete - other,0.8229842756580524,0.1233457824158679,Laboratory
244,New Construction,Decking,9.4664088678561,24.423334879068744,Laboratory
244,New Construction,Doors and frames - other,0.1040264411528137,0.2762255443361529,Laboratory
244,New Construction,EPDM,0.0569062863870934,0.1832382421664407,Laboratory
244,New Construction,Extruded polystyrene XPS,0.4236957155579385,27.53749502509944,Laboratory
244,New Construction,Extrusion,5.3015171824359815,50.07192251926068,Laboratory
244,New Construction,Fasteners,0.1308984993438416,0.7461327928706204,Laboratory
244,New Construction,Fiberglass blanket,0.0081631637148571,0.0229134511775481,Laboratory
244,New Construction,Glass mat gypsum board,1.1650255645020862,0.5510570920094866,Laboratory
244,New Construction,Gypsum board,1.0414863111488288,0.2139594713060993,Laboratory
244,New Construction,Hollow structural sections HSS,3.305250450435792,2.559570013411145,Laboratory
244,New Construction,Hot-rolled sections,76.13094788323872,74.44933721844444,Laboratory
244,New Construction,Insulated glass unit IGU,9.782557484448954,15.042328057883394,Laboratory
244,New Construction,Insulated metal panel IMP,3.0341446034712454,6.908712260888274,Laboratory
244,New Construction,Loose-fill cellulose,0.5993435138347982,0.112676580600942,Laboratory
244,New Construction,Mineral wool high density,0.4194344936348588,0.7507877436063973,Laboratory
244,New Construction,Mineral wool low density,0.4386743922590791,0.6623983323112096,Laboratory
244,New Construction,Mortar and grout,1.086626559761728,0.2388407794006164,Laboratory
244,New Construction,Other,0.0001136592025057,0.0002648259418382,Laboratory
244,New Construction,PVC,0.1702747401404069,0.5278516944352614,Laboratory
244,New Construction,Paint,7.137899368392824e-05,0.000186299173515,Laboratory
244,New Construction,Ready mix NW 4000,0.0149201790610952,0.0017767738522446,Laboratory
244,New Construction,Ready mix NW 5000,0.1358895529134161,0.0193545097124686,Laboratory
244,New Construction,Ready mix unknown,676.0602992048675,86.06498609659381,Laboratory
244,New Construction,Rebar and reinforcement,30.0316399888424,57.38000450794328,Laboratory
244,New Construction,Roll formed metal panel aluminum,3.344193434336016,18.79436710096841,Laboratory
244,New Construction,Roofing and waterproofing - other,0.0100804702158692,0.0048688671142648,Laboratory
244,New Construction,Spray applied cementitious,22.41773602081212,25.556219063725813,Laboratory
244,New Construction,Steel - other,0.2275071401321272,0.9425290686632366,Laboratory
244,New Construction,Steel door,0.0344877069157894,0.0833729707749473,Laboratory
244,New Construction,Steel door frame,0.0012974630147368,0.0035680232905263,Laboratory
244,New Construction,Steel sheet,0.3761280486179713,0.9701363539265928,Laboratory
244,New Construction,Stone masonry,0.3207101857610308,0.1789562836546552,Laboratory
245,New Construction,Air and vapor barriers,2.768815,6.534403333333333,Residential: Multifamily (5 or more units)
245,New Construction,CMU,7.622797083333333,0.972725,Residential: Multifamily (5 or more units)
245,New Construction,Cold formed steel framing,2.797515,6.384915,Residential: Multifamily (5 or more units)
245,New Construction,Extruded polystyrene XPS,0.0001974999999999,0.0107208333333333,Residential: Multifamily (5 or more units)
245,New Construction,Glass mat gypsum board,4.093387083333333,1.6337741666666667,Residential: Multifamily (5 or more units)
245,New Construction,Glazing - other,0.94695,0.95882,Residential: Multifamily (5 or more units)
245,New Construction,Gypsum board,28.55895458333333,7.601675416666666,Residential: Multifamily (5 or more units)
245,New Construction,Hot-rolled sections,0.7784583333333334,0.4444995833333333,Residential: Multifamily (5 or more units)
245,New Construction,Mineral wool high density,1.03648875,0.6504416666666667,Residential: Multifamily (5 or more units)
245,New Construction,Mineral wool low density,5.167462916666667,0.6946179166666666,Residential: Multifamily (5 or more units)
245,New Construction,Mortar and grout,0.8493250000000001,0.3955220833333333,Residential: Multifamily (5 or more units)
245,New Construction,Precast,76.86,10.000219583333331,Residential: Multifamily (5 or more units)
245,New Construction,Ready mix unknown,1469.685,228.10485541666668,Residential: Multifamily (5 or more units)
245,New Construction,Rebar and reinforcement,80.96625,42.53644791666666,Residential: Multifamily (5 or more units)
245,New Construction,Roofing and waterproofing - other,0.5266320833333333,0.4458166666666666,Residential: Multifamily (5 or more units)
245,New Construction,Steel sheet,4.661857083333333,12.544247083333332,Residential: Multifamily (5 or more units)
246,New Construction,Aluminum storefront or curtain wall,8.850222222222222,32.16665634920635,Education
246,New Construction,Brick clay,0.0003968253968253,8.333333333333333e-05,Education
246,New Construction,CMU,7.755520634920635,0.7286103174603176,Education
246,New Construction,Cladding - other,0.0166761904761904,0.0634833333333333,Education
246,New Construction,Cold formed steel framing,1.2109857142857143,1.5953761904761905,Education
246,New Construction,Decking,20.92628571428571,45.69054523809523,Education
246,New Construction,EPDM,0.2774880952380952,0.8672865079365079,Education
246,New Construction,Extruded polystyrene XPS,0.1312984126984127,1.6218507936507935,Education
246,New Construction,Flooring and tile - other,0.992063492063492,0.3390365079365079,Education
246,New Construction,Glass mat gypsum board,4.077309523809524,1.6115222222222223,Education
246,New Construction,Gypsum board,0.5991888888888889,0.1537666666666666,Education
246,New Construction,Hot-rolled sections,61.05296587301587,105.03801984126984,Education
246,New Construction,Mineral wool high density,3.2705253968253967,2.936426984126984,Education
246,New Construction,Modified bitumen,6.925318253968254,7.039187301587302,Education
246,New Construction,Polyisocyanurate PIR,1.5339285714285715,9.12123253968254,Education
246,New Construction,Precast,6.58552380952381,1.4867484126984127,Education
246,New Construction,Ready mix unknown,698.417980952381,69.32935793650793,Education
246,New Construction,Rebar and reinforcement,10.613853174603175,4.636038095238095,Education
246,New Construction,Resilient flooring rubber,0.2702952380952381,0.6574785714285714,Education
246,New Construction,Roll formed metal panel aluminum,0.4134436507936508,1.8788777777777776,Education
246,New Construction,Wood and composites - other,0.4675873015873016,0.6705492063492063,Education
247,New Construction,Air and vapor barriers,2.224906382978724,1.2471222695035462,Residential: Multifamily (5 or more units)
247,New Construction,Aluminum - other,0.3424207092198582,0.4134104964539007,Residential: Multifamily (5 or more units)
247,New Construction,Aluminum framed window,1.667208510638298,6.128117446808511,Residential: Multifamily (5 or more units)
247,New Construction,Brick clay,10.825531914893617,2.568510638297872,Residential: Multifamily (5 or more units)
247,New Construction,CMU,44.59243035460992,5.690322269503546,Residential: Multifamily (5 or more units)
247,New Construction,Coatings - other,0.0965860992907801,0.1725520567375886,Residential: Multifamily (5 or more units)
247,New Construction,Cold formed steel framing,8.77161475177305,12.380813617021277,Residential: Multifamily (5 or more units)
247,New Construction,Extruded polystyrene XPS,1.1829872340425531,6.640292198581561,Residential: Multifamily (5 or more units)
247,New Construction,Fiberglass blanket,0.5400022695035461,0.4465086524822695,Residential: Multifamily (5 or more units)
247,New Construction,Fiberglass framed window,3.754125106382979,4.697310070921986,Residential: Multifamily (5 or more units)
247,New Construction,Flooring and tile - other,2.5162666666666667,0.3027424113475177,Residential: Multifamily (5 or more units)
247,New Construction,Glass mat gypsum board,2.1405665248226957,0.6968008510638298,Residential: Multifamily (5 or more units)
247,New Construction,Glazing - other,1.543671489361702,1.721495035460993,Residential: Multifamily (5 or more units)
247,New Construction,Gypsum board,32.14182439716312,8.535319432624114,Residential: Multifamily (5 or more units)
247,New Construction,Hot-rolled sections,0.4743404255319149,1.143342695035461,Residential: Multifamily (5 or more units)
247,New Construction,Mineral wool high density,6.179962553191489,7.246436879432625,Residential: Multifamily (5 or more units)
247,New Construction,Modified bitumen,1.174870070921986,0.9477824113475176,Residential: Multifamily (5 or more units)
247,New Construction,PVC,1.1666819858156028,4.084602553191489,Residential: Multifamily (5 or more units)
247,New Construction,Paint,0.2991736170212766,0.5320666666666666,Residential: Multifamily (5 or more units)
247,New Construction,Ready mix unknown,1268.4737021276596,160.4510025531915,Residential: Multifamily (5 or more units)
247,New Construction,Rebar and reinforcement,70.67181588652483,32.07736680851064,Residential: Multifamily (5 or more units)
247,New Construction,Resilient flooring vinyl,3.5214695035460992,7.101739290780142,Residential: Multifamily (5 or more units)
247,New Construction,Roll formed metal panel aluminum,3.022458439716312,13.735449361702129,Residential: Multifamily (5 or more units)
247,New Construction,Roll formed metal panel steel,0.3813106382978724,2.106156879432624,Residential: Multifamily (5 or more units)
247,New Construction,Roofing and waterproofing - other,0.1612777304964538,0.0209571631205673,Residential: Multifamily (5 or more units)
247,New Construction,Softwood plywood,0.0230147517730496,0.0104289361702127,Residential: Multifamily (5 or more units)
247,New Construction,Steel door,0.1565276595744681,0.4156595744680851,Residential: Multifamily (5 or more units)
247,New Construction,Synthetic composites,0.2080680851063829,0.082531914893617,Residential: Multifamily (5 or more units)
247,New Construction,Wood or composite door,2.4133304964539004,2.8687404255319158,Residential: Multifamily (5 or more units)
248,New Construction,Acoustic ceiling tile fiber,2.217248014265903,3.015457299401628,Education
248,New Construction,Adhesives and sealants,0.0209188855522181,0.0440376057720521,Education
248,New Construction,Air and vapor barriers,0.9885239988030764,0.8421472071620337,Education
248,New Construction,Aluminum - other,0.0770382044805636,0.4329547091807678,Education
248,New Construction,Aluminum door frame,0.1607727697270574,1.4067617351117527,Education
248,New Construction,Aluminum framed window,0.2634712832368854,2.878767918973592,Education
248,New Construction,Aluminum sheet,1.9380824547267528,10.89202339556435,Education
248,New Construction,Brick clay,18.992228502410796,5.488754037196719,Education
248,New Construction,Carpet,0.6415060464855039,2.6814952743094067,Education
248,New Construction,Ceramic tile,1.6383174010420496,0.4588837315121479,Education
248,New Construction,Coatings - other,0.1825778402693971,1.914310760066372,Education
248,New Construction,Cold formed steel framing,11.51572483692126,28.21352585045709,Education
248,New Construction,Decking,10.326447397093787,24.47368033111228,Education
248,New Construction,Doors and frames - other,0.1430400948866906,0.9234083549415932,Education
248,New Construction,Extruded polystyrene XPS,0.8854976233342053,57.551647330662206,Education
248,New Construction,Extrusion,0.4842248152939539,4.387076826563223,Education
248,New Construction,Fasteners,0.0078627648793844,0.045654882291688,Education
248,New Construction,Fiberglass blanket,0.0049281792831376,0.0101520493232636,Education
248,New Construction,Flooring and tile - other,0.0408648975717144,0.1811251170229856,Education
248,New Construction,Glass mat gypsum board,7.423957433468707,3.511531866030698,Education
248,New Construction,Glazing - other,1.1369067366294416,1.2560428220230189,Education
248,New Construction,Gypsum board,59.610964555244976,13.735147562906608,Education
248,New Construction,Hardwood,0.2771894977829423,0.314300050844797,Education
248,New Construction,Hollow structural sections HSS,3.715587855697412,9.10319024645866,Education
248,New Construction,Hot-rolled sections,57.81044247903835,55.96050831970912,Education
248,New Construction,Insulated glass unit IGU,3.568387902977026,4.781639789989216,Education
248,New Construction,Insulation - other,0.0373617192690176,0.2069839247503574,Education
248,New Construction,Medium density fiberboard MDF,0.2360941387690024,0.1662102736933777,Education
248,New Construction,Mineral wool high density,0.5961240033832578,1.0670619660560317,Education
248,New Construction,Mineral wool low density,1.6114979831376666,2.4333619545378764,Education
248,New Construction,Modified bitumen,1.2619581193024545,0.7950336151605463,Education
248,New Construction,Mortar and grout,9.638972216529709,1.5856496422327542,Education
248,New Construction,Other,0.0279876290914566,0.0794848666197367,Education
248,New Construction,Paint,0.6275186180075154,1.502107637169395,Education
248,New Construction,Polyisocyanurate PIR,0.8621961371091038,2.258953879225852,Education
248,New Construction,Ready mix NW 4000,34.38155545284997,6.371711017123568,Education
248,New Construction,Ready mix NW 5000,818.8939561743339,116.2829417767554,Education
248,New Construction,Rebar and reinforcement,35.76519804825749,68.3115282721718,Education
248,New Construction,Resilient flooring vinyl,0.931095438592908,2.3463605052541285,Education
248,New Construction,Roll formed metal panel aluminum,1.898839796187656,12.266505083372255,Education
248,New Construction,Roofing and waterproofing - other,0.0958449204533508,0.0462930965789684,Education
248,New Construction,Softwood framing,0.1413405272111931,0.026211233345174,Education
248,New Construction,Softwood plywood,0.1662257898362337,0.0438836085167657,Education
248,New Construction,Spray applied cementitious,0.1609436105211265,0.1834757159940843,Education
248,New Construction,Steel - other,0.1800861728999229,0.4412111236048112,Education
248,New Construction,Steel door,0.0108748462301307,0.0288183425098465,Education
248,New Construction,Steel sheet,0.1072687634584387,0.2499362188581621,Education
248,New Construction,Stone masonry,0.2265846312164676,0.1264342242187889,Education
248,New Construction,Stucco finish,1.552384545767843,0.7435921974227966,Education
248,New Construction,Suspension assembly,0.4712177943031891,1.14505924015675,Education
248,New Construction,Terracotta units,1.0631651275242824,0.3072547218545176,Education
248,New Construction,Wall coverings,0.0025198658572386,0.0454750782744209,Education
248,New Construction,Wood or composite door,1.5618695001587162,1.23756869926695,Education
249,New Construction,Aluminum storefront or curtain wall,5.355917829457365,23.53621395348837,Transportation Hub
249,New Construction,Brick clay,13.1455488372093,3.118967441860465,Transportation Hub
249,New Construction,CMU,46.179716279069766,8.16437984496124,Transportation Hub
249,New Construction,Cold formed steel framing,9.825443410852714,22.107248062015504,Transportation Hub
249,New Construction,Cross laminated timber CLT,35.49716279069768,2.122713178294574,Transportation Hub
249,New Construction,Decking,4.251672868217055,11.979996899224805,Transportation Hub
249,New Construction,Fiberglass blanket,4.09393488372093,3.611503875968992,Transportation Hub
249,New Construction,Glass mat gypsum board,5.463179844961241,1.778382945736434,Transportation Hub
249,New Construction,Glue laminated timber GLT,33.76408527131783,12.518074418604652,Transportation Hub
249,New Construction,Gypsum board,2.9500930232558136,0.9612403100775194,Transportation Hub
249,New Construction,Hollow structural sections HSS,5.344654263565891,11.151063565891471,Transportation Hub
249,New Construction,Hot-rolled sections,34.72267131782945,39.674551937984496,Transportation Hub
249,New Construction,Mortar and grout,10.10766511627907,5.195417054263566,Transportation Hub
249,New Construction,Polyisocyanurate PIR,10.855751937984495,43.53884651162791,Transportation Hub
249,New Construction,Ready mix LW 4000,74.31394263565892,18.110998449612403,Transportation Hub
249,New Construction,Ready mix NW 4000,771.0927581395349,108.2469441860465,Transportation Hub
249,New Construction,Rebar and reinforcement,7.3488992248062015,4.65779534883721,Transportation Hub
249,New Construction,Roofing and waterproofing - other,0.5617333333333333,1.2245627906976744,Transportation Hub
249,New Construction,Steel - other,0.855075968992248,2.7069333333333336,Transportation Hub
249,New Construction,Steel door,0.1322077519379845,0.303875968992248,Transportation Hub
249,New Construction,TPO,1.0202325581395348,3.320139534883721,Transportation Hub
249,New Construction,Wood and composites - other,2.0489906976744185,1.1180046511627908,Transportation Hub
250,New Construction,Acoustic ceiling tile aluminum,0.0110783380899213,0.0721199809653878,Residential: Multifamily (5 or more units)
250,New Construction,Acoustic ceiling tile fiber,0.1774726395188724,0.6193795119208649,Residential: Multifamily (5 or more units)
250,New Construction,Adhesives and sealants,0.3049262091401301,0.09726344428072,Residential: Multifamily (5 or more units)
250,New Construction,Aluminum composite panel ACM,2.28757948674928,18.18625691965677,Residential: Multifamily (5 or more units)
250,New Construction,Aluminum door,0.235224454805854,1.5313112007861096,Residential: Multifamily (5 or more units)
250,New Construction,Aluminum door frame,0.0410180511219512,0.3589079473170731,Residential: Multifamily (5 or more units)
250,New Construction,Aluminum framed window,0.3516163893840815,3.4606753568419824,Residential: Multifamily (5 or more units)
250,New Construction,Aluminum sheet,0.0060857023762012,0.0342016473542508,Residential: Multifamily (5 or more units)
250,New Construction,Brick clay,23.690820090774025,6.846647006233694,Residential: Multifamily (5 or more units)
250,New Construction,CMU,5.084695287023571,0.5694858721466398,Residential: Multifamily (5 or more units)
250,New Construction,Carpet,0.2175941710853964,1.146721281620039,Residential: Multifamily (5 or more units)
250,New Construction,Ceramic tile,0.1570318174182439,0.0411423361635799,Residential: Multifamily (5 or more units)
250,New Construction,Coatings - other,0.2267178181014862,3.376202272537378,Residential: Multifamily (5 or more units)
250,New Construction,Cold formed steel framing,11.214302729357268,27.47504168692531,Residential: Multifamily (5 or more units)
250,New Construction,Concrete - other,0.4236889615354312,0.0660979141876083,Residential: Multifamily (5 or more units)
250,New Construction,Decking,1.7872290687396757,4.492513138043197,Residential: Multifamily (5 or more units)
250,New Construction,Doors and frames - other,0.4749918502561048,3.092064720992377,Residential: Multifamily (5 or more units)
250,New Construction,Extrusion,0.7499699005000919,6.11155812754831,Residential: Multifamily (5 or more units)
250,New Construction,Fasteners,0.0006235235588263,0.0054023691942785,Residential: Multifamily (5 or more units)
250,New Construction,Fiberglass blanket,1.437499576001584,3.3781240036037232,Residential: Multifamily (5 or more units)
250,New Construction,Flooring and tile - other,0.0710154902268445,0.3934258158567186,Residential: Multifamily (5 or more units)
250,New Construction,Glazing - other,0.006251805170498,0.0105655507381417,Residential: Multifamily (5 or more units)
250,New Construction,Gypsum board,69.77264856098923,14.854291058811032,Residential: Multifamily (5 or more units)
250,New Construction,Hardwood,0.0979177392097574,0.043181722991503,Residential: Multifamily (5 or more units)
250,New Construction,Hollow structural sections HSS,4.125378835714303,10.6434773961429,Residential: Multifamily (5 or more units)
250,New Construction,Hot-rolled sections,143.78402784935125,161.56378019032172,Residential: Multifamily (5 or more units)
250,New Construction,Insulated glass unit IGU,3.1103293435570443,4.167841320366439,Residential: Multifamily (5 or more units)
250,New Construction,Mineral wool high density,3.3519305169524496,4.25695175652961,Residential: Multifamily (5 or more units)
250,New Construction,Mineral wool low density,1.7814688183421443,2.690017915696638,Residential: Multifamily (5 or more units)
250,New Construction,Mortar and grout,2.982439397947279,0.7438977545516015,Residential: Multifamily (5 or more units)
250,New Construction,Paint,0.9249992648823332,2.21994489000114,Residential: Multifamily (5 or more units)
250,New Construction,Plate,0.2016415457627837,0.4698248016272861,Residential: Multifamily (5 or more units)
250,New Construction,Polyisocyanurate PIR,1.0491222002066638,2.748700164541459,Residential: Multifamily (5 or more units)
250,New Construction,Ready mix LW 5000,242.9425527188452,89.44933108700181,Residential: Multifamily (5 or more units)
250,New Construction,Ready mix NW 3000,1.280604285437971,0.1812861137406629,Residential: Multifamily (5 or more units)
250,New Construction,Ready mix NW 4000,59.37810539641962,10.188210782668945,Residential: Multifamily (5 or more units)
250,New Construction,Ready mix NW 5000,30.591996030486083,6.369207353492735,Residential: Multifamily (5 or more units)
250,New Construction,Rebar and reinforcement,20.318053360935814,38.80760474579006,Residential: Multifamily (5 or more units)
250,New Construction,Resilient flooring vinyl,2.9999118681599746,4.160309377199127,Residential: Multifamily (5 or more units)
250,New Construction,Softwood plywood,1.1121528645898586,0.2936083562517226,Residential: Multifamily (5 or more units)
250,New Construction,Steel - other,1.0113794209755829,2.4797208463914417,Residential: Multifamily (5 or more units)
250,New Construction,Steel sheet,0.2971181941593489,0.6922853923912828,Residential: Multifamily (5 or more units)
250,New Construction,Stone masonry,0.6293040879059989,0.3511516810515474,Residential: Multifamily (5 or more units)
250,New Construction,Stucco finish,0.1074108623613102,0.0514498030710676,Residential: Multifamily (5 or more units)
250,New Construction,Suspension assembly,0.0781283227987762,0.1898518244010262,Residential: Multifamily (5 or more units)
250,New Construction,Wood or composite door,2.903090207655336,0.9654159803925006,Residential: Multifamily (5 or more units)
251,New Construction,Aluminum storefront or curtain wall,11.351777551020408,42.7304081632653,Residential: Multifamily (5 or more units)
251,New Construction,Brick clay,0.5334612244897959,0.1265712244897959,Residential: Multifamily (5 or more units)
251,New Construction,Cold formed steel framing,0.6517967346938776,0.8586893877551021,Residential: Multifamily (5 or more units)
251,New Construction,Decking,0.7083673469387755,1.546652448979592,Residential: Multifamily (5 or more units)
251,New Construction,Extruded polystyrene XPS,0.6455036734693878,8.220219387755103,Residential: Multifamily (5 or more units)
251,New Construction,Fiberglass blanket,0.4264534693877551,0.5055951020408163,Residential: Multifamily (5 or more units)
251,New Construction,Glass mat gypsum board,4.4908963265306125,1.785761224489796,Residential: Multifamily (5 or more units)
251,New Construction,Gypsum board,1.952801836734694,0.5011367346938775,Residential: Multifamily (5 or more units)
251,New Construction,Hollow structural sections HSS,0.3428367346938775,0.8199179591836735,Residential: Multifamily (5 or more units)
251,New Construction,Hot-rolled sections,0.1265612244897959,0.217685306122449,Residential: Multifamily (5 or more units)
251,New Construction,Mineral wool high density,3.855642857142857,4.794668571428572,Residential: Multifamily (5 or more units)
251,New Construction,Modified bitumen,2.199781224489796,2.235951020408163,Residential: Multifamily (5 or more units)
251,New Construction,Mortar and grout,0.1292465306122449,0.0648797959183673,Residential: Multifamily (5 or more units)
251,New Construction,Precast,41.46514285714286,5.118131632653061,Residential: Multifamily (5 or more units)
251,New Construction,Ready mix unknown,1608.216,198.86171183673468,Residential: Multifamily (5 or more units)
251,New Construction,Rebar and reinforcement,91.51194448979592,132.32395571428572,Residential: Multifamily (5 or more units)
251,New Construction,Roll formed metal panel aluminum,0.0718236734693877,0.3264,Residential: Multifamily (5 or more units)
251,New Construction,Roofing and waterproofing - other,0.5780032653061224,0.702378775510204,Residential: Multifamily (5 or more units)
252,New Construction,Aluminum - other,9.57807575757576,38.62127196969697,Education
252,New Construction,Aluminum framed window,0.0851613636363636,0.8821166666666667,Education
252,New Construction,CMU,3.011028787878788,0.3786666666666666,Education
252,New Construction,Cold formed steel framing,2.002687121212121,2.9767939393939398,Education
252,New Construction,Cross laminated timber CLT,30.86277424242424,25.64184393939394,Education
252,New Construction,Decking,1.804507575757576,3.139842424242424,Education
252,New Construction,EPDM,0.0964454545454545,0.290819696969697,Education
252,New Construction,Extruded polystyrene XPS,0.0149984848484848,0.1340166666666666,Education
252,New Construction,Extrusion,3.631668939393939,20.63640227272727,Education
252,New Construction,Fiberglass blanket,1.3532833333333332,4.345283333333334,Education
252,New Construction,Glass mat gypsum board,0.7351962121212121,0.2443598484848484,Education
252,New Construction,Glue laminated timber GLT,30.45040909090909,21.043304545454543,Education
252,New Construction,Gypsum board,7.013547727272728,2.561712121212121,Education
252,New Construction,Hollow structural sections HSS,1.3068613636363635,3.123398484848485,Education
252,New Construction,Hot-rolled sections,16.16901818181818,19.733388636363635,Education
252,New Construction,Polyisocyanurate PIR,0.0410272727272727,0.23035,Education
252,New Construction,Precast,3.212675,0.989503787878788,Education
252,New Construction,Ready mix NW 4000,478.98718409090907,60.39828712121212,Education
252,New Construction,Ready mix NW 5000,79.70420075757575,12.05858106060606,Education
252,New Construction,Ready mix unknown,0.4618401515151514,1.2332530303030302,Education
252,New Construction,Rebar and reinforcement,40.45751818181818,30.89212045454545,Education
252,New Construction,Roll formed metal panel aluminum,0.1428939393939394,0.5413083333333334,Education
252,New Construction,Softwood plywood,0.4014901515151515,0.1374962121212121,Education
252,New Construction,Steel - other,0.0485204545454545,0.0365848484848484,Education
252,New Construction,Stone masonry,56.81593939393939,11.825478787878788,Education
252,New Construction,Wood and composites - other,0.1931742424242424,0.2749704545454545,Education
252,New Construction,Wood or composite door,0.0502727272727272,0.0748181818181818,Education
253,New Construction,Aluminum - other,0.2044108108108108,2.5097463783783787,Office
253,New Construction,Aluminum framed glass entrances,0.1826951351351351,1.998491027027027,Office
253,New Construction,Aluminum storefront or curtain wall,9.976617405405404,51.98371935135136,Office
253,New Construction,Concrete - other,1.8820629189189189,0.1879895135135135,Office
253,New Construction,Decking,6.112698054054054,16.25977654054054,Office
253,New Construction,Expanded polystyrene EPS,0.154438054054054,0.4694921081081081,Office
253,New Construction,Extruded polystyrene XPS,0.000918054054054,0.0227678918918918,Office
253,New Construction,Extrusion,0.5799047567567568,5.770052108108108,Office
253,New Construction,Fiberglass door,0.0014007567567567,0.0106318918918918,Office
253,New Construction,Flooring and tile - other,0.3325961081081081,0.2250918918918918,Office
253,New Construction,Glass mat gypsum board,0.0495658378378378,0.0164743783783783,Office
253,New Construction,Glazing - other,0.0322721081081081,0.046149081081081,Office
253,New Construction,Gypsum board,0.0194345945945945,0.0063061621621621,Office
253,New Construction,Hollow structural sections HSS,0.0792781621621621,0.152214054054054,Office
253,New Construction,Hot-rolled sections,5.941422378378378,6.773221837837838,Office
253,New Construction,Plate,0.0002724324324324,0.0004005405405405,Office
253,New Construction,Ready mix NW 2500,359.1485675675676,89.39775232432432,Office
253,New Construction,Ready mix NW 4000,904.2095047567568,157.8209158918919,Office
253,New Construction,Ready mix unknown,113.28124313513516,13.363040216216216,Office
253,New Construction,Rebar and reinforcement,52.89012086486487,38.91721881081081,Office
253,New Construction,Roll formed metal panel steel,0.0759043243243243,0.2078201081081081,Office
253,New Construction,Softwood plywood,0.0594558918918918,0.0352582702702702,Office
253,New Construction,Steel - other,0.0101781621621621,0.0079783783783783,Office
253,New Construction,Steel door,0.0202864864864864,0.0559905945945945,Office
253,New Construction,Steel sheet,0.7765154594594594,1.1070996756756757,Office
253,New Construction,TPO,0.0174644324324324,0.0326264864864864,Office
255,New Construction,Aluminum storefront or curtain wall,2.778019230769231,16.506615384615387,Education
255,New Construction,Asphalt shingles,10.235048076923078,3.053701923076923,Education
255,New Construction,Closed cell spray polyurethane foam,5.133961538461539,25.667278846153845,Education
255,New Construction,EPDM,0.3367980769230769,0.953125,Education
255,New Construction,Expanded polystyrene EPS,0.4935288461538462,1.5003269230769232,Education
255,New Construction,Extruded polystyrene XPS,0.2617307692307692,6.491038461538462,Education
255,New Construction,Fiberglass blanket,2.428442307692308,4.905461538461538,Education
255,New Construction,Fiberglass framed window,8.611298076923077,12.919240384615383,Education
255,New Construction,Glass mat gypsum board,1.7810288461538462,0.6924807692307693,Education
255,New Construction,Glue laminated timber GLT,1.4016826923076924,0.5284326923076924,Education
255,New Construction,Gypsum board,6.775586538461539,2.0763557692307693,Education
255,New Construction,Hollow structural sections HSS,3.144375,7.104990384615385,Education
255,New Construction,Hot-rolled sections,0.9004711538461538,1.0265384615384614,Education
255,New Construction,Laminated veneer lumber LVL,7.86573076923077,2.5039038461538463,Education
255,New Construction,Polyisocyanurate PIR,2.8449711538461537,17.428471153846154,Education
255,New Construction,Ready mix NW 3000,247.38745192307687,29.22784615384615,Education
255,New Construction,Ready mix NW 5000,443.1610288461538,73.78964423076924,Education
255,New Construction,Ready mix unknown,7.391346153846154,6.465971153846153,Education
255,New Construction,Rebar and reinforcement,24.74667307692308,22.640125,Education
255,New Construction,Roofing and waterproofing - other,0.1365769230769231,0.2623557692307692,Education
255,New Construction,Softwood framing,14.568201923076924,2.731,Education
255,New Construction,Softwood plywood,17.82564423076923,10.664567307692309,Education
255,New Construction,Steel door,0.1171346153846153,0.2692307692307692,Education
255,New Construction,Wood and composites - other,161.8263173076923,72.39725961538461,Education
256,New Construction,Aluminum - other,0.0282064705882352,0.3463188235294117,Office
256,New Construction,Aluminum storefront or curtain wall,5.043090392156863,23.54326901960784,Office
256,New Construction,CMU,20.0384531372549,4.368382941176471,Office
256,New Construction,Cold formed steel framing,14.039165686274512,33.39917647058824,Office
256,New Construction,Concrete - other,9.366276470588236,1.3523072549019608,Office
256,New Construction,Decking,6.175807647058823,16.427647647058823,Office
256,New Construction,Doors and frames - other,0.2620521568627451,1.2040233333333334,Office
256,New Construction,Expanded polystyrene EPS,0.3485535294117647,1.0596029411764705,Office
256,New Construction,Extruded polystyrene XPS,0.0139631372549019,0.3462849019607843,Office
256,New Construction,Extrusion,6.538137843137256,48.5282037254902,Office
256,New Construction,Gypsum board,0.2121125490196078,0.0650011764705882,Office
256,New Construction,Hot-rolled sections,27.84141803921569,22.2627737254902,Office
256,New Construction,Insulation - other,0.1932541176470588,0.8358527450980392,Office
256,New Construction,Plate,2.1615198039215686,3.1731111764705884,Office
256,New Construction,Ready mix LW 3000,204.28842176470587,61.82108294117647,Office
256,New Construction,Ready mix NW 4000,246.38321647058825,43.04551921568628,Office
256,New Construction,Ready mix NW 5000,570.1928570588235,99.65268039215688,Office
256,New Construction,Ready mix unknown,1.3444633333333331,0.0121554901960784,Office
256,New Construction,Rebar and reinforcement,21.113381960784317,15.674524509803922,Office
256,New Construction,Roll formed metal panel steel,0.0249207843137254,0.0682378431372549,Office
256,New Construction,Steel door,0.0272196078431372,0.0706470588235294,Office
256,New Construction,Windows and frames - other,1.152507450980392,1.5003056862745097,Office
257,New Construction,Cold formed steel framing,0.0223336206896551,0.0331965517241379,Warehouse and Storage
257,New Construction,Decking,12.133062068965517,32.273944827586206,Warehouse and Storage
257,New Construction,Expanded polystyrene EPS,5.428532068965517,16.502737413793103,Warehouse and Storage
257,New Construction,Extruded polystyrene XPS,0.282706724137931,7.011125862068965,Warehouse and Storage
257,New Construction,Extrusion,0.6428851724137931,10.67189396551724,Warehouse and Storage
257,New Construction,Fiberglass door,0.0023,0.0174568965517241,Warehouse and Storage
257,New Construction,Glazing - other,0.1817275862068965,0.2598706896551724,Warehouse and Storage
257,New Construction,Gypsum board,0.0384482758620689,0.0117824137931034,Warehouse and Storage
257,New Construction,Hollow structural sections HSS,2.5174413793103447,9.164632931034484,Warehouse and Storage
257,New Construction,Hot-rolled sections,7.769037413793103,8.856702586206897,Warehouse and Storage
257,New Construction,Open web joists,5.437130344827587,8.046953103448276,Warehouse and Storage
257,New Construction,Precast,142.50013655172413,21.16351672413793,Warehouse and Storage
257,New Construction,Ready mix NW 4000,432.65720017241375,77.50929344827586,Warehouse and Storage
257,New Construction,Ready mix NW 5000,23.79083793103448,5.219186551724138,Warehouse and Storage
257,New Construction,Rebar and reinforcement,19.10379327586207,17.477592241379313,Warehouse and Storage
257,New Construction,Steel door,0.6483068965517241,3.759341206896552,Warehouse and Storage
257,New Construction,TPO,2.662696724137931,4.9743731034482765,Warehouse and Storage
258,New Construction,Aluminum sheet,17.112732173913045,24.340892173913044,Laboratory
258,New Construction,Brick clay,29.47844,0.9082765217391304,Laboratory
258,New Construction,CMU,20.007412173913043,4.361615652173913,Laboratory
258,New Construction,Cold formed steel framing,12.92653043478261,24.51328,Laboratory
258,New Construction,Concrete - other,0.5490626086956522,0.2056347826086956,Laboratory
258,New Construction,Decking,6.469486956521739,17.208838260869566,Laboratory
258,New Construction,Extruded polystyrene XPS,2.0694086956521742,25.63200347826087,Laboratory
258,New Construction,Glass mat gypsum board,9.730831304347824,3.097551304347826,Laboratory
258,New Construction,Gypsum board,5.506751304347826,1.681031304347826,Laboratory
258,New Construction,Hollow structural sections HSS,2.0687478260869563,4.944306086956521,Laboratory
258,New Construction,Hot-rolled sections,15.33492695652174,14.636867826086956,Laboratory
258,New Construction,Insulated glass unit IGU,15.005641739130436,28.69156695652174,Laboratory
258,New Construction,Mortar and grout,8.377892173913043,4.258620869565217,Laboratory
258,New Construction,PVC,0.1089530434782608,0.3108417391304348,Laboratory
258,New Construction,Polyisocyanurate PIR,1.6943930434782608,6.425984347826087,Laboratory
258,New Construction,Ready mix unknown,413.9496608695652,53.48719304347826,Laboratory
258,New Construction,Rebar and reinforcement,14.003594782608696,9.55598608695652,Laboratory
258,New Construction,Roll formed metal panel steel,1.219026086956522,3.337601739130435,Laboratory
258,New Construction,Roofing and waterproofing - other,0.17136,0.0916573913043478,Laboratory
258,New Construction,Steel door,0.0612173913043478,0.1335652173913043,Laboratory
258,New Construction,TPO,0.5576886956521739,1.9407617391304348,Laboratory
258,New Construction,Windows and frames - other,0.0361686956521739,0.093391304347826,Laboratory
259,New Construction,Air and vapor barriers,0.1120387499999999,0.3484404166666666,Office
259,New Construction,Aluminum framed window,0.2714266666666667,5.17766375,Office
259,New Construction,Brick clay,26.770117083333336,7.910346666666667,Office
259,New Construction,CMU,21.45916666666667,5.332602916666667,Office
259,New Construction,Closed cell spray polyurethane foam,1.3579745833333332,6.461306666666666,Office
259,New Construction,Cold formed steel framing,4.759879583333333,7.075084583333333,Office
259,New Construction,Decking,1.3246875,4.012947083333333,Office
259,New Construction,EPDM,0.16751875,1.1899620833333333,Office
259,New Construction,Extruded polystyrene XPS,0.2221558333333333,12.613322083333331,Office
259,New Construction,Glass mat gypsum board,0.8264679166666666,0.2746958333333333,Office
259,New Construction,Gypsum board,7.215525,2.3066766666666667,Office
259,New Construction,Hot-rolled sections,1.6199320833333335,2.268016666666667,Office
259,New Construction,Insulated glass unit IGU,0.32519625,0.8780300000000001,Office
259,New Construction,Polyisocyanurate PIR,0.2451212499999999,0.589835,Office
259,New Construction,Precast,2.002,0.2866108333333333,Office
259,New Construction,Ready mix LW 5000,2.217,0.71699875,Office
259,New Construction,Ready mix NW 5000,1196.09866,263.4319995833333,Office
259,New Construction,Rebar and reinforcement,5.5833125,3.93027625,Office
259,New Construction,Roll formed metal panel steel,10.211547916666666,27.96120625,Office
259,New Construction,Roofing and waterproofing - other,0.0161770833333333,0.0730916666666666,Office
259,New Construction,Steel - other,42.41895875,31.135515833333333,Office
259,New Construction,TPO,0.0052554166666666,0.01828875,Office
259,New Construction,Wood and composites - other,1.7014683333333331,0.92838375,Office
260,New Construction,Adhesives and sealants,0.3674541336123947,1.006684427923738,Education
260,New Construction,Air and vapor barriers,1.5995167615465449,2.4792509803971443,Education
260,New Construction,Aluminum door,0.0253730340130202,0.2613422503341089,Education
260,New Construction,Aluminum framed window,0.2011123243001037,2.453570356461265,Education
260,New Construction,Brick clay,55.77896995919634,16.12012231820774,Education
260,New Construction,Closed cell spray polyurethane foam,0.443464189024665,1.574297871037561,Education
260,New Construction,Coatings - other,0.2438040828281823,0.5319288440113867,Education
260,New Construction,Cold formed steel framing,2.3537228573747027,5.766621000568021,Education
260,New Construction,Copper sheet,25.18436889560721,29.71755529681652,Education
260,New Construction,Cross laminated timber CLT,69.05238327095951,25.61843419352597,Education
260,New Construction,Doors and frames - other,0.1768732708589023,0.4298933329317946,Education
260,New Construction,EPDM,1.6657752392890457,5.130587737010261,Education
260,New Construction,Extrusion,1.3433829965584834,12.171049948819862,Education
260,New Construction,Fasteners,0.0176755722440941,0.0932246738877136,Education
260,New Construction,Glass mat gypsum board,3.566620401773112,1.6870114500386817,Education
260,New Construction,Glue laminated timber GLT,38.17336480201242,14.162318341546609,Education
260,New Construction,Gypsum board,10.968086253049918,2.67621304574418,Education
260,New Construction,Hardwood,0.2002602087041683,0.1944526626517475,Education
260,New Construction,Hollow structural sections HSS,3.8181043063197504,9.354355550483389,Education
260,New Construction,Hot-rolled sections,5.661389646014976,5.480225177342496,Education
260,New Construction,Insulated glass unit IGU,5.085540843375947,6.81462473012377,Education
260,New Construction,Mineral wool low density,0.4485096659999019,0.6772495956598519,Education
260,New Construction,Mortar and grout,7.54085096960003,0.8505997238630548,Education
260,New Construction,Paint,0.1686642249710425,0.404794139930502,Education
260,New Construction,Polyisocyanurate PIR,4.653689106985,12.50039649005464,Education
260,New Construction,Ready mix NW 5000,394.79086728758335,82.1948620977216,Education
260,New Construction,Rebar and reinforcement,15.731974964172707,30.04807218156987,Education
260,New Construction,Roll formed metal panel steel,0.1722569110433603,0.4013586027310296,Education
260,New Construction,Roofing and waterproofing - other,4.607096446848072,2.609150592049248,Education
260,New Construction,Steel - other,0.0771299710711126,0.196806118576699,Education
260,New Construction,Stone masonry,14.04257787180575,4.311071406644365,Education
260,New Construction,Wood or composite door,0.0299709528111627,0.0079123315421469,Education
261,New Construction,Acoustic ceiling tile fiber,0.0276245711764745,0.0375694168000053,Public Assembly
261,New Construction,Adhesives and sealants,0.2451216303998108,0.1121545373431781,Public Assembly
261,New Construction,Air and vapor barriers,3.5188551724568637,2.7479225696011125,Public Assembly
261,New Construction,Aluminum door,0.197686822371919,2.036174270430766,Public Assembly
261,New Construction,Aluminum door frame,0.005602161369863,0.0490189119863013,Public Assembly
261,New Construction,Brick clay,25.09275196249016,7.251805317159656,Public Assembly
261,New Construction,Carpet,1.7986431996373355,8.622011825198593,Public Assembly
261,New Construction,Ceramic tile,2.322137754164304,0.620232056548786,Public Assembly
261,New Construction,Coatings - other,0.1276127588110326,2.502101340873364,Public Assembly
261,New Construction,Cold formed steel framing,5.115797449666768,13.198757420140264,Public Assembly
261,New Construction,Cross laminated timber CLT,68.11011065100783,25.268851051523907,Public Assembly
261,New Construction,Decking,0.3792573872833479,0.9784840591910376,Public Assembly
261,New Construction,Doors and frames - other,0.6273741251873753,1.957140369525838,Public Assembly
261,New Construction,Extruded polystyrene XPS,0.5320387954799917,34.57909803123017,Public Assembly
261,New Construction,Extrusion,1.3350902555000153,11.650634859668973,Public Assembly
261,New Construction,Fasteners,0.0438474570744468,0.1777943025742813,Public Assembly
261,New Construction,Fiberglass blanket,0.2412855526163496,0.4970482383896802,Public Assembly
261,New Construction,Flooring and tile - other,0.2334366350353422,0.46406817778625,Public Assembly
261,New Construction,Glass mat gypsum board,3.178742303521663,1.5035451095657466,Public Assembly
261,New Construction,Glazing - other,1.4429984804868874,3.793307283922374,Public Assembly
261,New Construction,Glue laminated timber GLT,39.26866607122484,14.568675112424415,Public Assembly
261,New Construction,Gypsum board,29.59884828833988,6.879988820874433,Public Assembly
261,New Construction,Hardwood,0.137018722750258,0.1360595916910062,Public Assembly
261,New Construction,Heavy timber framing,0.3515816218110466,0.0668005081440988,Public Assembly
261,New Construction,Hollow structural sections HSS,4.575677451394911,11.797769595413351,Public Assembly
261,New Construction,Hot-rolled sections,10.82036619267502,27.69313514809637,Public Assembly
261,New Construction,Insulated glass unit IGU,6.820151647514762,8.730471858208448,Public Assembly
261,New Construction,Mineral wool high density,4.984374603806437,8.922030540813521,Public Assembly
261,New Construction,Mortar and grout,10.151539454629464,2.020741708565708,Public Assembly
261,New Construction,Paint,0.2698525436763619,0.5758664372066368,Public Assembly
261,New Construction,Plate,3.4431873387897416,8.445353126471495,Public Assembly
261,New Construction,Polyisocyanurate PIR,5.631186606116645,14.134278381352775,Public Assembly
261,New Construction,Precast,35.35509932194192,5.515598784087419,Public Assembly
261,New Construction,Ready mix NW 3000,0.2840327291000383,0.038170644235467,Public Assembly
261,New Construction,Ready mix NW 4000,426.43385232282606,68.0011422945244,Public Assembly
261,New Construction,Ready mix NW 5000,101.25705874057287,19.569798288909187,Public Assembly
261,New Construction,Rebar and reinforcement,27.42440015733748,52.00693955678415,Public Assembly
261,New Construction,Roll formed metal panel steel,1.918626092045898,4.470398794466942,Public Assembly
261,New Construction,Softwood plywood,7.226674455306921,1.9078420562010272,Public Assembly
261,New Construction,Spray applied cementitious,0.1227270779790994,0.1399088688961733,Public Assembly
261,New Construction,Steel - other,0.4001034625600745,1.0322669334049923,Public Assembly
261,New Construction,Steel door,0.5487822448990685,1.302862432749817,Public Assembly
261,New Construction,Steel door frame,0.0031184909150684,0.0085758500164383,Public Assembly
261,New Construction,Steel framed window,0.1827797917808219,0.5026444273972603,Public Assembly
261,New Construction,Suspension assembly,0.0058708766067649,0.0142662301544388,Public Assembly
261,New Construction,TPO,1.107584194307359,3.533193579840475,Public Assembly
261,New Construction,Wood or composite door,0.0779957927487123,0.0268406870273122,Public Assembly
262,New Construction,Acoustic ceiling tile fiber,0.0135252288363852,0.0472030486389844,Residential: Multifamily (5 or more units)
262,New Construction,Adhesives and sealants,0.1665856574138781,0.4150503701855678,Residential: Multifamily (5 or more units)
262,New Construction,Air and vapor barriers,0.4263662862443098,0.8655235610759489,Residential: Multifamily (5 or more units)
262,New Construction,Aluminum - other,0.0730537811985066,0.1990933936960486,Residential: Multifamily (5 or more units)
262,New Construction,Aluminum door frame,0.0006877840754716,0.0060181106603773,Residential: Multifamily (5 or more units)
262,New Construction,Aluminum sheet,0.3790784214585623,2.13042072859712,Residential: Multifamily (5 or more units)
262,New Construction,Architectural fiber cement panel,2.887957557456386,1.8627326245593687,Residential: Multifamily (5 or more units)
262,New Construction,Brick clay,4.1454727128,1.1980416139992,Residential: Multifamily (5 or more units)
262,New Construction,CMU,23.76188490473759,2.66133110933061,Residential: Multifamily (5 or more units)
262,New Construction,Carpet,0.3015306860312756,1.4503361387127625,Residential: Multifamily (5 or more units)
262,New Construction,Ceramic tile,2.7287072940150257,0.7149213110319368,Residential: Multifamily (5 or more units)
262,New Construction,Coatings - other,0.0094399219096023,0.0386322905603579,Residential: Multifamily (5 or more units)
262,New Construction,Cold formed steel framing,0.1521535711087844,0.1617062969866129,Residential: Multifamily (5 or more units)
262,New Construction,Concrete - other,24.089530621364727,3.396997129812678,Residential: Multifamily (5 or more units)
262,New Construction,Decking,0.1057213830181596,0.2727611681868519,Residential: Multifamily (5 or more units)
262,New Construction,Extrusion,1.7188216270628207,13.1775185770667,Residential: Multifamily (5 or more units)
262,New Construction,Fasteners,0.0466669852079471,0.2695595789201059,Residential: Multifamily (5 or more units)
262,New Construction,Fiberglass blanket,0.0384382883561985,0.0729264438670882,Residential: Multifamily (5 or more units)
262,New Construction,Flooring and tile - other,0.0381825498084092,0.0619655709014006,Residential: Multifamily (5 or more units)
262,New Construction,Glass mat gypsum board,1.646879954613117e-05,7.78974218532004e-06,Residential: Multifamily (5 or more units)
262,New Construction,Glazing - other,0.4248393403162224,2.1114515213716247,Residential: Multifamily (5 or more units)
262,New Construction,Glue laminated timber GLT,0.3696573148040117,0.1371428637922883,Residential: Multifamily (5 or more units)
262,New Construction,Gypsum board,66.33452894439726,13.469070585695084,Residential: Multifamily (5 or more units)
262,New Construction,Hardwood,0.0231285216594131,0.0139928318458726,Residential: Multifamily (5 or more units)
262,New Construction,Hollow structural sections HSS,0.930098128094346,2.278740413831148,Residential: Multifamily (5 or more units)
262,New Construction,Hot-rolled sections,0.1194740806376954,0.151070525038724,Residential: Multifamily (5 or more units)
262,New Construction,Insulated glass unit IGU,0.929719251939397,1.245823797598792,Residential: Multifamily (5 or more units)
262,New Construction,Loose-fill cellulose,1.5234634680606152,0.2864111319953956,Residential: Multifamily (5 or more units)
262,New Construction,Medium density fiberboard MDF,1.024992203585494,0.7215945113241878,Residential: Multifamily (5 or more units)
262,New Construction,Modified bitumen,1.82734961684496,1.1794016533566944,Residential: Multifamily (5 or more units)
262,New Construction,Mortar and grout,31.17168858145487,6.024948656753131,Residential: Multifamily (5 or more units)
262,New Construction,Other,0.0527330864877846,0.1497619656253085,Residential: Multifamily (5 or more units)
262,New Construction,Paint,0.8307058663661627,1.9097729609335985,Residential: Multifamily (5 or more units)
262,New Construction,Plate,0.0154569317089128,0.0360146508817669,Residential: Multifamily (5 or more units)
262,New Construction,Polyisocyanurate PIR,1.435474939588049,3.603042098366003,Residential: Multifamily (5 or more units)
262,New Construction,Precast,1.011985880822853,0.1578756162711745,Residential: Multifamily (5 or more units)
262,New Construction,Ready mix LW 3000,0.095818417943903,0.0216021001061057,Residential: Multifamily (5 or more units)
262,New Construction,Ready mix LW 4000,67.8816580046781,18.69920577231641,Residential: Multifamily (5 or more units)
262,New Construction,Ready mix NW 5000,30.8018094705716,6.126250692844511,Residential: Multifamily (5 or more units)
262,New Construction,Ready mix NW 6000,106.70338007557494,21.519220168228745,Residential: Multifamily (5 or more units)
262,New Construction,Rebar and reinforcement,7.663930632434527,12.575105889771702,Residential: Multifamily (5 or more units)
262,New Construction,Roll formed metal panel steel,0.0313991530223814,0.0731600265421486,Residential: Multifamily (5 or more units)
262,New Construction,Softwood framing,9.702674439597317,1.6300493058523489,Residential: Multifamily (5 or more units)
262,New Construction,Softwood plywood,14.561058854450364,3.844119537574896,Residential: Multifamily (5 or more units)
262,New Construction,Spray applied cementitious,0.1304450489085284,0.1487073557557224,Residential: Multifamily (5 or more units)
262,New Construction,Steel - other,1.376643160146165,3.420817007854956,Residential: Multifamily (5 or more units)
262,New Construction,Steel sheet,0.0164537711094339,0.0383372866849811,Residential: Multifamily (5 or more units)
262,New Construction,Stucco finish,2.1391585324179685,1.0246569370282068,Residential: Multifamily (5 or more units)
262,New Construction,Suspension assembly,0.00562922939307,0.0136790274251602,Residential: Multifamily (5 or more units)
262,New Construction,Vinyl framed window,0.4183090535849056,1.1210682636075473,Residential: Multifamily (5 or more units)
262,New Construction,Wall coverings,0.0059836764993632,0.0027866273551341,Residential: Multifamily (5 or more units)
262,New Construction,Wood I joists,6.189264621429979,2.847061725857791,Residential: Multifamily (5 or more units)
262,New Construction,Wood and composites - other,0.1605781931262996,0.0378964535778067,Residential: Multifamily (5 or more units)
262,New Construction,Wood door frame,0.0070190863207547,0.0308839798113207,Residential: Multifamily (5 or more units)
263,New Construction,Acoustic ceiling tile fiber,2.567462929759249,3.49174958447258,Residential: Multifamily (5 or more units)
263,New Construction,Air and vapor barriers,0.0603936041751028,0.1582312429387694,Residential: Multifamily (5 or more units)
263,New Construction,Aluminum - other,0.0391357347251014,0.0641826049491663,Residential: Multifamily (5 or more units)
263,New Construction,Architectural fiber cement panel,0.0975979738999511,0.0629506931654684,Residential: Multifamily (5 or more units)
263,New Construction,Ceramic tile,0.061316024626728,0.0160647984522027,Residential: Multifamily (5 or more units)
263,New Construction,Coatings - other,0.0153973613114319,0.1133229669804066,Residential: Multifamily (5 or more units)
263,New Construction,Concrete - other,7.682237615571464,1.0831955037955765,Residential: Multifamily (5 or more units)
263,New Construction,Extruded polystyrene XPS,0.4512229291166087,29.32658676851847,Residential: Multifamily (5 or more units)
263,New Construction,Extrusion,0.1567438159371786,1.3149221578756014,Residential: Multifamily (5 or more units)
263,New Construction,Fasteners,0.0347381693405356,0.1442270150170015,Residential: Multifamily (5 or more units)
263,New Construction,Fiberglass blanket,0.8308974422681563,1.745752639917396,Residential: Multifamily (5 or more units)
263,New Construction,Glue laminated timber GLT,0.4911934499687365,0.1822327699384012,Residential: Multifamily (5 or more units)
263,New Construction,Gypsum board,74.3441490032041,15.093014411195858,Residential: Multifamily (5 or more units)
263,New Construction,Hardwood,0.0548128213197099,0.0501004248658705,Residential: Multifamily (5 or more units)
263,New Construction,Hollow structural sections HSS,0.1102115958546947,0.2843459173051125,Residential: Multifamily (5 or more units)
263,New Construction,Hot-rolled sections,0.0207441622610081,0.0200803490686559,Residential: Multifamily (5 or more units)
263,New Construction,Insulated glass unit IGU,1.4310924936641507,1.917663941509962,Residential: Multifamily (5 or more units)
263,New Construction,Laminated strand lumber LSL,0.3361615058203608,0.1317753102815814,Residential: Multifamily (5 or more units)
263,New Construction,Laminated veneer lumber LVL,0.1376413285476166,0.0509272915626181,Residential: Multifamily (5 or more units)
263,New Construction,Modified bitumen,2.232439686144561,1.9578496047487797,Residential: Multifamily (5 or more units)
263,New Construction,Mortar and grout,0.0108711930957705,0.005733838572102,Residential: Multifamily (5 or more units)
263,New Construction,Oriented strand board OSB,7.302222199931986,2.8624711023733385,Residential: Multifamily (5 or more units)
263,New Construction,Other,0.2995077784100036,0.8506020906844101,Residential: Multifamily (5 or more units)
263,New Construction,Paint,0.1380059791440095,0.3039896710419288,Residential: Multifamily (5 or more units)
263,New Construction,Polyisocyanurate PIR,0.3152201796594902,0.8663649676600947,Residential: Multifamily (5 or more units)
263,New Construction,Ready mix NW 4000,0.0012473114877907,0.0002018196876619,Residential: Multifamily (5 or more units)
263,New Construction,Ready mix unknown,381.3334829677084,80.50034918668284,Residential: Multifamily (5 or more units)
263,New Construction,Rebar and reinforcement,9.698793760622548,9.544966271401703,Residential: Multifamily (5 or more units)
263,New Construction,Softwood framing,11.151843877201603,1.87350977136987,Residential: Multifamily (5 or more units)
263,New Construction,Softwood plywood,4.458084391642007,1.1769342793934898,Residential: Multifamily (5 or more units)
263,New Construction,Steel - other,1.5703399229929762,4.372993615481594,Residential: Multifamily (5 or more units)
263,New Construction,Stucco finish,6.180059330837438,2.960248419471133,Residential: Multifamily (5 or more units)
263,New Construction,Synthetic composites,0.0087005335837534,0.0105276456363417,Residential: Multifamily (5 or more units)
263,New Construction,Vinyl framed window,0.5821841971014492,1.560253648231884,Residential: Multifamily (5 or more units)
263,New Construction,Wood I joists,4.150342886516698,1.9091577277976808,Residential: Multifamily (5 or more units)
264,New Construction,Adhesives and sealants,0.0218792470062968,0.0598106277168929,Public Assembly
264,New Construction,Air and vapor barriers,1.7771749628011428,3.2141073702075005,Public Assembly
264,New Construction,Aluminum - other,0.4909151678702513,2.7589432434308123,Public Assembly
264,New Construction,Aluminum sheet,20.59428059051081,115.73985691867075,Public Assembly
264,New Construction,Ceramic tile,1.350601150129448,0.3538575013339154,Public Assembly
264,New Construction,Coatings - other,0.0153149140281191,0.1585324004104028,Public Assembly
264,New Construction,Cold formed steel framing,4.732189481950448,12.084405254707104,Public Assembly
264,New Construction,Cross laminated timber CLT,2.1574213164029103,0.8004033083854799,Public Assembly
264,New Construction,Decking,0.1944357917704291,0.5016443427677072,Public Assembly
264,New Construction,Extruded polystyrene XPS,0.0572829715068621,3.723024531451566,Public Assembly
264,New Construction,Fasteners,0.0396574601842002,0.160612713746011,Public Assembly
264,New Construction,Fiberglass blanket,0.0371721915657118,0.0800516494922256,Public Assembly
264,New Construction,Flooring and tile - other,0.0002313664251437,0.0003354813164584,Public Assembly
264,New Construction,Glass mat gypsum board,4.99607712791527,2.363144481503922,Public Assembly
264,New Construction,Glue laminated timber GLT,0.2444433256744499,0.0906884738252209,Public Assembly
264,New Construction,Gypsum board,32.21268569516731,7.43284701964928,Public Assembly
264,New Construction,Hollow structural sections HSS,11.438442308757253,29.09835051068425,Public Assembly
264,New Construction,Hot-rolled sections,16.34948300074427,15.826299544720452,Public Assembly
264,New Construction,Insulation - other,0.0219561832342393,0.1216372551176861,Public Assembly
264,New Construction,Mineral wool high density,4.750111021785487,8.502698728996021,Public Assembly
264,New Construction,Modified bitumen,0.0601010991401721,0.0494031034932215,Public Assembly
264,New Construction,Mortar and grout,1.1826164352655202,0.458423140157933,Public Assembly
264,New Construction,Paint,0.3986745509092991,0.9859519443466976,Public Assembly
264,New Construction,Plate,0.9041664891045554,2.106707919613614,Public Assembly
264,New Construction,Polyisocyanurate PIR,2.7166215744303392,6.818720151820152,Public Assembly
264,New Construction,Ready mix NW 2500,2.886634578894396,0.4080768197691757,Public Assembly
264,New Construction,Ready mix NW 4000,45.69046714492279,7.286016203687954,Public Assembly
264,New Construction,Ready mix unknown,89.14367434858225,91.81798457903972,Public Assembly
264,New Construction,Rebar and reinforcement,2.431516300492054,4.644196133939824,Public Assembly
264,New Construction,Softwood framing,1.5497052369885098,0.2603504798140696,Public Assembly
264,New Construction,Softwood plywood,0.690166405642399,0.1822039310895933,Public Assembly
264,New Construction,Spray applied cementitious,1.9944468763518888,2.2736694390411536,Public Assembly
264,New Construction,Steel - other,0.529657750551967,1.3665169964240746,Public Assembly
264,New Construction,Stone masonry,16.344051773480995,5.017623894458666,Public Assembly
264,New Construction,TPO,0.5741988227118179,1.829075911514963,Public Assembly
264,New Construction,Wall coverings,0.0006447682528709,0.012830888232132,Public Assembly
264,New Construction,Wood I joists,0.2337971086415521,0.1075466699751139,Public Assembly
265,New Construction,Adhesives and sealants,0.2618118587367242,0.7173644929386245,Residential: Multifamily (5 or more units)
265,New Construction,Air and vapor barriers,0.0432144187360763,0.11322177708852,Residential: Multifamily (5 or more units)
265,New Construction,Aluminum - other,0.0434341668949333,0.0712320337076907,Residential: Multifamily (5 or more units)
265,New Construction,Architectural fiber cement panel,1.2904195919864454,0.8323206368312572,Residential: Multifamily (5 or more units)
265,New Construction,CMU,3.0696026511325822,0.3437954969268492,Residential: Multifamily (5 or more units)
265,New Construction,Ceramic tile,0.0984792918715077,0.025801574470335,Residential: Multifamily (5 or more units)
265,New Construction,Coatings - other,0.0028601820073573,0.0301986913113377,Residential: Multifamily (5 or more units)
265,New Construction,Concrete - other,26.03707864932605,3.671228089554973,Residential: Multifamily (5 or more units)
265,New Construction,Decking,0.0128794683588629,0.0305243400105051,Residential: Multifamily (5 or more units)
265,New Construction,Extruded polystyrene XPS,0.5021801721076267,32.63847965256642,Residential: Multifamily (5 or more units)
265,New Construction,Extrusion,0.9221277159083078,6.980250279547473,Residential: Multifamily (5 or more units)
265,New Construction,Fasteners,0.0322851535989407,0.1460124870446793,Residential: Multifamily (5 or more units)
265,New Construction,Fiberglass blanket,0.518218766737107,1.1463116437405163,Residential: Multifamily (5 or more units)
265,New Construction,Glue laminated timber GLT,0.7774940338269474,0.2884502865497975,Residential: Multifamily (5 or more units)
265,New Construction,Gypsum board,73.46522323050493,14.9134403157925,Residential: Multifamily (5 or more units)
265,New Construction,Hardwood,1.00289389272541,0.5918204885708919,Residential: Multifamily (5 or more units)
265,New Construction,Hollow structural sections HSS,0.4922003186182427,1.2168181490244576,Residential: Multifamily (5 or more units)
265,New Construction,Hot-rolled sections,0.2370165847557001,0.2294320540435176,Residential: Multifamily (5 or more units)
265,New Construction,Insulated glass unit IGU,1.655599840830752,2.218503786713208,Residential: Multifamily (5 or more units)
265,New Construction,Laminated strand lumber LSL,0.2109860061420066,0.0827065144076665,Residential: Multifamily (5 or more units)
265,New Construction,Laminated veneer lumber LVL,0.3462062278619207,0.1280963043089106,Residential: Multifamily (5 or more units)
265,New Construction,Modified bitumen,2.6936002916934463,1.9832042095298208,Residential: Multifamily (5 or more units)
265,New Construction,Mortar and grout,1.930725671825648,0.373958763366028,Residential: Multifamily (5 or more units)
265,New Construction,Oriented strand board OSB,8.098866127928817,3.1747555221480965,Residential: Multifamily (5 or more units)
265,New Construction,Other,0.2128821236425808,0.6045852311449298,Residential: Multifamily (5 or more units)
265,New Construction,Paint,0.254332733827084,0.575827818294803,Residential: Multifamily (5 or more units)
265,New Construction,Polyisocyanurate PIR,1.0719221081747274,2.910042902558623,Residential: Multifamily (5 or more units)
265,New Construction,Ready mix unknown,394.44923210798856,73.71436224136002,Residential: Multifamily (5 or more units)
265,New Construction,Rebar and reinforcement,11.062693942162332,10.832055428455526,Residential: Multifamily (5 or more units)
265,New Construction,Roll formed metal panel steel,0.0024024420677981,0.0055976900179697,Residential: Multifamily (5 or more units)
265,New Construction,Softwood framing,11.924759658637416,2.003359622651086,Residential: Multifamily (5 or more units)
265,New Construction,Softwood plywood,1.6482070981297403,0.4351266739062515,Residential: Multifamily (5 or more units)
265,New Construction,Steel - other,2.2056936075061917,5.740680569708484,Residential: Multifamily (5 or more units)
265,New Construction,Stucco finish,4.392620991581841,2.1040654549677016,Residential: Multifamily (5 or more units)
265,New Construction,Vinyl framed window,0.5696301084444441,1.5266086906311105,Residential: Multifamily (5 or more units)
265,New Construction,Wood I joists,6.304795681874291,2.9002060136621743,Residential: Multifamily (5 or more units)
266,New Construction,Adhesives and sealants,0.2359273564298683,0.644666171813124,Office
266,New Construction,Air and vapor barriers,0.1813210858153101,0.1405238415068653,Office
266,New Construction,Aluminum composite panel ACM,1.0412201025890844,8.27769981558322,Office
266,New Construction,Ceramic tile,0.7702455657335234,0.2018043382221831,Office
266,New Construction,Coatings - other,0.5410127696290616,6.953390893685241,Office
266,New Construction,Concrete - other,29.610177037017603,8.379680101475982,Office
266,New Construction,Extruded polystyrene XPS,0.0432032920447079,2.8079359692896766,Office
266,New Construction,Extrusion,1.9423847742151776,16.999059947850547,Office
266,New Construction,Fasteners,0.1363924071798978,0.5558483641009457,Office
266,New Construction,Fiberglass blanket,1.0099218840225406,1.752151600579738,Office
266,New Construction,Glass mat gypsum board,1.7096183010035273,0.8086494563746685,Office
266,New Construction,Glazing - other,2.843224844806147,14.130827478686554,Office
266,New Construction,Gypsum board,49.5957484294971,10.067936931187912,Office
266,New Construction,Hollow structural sections HSS,1.084991826001166,2.6826926825008743,Office
266,New Construction,Hot-rolled sections,0.1737365253222584,0.1681769565119462,Office
266,New Construction,Insulated glass unit IGU,4.29877316235348,5.760356037553662,Office
266,New Construction,Laminated veneer lumber LVL,23.594739971919992,8.730053789610398,Office
266,New Construction,Mortar and grout,0.3509856249724549,0.2303315762158758,Office
266,New Construction,PVC,0.6054337250994767,1.8768445478083788,Office
266,New Construction,Paint,0.4215920533075236,1.0118209279380563,Office
266,New Construction,Parallel strand lumber PSL,2.489842434312144,0.9212417006954934,Office
266,New Construction,Plate,7.254370673990869,16.912249792600523,Office
266,New Construction,Polyisocyanurate PIR,2.9887834342749104,7.830612597800265,Office
266,New Construction,Ready mix NW 4000,70.17845448144406,11.355137752424126,Office
266,New Construction,Ready mix NW 5000,2.353698675425,0.4250737848260878,Office
266,New Construction,Ready mix unknown,1725.314048221607,565.090325951085,Office
266,New Construction,Rebar and reinforcement,2.949845058442392,4.154402901724296,Office
266,New Construction,Resilient flooring vinyl,0.10069701019661,0.1389618740713218,Office
266,New Construction,Roll formed metal panel steel,4.500640760517553,10.4864929720059,Office
266,New Construction,Softwood framing,12.73331973639994,2.13919771571519,Office
266,New Construction,Softwood plywood,10.92392337257276,2.8839157703592084,Office
266,New Construction,Steel - other,6.082548777234027,14.184985422212929,Office
266,New Construction,Wood I joists,0.0012450224452847,0.000572710324831,Office
268,New Construction,Aluminum framed window,3.4009813580246915,67.83910962962963,Office
268,New Construction,Aluminum storefront or curtain wall,0.0077209876543209,0.0938996296296296,Office
268,New Construction,Brick clay,11.113629012345678,0.3681598765432098,Office
268,New Construction,CMU,35.04469135802469,9.176330740740742,Office
268,New Construction,Closed cell spray polyurethane foam,3.6847780246913584,11.482054197530864,Office
268,New Construction,Cold formed steel framing,4.626205925925926,6.90741987654321,Office
268,New Construction,Gypsum board,17.719563950617285,6.458438271604939,Office
268,New Construction,Hot-rolled sections,18.316666666666663,17.783594567901236,Office
268,New Construction,Polyisocyanurate PIR,0.2450848148148148,0.6340628395061728,Office
268,New Construction,Precast,255.9623525925926,68.78236308641975,Office
268,New Construction,Ready mix NW 4000,3.967407407407408,0.6943588888888889,Office
268,New Construction,Ready mix unknown,376.0201481481481,67.04438666666667,Office
268,New Construction,Rebar and reinforcement,11.620907407407408,6.223405925925926,Office
268,New Construction,Steel sheet,4.325780123456791,4.9591087654321,Office
268,New Construction,Stone masonry,0.2552887654320988,0.0521425925925925,Office
268,New Construction,TPO,0.0543648148148148,0.1819356790123457,Office
269,New Construction,Acoustic ceiling tile aluminum,0.4757715708737765,3.097272926388284,Office
269,New Construction,Acoustic ceiling tile fiber,1.0553386609972368,1.435260578956242,Office
269,New Construction,Adhesives and sealants,0.0379112607709563,0.1038768545124203,Office
269,New Construction,Air and vapor barriers,3.0220824222333733,2.510055030941354,Office
269,New Construction,Aluminum door,0.1522899420988235,0.7294688226533649,Office
269,New Construction,Aluminum framed window,0.2205963867882353,2.3755525882150588,Office
269,New Construction,Coatings - other,1.0431879046298418,16.686765972823757,Office
269,New Construction,Cold formed steel framing,12.946323680404584,32.69570803808771,Office
269,New Construction,Doors and frames - other,0.4676713758508235,2.6127145356230965,Office
269,New Construction,Fasteners,0.7853054429046764,4.161367157043366,Office
269,New Construction,Fiberglass blanket,3.887991399147849,8.009262282244569,Office
269,New Construction,Flooring and tile - other,0.590476389368032,1.173857316776093,Office
269,New Construction,Gypsum board,29.04487861168009,7.086950381249943,Office
269,New Construction,Hot-rolled sections,46.00744736725137,44.535209051499336,Office
269,New Construction,Insulated glass unit IGU,1.3437203675823528,1.8005852925603532,Office
269,New Construction,Insulated metal panel IMP,6.383648829980173,19.076480815163567,Office
269,New Construction,Paint,0.5887975195146453,1.3866374120932958,Office
269,New Construction,Polyisocyanurate PIR,5.327592700016206,14.299022386266516,Office
269,New Construction,Ready mix NW 5000,232.49083493626327,53.20887045634618,Office
269,New Construction,Rebar and reinforcement,9.056244660133045,8.458532512564265,Office
269,New Construction,Roll formed metal panel steel,6.956039972346874,16.207573135568214,Office
269,New Construction,Softwood plywood,2.40619674558578,0.6352359408346459,Office
269,New Construction,Steel - other,1.9129183022673488,4.935329219849759,Office
269,New Construction,Steel door,2.58096258,9.03336903,Office
269,New Construction,Steel door frame,0.069039710117647,0.1898592028235294,Office
269,New Construction,Steel sheet,3.627027164566324,8.450973293439533,Office
269,New Construction,Suspension assembly,0.407399328615425,0.9899803685354828,Office
269,New Construction,Synthetic composites,0.2273593638382397,0.229632957476622,Office
269,New Construction,Wood or composite door,0.8956645464282353,0.3287088885391623,Office
27,New Construction,Adhesives and sealants,0.0103929042731249,0.0284765577083623,Other
27,New Construction,Aluminum sheet,0.2559365697525959,1.4383635220095892,Other
27,New Construction,CMU,11.960016590433874,1.339521858128594,Other
27,New Construction,Coatings - other,0.2478485935370887,3.503626764664612,Other
27,New Construction,Cold formed steel framing,0.0849352331503469,0.2334125766697422,Other
27,New Construction,Decking,0.1510613839984967,0.3897383707161214,Other
27,New Construction,Doors and frames - other,0.0368307670331076,0.2781614351400369,Other
27,New Construction,Extrusion,0.0020873846153846,0.0156762584615384,Other
27,New Construction,Gypsum board,0.3141936986607756,0.0656817675039239,Other
27,New Construction,Hollow structural sections HSS,5.54463489753941,13.586761082155167,Other
27,New Construction,Hot-rolled sections,9.521536711701472,9.216847536927023,Other
27,New Construction,Modified bitumen,0.4495728320773032,0.3695488679675432,Other
27,New Construction,Mortar and grout,13.731570153662428,2.525592518789517,Other
27,New Construction,PVC,0.0267479753753243,0.0829187236635056,Other
27,New Construction,Paint,0.0058521920929962,0.014045261023191,Other
27,New Construction,Polyisocyanurate PIR,0.0227158556187739,0.0570167976031226,Other
27,New Construction,Precast,1.5517787820406157,0.3491502259591384,Other
27,New Construction,Ready mix NW 4000,19.37867745412852,3.5913247962584465,Other
27,New Construction,Ready mix NW 5000,811.7610882127312,182.64624484786424,Other
27,New Construction,Rebar and reinforcement,136.10647111754852,127.13062202141018,Other
27,New Construction,Softwood plywood,0.2963042632574639,0.0782243254999704,Other
27,New Construction,Steel - other,0.0219835128682808,0.0572424990685484,Other
27,New Construction,Steel door,0.1636129730215384,0.3820225173430154,Other
27,New Construction,Steel sheet,1.7205167602874054,4.008804051469655,Other
27,New Construction,Synthetic composites,0.0017238784615384,0.0097399133076922,Other
270,New Construction,Air and vapor barriers,0.056130909090909,0.0538327272727272,Residential: Multifamily (5 or more units)
270,New Construction,Carpet,0.33864,0.5581054545454546,Residential: Multifamily (5 or more units)
270,New Construction,Cold formed steel framing,1.3412545454545457,2.3063890909090907,Residential: Multifamily (5 or more units)
270,New Construction,Decking,1.0592763636363638,2.549781818181818,Residential: Multifamily (5 or more units)
270,New Construction,Extrusion,1.5634654545454545,11.830265454545454,Residential: Multifamily (5 or more units)
270,New Construction,Fiberglass blanket,1.276949090909091,5.640203636363636,Residential: Multifamily (5 or more units)
270,New Construction,Fiberglass door,0.4364509090909091,0.2667709090909091,Residential: Multifamily (5 or more units)
270,New Construction,Fiberglass framed window,2.2275636363636364,6.709094545454545,Residential: Multifamily (5 or more units)
270,New Construction,Glass mat gypsum board,1.082050909090909,0.4207090909090909,Residential: Multifamily (5 or more units)
270,New Construction,Glazing - other,0.3544436363636363,0.5068581818181818,Residential: Multifamily (5 or more units)
270,New Construction,Gypsum board,53.70218909090909,17.49798909090909,Residential: Multifamily (5 or more units)
270,New Construction,Hot-rolled sections,0.2221818181818181,0.53244,Residential: Multifamily (5 or more units)
270,New Construction,Laminated veneer lumber LVL,0.7470727272727272,0.3700909090909091,Residential: Multifamily (5 or more units)
270,New Construction,Mineral wool high density,9.341905454545454,13.12916,Residential: Multifamily (5 or more units)
270,New Construction,Modified bitumen,4.019221818181818,2.5444836363636365,Residential: Multifamily (5 or more units)
270,New Construction,Oriented strand board OSB,12.827556363636363,5.018883636363637,Residential: Multifamily (5 or more units)
270,New Construction,Other,0.4320254545454545,0.91724,Residential: Multifamily (5 or more units)
270,New Construction,Plate,0.344650909090909,0.5059490909090909,Residential: Multifamily (5 or more units)
270,New Construction,Ready mix LW 5000,49.88345818181818,12.056832727272727,Residential: Multifamily (5 or more units)
270,New Construction,Ready mix NW 5000,292.48623272727275,43.57923272727273,Residential: Multifamily (5 or more units)
270,New Construction,Ready mix unknown,8.061250909090909,7.945647272727273,Residential: Multifamily (5 or more units)
270,New Construction,Rebar and reinforcement,3.721432727272728,3.760181818181818,Residential: Multifamily (5 or more units)
270,New Construction,Resilient flooring vinyl,4.729767272727273,9.49144,Residential: Multifamily (5 or more units)
270,New Construction,Roll formed metal panel steel,1.2666472727272728,3.4683272727272727,Residential: Multifamily (5 or more units)
270,New Construction,Roofing and waterproofing - other,0.2109854545454545,0.3811454545454545,Residential: Multifamily (5 or more units)
270,New Construction,Softwood framing,43.01157818181818,4.2162690909090905,Residential: Multifamily (5 or more units)
270,New Construction,Softwood plywood,1.50852,0.5166145454545454,Residential: Multifamily (5 or more units)
270,New Construction,Steel - other,0.1027054545454545,0.7035490909090909,Residential: Multifamily (5 or more units)
270,New Construction,Steel door,1.477501818181818,4.430254545454546,Residential: Multifamily (5 or more units)
270,New Construction,TPO,0.16536,0.5247527272727273,Residential: Multifamily (5 or more units)
270,New Construction,Wood or composite door,24.135465454545454,14.739025454545455,Residential: Multifamily (5 or more units)
271,New Construction,Aluminum storefront or curtain wall,0.0908010752688172,0.9578064516129032,Transportation Hub
271,New Construction,Brick clay,31.50051075268817,7.4739408602150545,Transportation Hub
271,New Construction,Cold formed steel framing,2.7191129032258066,6.118005376344086,Transportation Hub
271,New Construction,Cross laminated timber CLT,52.97424193548387,3.1678333333333333,Transportation Hub
271,New Construction,Extrusion,8.138811827956989,80.9811559139785,Transportation Hub
271,New Construction,Glass mat gypsum board,7.233548387096774,2.404241935483871,Transportation Hub
271,New Construction,Glue laminated timber GLT,0.6828548387096773,0.2607096774193548,Transportation Hub
271,New Construction,Gypsum board,4.486930107526882,1.461994623655914,Transportation Hub
271,New Construction,Hollow structural sections HSS,12.193344086021504,24.71704301075269,Transportation Hub
271,New Construction,Hot-rolled sections,27.68156989247312,37.16303225806452,Transportation Hub
271,New Construction,Insulated glass unit IGU,3.7752311827956992,7.218435483870969,Transportation Hub
271,New Construction,Plate,4.87733870967742,7.159930107526882,Transportation Hub
271,New Construction,Polyisocyanurate PIR,11.099532258064515,43.26409139784946,Transportation Hub
271,New Construction,Ready mix NW 4000,493.2611989247312,61.76246774193549,Transportation Hub
271,New Construction,Rebar and reinforcement,0.2438655913978494,0.1371236559139785,Transportation Hub
271,New Construction,Roofing and waterproofing - other,0.8778333333333332,1.6863655913978497,Transportation Hub
271,New Construction,Steel - other,2.932048387096774,9.108182795698925,Transportation Hub
271,New Construction,Steel door,0.1292150537634408,0.5918279569892473,Transportation Hub
271,New Construction,TPO,0.5707741935483871,1.857462365591398,Transportation Hub
272,New Construction,Aluminum composite panel ACM,2.9787374301675977,25.59783798882681,Transportation Hub
272,New Construction,Aluminum storefront or curtain wall,13.54758659217877,126.35330726256984,Transportation Hub
272,New Construction,Cold formed steel framing,7.231687150837988,16.271301675977654,Transportation Hub
272,New Construction,Decking,17.054815642458102,51.66508379888268,Transportation Hub
272,New Construction,Extruded polystyrene XPS,0.8726424581005586,10.808670391061453,Transportation Hub
272,New Construction,Glass mat gypsum board,11.205988826815643,4.356977653631285,Transportation Hub
272,New Construction,Gypsum board,10.798743016759776,3.5514469273743017,Transportation Hub
272,New Construction,Hollow structural sections HSS,19.2441843575419,45.99361452513966,Transportation Hub
272,New Construction,Hot-rolled sections,34.14498882681564,39.60818994413408,Transportation Hub
272,New Construction,Mineral wool low density,5.054508379888269,5.033167597765363,Transportation Hub
272,New Construction,Open web joists,4.635832402234636,6.397446927374302,Transportation Hub
272,New Construction,Polyisocyanurate PIR,8.3936312849162,20.19759776536313,Transportation Hub
272,New Construction,Ready mix NW 4000,744.9272011173184,93.27420670391062,Transportation Hub
272,New Construction,Rebar and reinforcement,13.618072625698325,8.026111731843574,Transportation Hub
272,New Construction,Steel - other,7.742977653631285,23.765709497206704,Transportation Hub
272,New Construction,Steel door,0.2030949720670391,0.4692737430167598,Transportation Hub
272,New Construction,Stone masonry,39.058905027932965,7.628016759776536,Transportation Hub
272,New Construction,TPO,3.544960893854749,11.321,Transportation Hub
272,New Construction,Wood and composites - other,11.966748603351954,6.52949720670391,Transportation Hub
273,New Construction,Aluminum framed window,0.0440749999999999,0.2007153846153846,Education
273,New Construction,Aluminum storefront or curtain wall,0.5809365384615385,3.875382692307692,Education
273,New Construction,Brick clay,25.993519230769227,9.01961153846154,Education
273,New Construction,Cold formed steel framing,3.2100384615384616,7.0657826923076925,Education
273,New Construction,Decking,10.816434615384615,24.01248269230769,Education
273,New Construction,Fiberglass blanket,0.102001923076923,0.0810403846153846,Education
273,New Construction,Gypsum board,3.488592307692308,1.0738365384615385,Education
273,New Construction,Hollow structural sections HSS,3.681076923076923,7.284751923076923,Education
273,New Construction,Hot-rolled sections,36.740982692307696,46.753205769230775,Education
273,New Construction,Masonry - other,179.34274423076923,23.837640384615383,Education
273,New Construction,Mortar and grout,85.32873269230768,42.15725769230769,Education
273,New Construction,Open web joists,12.212101923076924,10.245953846153846,Education
273,New Construction,Paint,0.6101346153846154,1.4316807692307691,Education
273,New Construction,Plate,0.4884846153846153,0.7170942307692307,Education
273,New Construction,Polyisocyanurate PIR,5.199359615384616,12.511219230769232,Education
273,New Construction,Ready mix NW 4000,934.0507884615384,130.52252884615385,Education
273,New Construction,Rebar and reinforcement,59.96142115384615,31.048136538461534,Education
273,New Construction,Steel - other,1.939626923076923,5.931955769230769,Education
273,New Construction,Steel door,0.425,0.4936538461538461,Education
273,New Construction,TPO,0.8331711538461538,2.3265480769230766,Education
274,New Construction,Acoustic ceiling tile aluminum,0.02223742456,0.1447656338856,Healthcare
274,New Construction,Acoustic ceiling tile fiber,2.5340970846800004,3.4463720351648006,Healthcare
274,New Construction,Acoustic ceilings - other,0.0629876310133333,0.1140076121341333,Healthcare
274,New Construction,Adhesives and sealants,0.2961677923827333,0.5851839867871623,Healthcare
274,New Construction,Air and vapor barriers,0.098061871504,0.07943011591824,Healthcare
274,New Construction,Aluminum - other,0.0287246571786666,0.0471084377730133,Healthcare
274,New Construction,Aluminum composite panel ACM,0.0144637564466666,0.1149868637509999,Healthcare
274,New Construction,Aluminum door frame,0.1715545718,1.50110250325,Healthcare
274,New Construction,Aluminum framed window,0.0082840576,0.072485504,Healthcare
274,New Construction,Aluminum sheet,0.1205443330011333,0.6776101919680694,Healthcare
274,New Construction,Aluminum storefront or curtain wall,0.770095772944,7.70095772944,Healthcare
274,New Construction,CMU,10.774902438353331,1.2067890730955733,Healthcare
274,New Construction,Carpet,0.0576006593166666,0.2407707559436666,Healthcare
274,New Construction,Ceramic tile,0.2106915474666666,0.0552011854362666,Healthcare
274,New Construction,Coatings - other,0.0796505799650666,0.7720427012606287,Healthcare
274,New Construction,Cold formed steel framing,2.731327124206,4.765776385622546,Healthcare
274,New Construction,Concrete - other,0.0381275114533333,0.0087260292144395,Healthcare
274,New Construction,Decking,2.2366140930666667,5.386577041752,Healthcare
274,New Construction,Doors and frames - other,0.4867724050018,2.9017737515983075,Healthcare
274,New Construction,EPDM,0.5012103964264667,1.6138974764932228,Healthcare
274,New Construction,Extruded polystyrene XPS,0.5917118959900667,38.45746556738652,Healthcare
274,New Construction,Extrusion,0.410171981679,3.707074375673901,Healthcare
274,New Construction,Fasteners,0.0112022770158,0.0531179224008573,Healthcare
274,New Construction,Fiberglass blanket,0.730816346224,1.1488466604388865,Healthcare
274,New Construction,Flooring and tile - other,0.0097214671164666,0.0302262444626586,Healthcare
274,New Construction,Glass mat gypsum board,0.1105944492,0.0523111744716,Healthcare
274,New Construction,Glazing - other,1.377518567912,2.46256353317224,Healthcare
274,New Construction,Gypsum board,51.1205072647042,11.598086273716785,Healthcare
274,New Construction,Hardwood,0.0173507196466666,0.0076343166445333,Healthcare
274,New Construction,Hollow structural sections HSS,1.298797031725467,3.2693545827673454,Healthcare
274,New Construction,Hot-rolled sections,8.487028775972666,8.340744689046367,Healthcare
274,New Construction,Insulated glass unit IGU,1.4539373429313334,1.9482760395279863,Healthcare
274,New Construction,Insulation - other,1.1765117070506663,6.517874857060693,Healthcare
274,New Construction,Intumescent,0.1871170758760666,0.4734062019664485,Healthcare
274,New Construction,Mineral wool low density,0.2446651430358666,0.358818717625848,Healthcare
274,New Construction,Mortar and grout,13.535170966848666,2.58240757158979,Healthcare
274,New Construction,Oriented strand board OSB,4.141311152412067,1.62339397174553,Healthcare
274,New Construction,Other,0.1021688892566666,0.2380535119680333,Healthcare
274,New Construction,Paint,0.6189370350430666,1.4798228027253426,Healthcare
274,New Construction,Polyisocyanurate PIR,0.0061953869800666,0.0178528159614226,Healthcare
274,New Construction,Ready mix LW 3000,12.497120013126668,3.54902475171672,Healthcare
274,New Construction,Ready mix NW 3000,91.09355322846667,11.389461357384864,Healthcare
274,New Construction,Ready mix NW 4000,174.26119895086669,25.31181241614484,Healthcare
274,New Construction,Ready mix NW 5000,918.9723057272332,155.26272244150377,Healthcare
274,New Construction,Rebar and reinforcement,75.11264847039,73.41791182986437,Healthcare
274,New Construction,Roll formed metal panel aluminum,0.0123259244408,0.079625471887568,Healthcare
274,New Construction,Roll formed metal panel steel,0.2241086463333333,0.5221731459566666,Healthcare
274,New Construction,Softwood plywood,0.26923694672,0.07107855393408,Healthcare
274,New Construction,Spray applied cementitious,1.1801202094666667,1.345337038792,Healthcare
274,New Construction,Steel - other,1.0766954100330668,2.8773565102778664,Healthcare
274,New Construction,Steel door,0.5551082848326667,1.2883423013115731,Healthcare
274,New Construction,Steel door frame,0.0068038241706666,0.0187105164693333,Healthcare
274,New Construction,Steel framed window,0.0018931575039999,0.00831096144256,Healthcare
274,New Construction,Steel sheet,0.009926631836,0.02312905217788,Healthcare
274,New Construction,Stucco finish,0.2380122896841333,0.5974108471071746,Healthcare
274,New Construction,Suspension assembly,0.547114471046,1.32948816464178,Healthcare
274,New Construction,Synthetic composites,0.4541169192393333,1.6248242431277766,Healthcare
274,New Construction,TPO,0.5009098408474667,1.595782871629472,Healthcare
274,New Construction,Wall coverings,0.2244997398666666,0.1677013056804,Healthcare
274,New Construction,Wood or composite door,2.0484255982793336,0.78564886789763,Healthcare
275,New Construction,Acoustic ceiling tile fiber,1.5846084833050846,2.155067537294915,Office
275,New Construction,Adhesives and sealants,0.1458591138934745,0.1036514464432195,Office
275,New Construction,Aluminum - other,0.0107743838898305,0.0970771988473728,Office
275,New Construction,Aluminum composite panel ACM,0.0398222047033898,0.3165865273919491,Office
275,New Construction,Aluminum door,0.2047824397025423,0.8410514539640848,Office
275,New Construction,Aluminum sheet,0.032998518898305,0.1854516762084745,Office
275,New Construction,Aluminum storefront or curtain wall,1.0401774553461016,10.401774553461015,Office
275,New Construction,CMU,31.24274147635593,3.4991870453518645,Office
275,New Construction,Carpet,0.3537934693135593,1.5164624022688136,Office
275,New Construction,Ceramic tile,0.6906746037627118,0.1827306815107542,Office
275,New Construction,Closed cell spray polyurethane foam,0.5555156351313559,1.7498742506637712,Office
275,New Construction,Coatings - other,0.0464240523469491,0.7439270953448661,Office
275,New Construction,Cold formed steel framing,3.463645394578983,8.485931216718509,Office
275,New Construction,Concrete - other,0.3045997127118644,0.0475193066145417,Office
275,New Construction,Decking,10.362433167728812,24.558966607517288,Office
275,New Construction,Doors and frames - other,0.6279768069229661,1.5300370529015803,Office
275,New Construction,Extruded polystyrene XPS,0.3192557912819491,20.74957201911724,Office
275,New Construction,Extrusion,0.0070530488728813,0.0529683970353389,Office
275,New Construction,Fasteners,0.006942129583227,0.0322906004132581,Office
275,New Construction,Flooring and tile - other,0.0197333461423728,0.1093227376287457,Office
275,New Construction,GFRC general,1.4113374991491523,0.7644194841528966,Office
275,New Construction,Glass mat gypsum board,20.32948678154034,9.61584724766858,Office
275,New Construction,Glazing - other,0.6700100215766102,0.759083524398,Office
275,New Construction,Gypsum board,18.30198008438195,4.465683140589196,Office
275,New Construction,Hardwood,0.0004098467571186,0.0004426344976881,Office
275,New Construction,Hollow structural sections HSS,41.05867673249831,30.516204890493757,Office
275,New Construction,Hot-rolled sections,11.927863993559322,11.481375944738812,Office
275,New Construction,Insulated glass unit IGU,3.189939968937288,4.274519558375967,Office
275,New Construction,Intumescent,0.2789549633898305,0.7057560573762711,Office
275,New Construction,Mineral wool low density,1.9580618449152545,2.956673385822034,Office
275,New Construction,Mortar and grout,39.59865605910424,6.960310381932508,Office
275,New Construction,Open web joists,3.380063822576272,4.664488075155255,Office
275,New Construction,Other,0.0839669459491525,0.1956429840615254,Office
275,New Construction,Paint,0.2871310035786441,0.6902750872253338,Office
275,New Construction,Polyisocyanurate PIR,4.390020207576271,12.84834365704644,Office
275,New Construction,Ready mix LW 4000,96.3984027375678,21.8624704337575,Office
275,New Construction,Ready mix NW 4000,743.6138846810509,107.5107769521045,Office
275,New Construction,Rebar and reinforcement,30.492252352729068,29.484902022049894,Office
275,New Construction,Resilient flooring vinyl,0.3131326272033898,0.5915307913669492,Office
275,New Construction,Roll formed metal panel aluminum,0.1346518561373728,0.868455608054439,Office
275,New Construction,Roll formed metal panel steel,0.0897959199406779,0.2092244934617796,Office
275,New Construction,Softwood plywood,0.0126466999322033,0.0033387287821016,Office
275,New Construction,Steel - other,0.0235118986016949,0.0576041515741525,Office
275,New Construction,Steel door,0.3608015529144068,0.751870711563339,Office
275,New Construction,Steel door frame,0.0095991886644067,0.0263977688271186,Office
275,New Construction,Steel sheet,0.2544772857288135,0.5929320757481356,Office
275,New Construction,Suspension assembly,0.2890764732627118,0.7024558300283898,Office
275,New Construction,Synthetic composites,0.0813252027288135,0.2374695919681355,Office
275,New Construction,TPO,0.0640862554820339,0.2044351549876881,Office
275,New Construction,Wood door frame,0.0045304559322033,0.0199340061016949,Office
275,New Construction,Wood or composite door,1.033048354868644,0.3304071257814576,Office
275,New Construction,Zinc sheet,0.0509512722542372,0.288384200958983,Office
276,New Construction,Acoustic ceiling tile fiber,0.2166773808963855,0.2946812380190843,Public Assembly
276,New Construction,Adhesives and sealants,0.1324158142868433,0.7686923656597677,Public Assembly
276,New Construction,Air and vapor barriers,0.3731601951027952,0.4503047821159937,Public Assembly
276,New Construction,Aluminum door,0.2895216409889156,1.835784712244935,Public Assembly
276,New Construction,Aluminum door frame,0.0002547099759036,0.0022287122891566,Public Assembly
276,New Construction,Aluminum storefront or curtain wall,0.0051111223079518,0.051111223079518,Public Assembly
276,New Construction,Brick clay,1.9863312798554216,0.5740497398782168,Public Assembly
276,New Construction,CMU,8.159761685638555,0.913893308791518,Public Assembly
276,New Construction,Ceramic tile,0.585074409146988,0.1532894951965108,Public Assembly
276,New Construction,Coatings - other,0.015479191730265,0.2278316539689923,Public Assembly
276,New Construction,Cold formed steel framing,1.6762541341763857,4.143520748499701,Public Assembly
276,New Construction,Concrete - other,0.9734386766303617,0.1608594003085299,Public Assembly
276,New Construction,Decking,0.005594338179759,0.0144333925037783,Public Assembly
276,New Construction,Doors and frames - other,0.3379256282830361,1.3141014389759749,Public Assembly
276,New Construction,EPDM,0.1898585385175903,0.6113444940266409,Public Assembly
276,New Construction,Extruded polystyrene XPS,1.0988131673023134,71.2242990767077,Public Assembly
276,New Construction,Extrusion,0.3729072509286747,3.5196870814489496,Public Assembly
276,New Construction,Fasteners,0.0146119979110361,0.0599923162619556,Public Assembly
276,New Construction,Flooring and tile - other,7.085796168674699,2.763460505783133,Public Assembly
276,New Construction,Glass mat gypsum board,1.8048412475797595,0.8536899101052261,Public Assembly
276,New Construction,Gypsum board,12.30184978009253,2.6794375209191568,Public Assembly
276,New Construction,Hardwood,0.0028381730978313,0.0030652269456578,Public Assembly
276,New Construction,Hollow structural sections HSS,54.089495942108336,139.35477931701362,Public Assembly
276,New Construction,Hot-rolled sections,4.540322444141205,4.383192224224751,Public Assembly
276,New Construction,Insulated glass unit IGU,0.3869562897168193,0.8139452483020819,Public Assembly
276,New Construction,Mortar and grout,9.94772519632588,2.0151524552444062,Public Assembly
276,New Construction,Open web joists,0.3827486983084337,0.5281932036656386,Public Assembly
276,New Construction,Other,0.019283918406265,0.0547663282737927,Public Assembly
276,New Construction,Paint,0.1220425149581204,0.2945458174377561,Public Assembly
276,New Construction,Ready mix NW 3000,75.86481322879037,9.890712620156664,Public Assembly
276,New Construction,Ready mix NW 5000,231.2995364288916,41.77228393969985,Public Assembly
276,New Construction,Rebar and reinforcement,13.219225250387035,25.26624008731857,Public Assembly
276,New Construction,Roll formed metal panel steel,0.1149171879359036,0.2677570478906554,Public Assembly
276,New Construction,Softwood plywood,0.0076984295518072,0.0020323854016771,Public Assembly
276,New Construction,Steel - other,0.0399247143151807,0.0988421232805012,Public Assembly
276,New Construction,Steel door,0.2561232044915662,0.5806712015357108,Public Assembly
276,New Construction,Steel door frame,0.0094072527016867,0.0258699449296385,Public Assembly
276,New Construction,Steel sheet,0.5673220073614458,1.3352908587126264,Public Assembly
276,New Construction,Stucco finish,7.810508519354217,3.7412335807706696,Public Assembly
276,New Construction,Suspension assembly,0.0460490828433734,0.1118992713093975,Public Assembly
276,New Construction,Synthetic composites,17.684229095869878,51.57112422337026,Public Assembly
276,New Construction,TPO,5.843870388915662,19.284772283421688,Public Assembly
276,New Construction,Wall coverings,0.0219461152387951,0.0107755425822484,Public Assembly
276,New Construction,Wood and composites - other,0.0035132862250602,0.0016231382359778,Public Assembly
276,New Construction,Wood or composite door,0.0180098475392771,0.0109757526524318,Public Assembly
277,New Construction,Cold formed steel framing,0.0656936507936507,0.0976470899470899,Warehouse and Storage
277,New Construction,Decking,6.140205291005291,16.332946031746033,Warehouse and Storage
277,New Construction,Expanded polystyrene EPS,2.7472296296296297,8.351578306878306,Warehouse and Storage
277,New Construction,Extruded polystyrene XPS,0.0078126984126984,0.1937513227513227,Warehouse and Storage
277,New Construction,Extrusion,1.3057301587301586,21.67512222222222,Warehouse and Storage
277,New Construction,Fiberglass door,0.0105820105820105,0.0803174603174603,Warehouse and Storage
277,New Construction,Glass mat gypsum board,0.1104031746031746,0.0339386243386243,Warehouse and Storage
277,New Construction,Glazing - other,0.2436375661375661,0.3484015873015873,Warehouse and Storage
277,New Construction,Hollow structural sections HSS,2.3260185185185183,8.467766137566137,Warehouse and Storage
277,New Construction,Hot-rolled sections,0.2517232804232804,0.2869645502645502,Warehouse and Storage
277,New Construction,Open web joists,7.7583126984126976,11.482302645502644,Warehouse and Storage
277,New Construction,Precast,183.1767365079365,27.204632804232805,Warehouse and Storage
277,New Construction,Ready mix NW 4000,442.6237756613757,79.29477671957672,Warehouse and Storage
277,New Construction,Ready mix NW 5000,34.10247301587302,7.481332804232804,Warehouse and Storage
277,New Construction,Rebar and reinforcement,22.378759788359787,20.47377830687831,Warehouse and Storage
277,New Construction,Roll formed metal panel steel,0.0287904761904761,0.0788259259259259,Warehouse and Storage
277,New Construction,Steel door,0.7079164021164022,4.047834391534392,Warehouse and Storage
277,New Construction,TPO,1.3475169312169313,2.5173920634920632,Warehouse and Storage
278,New Construction,Aluminum - other,0.1682745142857143,2.0660662857142857,Residential: Multifamily (5 or more units)
278,New Construction,Aluminum composite panel ACM,0.0177586285714285,0.0657727999999999,Residential: Multifamily (5 or more units)
278,New Construction,Brick clay,25.819904,6.1261376,Residential: Multifamily (5 or more units)
278,New Construction,CMU,49.8128,7.6350144,Residential: Multifamily (5 or more units)
278,New Construction,Cold formed steel framing,1.5325174857142856,2.277933942857143,Residential: Multifamily (5 or more units)
278,New Construction,Expanded polystyrene EPS,0.5021122285714286,2.197826742857143,Residential: Multifamily (5 or more units)
278,New Construction,Extruded polystyrene XPS,0.0254973714285714,0.3158144,Residential: Multifamily (5 or more units)
278,New Construction,Extrusion,0.0149965714285714,0.1250715428571428,Residential: Multifamily (5 or more units)
278,New Construction,Fiberglass blanket,3.503821485714285,7.077720457142857,Residential: Multifamily (5 or more units)
278,New Construction,Glass mat gypsum board,3.516970742857143,1.2540208000000002,Residential: Multifamily (5 or more units)
278,New Construction,Glazing - other,1.3266651428571428,1.886517714285714,Residential: Multifamily (5 or more units)
278,New Construction,Gypsum board,58.23158354285714,19.501674057142857,Residential: Multifamily (5 or more units)
278,New Construction,Hollow structural sections HSS,0.8524706285714285,1.7280377142857142,Residential: Multifamily (5 or more units)
278,New Construction,Hot-rolled sections,0.4775707428571428,0.5826365714285714,Residential: Multifamily (5 or more units)
278,New Construction,Insulation - other,0.0244525714285714,0.0182566857142857,Residential: Multifamily (5 or more units)
278,New Construction,Plate,0.0440365714285714,0.0788253714285714,Residential: Multifamily (5 or more units)
278,New Construction,Polyisocyanurate PIR,0.2820539428571428,1.1312256,Residential: Multifamily (5 or more units)
278,New Construction,Ready mix NW 2500,2.327588571428572,0.2711252571428571,Residential: Multifamily (5 or more units)
278,New Construction,Ready mix NW 4000,109.81906285714284,13.750719314285714,Residential: Multifamily (5 or more units)
278,New Construction,Ready mix NW 5000,382.3412352,56.9672512,Residential: Multifamily (5 or more units)
278,New Construction,Ready mix unknown,70.55103360000001,12.375559314285711,Residential: Multifamily (5 or more units)
278,New Construction,Rebar and reinforcement,23.48789645714286,21.25719017142857,Residential: Multifamily (5 or more units)
278,New Construction,Roll formed metal panel aluminum,0.0125853714285714,0.0476754285714285,Residential: Multifamily (5 or more units)
278,New Construction,Softwood framing,25.744938285714284,3.5326528,Residential: Multifamily (5 or more units)
278,New Construction,Softwood plywood,5.802026057142857,2.6291328,Residential: Multifamily (5 or more units)
278,New Construction,Steel - other,0.5053915428571428,0.3961659428571428,Residential: Multifamily (5 or more units)
278,New Construction,Steel door,0.4693508571428572,1.3769890285714286,Residential: Multifamily (5 or more units)
278,New Construction,Steel door frame,0.1988571428571428,0.4076571428571429,Residential: Multifamily (5 or more units)
278,New Construction,Synthetic composites,0.0982745142857142,0.2133053714285714,Residential: Multifamily (5 or more units)
278,New Construction,TPO,0.2435764571428571,0.8476459428571429,Residential: Multifamily (5 or more units)
278,New Construction,Wood I joists,2.6325696000000005,1.1949682285714285,Residential: Multifamily (5 or more units)
278,New Construction,Wood or composite door,1.5853165714285715,1.885104,Residential: Multifamily (5 or more units)
279,New Construction,Acoustic ceiling tile fiber,1.3679194879746834,4.774039013031647,Healthcare
279,New Construction,Adhesives and sealants,0.3918005845822784,0.5826446691648292,Healthcare
279,New Construction,Air and vapor barriers,0.9587133449120252,1.0838383722363356,Healthcare
279,New Construction,Aluminum - other,0.0331408075443038,0.1080390325944303,Healthcare
279,New Construction,Aluminum door,0.1284508006772151,0.516372218722405,Healthcare
279,New Construction,Aluminum sheet,0.1283447443607595,0.7212974633074684,Healthcare
279,New Construction,Brick clay,30.098814663044305,8.698557437619804,Healthcare
279,New Construction,Carpet,0.792828195556962,4.581482627071772,Healthcare
279,New Construction,Ceramic tile,0.3792543653797468,0.0993646437294936,Healthcare
279,New Construction,Closed cell spray polyurethane foam,0.0099216495379746,0.0352218558598101,Healthcare
279,New Construction,Coatings - other,0.0250576354759493,0.4145872952960316,Healthcare
279,New Construction,Cold formed steel framing,7.894815835068987,19.33512457388864,Healthcare
279,New Construction,Concrete - other,2.6283092449367085,0.410031354842829,Healthcare
279,New Construction,Decking,9.19387688670886,23.72020236770886,Healthcare
279,New Construction,Doors and frames - other,0.2360774809848101,1.5312044771646012,Healthcare
279,New Construction,EPDM,1.348805136491139,4.5912439396881775,Healthcare
279,New Construction,Extruded polystyrene XPS,0.5256177402613924,34.161770761575745,Healthcare
279,New Construction,Extrusion,0.863924287777848,7.827154047267303,Healthcare
279,New Construction,Fiberglass blanket,0.6640145967278481,1.1487452523391772,Healthcare
279,New Construction,Flooring and tile - other,0.3402576004063291,0.6764264939587974,Healthcare
279,New Construction,Glass mat gypsum board,11.460950032949368,5.421029365585051,Healthcare
279,New Construction,Glazing - other,2.605130395455696,3.883828068059493,Healthcare
279,New Construction,Gypsum board,37.49781169406329,9.046620992265368,Healthcare
279,New Construction,Hardwood,0.7150021053417721,0.436151284258481,Healthcare
279,New Construction,Hollow structural sections HSS,9.328508736727848,22.85484640498323,Healthcare
279,New Construction,Hot-rolled sections,20.475902001962027,19.82067313789924,Healthcare
279,New Construction,Insulated glass unit IGU,3.921290430582912,4.560654630968038,Healthcare
279,New Construction,Mortar and grout,6.133666760918987,0.6342106698489608,Healthcare
279,New Construction,Open web joists,3.1396417955696205,4.332705677886076,Healthcare
279,New Construction,Other,0.3533812564556962,1.003602768334177,Healthcare
279,New Construction,Paint,1.3558738911525317,3.2790960963337783,Healthcare
279,New Construction,Polyisocyanurate PIR,2.867734501746835,7.703052939714683,Healthcare
279,New Construction,Precast,2.657304957594937,0.4145548527412557,Healthcare
279,New Construction,Ready mix LW 3000,2.77314725,0.7875389065694652,Healthcare
279,New Construction,Ready mix NW 3000,19.30714720379747,3.0120259788203305,Healthcare
279,New Construction,Ready mix NW 4000,123.72100009936707,23.42388214781265,Healthcare
279,New Construction,Ready mix NW 5000,378.169861730443,86.54961039141985,Healthcare
279,New Construction,Rebar and reinforcement,19.963038991329118,38.129404473438605,Healthcare
279,New Construction,Softwood plywood,0.5091981797974684,0.1344283194665316,Healthcare
279,New Construction,Steel - other,0.4261047588613924,0.7821810276914519,Healthcare
279,New Construction,Steel door,0.0993018838797468,0.2259480136018987,Healthcare
279,New Construction,Steel framed window,0.5354206262658228,2.2273498052658227,Healthcare
279,New Construction,Steel sheet,1.8431410007594935,4.29451853176962,Healthcare
279,New Construction,Stucco finish,10.937531287341772,5.239077486636709,Healthcare
279,New Construction,Suspension assembly,0.569331039050633,1.3834744248930382,Healthcare
279,New Construction,Wood or composite door,0.4407949228481013,0.2270093852667721,Healthcare
28,New Construction,Acoustic ceiling tile fiber,1.4705035147236911,2.1694669606011163,Education
28,New Construction,Adhesives and sealants,0.3728779932402478,0.3916506946248465,Education
28,New Construction,Air and vapor barriers,0.6761410437097313,0.8672333876837806,Education
28,New Construction,Aluminum - other,1.961339500273904,11.02272799153934,Education
28,New Construction,Aluminum door frame,0.1436437360947021,1.2568826908286437,Education
28,New Construction,Aluminum sheet,0.0416360585839142,0.237049679870044,Education
28,New Construction,Aluminum storefront or curtain wall,1.521710898017507,15.21710898017507,Education
28,New Construction,Architectural fiber cement panel,0.3750309596779257,0.2418949689922621,Education
28,New Construction,Carpet,0.7550694767117695,3.1561904126551967,Education
28,New Construction,Ceramic tile,2.474804319672306,0.6483987317541444,Education
28,New Construction,Coatings - other,0.1187343146355583,1.251294339561814,Education
28,New Construction,Cold formed steel framing,4.509558577398068,11.048418514625268,Education
28,New Construction,Concrete - other,9.816261315337186,2.2086587959508672,Education
28,New Construction,Decking,0.1970884752706278,0.47172708953992,Education
28,New Construction,Doors and frames - other,0.5423490099352591,2.299774751533551,Education
28,New Construction,EPDM,0.0191493566644653,0.0664482676256946,Education
28,New Construction,Extruded polystyrene XPS,0.7013703575264515,45.58455991395495,Education
28,New Construction,Extrusion,1.7068496816483436,12.81844110917906,Education
28,New Construction,Fasteners,0.0253253993832291,0.1149011221503262,Education
28,New Construction,Fiberglass blanket,1.0775899742840929,1.995022547354596,Education
28,New Construction,Flooring and tile - other,0.1515402839509933,0.435360545608502,Education
28,New Construction,Glass mat gypsum board,6.442748629434118,3.047420101722338,Education
28,New Construction,Glazing - other,1.002818250490602,1.5407611127389398,Education
28,New Construction,Gypsum board,39.07807411790359,9.16409105740435,Education
28,New Construction,Hardwood,0.0045332384521153,0.0031732669164807,Education
28,New Construction,Hollow structural sections HSS,4.56043755144217,12.312219373009064,Education
28,New Construction,Hot-rolled sections,2.156823231914717,2.087804888493446,Education
28,New Construction,Insulated glass unit IGU,3.8601392953425,5.17258665575895,Education
28,New Construction,Mineral wool high density,3.3158848763960305,5.52290190368894,Education
28,New Construction,Mortar and grout,0.4808862402113695,0.2767839701022187,Education
28,New Construction,Other,0.2077889850405748,0.5370999255688038,Education
28,New Construction,Paint,0.6189441649766626,1.4752571901285003,Education
28,New Construction,Plate,5.645416527914294,13.153820510040305,Education
28,New Construction,Polyisocyanurate PIR,0.018044713603195,0.0452922311440196,Education
28,New Construction,Precast,0.2099750292643134,0.0335960046822901,Education
28,New Construction,Ready mix NW 3000,160.52213359660217,25.68354137545636,Education
28,New Construction,Ready mix NW 4000,1331.242619675142,246.71057357718868,Education
28,New Construction,Rebar and reinforcement,57.58888551888967,109.99477134107929,Education
28,New Construction,Roll formed metal panel steel,2.4695458556666074,5.754041843703196,Education
28,New Construction,Softwood framing,0.0154742075266292,0.0029555736375861,Education
28,New Construction,Softwood plywood,0.1104725968802846,0.0291647655763951,Education
28,New Construction,Steel - other,5.296582986736799,13.490840932392492,Education
28,New Construction,Steel door,0.3187199580923077,0.731339698608,Education
28,New Construction,Steel door frame,0.019318364676923,0.0531255028615384,Education
28,New Construction,Steel sheet,0.0056351666212198,0.0131299382274421,Education
28,New Construction,Stucco finish,2.1423645405569616,1.0261926149267846,Education
28,New Construction,Suspension assembly,0.3287329479858538,0.7988210636056249,Education
28,New Construction,TPO,0.3509116805559688,1.1053717937513017,Education
28,New Construction,Wall coverings,0.0104568266804219,0.0051343019000871,Education
28,New Construction,Wood and composites - other,1.4706912202767386,1.779536376534854,Education
28,New Construction,Wood or composite door,1.6067977392516923,0.589694770305371,Education
280,New Construction,Air and vapor barriers,0.055437037037037,0.1724089947089947,Public Assembly
280,New Construction,Aluminum - other,0.3977132275132275,1.603683597883598,Public Assembly
280,New Construction,Aluminum composite panel ACM,0.0459894179894179,0.3952095238095238,Public Assembly
280,New Construction,Aluminum sheet,0.8877465608465608,1.6468338624338623,Public Assembly
280,New Construction,Aluminum storefront or curtain wall,0.2612492063492063,2.083381481481481,Public Assembly
280,New Construction,Brick clay,19.788231746031748,4.695038095238095,Public Assembly
280,New Construction,CMU,351.09089682539684,76.53781587301587,Public Assembly
280,New Construction,Closed cell spray polyurethane foam,0.0007513227513227,0.004310582010582,Public Assembly
280,New Construction,Cold formed steel framing,1.0851989417989416,1.6130396825396829,Public Assembly
280,New Construction,Decking,8.013220105820107,22.57896296296296,Public Assembly
280,New Construction,Doors and frames - other,0.652999470899471,3.000266666666666,Public Assembly
280,New Construction,EPDM,1.1039566137566137,3.744913227513228,Public Assembly
280,New Construction,Extrusion,1.2837037037037036,18.07839470899471,Public Assembly
280,New Construction,Fiberglass blanket,4.1882386243386245,10.438913227513227,Public Assembly
280,New Construction,Fiberglass framed window,1.5102089947089947,4.238457671957672,Public Assembly
280,New Construction,Glass mat gypsum board,0.6816560846560846,0.2650338624338624,Public Assembly
280,New Construction,Hollow structural sections HSS,2.282625396825397,3.869436507936508,Public Assembly
280,New Construction,Hot-rolled sections,73.10075343915344,96.41103386243388,Public Assembly
280,New Construction,Other,0.0282074074074074,0.4201708994708995,Public Assembly
280,New Construction,Plate,0.3038444444444444,0.4466513227513227,Public Assembly
280,New Construction,Ready mix LW 4000,1.129078306878307,0.2594386243386243,Public Assembly
280,New Construction,Ready mix NW 3000,197.0852523809524,21.618610052910054,Public Assembly
280,New Construction,Ready mix NW 4000,847.6607576719578,91.48152751322752,Public Assembly
280,New Construction,Ready mix NW 5000,27.766690476190472,3.442143915343915,Public Assembly
280,New Construction,Rebar and reinforcement,24.50358783068783,19.57296666666667,Public Assembly
280,New Construction,Roll formed metal panel steel,3.357186243386243,9.19263015873016,Public Assembly
280,New Construction,Softwood plywood,0.6011502645502645,0.272405291005291,Public Assembly
280,New Construction,Steel door,0.7093518518518518,1.0259925925925926,Public Assembly
280,New Construction,Stone masonry,10.69717037037037,2.08910582010582,Public Assembly
280,New Construction,Wood and composites - other,0.0209523809523809,0.0631962962962963,Public Assembly
280,New Construction,Wood or composite door,0.0907677248677248,0.1319058201058201,Public Assembly
281,New Construction,Aluminum composite panel ACM,1.6476124031007753,14.219810852713175,Office
281,New Construction,CMU,97.98945968992248,13.838300775193796,Office
281,New Construction,Cold formed steel framing,4.1184658914728685,6.121686821705426,Office
281,New Construction,Decking,2.3141813953488373,5.570448062015504,Office
281,New Construction,Extruded polystyrene XPS,0.6375883720930232,3.0142937984496125,Office
281,New Construction,Extrusion,9.20725503875969,69.14648992248063,Office
281,New Construction,Fiberglass blanket,0.3063728682170543,0.8930697674418605,Office
281,New Construction,Glass mat gypsum board,6.194135658914728,2.2070891472868217,Office
281,New Construction,Glazing - other,12.231191472868218,17.49060465116279,Office
281,New Construction,Gypsum board,2.5309457364341084,0.8246674418604651,Office
281,New Construction,Hollow structural sections HSS,8.604394573643411,17.44191550387597,Office
281,New Construction,Hot-rolled sections,64.70966976744185,78.94579457364341,Office
281,New Construction,Insulated glass unit IGU,0.0164821705426356,0.0418403100775193,Office
281,New Construction,Other,13.549543410852714,0.2578868217054263,Office
281,New Construction,Ready mix NW 4000,0.466977519379845,0.0607713178294573,Office
281,New Construction,Ready mix unknown,682.5354984496124,55.29710387596899,Office
281,New Construction,Rebar and reinforcement,3.515813953488372,3.184890697674419,Office
281,New Construction,Roofing and waterproofing - other,0.1514480620155038,0.5896170542635659,Office
281,New Construction,Stone masonry,7.023657364341085,1.693019379844961,Office
281,New Construction,TPO,0.4733426356589147,1.647233333333333,Office
283,New Construction,Air and vapor barriers,0.0139756511688105,0.0366162060622837,Laboratory
283,New Construction,Aluminum - other,0.1774809257127473,0.5785878178235563,Laboratory
283,New Construction,Aluminum sheet,2.46277172322572,17.534934669367125,Laboratory
283,New Construction,Brick clay,0.8797594342310057,0.2542504764927606,Laboratory
283,New Construction,CMU,5.813537502019983,0.651116200226238,Laboratory
283,New Construction,Cold formed steel framing,0.7121417148642467,1.8373256243497569,Laboratory
283,New Construction,Decking,14.49541514355635,37.39817107037538,Laboratory
283,New Construction,Fasteners,0.0090053760164798,0.0364717728667434,Laboratory
283,New Construction,Gypsum board,0.0446294673764007,0.0108895900398417,Laboratory
283,New Construction,Hollow structural sections HSS,6.7152935595143175,17.32545738354694,Laboratory
283,New Construction,Hot-rolled sections,69.73196315129013,179.9084649303285,Laboratory
283,New Construction,Insulated glass unit IGU,6.801014891912262,7.780514024241204,Laboratory
283,New Construction,Mineral wool low density,0.2925744225702138,0.441787378081023,Laboratory
283,New Construction,Mortar and grout,7.276351978814663,1.37565985905545,Laboratory
283,New Construction,Ready mix NW 4000,619.0010973167009,106.20941190464777,Laboratory
283,New Construction,Ready mix NW 6000,17.03083179406857,3.636039469799558,Laboratory
283,New Construction,Rebar and reinforcement,23.489967809355303,21.93962993393786,Laboratory
283,New Construction,Softwood plywood,0.3022841898735828,0.0798030261266258,Laboratory
283,New Construction,Spray applied cementitious,22.04369950166249,25.12981743189524,Laboratory
283,New Construction,Steel - other,0.0146872489629447,0.0378931023243973,Laboratory
283,New Construction,Steel sheet,0.0164534110870824,0.0383364478329021,Laboratory
283,New Construction,Stone masonry,0.1450113653279102,0.0809163418529739,Laboratory
283,New Construction,Wall coverings,0.0165137497882317,0.1218714734371505,Laboratory
283,New Construction,Zinc sheet,0.6195859953627626,3.506856733753236,Laboratory
284,New Construction,Acoustic ceiling tile fiber,46.27827976331361,52.75723893491125,Office
284,New Construction,Air and vapor barriers,0.0325343195266272,0.1011818934911242,Office
284,New Construction,Cold formed steel framing,0.0549932544378698,0.0817418934911242,Office
284,New Construction,Decking,12.210201183431954,34.404855147929,Office
284,New Construction,Extruded polystyrene XPS,0.0538543195266272,1.335587573964497,Office
284,New Construction,Extrusion,0.8545798816568048,5.614589822485208,Office
284,New Construction,Glass mat gypsum board,0.3206925443786982,0.1142688757396449,Office
284,New Construction,Glazing - other,7.78015100591716,11.12561597633136,Office
284,New Construction,Gypsum board,0.2757085207100591,0.0865994082840236,Office
284,New Construction,Hot-rolled sections,42.89734911242604,55.03155408284024,Office
284,New Construction,Mineral wool high density,0.2208201183431952,0.310341775147929,Office
284,New Construction,Open web joists,3.210899408284024,4.395636094674556,Office
284,New Construction,Other,0.2808544378698225,0.0954905325443787,Office
284,New Construction,Polyisocyanurate PIR,0.4548616568047337,1.8243003550295855,Office
284,New Construction,Ready mix NW 4000,1798.416,289.55597562130174,Office
284,New Construction,Ready mix NW 6000,206.71242603550297,40.46223479289941,Office
284,New Construction,Ready mix NW 8000,10.976946745562133,2.496615029585799,Office
284,New Construction,Rebar and reinforcement,72.44714792899408,91.28340639053256,Office
284,New Construction,Roll formed metal panel aluminum,0.0700381065088757,0.2412454437869822,Office
284,New Construction,Roofing and waterproofing - other,1.0149872189349112,0.4354768047337278,Office
284,New Construction,TPO,0.0346506508875739,0.1205842603550296,Office
286,New Construction,Acoustic ceiling tile fiber,0.0730069536763005,0.1204238216250866,Office
286,New Construction,Acoustic ceilings - other,0.0534400256936416,0.0839008403390173,Office
286,New Construction,Adhesives and sealants,0.0124614584578034,0.0324531358197861,Office
286,New Construction,Air and vapor barriers,0.2904457063618497,0.2352610221530982,Office
286,New Construction,Aluminum door,0.0753136103468208,0.5038480532202313,Office
286,New Construction,Aluminum storefront or curtain wall,0.9083932425433526,9.083932425433526,Office
286,New Construction,Coatings - other,0.1412203225797687,2.6881179684265315,Office
286,New Construction,Cold formed steel framing,2.8793237462477457,7.05512445016085,Office
286,New Construction,Concrete - other,0.6020122005780346,0.0939173648270101,Office
286,New Construction,Decking,8.800517587728324,22.705335376339075,Office
286,New Construction,Doors and frames - other,0.0384521931331791,0.2042333459894589,Office
286,New Construction,Extruded polystyrene XPS,0.4796063793289017,31.171328384531563,Office
286,New Construction,Extrusion,1.4665018896127169,13.286507119891215,Office
286,New Construction,Fasteners,0.0043119949542196,0.0174635795645895,Office
286,New Construction,Fiberglass blanket,0.0003043234077456,0.000626906219956,Office
286,New Construction,Glass mat gypsum board,2.317172960017341,1.0960228100882023,Office
286,New Construction,Glazing - other,0.019332205583815,0.0212654261421965,Office
286,New Construction,Gypsum board,25.41672761026763,5.159595704884329,Office
286,New Construction,Hollow structural sections HSS,6.361252940126532,15.805723340223643,Office
286,New Construction,Hot-rolled sections,49.89957734008861,48.55443825648971,Office
286,New Construction,Insulated glass unit IGU,5.316219460809249,7.123734077484394,Office
286,New Construction,Mineral wool low density,1.1544739329232947,1.743255638714175,Office
286,New Construction,Paint,0.2580027541302312,0.6192066099125549,Office
286,New Construction,Plate,4.83126018700578,9.213716473895952,Office
286,New Construction,Ready mix LW 4000,1.4234307439306355,0.4220294470893522,Office
286,New Construction,Ready mix NW 4000,377.382025506763,60.17910791109952,Office
286,New Construction,Rebar and reinforcement,18.77365329960058,18.37940658030897,Office
286,New Construction,Roll formed metal panel steel,0.1255900166398844,0.2926247387709306,Office
286,New Construction,Roofing and waterproofing - other,0.0666440657312138,0.0643781674963526,Office
286,New Construction,Softwood framing,0.3093515140231213,0.0519710543558843,Office
286,New Construction,Spray applied cementitious,19.901004939803467,22.68714563137595,Office
286,New Construction,Steel door,0.3278959281976878,0.7175861981787399,Office
286,New Construction,Steel door frame,0.0073930062219653,0.0203307671104046,Office
286,New Construction,Steel sheet,0.4221700213872832,0.98365614983237,Office
286,New Construction,Stone tile,4.893598990570521,4.389558294541756,Office
286,New Construction,Suspension assembly,0.0175366550254335,0.0426140717118034,Office
286,New Construction,Synthetic composites,4.202605919075144e-05,0.000122295832245,Office
286,New Construction,TPO,0.1844612533745664,0.5884313982648671,Office
286,New Construction,Wood and composites - other,0.2267267255491329,0.0535075072295953,Office
287,New Construction,Acoustic ceiling tile fiber,0.45997126581,0.7697356736607001,Other
287,New Construction,Adhesives and sealants,0.0871300128492,0.107122061892448,Other
287,New Construction,Air and vapor barriers,1.954953524781,2.399508149496888,Other
287,New Construction,Aluminum - other,0.1862905197192,0.605216823513888,Other
287,New Construction,Aluminum door,0.291123288728,1.94761480159032,Other
287,New Construction,Aluminum door frame,0.019949039802,0.1745540982675,Other
287,New Construction,Aluminum framed window,0.0019117056,0.016727424,Other
287,New Construction,Aluminum storefront or curtain wall,0.6816552333,6.816552333,Other
287,New Construction,CMU,6.6622839984,0.7461758078208001,Other
287,New Construction,Carpet,0.165091346942,0.6900818302175601,Other
287,New Construction,Ceramic tile,0.6723748843,0.1761622196866,Other
287,New Construction,Closed cell spray polyurethane foam,0.041851785508,0.8008297016864,Other
287,New Construction,Coatings - other,0.0388147059124,0.1251151270101559,Other
287,New Construction,Cold formed steel framing,1.3561539358362,3.501281748959676,Other
287,New Construction,Concrete - other,2.6971861421,0.4944997312827169,Other
287,New Construction,Doors and frames - other,0.460492427439,0.934095164539798,Other
287,New Construction,EPDM,0.975686618,3.00511478344,Other
287,New Construction,Expanded polystyrene EPS,0.1588940785599999,0.51640575532,Other
287,New Construction,Extruded polystyrene XPS,3.3363510501706,216.6913488988622,Other
287,New Construction,Extrusion,0.516228238022,3.87360129424072,Other
287,New Construction,Fasteners,0.0032720239056,0.015463465769508,Other
287,New Construction,Flooring and tile - other,0.0082545673482,0.045730303109028,Other
287,New Construction,Glass mat gypsum board,4.876396540726001,2.306535563763398,Other
287,New Construction,Glazing - other,2.315952409558,9.79002905326502,Other
287,New Construction,Gypsum board,16.700322343646,3.909300714081164,Other
287,New Construction,Hardwood,2.612350471266,1.15380121978204,Other
287,New Construction,Hollow structural sections HSS,26.73654239006,68.9802793663548,Other
287,New Construction,Hot-rolled sections,102.724773466,265.02991554228004,Other
287,New Construction,Insulated glass unit IGU,0.487214376006,0.61876225752762,Other
287,New Construction,Insulation - other,0.339899721404,1.88304445657816,Other
287,New Construction,Laminated veneer lumber LVL,0.19922728004,0.0737140936148,Other
287,New Construction,Mineral wool high density,0.32545778472,0.4133313865944,Other
287,New Construction,Mineral wool low density,0.3046147570224,0.455045410298952,Other
287,New Construction,Modified bitumen,0.03852875122,0.03378971481994,Other
287,New Construction,Mortar and grout,9.4924676463752,1.7594647998450026,Other
287,New Construction,Paint,0.2043074251708,0.481611001605492,Other
287,New Construction,Plate,0.05799215518,0.1351217215694,Other
287,New Construction,Precast,5.2023707192,1.1906373416383855,Other
287,New Construction,Ready mix LW 3000,7.11543057324,1.9123509562390075,Other
287,New Construction,Ready mix LW 4000,65.5588350448,19.437376229051893,Other
287,New Construction,Ready mix NW 2500,1.2623727608,0.1784587025171031,Other
287,New Construction,Ready mix NW 4000,3.078473586,0.5828420592761364,Other
287,New Construction,Rebar and reinforcement,0.8569504229420001,1.49170496273376,Other
287,New Construction,Resilient flooring vinyl,0.0875342796,0.220586384592,Other
287,New Construction,Roll formed metal panel steel,0.057641759674,0.13430530004042,Other
287,New Construction,Softwood framing,0.04139862548,0.00790713746668,Other
287,New Construction,Softwood plywood,2.773064218728,0.732088953744192,Other
287,New Construction,Steel - other,25.797561766546,66.40023445218868,Other
287,New Construction,Steel sheet,1.32262687676,4.3761947232542,Other
287,New Construction,Stone masonry,0.08541136536,0.04765954187088,Other
287,New Construction,Suspension assembly,0.2482404580619999,0.60322431309066,Other
287,New Construction,Synthetic composites,0.007847241832,0.02291394614944,Other
287,New Construction,Wall coverings,0.0123823935,0.03838541985,Other
287,New Construction,Wood and composites - other,0.03693767846,0.0446945909366,Other
287,New Construction,Wood or composite door,0.011276570996,0.002977014742944,Other
288,New Construction,CMU,46.3886036036036,11.713126126126124,Transportation Hub
288,New Construction,Cold formed steel framing,4.160675675675676,9.371693693693697,Transportation Hub
288,New Construction,Decking,4.081108108108108,9.823603603603605,Transportation Hub
288,New Construction,Extrusion,6.374738738738738,105.8205945945946,Transportation Hub
288,New Construction,Fiberglass blanket,5.319288288288289,4.692459459459459,Transportation Hub
288,New Construction,Glass mat gypsum board,24.49817117117117,8.223918918918919,Transportation Hub
288,New Construction,Glue laminated timber GLT,4.791243243243243,1.829261261261261,Transportation Hub
288,New Construction,Hollow structural sections HSS,4.565837837837838,9.255378378378378,Transportation Hub
288,New Construction,Hot-rolled sections,15.740666666666668,22.341243243243245,Transportation Hub
288,New Construction,Insulated glass unit IGU,5.758207207207207,10.447297297297297,Transportation Hub
288,New Construction,Mortar and grout,9.962018018018018,5.046963963963964,Transportation Hub
288,New Construction,PVC,3.678054054054054,12.44881081081081,Transportation Hub
288,New Construction,Paint,0.094036036036036,0.1814864864864864,Transportation Hub
288,New Construction,Polyisocyanurate PIR,8.324612612612613,20.031504504504504,Transportation Hub
288,New Construction,Ready mix NW 4000,577.7271801801802,75.18397297297298,Transportation Hub
288,New Construction,Rebar and reinforcement,14.043387387387387,7.896441441441441,Transportation Hub
288,New Construction,Roofing and waterproofing - other,2.5434684684684683,4.6159009009009,Transportation Hub
288,New Construction,Softwood framing,16.143810810810812,3.2326486486486488,Transportation Hub
288,New Construction,Steel - other,1.1638108108108107,3.615288288288288,Transportation Hub
288,New Construction,Steel door,0.4816396396396396,2.268108108108108,Transportation Hub
288,New Construction,Stone masonry,21.080522522522525,5.08136036036036,Transportation Hub
288,New Construction,Wood I joists,0.3914594594594594,0.1798288288288288,Transportation Hub
289,New Construction,Aluminum storefront or curtain wall,0.4871854304635761,4.951976158940397,Transportation Hub
289,New Construction,Cold formed steel framing,7.311969536423842,16.451929801324503,Transportation Hub
289,New Construction,Cross laminated timber CLT,36.78352317880795,2.199635761589404,Transportation Hub
289,New Construction,Decking,4.018948344370861,10.690402649006622,Transportation Hub
289,New Construction,EPDM,1.2951509933774834,4.390651655629139,Transportation Hub
289,New Construction,Expanded polystyrene EPS,0.5212927152317881,2.0451258278145694,Transportation Hub
289,New Construction,Extrusion,9.13263311258278,90.86969933774832,Transportation Hub
289,New Construction,Fiberglass blanket,3.0466993377483447,2.6876741721854303,Transportation Hub
289,New Construction,Glass mat gypsum board,3.81196821192053,1.240878145695364,Transportation Hub
289,New Construction,Glue laminated timber GLT,23.36544105960265,8.920749668874171,Transportation Hub
289,New Construction,Gypsum board,2.1954543046357617,0.7153536423841059,Transportation Hub
289,New Construction,Hollow structural sections HSS,2.36661059602649,4.797340397350993,Transportation Hub
289,New Construction,Hot-rolled sections,17.594577483443707,24.887449006622514,Transportation Hub
289,New Construction,Insulated glass unit IGU,4.506467549668875,8.616602649006623,Transportation Hub
289,New Construction,Mineral wool high density,2.250690066225165,2.015523178807947,Transportation Hub
289,New Construction,Paint,0.193374834437086,0.5472887417218543,Transportation Hub
289,New Construction,Polyisocyanurate PIR,6.492573509933775,26.03957350993377,Transportation Hub
289,New Construction,Precast,125.11015099337747,39.2041298013245,Transportation Hub
289,New Construction,Ready mix NW 4000,424.6941894039736,55.268639735099335,Transportation Hub
289,New Construction,Rebar and reinforcement,6.238307284768212,3.507733774834437,Transportation Hub
289,New Construction,Roofing and waterproofing - other,0.9897006622516558,1.7833629139072846,Transportation Hub
289,New Construction,Steel - other,0.9770529801324505,3.03513642384106,Transportation Hub
289,New Construction,Steel door,0.3295390728476821,1.6351801324503312,Transportation Hub
289,New Construction,Wood and composites - other,1.5248543046357614,0.8320172185430463,Transportation Hub
29,New Construction,Acoustic ceiling tile fiber,0.9189725678178504,3.2072142616842987,Public Order and Safety
29,New Construction,Acoustic ceiling tile steel,0.5246291172413637,1.505685566482714,Public Order and Safety
29,New Construction,Adhesives and sealants,0.5982867913296767,1.293898411269123,Public Order and Safety
29,New Construction,Air and vapor barriers,0.116795422433591,0.1361521402033361,Public Order and Safety
29,New Construction,Aluminum door,0.0886136872647098,0.3562270228041335,Public Order and Safety
29,New Construction,Aluminum sheet,6.351729859117403,35.69672180823981,Public Order and Safety
29,New Construction,Architectural fiber cement panel,1.564072698746985,2.830971584732043,Public Order and Safety
29,New Construction,CMU,174.47636116279082,19.541352450232576,Public Order and Safety
29,New Construction,Carpet,0.2409641541646161,1.0072301644080948,Public Order and Safety
29,New Construction,Ceramic tile,3.1546963320289887,0.8265304389915951,Public Order and Safety
29,New Construction,Coatings - other,1.735772190915608,24.187686731504236,Public Order and Safety
29,New Construction,Cold formed steel framing,5.418229353187668,14.865381502215298,Public Order and Safety
29,New Construction,Concrete - other,4.051135238504465,0.9115054286635051,Public Order and Safety
29,New Construction,Decking,16.79652778858345,43.3350416945453,Public Order and Safety
29,New Construction,Doors and frames - other,0.4433322954638174,3.19737017523747,Public Order and Safety
29,New Construction,Extrusion,1.6616861131532723,13.949152702231675,Public Order and Safety
29,New Construction,Fasteners,0.1041466801720952,0.6019678113947106,Public Order and Safety
29,New Construction,Fiberglass blanket,1.7691627141245052,3.649653608371065,Public Order and Safety
29,New Construction,Flooring and tile - other,1.1268374041935814,1.4998142256926978,Public Order and Safety
29,New Construction,Glass mat gypsum board,2.744464676252624,1.298131791867491,Public Order and Safety
29,New Construction,Glazing - other,1.0199465929574445,1.5503188212953156,Public Order and Safety
29,New Construction,Gypsum board,39.86338262927684,9.295673884517113,Public Order and Safety
29,New Construction,Hollow structural sections HSS,25.02097928928508,61.48686894336109,Public Order and Safety
29,New Construction,Hot-rolled sections,31.5178457574644,30.50927469322553,Public Order and Safety
29,New Construction,Insulated glass unit IGU,4.061605507009172,6.125296859273937,Public Order and Safety
29,New Construction,Insulated metal panel IMP,3.1725329479295548,7.268127065327753,Public Order and Safety
29,New Construction,Insulation - other,0.0066101385885619,0.0366201677806332,Public Order and Safety
29,New Construction,Mineral wool low density,1.772057953579406,2.675807509904903,Public Order and Safety
29,New Construction,Mortar and grout,200.84754543967307,37.18072132057088,Public Order and Safety
29,New Construction,PVC,1.1128990849111615,3.449987163224602,Public Order and Safety
29,New Construction,Paint,0.6536063604853876,1.561362096354277,Public Order and Safety
29,New Construction,Plate,0.370747946908796,0.8638427162974945,Public Order and Safety
29,New Construction,Polyisocyanurate PIR,3.410375261015496,9.113966931548775,Public Order and Safety
29,New Construction,Precast,17.739136152850598,3.950274834980124,Public Order and Safety
29,New Construction,Ready mix NW 5000,643.9791594516247,144.89531087661567,Public Order and Safety
29,New Construction,Rebar and reinforcement,84.16895607574936,85.45290044159195,Public Order and Safety
29,New Construction,Roll formed metal panel aluminum,1.3787442051512568,8.90668756527712,Public Order and Safety
29,New Construction,Softwood plywood,0.6396736390071276,0.1688738406978817,Public Order and Safety
29,New Construction,Spray applied cementitious,8.343694409958621,9.511811627352827,Public Order and Safety
29,New Construction,Steel - other,6.836889753114935,17.647661684446867,Public Order and Safety
29,New Construction,Steel door,1.3776826063172414,2.99562325271338,Public Order and Safety
29,New Construction,Steel door frame,0.0599134324137931,0.164761939137931,Public Order and Safety
29,New Construction,Steel framed window,0.0391072413793103,0.1075449137931034,Public Order and Safety
29,New Construction,Steel sheet,3.242516442152956,10.187992176024466,Public Order and Safety
29,New Construction,Suspension assembly,0.3824783634173149,0.9294224231040756,Public Order and Safety
29,New Construction,Synthetic composites,0.2245094767205735,0.8479468773047656,Public Order and Safety
29,New Construction,Wall coverings,0.2305542865352726,1.921293429086772,Public Order and Safety
291,New Construction,Acoustic ceiling tile fiber,0.9013296219277108,1.2258082858216863,Public Assembly
291,New Construction,Adhesives and sealants,0.1002269079583132,0.1527489221921397,Public Assembly
291,New Construction,Air and vapor barriers,0.5349346456361446,1.0859173306413734,Public Assembly
291,New Construction,Aluminum - other,0.839792173253012,4.719632013681927,Public Assembly
291,New Construction,Aluminum door,0.0248897781445783,0.2563647148891566,Public Assembly
291,New Construction,Aluminum storefront or curtain wall,0.0041117990048192,0.0411179900481927,Public Assembly
291,New Construction,Architectural fiber cement panel,5.355110660939759,9.639199189691569,Public Assembly
291,New Construction,CMU,171.95334311084338,19.25877442841446,Public Assembly
291,New Construction,Carpet,0.1135568265951807,0.4746675351678554,Public Assembly
291,New Construction,Ceramic tile,2.023490252428916,0.530154446136376,Public Assembly
291,New Construction,Coatings - other,0.0882413795828915,0.7004353919591783,Public Assembly
291,New Construction,Cold formed steel framing,3.219863207933976,7.888664859438242,Public Assembly
291,New Construction,Concrete - other,0.7920835120481928,0.1235695823158768,Public Assembly
291,New Construction,Decking,7.8870910709156625,20.34869496296241,Public Assembly
291,New Construction,Doors and frames - other,0.126373226459759,0.921222434984641,Public Assembly
291,New Construction,Extrusion,0.4653310334,4.620737161662,Public Assembly
291,New Construction,Fasteners,0.0158981165807228,0.0643873721519277,Public Assembly
291,New Construction,Flooring and tile - other,0.0056778413291566,0.0314552409635277,Public Assembly
291,New Construction,Glass mat gypsum board,8.033756047349398,3.799966610396265,Public Assembly
291,New Construction,Glazing - other,0.2613772037349397,0.4425632568440964,Public Assembly
291,New Construction,Gypsum board,21.26242921108916,4.851423827488494,Public Assembly
291,New Construction,Hollow structural sections HSS,13.54678948786506,30.8123031792453,Public Assembly
291,New Construction,Hot-rolled sections,22.9599880981188,22.225268478978997,Public Assembly
291,New Construction,Insulated glass unit IGU,1.646211802386024,2.352263781421783,Public Assembly
291,New Construction,Mineral wool high density,6.60601357406747,11.82476429758077,Public Assembly
291,New Construction,Mineral wool low density,0.279498071573012,0.4136571459280578,Public Assembly
291,New Construction,Modified bitumen,0.0237422777204819,0.0195161522862361,Public Assembly
291,New Construction,Mortar and grout,200.48604795140815,34.437916206233666,Public Assembly
291,New Construction,Open web joists,7.165015475060241,9.887721355583132,Public Assembly
291,New Construction,Paint,0.4370480267173494,1.080542720562841,Public Assembly
291,New Construction,Polyisocyanurate PIR,1.4249860570240964,3.676464027122169,Public Assembly
291,New Construction,Ready mix NW 2500,208.01350250843376,25.01497601893452,Public Assembly
291,New Construction,Ready mix NW 4000,72.39913612481928,11.040723397886577,Public Assembly
291,New Construction,Ready mix NW 5000,89.81418143253012,16.220281054323532,Public Assembly
291,New Construction,Rebar and reinforcement,16.451582960593733,31.422523454734037,Public Assembly
291,New Construction,Resilient flooring vinyl,2.009221851855422,5.063239066675663,Public Assembly
291,New Construction,Softwood framing,0.0902080550120481,0.015154953242024,Public Assembly
291,New Construction,Softwood plywood,0.0223101690891566,0.0058898846395373,Public Assembly
291,New Construction,Steel - other,1.0648437695686748,2.608867235443253,Public Assembly
291,New Construction,Steel door,0.4347982878240963,0.9544036289199518,Public Assembly
291,New Construction,Steel door frame,0.0244974933204819,0.0673681066313253,Public Assembly
291,New Construction,Steel sheet,2.213496743855422,5.1574474131831325,Public Assembly
291,New Construction,Suspension assembly,0.1915539234216867,0.4654760339146988,Public Assembly
291,New Construction,TPO,0.9440981287638556,3.0116730307566995,Public Assembly
291,New Construction,Wood or composite door,0.3490045969903614,0.1192384296288578,Public Assembly
3,New Construction,Acoustic ceiling tile fiber,3.878686673070519,12.3976436855943,Education
3,New Construction,Aluminum door,0.2780719004307649,1.81024807180428,Education
3,New Construction,Aluminum door frame,0.0885393454157562,0.7747192723878671,Education
3,New Construction,Aluminum framed window,0.0193774646153846,0.1695528153846154,Education
3,New Construction,Aluminum sheet,0.1250574904572549,0.712416728901548,Education
3,New Construction,Aluminum storefront or curtain wall,1.453683265612309,14.536832656123094,Education
3,New Construction,CMU,8.676104576816739,0.9717237126034746,Education
3,New Construction,Coatings - other,0.0436550226720915,0.2800195258308352,Education
3,New Construction,Cold formed steel framing,7.963952947920927,19.511684722406272,Education
3,New Construction,Decking,0.2623743472064196,0.6769258157925627,Education
3,New Construction,Doors and frames - other,0.3610304635455681,2.0530989735456946,Education
3,New Construction,EPDM,2.633475309080227,9.138159322508384,Education
3,New Construction,Fasteners,0.3939966627044442,1.602158277249135,Education
3,New Construction,Fiberglass blanket,1.169402449054982,2.408969045053263,Education
3,New Construction,Glass mat gypsum board,20.633705906305217,9.759742893682368,Education
3,New Construction,Glazing - other,2.4423568742742297,3.8943532022052096,Education
3,New Construction,Gypsum board,42.681316924529845,10.351102636785996,Education
3,New Construction,Hardwood,0.5425813274277038,0.3244636338017669,Education
3,New Construction,Hollow structural sections HSS,1.0974379153457778,2.688722892597156,Education
3,New Construction,Hot-rolled sections,4.545499215018256,4.400043240137672,Education
3,New Construction,Insulated glass unit IGU,2.033336099925859,2.724670373900651,Education
3,New Construction,Mineral wool low density,1.462305801462656,2.2080817602086102,Education
3,New Construction,Mortar and grout,1.4427627095729,0.1425449557058025,Education
3,New Construction,Other,0.009925774083079,0.0281891983959443,Education
3,New Construction,Paint,0.6411405198799439,1.5387372477118657,Education
3,New Construction,Plate,0.1301347128685627,0.303213880983751,Education
3,New Construction,Polyisocyanurate PIR,4.0572522294598,10.630000841184676,Education
3,New Construction,Precast,416.4386091769243,84.95347627209233,Education
3,New Construction,Ready mix NW 3000,99.1121022147676,14.56947902557083,Education
3,New Construction,Ready mix NW 4000,1165.9198282618745,196.1908778431576,Education
3,New Construction,Rebar and reinforcement,35.24394001674141,53.235077370165705,Education
3,New Construction,Steel - other,0.2364030356564026,0.5791874373581865,Education
3,New Construction,Steel door,0.7295586103587691,2.319554337854751,Education
3,New Construction,Steel door frame,0.0335449984615384,0.0922487457692307,Education
3,New Construction,Stucco finish,0.2048089470783103,0.0981034856505106,Education
3,New Construction,Suspension assembly,1.3752264344530205,3.3418002357208394,Education
3,New Construction,Wood door frame,0.0077724,0.03419856,Education
3,New Construction,Wood or composite door,0.7522877261907692,0.198603959714363,Education
31,New Construction,Acoustic ceiling tile fiber,0.5956162661032736,2.078700768700425,Public Order and Safety
31,New Construction,Adhesives and sealants,0.5240523598338028,1.3915595237986855,Public Order and Safety
31,New Construction,Air and vapor barriers,0.0588470128520313,0.0476660804101454,Public Order and Safety
31,New Construction,Aluminum door frame,0.1114380467532467,0.975082909090909,Public Order and Safety
31,New Construction,Aluminum framed window,0.1937602498684464,1.7366316577774772,Public Order and Safety
31,New Construction,Aluminum sheet,0.1511500683265283,0.8494633839950892,Public Order and Safety
31,New Construction,Architectural fiber cement panel,0.6527752237258234,1.1749954027064822,Public Order and Safety
31,New Construction,CMU,332.4324227799926,37.23243135135917,Public Order and Safety
31,New Construction,Coatings - other,1.2422910304030197,15.19009174968472,Public Order and Safety
31,New Construction,Cold formed steel framing,2.068155294998101,5.70810861419476,Public Order and Safety
31,New Construction,Decking,8.155822810881153,21.042022852073377,Public Order and Safety
31,New Construction,Doors and frames - other,0.1996150453541818,1.5075767344554727,Public Order and Safety
31,New Construction,EPDM,0.9155001787596772,2.9479105756061617,Public Order and Safety
31,New Construction,Fasteners,0.0033819162149829,0.0192570293362482,Public Order and Safety
31,New Construction,Fiberglass blanket,0.4037308900184128,0.8316856334379306,Public Order and Safety
31,New Construction,Glass mat gypsum board,0.1073726278394341,0.0507872529680523,Public Order and Safety
31,New Construction,Gypsum board,24.647490631624976,5.392053089691868,Public Order and Safety
31,New Construction,Hollow structural sections HSS,19.468467348600768,47.74136868495736,Public Order and Safety
31,New Construction,Hot-rolled sections,26.24625404501543,25.40637391557493,Public Order and Safety
31,New Construction,Insulated glass unit IGU,3.103841234003053,4.04018157915008,Public Order and Safety
31,New Construction,Mineral wool low density,2.3718954838618527,3.5815621806313973,Public Order and Safety
31,New Construction,Mortar and grout,381.8864431814764,70.25206885933898,Public Order and Safety
31,New Construction,PVC,0.491605672496787,1.5239775847400403,Public Order and Safety
31,New Construction,Paint,0.1778735849523822,0.4268966038857172,Public Order and Safety
31,New Construction,Polyisocyanurate PIR,4.883571371997955,13.107437478040888,Public Order and Safety
31,New Construction,Precast,178.05829202338867,39.3723007254162,Public Order and Safety
31,New Construction,Ready mix NW 5000,528.0207525920355,118.80466933320804,Public Order and Safety
31,New Construction,Rebar and reinforcement,75.84625273023634,71.00918520559686,Public Order and Safety
31,New Construction,Roll formed metal panel aluminum,0.2335687990685508,1.5088544419828378,Public Order and Safety
31,New Construction,Softwood plywood,0.3752203750617091,0.0990581790162912,Public Order and Safety
31,New Construction,Steel - other,0.2485881794809978,0.6413575030609744,Public Order and Safety
31,New Construction,Steel door,0.8888976768181818,2.080020563754545,Public Order and Safety
31,New Construction,Steel door frame,0.0314082911168831,0.0863728005714285,Public Order and Safety
31,New Construction,Steel framed window,0.0872440519480519,0.2399211428571428,Public Order and Safety
31,New Construction,Steel sheet,9.95326776084582,25.11403097367985,Public Order and Safety
31,New Construction,Suspension assembly,0.2478967737033319,0.6023891600990967,Public Order and Safety
31,New Construction,Wall coverings,0.1112694550639312,0.8211685783718126,Public Order and Safety
33,New Construction,Adhesives and sealants,0.033106582628172,0.0906437781948688,Public Assembly
33,New Construction,Aluminum door,0.1033415206838709,0.6913547733750968,Public Assembly
33,New Construction,Aluminum door frame,0.0055019677419354,0.0481422177419354,Public Assembly
33,New Construction,Aluminum framed window,0.0328663897583871,0.2476445418753408,Public Assembly
33,New Construction,CMU,3.75157649623656,0.6310184722680612,Public Assembly
33,New Construction,Coatings - other,0.5185162065417205,10.473548106873611,Public Assembly
33,New Construction,Cold formed steel framing,1.0838009557672044,2.5902842842836185,Public Assembly
33,New Construction,Concrete - other,0.5390684344086022,0.0840977753814066,Public Assembly
33,New Construction,Decking,6.928570758274731,16.420712697111114,Public Assembly
33,New Construction,Doors and frames - other,0.0848311634130107,0.4073345356967785,Public Assembly
33,New Construction,Extruded polystyrene XPS,0.3721815019833333,24.189402637229588,Public Assembly
33,New Construction,Extrusion,0.4499775496779569,4.326907582866628,Public Assembly
33,New Construction,Fasteners,0.3577578542807527,2.0681015218134045,Public Assembly
33,New Construction,Glass mat gypsum board,0.0456692463924731,0.0216015535436397,Public Assembly
33,New Construction,Glazing - other,0.0763191340860215,0.1236369972193548,Public Assembly
33,New Construction,Gypsum board,5.458275235858602,1.331819157549499,Public Assembly
33,New Construction,Hollow structural sections HSS,7.904223286976881,7.0203339183749724,Public Assembly
33,New Construction,Hot-rolled sections,55.6585000728828,53.87742807055054,Public Assembly
33,New Construction,Insulated glass unit IGU,1.2253010311827957,1.6419033817849462,Public Assembly
33,New Construction,Insulated metal panel IMP,4.188018158915054,16.131939822534363,Public Assembly
33,New Construction,Intumescent,1.517955071396613,3.840426330633431,Public Assembly
33,New Construction,Mortar and grout,4.571458488978495,0.7837441426155914,Public Assembly
33,New Construction,Paint,0.0797351096091397,0.1913972959695128,Public Assembly
33,New Construction,Plate,1.013450932911828,2.614703406912516,Public Assembly
33,New Construction,Ready mix LW 3000,0.7045704177419355,0.1588442078512791,Public Assembly
33,New Construction,Ready mix LW 4000,455.4966736663226,117.35568006655878,Public Assembly
33,New Construction,Ready mix LW 5000,646.0472344115784,180.6915287597959,Public Assembly
33,New Construction,Ready mix NW 2500,0.0070840827956989,0.000677077433326,Public Assembly
33,New Construction,Ready mix NW 3000,24.03093628333333,3.014680902800554,Public Assembly
33,New Construction,Ready mix NW 8000,52.047958825268815,11.310174935709156,Public Assembly
33,New Construction,Rebar and reinforcement,55.95457800494457,106.10265542972498,Public Assembly
33,New Construction,Spray applied cementitious,2.5439002241489246,2.900046255529774,Public Assembly
33,New Construction,Steel - other,0.0924357398924731,0.2264675627365591,Public Assembly
33,New Construction,Steel sheet,0.378029767688172,0.8808093587134408,Public Assembly
33,New Construction,Stucco finish,0.0324156093225806,0.0813631793996774,Public Assembly
33,New Construction,TPO,0.1582974307903226,0.504968804221129,Public Assembly
34,New Construction,Aluminum - other,0.0077708527131782,0.0697813953488372,Education
34,New Construction,CMU,20.27096620155039,4.419070697674418,Education
34,New Construction,Cold formed steel framing,1.9919693023255816,4.56559007751938,Education
34,New Construction,Extrusion,4.582060775193798,49.02227720930232,Education
34,New Construction,Flooring and tile - other,2.5564322480620154,1.6444493023255813,Education
34,New Construction,Hot-rolled sections,14.918817364341084,18.634358449612403,Education
34,New Construction,Insulated glass unit IGU,5.845519069767442,7.608050852713179,Education
34,New Construction,Insulated metal panel IMP,0.120611472868217,0.5017683720930233,Education
34,New Construction,Mineral wool high density,2.299887751937985,3.157380465116279,Education
34,New Construction,Mortar and grout,0.45964496124031,0.1976474418604651,Education
34,New Construction,Polyisocyanurate PIR,1.0656337984496125,2.564234728682171,Education
34,New Construction,Ready mix unknown,1019.4978713178294,116.19359131782946,Education
34,New Construction,Resilient flooring rubber,0.0594710077519379,0.2059547286821705,Education
34,New Construction,Roofing and waterproofing - other,0.4201860465116279,1.051495503875969,Education
34,New Construction,Softwood plywood,1.8680192248062013,0.4524920930232558,Education
34,New Construction,Steel - other,2.025201860465116,5.721428837209302,Education
34,New Construction,Steel sheet,6.06406511627907,6.866204341085271,Education
34,New Construction,Stone masonry,12.550104806201553,2.4509748837209298,Education
34,New Construction,TPO,0.4905137984496124,1.7069879069767442,Education
35,New Construction,CMU,27.647158387096777,6.027080483870968,Other
35,New Construction,Fiberglass blanket,0.003843064516129,0.0120167741935483,Other
35,New Construction,Hot-rolled sections,8.623485161290322,22.711281451612905,Other
35,New Construction,Modified bitumen,0.0379209677419354,0.0385445161290322,Other
35,New Construction,Ready mix NW 4000,211.05522048387093,29.22850983870968,Other
35,New Construction,Ready mix NW 5000,420.0762427419355,70.88261516129032,Other
35,New Construction,Ready mix NW 6000,458.31933177419353,86.10283935483871,Other
35,New Construction,Rebar and reinforcement,26.735072741935483,18.3455885483871,Other
35,New Construction,Steel - other,4.049428225806452,11.078547419354836,Other
35,New Construction,Steel sheet,0.0336272580645161,0.0808958064516129,Other
36,New Construction,Acoustic ceiling tile fiber,1.87879020449375,6.556977813683187,Education
36,New Construction,Adhesives and sealants,0.8617426026539375,2.3803829612106284,Education
36,New Construction,Air and vapor barriers,0.7567293475131875,0.848893012741932,Education
36,New Construction,Aluminum - other,0.000362165184875,0.0032631083157237,Education
36,New Construction,Aluminum composite panel ACM,0.010616581890625,0.0844018260304687,Education
36,New Construction,Aluminum door,0.143698940234375,1.20938524501035,Education
36,New Construction,Aluminum door frame,0.029272367526875,0.2561332158601562,Education
36,New Construction,Aluminum framed window,0.2147509779519375,1.4944372383431088,Education
36,New Construction,Aluminum sheet,0.0823341890593749,0.58621942610275,Education
36,New Construction,Aluminum storefront or curtain wall,1.108570623908125,11.085706239081247,Education
36,New Construction,Brick clay,144.10109503919688,41.645216466327895,Education
36,New Construction,CMU,277.96392933485004,31.1319600855032,Education
36,New Construction,Carpet,0.0108588731124999,0.04539008961025,Education
36,New Construction,Ceramic tile,0.048904465875,0.01281297005925,Education
36,New Construction,Coatings - other,0.0979171439955312,0.617480304195229,Education
36,New Construction,Cold formed steel framing,2.5530040329804686,6.088216094853658,Education
36,New Construction,Concrete - other,1.2055080959968751,0.1885910798669748,Education
36,New Construction,Decking,18.3686994860125,47.391244673912254,Education
36,New Construction,Doors and frames - other,0.1650107646550312,1.0931476083474505,Education
36,New Construction,Expanded polystyrene EPS,0.002307554084375,0.0074995507742187,Education
36,New Construction,Extruded polystyrene XPS,2.65150776185125,172.33094204136867,Education
36,New Construction,Extrusion,0.0628661091589062,0.4679659255934172,Education
36,New Construction,Fasteners,0.0121993784355,0.0515471496223575,Education
36,New Construction,Fiberglass blanket,0.5424762813225,1.5086648844159127,Education
36,New Construction,Flooring and tile - other,0.000974609729375,0.0053993379007375,Education
36,New Construction,Glass mat gypsum board,16.776231105853125,7.935157313068529,Education
36,New Construction,Glazing - other,3.4888452891287502,15.468242083445542,Education
36,New Construction,Gypsum board,7.711673380870687,1.579774130991093,Education
36,New Construction,Hardwood,3.4109533732775,4.213531735377888,Education
36,New Construction,Hollow structural sections HSS,11.31534959915575,27.722606517931588,Education
36,New Construction,Hot-rolled sections,42.0479009358825,44.20283897910426,Education
36,New Construction,Insulated glass unit IGU,2.2812035297835003,3.543187469177896,Education
36,New Construction,Intumescent,0.9820034949490626,2.484468842221128,Education
36,New Construction,Mineral wool high density,2.173522501584375,3.873279598658344,Education
36,New Construction,Mineral wool low density,0.120148727015625,0.1807541653275,Education
36,New Construction,Modified bitumen,5.55958605326875,3.51176743133925,Education
36,New Construction,Mortar and grout,75.97391485418345,15.526602969408474,Education
36,New Construction,Open web joists,5.6091209142825,7.740586861709849,Education
36,New Construction,Paint,0.4841476060666875,0.9794942868753664,Education
36,New Construction,Plate,0.50096963169625,1.1672592418522625,Education
36,New Construction,Ready mix LW 3000,430.50249563745,104.1521847562335,Education
36,New Construction,Ready mix LW 4000,2.470413981875,0.6791736556818163,Education
36,New Construction,Ready mix NW 3000,17.199210452125,2.2973774144694983,Education
36,New Construction,Ready mix NW 5000,50.34039729934375,9.008959701856195,Education
36,New Construction,Rebar and reinforcement,14.228962238904469,19.193436672385477,Education
36,New Construction,Resilient flooring vinyl,1.7683441872125,2.5049260234451247,Education
36,New Construction,Roll formed metal panel steel,0.3868480494374999,0.9013559551893752,Education
36,New Construction,Softwood plywood,0.7923760734375,0.2091872833875,Education
36,New Construction,Spray applied cementitious,40.97534631496244,46.71189479905718,Education
36,New Construction,Steel - other,0.122793216075,0.3168064974735,Education
36,New Construction,Steel door,0.0163467689193749,0.0359758333063125,Education
36,New Construction,Steel door frame,0.016939928020625,0.0465848020567187,Education
36,New Construction,Steel sheet,1.1616671399375,2.706684436054375,Education
36,New Construction,Stucco finish,0.1116401768659375,0.2802168439335031,Education
36,New Construction,Suspension assembly,0.724404377365875,1.7603026369990762,Education
36,New Construction,Synthetic composites,0.20361492353125,1.0974844378334376,Education
36,New Construction,Wall coverings,0.1993222970571875,1.4794625513925688,Education
36,New Construction,Wood or composite door,0.5987544267009375,0.217349495093089,Education
37,New Construction,CMU,4.490958130841122,0.5189551401869159,Warehouse and Storage
37,New Construction,Cold formed steel framing,0.5351626168224299,0.7954657943925233,Warehouse and Storage
37,New Construction,Decking,7.827663551401868,17.690519626168225,Warehouse and Storage
37,New Construction,Expanded polystyrene EPS,0.4158242990654205,1.82013046728972,Warehouse and Storage
37,New Construction,Extrusion,0.3181839252336449,2.885927850467289,Warehouse and Storage
37,New Construction,Fiberglass blanket,3.0411315887850465,7.579823177570093,Warehouse and Storage
37,New Construction,Glass mat gypsum board,0.439538691588785,0.1566160747663551,Warehouse and Storage
37,New Construction,Glazing - other,0.000978691588785,0.0022314018691588,Warehouse and Storage
37,New Construction,Gypsum board,0.3498347663551402,0.1102657943925233,Warehouse and Storage
37,New Construction,Hollow structural sections HSS,9.482443738317755,18.87006018691589,Warehouse and Storage
37,New Construction,Hot-rolled sections,25.27800934579439,30.83917121495327,Warehouse and Storage
37,New Construction,Insulated metal panel IMP,9.695645607476637,41.62499214953271,Warehouse and Storage
37,New Construction,Open web joists,13.161495327102804,15.925409345794392,Warehouse and Storage
37,New Construction,Ready mix NW 4000,1.582245981308411,0.2039581308411215,Warehouse and Storage
37,New Construction,Ready mix unknown,593.6747140186916,76.75335813084111,Warehouse and Storage
37,New Construction,Rebar and reinforcement,11.72043738317757,15.119363738317755,Warehouse and Storage
37,New Construction,Roofing and waterproofing - other,0.0062777570093457,0.0026721495327102,Warehouse and Storage
38,New Construction,Adhesives and sealants,0.014227678125256,0.009572446435818,Education
38,New Construction,Air and vapor barriers,0.2228772167159103,0.4360769311508765,Education
38,New Construction,Aluminum door,0.2105518115889072,0.8464182825874069,Education
38,New Construction,Aluminum door frame,0.0080821695652173,0.0707189836956521,Education
38,New Construction,Aluminum framed window,0.1040835169811768,1.0774829136578266,Education
38,New Construction,Aluminum sheet,0.5656056723053311,3.2490787231858795,Education
38,New Construction,Aluminum storefront or curtain wall,2.041156741699344,20.41156741699344,Education
38,New Construction,Brick clay,40.87941473749903,11.81415085913722,Education
38,New Construction,CMU,20.612762338608466,2.308629381924148,Education
38,New Construction,Carpet,0.037493931557113,0.1567246339087325,Education
38,New Construction,Ceramic tile,0.9004353768495565,0.2359140687345838,Education
38,New Construction,Coatings - other,0.1554856756406187,0.8228660527676679,Education
38,New Construction,Cold formed steel framing,7.831216988054341,19.186481620733137,Education
38,New Construction,Concrete - other,0.7621534239090609,0.1219445478254495,Education
38,New Construction,Decking,1.563796706650683,4.034595503158762,Education
38,New Construction,Doors and frames - other,0.1416394288061002,0.9379199609331512,Education
38,New Construction,Extruded polystyrene XPS,3.477111125177284,9.283886704223328,Education
38,New Construction,Fasteners,0.1023525777719126,0.4508611876604987,Education
38,New Construction,Fiberglass blanket,0.6437811343295288,1.1137413623900847,Education
38,New Construction,Glass mat gypsum board,12.390121903323582,5.860527660272053,Education
38,New Construction,Glazing - other,0.8542655885959061,1.2984836946657772,Education
38,New Construction,Glue laminated timber GLT,18.480831930452183,6.85638864619776,Education
38,New Construction,Gypsum board,28.159885343215347,6.393138759102488,Education
38,New Construction,Hardwood,0.5232848678924531,0.2612299221038826,Education
38,New Construction,Heavy timber framing,5.774492418666852,1.097153559546702,Education
38,New Construction,Hollow structural sections HSS,19.578341962950734,48.00113308572347,Education
38,New Construction,Hot-rolled sections,7.045696757566146,6.814942763367615,Education
38,New Construction,Insulated glass unit IGU,7.505385779940121,9.55023183868036,Education
38,New Construction,Mineral wool high density,5.062240672538882,9.0614108038446,Education
38,New Construction,Modified bitumen,1.2344561768765918,0.777707391432253,Education
38,New Construction,Mortar and grout,18.27086491468263,2.750170905682652,Education
38,New Construction,Paint,0.5526922038737898,1.366500843276838,Education
38,New Construction,Plate,0.3730979986523434,0.8693183368599601,Education
38,New Construction,Polyisocyanurate PIR,0.0003588852513725,0.0010479449340077,Education
38,New Construction,Precast,3.666190505267192,0.586590480842753,Education
38,New Construction,Ready mix NW 3000,457.3661858616642,73.17858973786628,Education
38,New Construction,Ready mix NW 4000,285.3166186768331,52.87588122895495,Education
38,New Construction,Ready mix NW 5000,7.460556684966209,1.6786252541173965,Education
38,New Construction,Rebar and reinforcement,22.64507449126625,43.361145766160064,Education
38,New Construction,Roll formed metal panel aluminum,0.0739890184754391,0.4779690593513367,Education
38,New Construction,Roll formed metal panel steel,0.5102977117827656,1.188993668453844,Education
38,New Construction,Softwood framing,1.2620597400098357,0.2120260363216524,Education
38,New Construction,Softwood plywood,6.291374676702914,1.6609229146495696,Education
38,New Construction,Steel - other,3.708683029917152,4.444319278877291,Education
38,New Construction,Steel door,0.1435084553855072,0.4958414131772753,Education
38,New Construction,Steel door frame,0.0189914680927536,0.0522265372550724,Education
38,New Construction,Steel sheet,1.4928499371775237,3.4783403536236306,Education
38,New Construction,TPO,0.4437930470444691,1.3979480981900778,Education
38,New Construction,Wood or composite door,0.5462343296890435,0.2192760903669982,Education
39,New Construction,Aluminum - other,0.0347145728643216,0.4262221105527638,Warehouse and Storage
39,New Construction,Aluminum framed window,0.1070351758793969,0.5181748743718593,Warehouse and Storage
39,New Construction,Aluminum storefront or curtain wall,0.2727427135678392,1.3377226130653266,Warehouse and Storage
39,New Construction,CMU,0.7762090452261307,0.1692135678391959,Warehouse and Storage
39,New Construction,Cold formed steel framing,0.281737688442211,0.4187748743718592,Warehouse and Storage
39,New Construction,Decking,8.160104020100503,14.501266331658291,Warehouse and Storage
39,New Construction,Fiberglass blanket,4.264481909547738,13.362647236180903,Warehouse and Storage
39,New Construction,Glass mat gypsum board,0.1090643216080402,0.0435301507537688,Warehouse and Storage
39,New Construction,Gypsum board,0.614824623115578,0.1884110552763819,Warehouse and Storage
39,New Construction,Hollow structural sections HSS,2.2596648241206028,4.580552261306533,Warehouse and Storage
39,New Construction,Hot-rolled sections,1.8081015075376885,2.272952261306533,Warehouse and Storage
39,New Construction,Mineral wool low density,0.1247723618090452,0.1796723618090452,Warehouse and Storage
39,New Construction,Mortar and grout,0.720321608040201,0.413464824120603,Warehouse and Storage
39,New Construction,Open web joists,13.721739195979898,11.5125391959799,Warehouse and Storage
39,New Construction,PVC,1.7825804020100502,6.249446733668342,Warehouse and Storage
39,New Construction,Ready mix NW 3000,60.76482211055277,5.114372361809045,Warehouse and Storage
39,New Construction,Ready mix NW 4000,1124.2875236180903,109.32089497487436,Warehouse and Storage
39,New Construction,Rebar and reinforcement,46.25707638190954,41.90315125628141,Warehouse and Storage
39,New Construction,Roll formed metal panel steel,0.0058165829145728,0.0159266331658291,Warehouse and Storage
39,New Construction,Steel door,0.173580904522613,0.7077793969849246,Warehouse and Storage
39,New Construction,Windows and frames - other,0.0032211055276381,0.0308597989949748,Warehouse and Storage
39,New Construction,Wood or composite door,0.0164100502512562,0.0178733668341708,Warehouse and Storage
4,New Construction,Acoustic ceiling tile fiber,0.1176730577777777,0.1600353585777778,Office
4,New Construction,Acoustic ceiling tile steel,0.000880286155,0.0025264212648499,Office
4,New Construction,Adhesives and sealants,0.0831859577127777,0.2254008658251139,Office
4,New Construction,Aluminum - other,0.0098214071131666,0.0551963079759966,Office
4,New Construction,Aluminum door frame,0.030061916,0.263041765,Office
4,New Construction,Aluminum sheet,0.0149911222672222,0.0842501071417888,Office
4,New Construction,CMU,59.06166309745,6.614906266914399,Office
4,New Construction,Carpet,0.0042510677738888,0.0224031271683944,Office
4,New Construction,Ceramic tile,1.7111228263333331,0.4483141804993333,Office
4,New Construction,Closed cell spray polyurethane foam,0.4248027938333333,1.338128800575,Office
4,New Construction,Coatings - other,0.0308272345262222,0.2412068361243205,Office
4,New Construction,Cold formed steel framing,0.5789602835177778,1.5625147052656778,Office
4,New Construction,Concrete - other,7.092330992222223,1.0499122934531522,Office
4,New Construction,Doors and frames - other,0.1827606951307777,0.8021878865231883,Office
4,New Construction,Expanded polystyrene EPS,0.3547249446611111,1.1528560701486112,Office
4,New Construction,Extrusion,1.5955167421268888,14.196717250930217,Office
4,New Construction,Fasteners,0.0012326877932222,0.0062676345277383,Office
4,New Construction,Fiberglass blanket,0.2411575892752222,0.4967846339069577,Office
4,New Construction,Glass mat gypsum board,0.2057511808888888,0.0973203085604444,Office
4,New Construction,Glazing - other,2.833813376033333,3.117194713636668,Office
4,New Construction,Gypsum board,10.763887473885555,2.185069157198768,Office
4,New Construction,Hollow structural sections HSS,0.3220500062111111,0.8308890160246667,Office
4,New Construction,Hot-rolled sections,0.0274412904666666,0.070798529404,Office
4,New Construction,Insulated glass unit IGU,4.8382001997215,9.35338074414292,Office
4,New Construction,Mineral wool low density,0.0112827043444444,0.0166984024297777,Office
4,New Construction,Modified bitumen,0.3142248525388889,0.2384966630770166,Office
4,New Construction,Mortar and grout,67.81455403882222,12.732128930795271,Office
4,New Construction,Other,0.0218220949388888,0.0619747496264444,Office
4,New Construction,Paint,0.1126288337411111,0.2670066458634277,Office
4,New Construction,Precast,6.61414585,1.0318447835725972,Office
4,New Construction,Ready mix LW 4000,0.1335740853888888,0.0291191214271164,Office
4,New Construction,Ready mix NW 4000,793.9289432790112,85.16287051033643,Office
4,New Construction,Ready mix NW 5000,3.0090563522222222,0.3831385629751941,Office
4,New Construction,Ready mix NW 8000,197.8702400336111,29.244862150314443,Office
4,New Construction,Rebar and reinforcement,64.0542887864785,122.34369158217392,Office
4,New Construction,Roll formed metal panel aluminum,0.029300760635,0.1892829137021,Office
4,New Construction,Steel - other,0.093971114,0.24244547412,Office
4,New Construction,Steel door,0.1346730726055555,0.2966401830118555,Office
4,New Construction,Steel door frame,0.00058529728,0.00160956752,Office
4,New Construction,Stucco finish,7.616605638475444,3.982091993472282,Office
4,New Construction,Suspension assembly,0.0250083158833333,0.0607702075964999,Office
4,New Construction,TPO,0.002614928805,0.00823702573575,Office
4,New Construction,Wood or composite door,0.3290625676611111,0.2678569300761444,Office
40,New Construction,Acoustic ceiling tile aluminum,0.1944955709263157,1.3128451037526314,Healthcare
40,New Construction,Acoustic ceiling tile fiber,1.6345211381326317,5.405597126478464,Healthcare
40,New Construction,Adhesives and sealants,1.0926637640332633,2.358026373254922,Healthcare
40,New Construction,Air and vapor barriers,1.200746590785263,2.1540864642582105,Healthcare
40,New Construction,Aluminum - other,0.0117641869978947,0.0661147309281684,Healthcare
40,New Construction,Aluminum door,0.1914640599010526,1.9720798169808424,Healthcare
40,New Construction,Aluminum framed window,0.0009522248715789,0.0073741142041263,Healthcare
40,New Construction,Aluminum sheet,0.6979449029473684,3.9224503545642095,Healthcare
40,New Construction,Brick clay,54.07491228189474,15.62764964946758,Healthcare
40,New Construction,CMU,5.681312589684211,1.1447271614938797,Healthcare
40,New Construction,Carpet,0.0127788625136842,0.0534156453072,Healthcare
40,New Construction,Ceramic tile,4.319087018235789,1.1316007987777768,Healthcare
40,New Construction,Coatings - other,0.185273867044,2.9006485414610883,Healthcare
40,New Construction,Cold formed steel framing,6.898395627926315,16.979841653290737,Healthcare
40,New Construction,Copper sheet,0.0096306004328421,0.0113641085107536,Healthcare
40,New Construction,Decking,11.124214083578948,28.70047233563368,Healthcare
40,New Construction,Doors and frames - other,0.5842465347865263,2.486847382752849,Healthcare
40,New Construction,Extruded polystyrene XPS,0.1200438314947368,7.802076563901787,Healthcare
40,New Construction,Extrusion,1.167330657263158,10.044004445204,Healthcare
40,New Construction,Fasteners,0.1990892540875789,1.132606669909905,Healthcare
40,New Construction,Fiberglass blanket,0.0016148148018947,0.0027936296072778,Healthcare
40,New Construction,Flooring and tile - other,0.0364978823728421,0.0710048089749852,Healthcare
40,New Construction,Glazing - other,1.435669765936842,2.0909416891814736,Healthcare
40,New Construction,Gypsum board,52.4928904720821,12.808265275188033,Healthcare
40,New Construction,Hardwood,0.1163688156475789,0.1215046793019115,Healthcare
40,New Construction,Hollow structural sections HSS,6.76181597807579,16.58896556649356,Healthcare
40,New Construction,Hot-rolled sections,29.636014910545263,28.687662433407816,Healthcare
40,New Construction,Insulated glass unit IGU,3.1889765880105263,3.676069628901088,Healthcare
40,New Construction,Insulated metal panel IMP,2.637110104637894,21.345384501074115,Healthcare
40,New Construction,Mineral wool high density,24.6894816092,44.194172080468,Healthcare
40,New Construction,Mortar and grout,14.792195949990106,3.628586812565395,Healthcare
40,New Construction,PVC,2.056499156989474,6.3751473866673685,Healthcare
40,New Construction,Paint,0.0794763556128421,0.1907123007783031,Healthcare
40,New Construction,Plate,0.2328994818147368,0.5426557926283369,Healthcare
40,New Construction,Polyisocyanurate PIR,5.556256053663158,14.335140618450946,Healthcare
40,New Construction,Ready mix NW 3000,436.5681506645895,58.31440995534924,Healthcare
40,New Construction,Ready mix NW 4000,106.13819108665264,16.290865519522143,Healthcare
40,New Construction,Ready mix NW 5000,186.14655077221053,33.31294277584564,Healthcare
40,New Construction,Ready mix NW 8000,0.0829554760926315,0.017164889459151,Healthcare
40,New Construction,Rebar and reinforcement,9.886379411557265,9.233878370394484,Healthcare
40,New Construction,Resilient flooring vinyl,2.795299142042105,4.077108345624211,Healthcare
40,New Construction,Roll formed metal panel steel,0.2302306391578947,0.5364373892378947,Healthcare
40,New Construction,Steel - other,0.3619410384858947,0.5919130750525263,Healthcare
40,New Construction,Steel door,0.0891135738947368,0.2276034021776842,Healthcare
40,New Construction,Steel door frame,0.0485229279663157,0.1334380519073684,Healthcare
40,New Construction,Stone tile,0.3069920395789474,0.2753718595023158,Healthcare
40,New Construction,Suspension assembly,0.7163505357663158,1.7407318019121474,Healthcare
40,New Construction,Synthetic composites,0.5128535853452632,2.124697620008463,Healthcare
40,New Construction,Wood or composite door,2.312411266431579,0.8486549347803894,Healthcare
41,New Construction,Acoustic ceiling tile fiber,0.1324638926174496,0.1510088590604026,Warehouse and Storage
41,New Construction,Aluminum storefront or curtain wall,1.0052010738255033,4.455485100671141,Warehouse and Storage
41,New Construction,Carpet,0.043316510067114,0.2707280536912752,Warehouse and Storage
41,New Construction,Cold formed steel framing,0.1546719463087248,0.2299044295302013,Warehouse and Storage
41,New Construction,Decking,8.152485637583894,25.80353342281879,Warehouse and Storage
41,New Construction,Extrusion,0.0192397315436241,0.2905183892617449,Warehouse and Storage
41,New Construction,Fiberglass blanket,2.987984697986577,7.447357583892618,Warehouse and Storage
41,New Construction,Flooring and tile - other,0.0691597315436241,0.0953522147651006,Warehouse and Storage
41,New Construction,Gypsum board,1.032743087248322,0.3184212080536913,Warehouse and Storage
41,New Construction,Hollow structural sections HSS,2.0676504697986577,5.318165369127517,Warehouse and Storage
41,New Construction,Open web joists,12.180629530201342,16.67495865771812,Warehouse and Storage
41,New Construction,Paint,0.51359677852349,0.9912418791946308,Warehouse and Storage
41,New Construction,Ready mix unknown,1344.379114362416,179.76984483221474,Warehouse and Storage
41,New Construction,Rebar and reinforcement,12.197068456375838,10.228969664429531,Warehouse and Storage
41,New Construction,Softwood framing,0.0142123489932885,0.001393288590604,Warehouse and Storage
41,New Construction,Steel door,0.8037409395973155,2.3656246979865774,Warehouse and Storage
41,New Construction,Synthetic composites,0.0131602684563758,0.1364767785234899,Warehouse and Storage
41,New Construction,TPO,1.480744697986577,5.152991409395973,Warehouse and Storage
41,New Construction,Wood or composite door,0.053041610738255,0.0662523489932885,Warehouse and Storage
46,New Construction,Adhesives and sealants,0.03530361162422,0.0958026078023822,Office
46,New Construction,Air and vapor barriers,0.0276226023171479,0.2955618447934833,Office
46,New Construction,Aluminum - other,0.4883290024103779,0.8008595639530198,Office
46,New Construction,Aluminum sheet,1.0707342756251703,6.017526629013458,Office
46,New Construction,Coatings - other,0.0001295254368655,0.0001761545941372,Office
46,New Construction,Cold formed steel framing,0.4811595929517459,1.2413917498155045,Office
46,New Construction,Extrusion,0.956858575231338,8.662814436426267,Office
46,New Construction,Fiberglass blanket,0.0362593566450913,0.0852094881159646,Office
46,New Construction,Gypsum board,0.1906484664806941,0.0465182258212893,Office
46,New Construction,Hardwood,0.0014336784996573,0.0014910256396436,Office
46,New Construction,Hollow structural sections HSS,0.2248220179399558,0.5800408062850861,Office
46,New Construction,Insulated glass unit IGU,5.2830085961067175,7.0792315187830015,Office
46,New Construction,Mineral wool high density,5.531847107308121,9.902006322081538,Office
46,New Construction,Paint,0.0182390863348304,0.0428184738559647,Office
46,New Construction,Ready mix unknown,1404.788282103429,169.34366679853778,Office
46,New Construction,Rebar and reinforcement,56.63571072393817,105.84372356019912,Office
46,New Construction,Softwood plywood,0.0061676443670305,0.001628258112896,Office
46,New Construction,Steel sheet,5.177351330112251e-06,1.2063228599161544e-05,Office
46,New Construction,Stucco finish,0.5058305151377426,0.2422928167509787,Office
46,New Construction,TPO,0.1555274487667706,0.4961325615659982,Office
47,New Construction,Acoustic ceiling tile fiber,0.310182,0.119743,Warehouse and Storage
47,New Construction,Air and vapor barriers,1.44654,4.498738,Warehouse and Storage
47,New Construction,Aluminum composite panel ACM,1.036784,8.861641,Warehouse and Storage
47,New Construction,Aluminum framed window,0.036836,0.113342,Warehouse and Storage
47,New Construction,Aluminum storefront or curtain wall,0.981657,3.912524,Warehouse and Storage
47,New Construction,Asphalt shingles,11.843993,4.756249,Warehouse and Storage
47,New Construction,Carpet,0.134996,0.843727,Warehouse and Storage
47,New Construction,Cold formed steel framing,0.474458,0.850545,Warehouse and Storage
47,New Construction,Cross laminated timber CLT,0.350044,0.138283,Warehouse and Storage
47,New Construction,Fiberglass blanket,0.889914,0.930264,Warehouse and Storage
47,New Construction,Flooring and tile - other,0.180039,0.164525,Warehouse and Storage
47,New Construction,Gypsum board,1.883246,0.546442,Warehouse and Storage
47,New Construction,Hollow structural sections HSS,1.448638,2.861305,Warehouse and Storage
47,New Construction,Open web joists,14.372301,19.620623,Warehouse and Storage
47,New Construction,Oriented strand board OSB,15.511137,5.115454,Warehouse and Storage
47,New Construction,Other,0.150503,0.68019,Warehouse and Storage
47,New Construction,Paint,0.4357609999999999,0.8410200000000001,Warehouse and Storage
47,New Construction,Ready mix NW 3000,22.114324000000003,3.145935,Warehouse and Storage
47,New Construction,Ready mix NW 4000,826.00468,134.308324,Warehouse and Storage
47,New Construction,Ready mix NW 5000,2.21551,0.375009,Warehouse and Storage
47,New Construction,Ready mix unknown,635.531979,15.687815,Warehouse and Storage
47,New Construction,Rebar and reinforcement,16.130152,12.545267,Warehouse and Storage
47,New Construction,Softwood framing,11.2038,1.115024,Warehouse and Storage
47,New Construction,Steel - other,0.440393,0.634664,Warehouse and Storage
47,New Construction,Steel door,0.29408,3.079,Warehouse and Storage
47,New Construction,Suspension assembly,0.0897159999999999,0.0242229999999999,Warehouse and Storage
47,New Construction,Wood or composite door,0.09078,0.11339,Warehouse and Storage
48,New Construction,Acoustic ceiling tile fiber,0.0461544827586206,0.0526160919540229,Warehouse and Storage
48,New Construction,Aluminum storefront or curtain wall,1.1902137931034484,5.275542988505747,Warehouse and Storage
48,New Construction,Carpet,0.010927816091954,0.0682997701149425,Warehouse and Storage
48,New Construction,Cold formed steel framing,0.2368064367816091,0.5010763218390805,Warehouse and Storage
48,New Construction,Extrusion,0.0458804597701149,0.6927972413793103,Warehouse and Storage
48,New Construction,Flooring and tile - other,0.1164386206896551,0.1605365517241379,Warehouse and Storage
48,New Construction,Gypsum board,8.05048367816092,0.1659342528735632,Warehouse and Storage
48,New Construction,Hollow structural sections HSS,2.4984078160919543,5.221671724137931,Warehouse and Storage
48,New Construction,Open web joists,12.578460689655174,17.219578850574713,Warehouse and Storage
48,New Construction,Oriented strand board OSB,5.9599278160919535,2.046303448275862,Warehouse and Storage
48,New Construction,Paint,0.5055218390804598,0.9756574712643676,Warehouse and Storage
48,New Construction,Ready mix NW 3000,62.17051540229885,5.830110804597701,Warehouse and Storage
48,New Construction,Ready mix NW 4000,422.3295581609196,62.997492413793104,Warehouse and Storage
48,New Construction,Ready mix unknown,475.0331903448276,44.55917425287356,Warehouse and Storage
48,New Construction,Rebar and reinforcement,12.719564137931034,9.959418850574712,Warehouse and Storage
48,New Construction,Softwood framing,3.956857931034483,0.3878763218390804,Warehouse and Storage
48,New Construction,Steel door,0.7791034482758621,2.2052326436781606,Warehouse and Storage
48,New Construction,Synthetic composites,0.0764349425287356,0.7926597701149425,Warehouse and Storage
48,New Construction,TPO,1.4744924137931037,5.131233563218391,Warehouse and Storage
48,New Construction,Wood or composite door,0.0417379310344827,0.0521333333333333,Warehouse and Storage
49,New Construction,Acoustic ceiling tile aluminum,0.1366417159483871,0.9223315826516127,Healthcare
49,New Construction,Acoustic ceiling tile fiber,1.230277059292903,4.293666936932232,Healthcare
49,New Construction,Adhesives and sealants,0.0928554168137634,0.4922125437893957,Healthcare
49,New Construction,Aluminum - other,1.5892604753942363,3.3751021848682976,Healthcare
49,New Construction,Aluminum composite panel ACM,2.1539453002808604,17.123865137232837,Healthcare
49,New Construction,Aluminum door frame,0.0163239900645161,0.1428349130645161,Healthcare
49,New Construction,Aluminum framed window,0.2391902936851613,1.950018028994159,Healthcare
49,New Construction,Aluminum sheet,0.2159135689462366,1.2134342574778496,Healthcare
49,New Construction,Aluminum storefront or curtain wall,0.9080687972333332,9.080687972333331,Healthcare
49,New Construction,CMU,0.0629123745376344,0.007046185948215,Healthcare
49,New Construction,Carpet,0.0059583072989247,0.0249057245095053,Healthcare
49,New Construction,Ceramic tile,0.2152524606451613,0.0563961446890322,Healthcare
49,New Construction,Coatings - other,0.1539338082516989,2.2602774960422773,Healthcare
49,New Construction,Cold formed steel framing,8.064063304121548,20.80505085119206,Healthcare
49,New Construction,Concrete - other,0.5667023924086022,0.0884088317231358,Healthcare
49,New Construction,Decking,8.383544122843011,21.62954383693497,Healthcare
49,New Construction,Doors and frames - other,0.6567014687458925,3.959654750808956,Healthcare
49,New Construction,Expanded polystyrene EPS,0.2917230411753118,0.9480998838197634,Healthcare
49,New Construction,Extrusion,0.3814927270947096,2.865010380481269,Healthcare
49,New Construction,Fasteners,0.0302469114112258,0.1356847606938008,Healthcare
49,New Construction,Fiberglass blanket,0.9609108409428816,1.702797873643096,Healthcare
49,New Construction,Flooring and tile - other,0.0011251618149677,0.0016314846317032,Healthcare
49,New Construction,Glass mat gypsum board,1.3064545290451612,0.6179529922383613,Healthcare
49,New Construction,Glazing - other,1.0067939678425808,3.4083343644328514,Healthcare
49,New Construction,Gypsum board,75.72612266474796,15.39289559980902,Healthcare
49,New Construction,Hardwood,0.098248329816,0.0457857079119724,Healthcare
49,New Construction,Hollow structural sections HSS,3.6479062115727743,8.937983610756996,Healthcare
49,New Construction,Hot-rolled sections,66.09832735032559,63.98318087511517,Healthcare
49,New Construction,Insulated glass unit IGU,5.113504891563268,8.55826883021338,Healthcare
49,New Construction,Mineral wool low density,1.0596172103630108,1.599948176161901,Healthcare
49,New Construction,Mortar and grout,0.1121425324434408,0.0396715857005741,Healthcare
49,New Construction,PVC,0.2728040208713979,0.8456924647013333,Healthcare
49,New Construction,Paint,0.5842534383935915,1.4022082521446193,Healthcare
49,New Construction,Plate,14.195767826873118,36.625080993332645,Healthcare
49,New Construction,Ready mix LW 3000,110.08100302950535,27.65966433572717,Healthcare
49,New Construction,Ready mix LW 4000,0.0354712923698924,0.0097518745794717,Healthcare
49,New Construction,Ready mix NW 3000,3.0132169449462367,0.4367968999074946,Healthcare
49,New Construction,Ready mix NW 4000,419.8262889778666,69.75556670984712,Healthcare
49,New Construction,Rebar and reinforcement,12.887628901901634,24.61537120263212,Healthcare
49,New Construction,Resilient flooring vinyl,1.6579555442331182,4.178047971467458,Healthcare
49,New Construction,Softwood plywood,0.0094561468989247,0.0024964227813161,Healthcare
49,New Construction,Spray applied cementitious,35.29310558516538,40.23414036708853,Healthcare
49,New Construction,Steel - other,0.0565716730580645,0.1459549164898064,Healthcare
49,New Construction,Steel door,2.400278246503226,5.77327068120437,Healthcare
49,New Construction,Steel door frame,0.098699851936172,0.2714245928244731,Healthcare
49,New Construction,Steel sheet,0.4375892794688602,1.116418717905107,Healthcare
49,New Construction,Stone tile,1.9607571538752688,1.7587991670261165,Healthcare
49,New Construction,Suspension assembly,0.5560313411901076,1.3511561590919612,Healthcare
49,New Construction,Wall coverings,0.0031355829487741,0.0623981006806064,Healthcare
49,New Construction,Wood or composite door,0.8812451919316129,0.7155686663040537,Healthcare
5,New Construction,Acoustic ceiling tile aluminum,0.4042437212258987,2.728645118274816,Education
5,New Construction,Acoustic ceiling tile fiber,2.857980597520261,3.886853612627554,Education
5,New Construction,Air and vapor barriers,0.7801470671258998,0.9137045576007952,Education
5,New Construction,Aluminum - other,0.5973351424036442,1.94731256423588,Education
5,New Construction,Aluminum door,0.0738579167999904,0.4808150383679376,Education
5,New Construction,Aluminum door frame,0.0024225662337662,0.0211974545454545,Education
5,New Construction,Aluminum sheet,7.06491759850787e-05,0.0005030221330137,Education
5,New Construction,CMU,29.08351074134317,3.257353203030436,Education
5,New Construction,Coatings - other,0.2651972553970367,4.42821814436252,Education
5,New Construction,Cold formed steel framing,6.5209990810283625,16.784315004696786,Education
5,New Construction,Doors and frames - other,0.0721518791563613,0.4124541885327715,Education
5,New Construction,Extrusion,15.06568204017306,115.6108033369864,Education
5,New Construction,Fasteners,0.0084960305816861,0.045477973690873,Education
5,New Construction,Fiberglass blanket,0.6265670487171201,1.2907281203572674,Education
5,New Construction,Glass mat gypsum board,7.981075836276425,3.775048870558749,Education
5,New Construction,Glazing - other,1.2807930020793874,1.8034144924433824,Education
5,New Construction,Gypsum board,20.671031390802465,4.781828536957563,Education
5,New Construction,Hollow structural sections HSS,2.7564233310982016,6.753237161190594,Education
5,New Construction,Hot-rolled sections,0.0390184660975286,0.0377698751824076,Education
5,New Construction,Insulated glass unit IGU,0.7986924792810041,1.0702479222365455,Education
5,New Construction,Mineral wool low density,0.3966988017283692,0.5990151906098375,Education
5,New Construction,Modified bitumen,3.045279392670338,1.9185260173823129,Education
5,New Construction,Mortar and grout,1.2970377117855758,0.1281473259244149,Education
5,New Construction,Other,0.1652191374817567,0.469222350448189,Education
5,New Construction,Paint,0.3650960889976982,0.8711440470881033,Education
5,New Construction,Plate,6.457884198575193,15.046870182680198,Education
5,New Construction,Polyisocyanurate PIR,1.2234043755569115,3.2053194639591087,Education
5,New Construction,Precast,307.0112402908356,62.63029301933057,Education
5,New Construction,Ready mix LW 4000,78.53735273163169,23.3255937612946,Education
5,New Construction,Ready mix NW 4000,807.2062081434179,137.65237828760792,Education
5,New Construction,Rebar and reinforcement,38.25609430842966,38.903765196276176,Education
5,New Construction,Roll formed metal panel aluminum,0.8814905018231886,5.694428641777799,Education
5,New Construction,Roll formed metal panel steel,0.0150025442100175,0.0349559280093409,Education
5,New Construction,Roofing and waterproofing - other,0.2312870424812909,0.1117116415184635,Education
5,New Construction,Steel - other,0.0312817001900818,0.0796709723311929,Education
5,New Construction,Steel door,0.5080559591688312,1.0663275196238962,Education
5,New Construction,Steel door frame,0.0216595999584415,0.0595638998857142,Education
5,New Construction,Steel sheet,3.905488889003948,9.0997891113792,Education
5,New Construction,Stucco finish,3.489389711158404,1.834403990497236,Education
5,New Construction,Suspension assembly,0.6073886658866596,1.475954458104583,Education
5,New Construction,Synthetic composites,2.598160366385899,7.5686136358036995,Education
5,New Construction,Wall coverings,0.0166399274178055,0.0081702043621425,Education
5,New Construction,Wood or composite door,0.0738427144843636,0.0213581994418734,Education
51,New Construction,Acoustic ceiling tile fiber,0.0017300357591548,0.0023528486324505,Residential: Multifamily (5 or more units)
51,New Construction,Adhesives and sealants,0.0490472235856964,0.1343893926248082,Residential: Multifamily (5 or more units)
51,New Construction,Air and vapor barriers,0.0002972596709882,0.0007788203379891,Residential: Multifamily (5 or more units)
51,New Construction,Aluminum - other,0.1842862213990676,1.3994350328047256,Residential: Multifamily (5 or more units)
51,New Construction,Aluminum sheet,0.0021794380980283,0.0122484421109192,Residential: Multifamily (5 or more units)
51,New Construction,Architectural fiber cement panel,2.1138033032151835,1.3634031305737937,Residential: Multifamily (5 or more units)
51,New Construction,Brick clay,9.592928115317264,2.772356225326689,Residential: Multifamily (5 or more units)
51,New Construction,CMU,5.104738157649605,0.5717306736567558,Residential: Multifamily (5 or more units)
51,New Construction,Ceramic tile,1.5027687646699586,0.3937254163435292,Residential: Multifamily (5 or more units)
51,New Construction,Closed cell spray polyurethane foam,8.039848392212238e-06,2.532552243546855e-05,Residential: Multifamily (5 or more units)
51,New Construction,Coatings - other,0.0020068281679092,0.0208475053427888,Residential: Multifamily (5 or more units)
51,New Construction,Cold formed steel framing,0.3375594514847682,0.8270836438639976,Residential: Multifamily (5 or more units)
51,New Construction,Concrete - other,22.247035934267025,3.2065616053653003,Residential: Multifamily (5 or more units)
51,New Construction,Doors and frames - other,0.0008534502037661,0.007689586335933,Residential: Multifamily (5 or more units)
51,New Construction,Extruded polystyrene XPS,0.198970976357284,12.931833083000896,Residential: Multifamily (5 or more units)
51,New Construction,Extrusion,0.6913769732333268,5.349247418054353,Residential: Multifamily (5 or more units)
51,New Construction,Fasteners,0.0073098028553393,0.0409207296942537,Residential: Multifamily (5 or more units)
51,New Construction,Fiberglass blanket,1.4079639320900714,2.945176833933869,Residential: Multifamily (5 or more units)
51,New Construction,Glass mat gypsum board,0.1098987751621788,0.0519821206517105,Residential: Multifamily (5 or more units)
51,New Construction,Gypsum board,53.62827569002999,11.391627684315406,Residential: Multifamily (5 or more units)
51,New Construction,Hardwood,0.5145572780936919,0.3411514753761177,Residential: Multifamily (5 or more units)
51,New Construction,Hollow structural sections HSS,9.034656168124414,22.146697755227503,Residential: Multifamily (5 or more units)
51,New Construction,Hot-rolled sections,1.7839099656187465,1.7268248467189464,Residential: Multifamily (5 or more units)
51,New Construction,Insulated glass unit IGU,1.4656906572481083,1.9640254807124653,Residential: Multifamily (5 or more units)
51,New Construction,Medium density fiberboard MDF,0.104680885714224,0.0736953435428137,Residential: Multifamily (5 or more units)
51,New Construction,Mineral wool low density,0.0747165802634378,0.110580538789888,Residential: Multifamily (5 or more units)
51,New Construction,Modified bitumen,1.4868098569552672,1.1157273322673236,Residential: Multifamily (5 or more units)
51,New Construction,Mortar and grout,3.718239957888539,0.802312707289547,Residential: Multifamily (5 or more units)
51,New Construction,Oriented strand board OSB,0.0170745735555328,0.0066932328337688,Residential: Multifamily (5 or more units)
51,New Construction,Other,0.4637445363504771,1.317034483235355,Residential: Multifamily (5 or more units)
51,New Construction,Paint,0.7451573252532077,1.7570091202002562,Residential: Multifamily (5 or more units)
51,New Construction,Plate,0.2968623480431152,0.7659048579512373,Residential: Multifamily (5 or more units)
51,New Construction,Polyisocyanurate PIR,0.3076655740992522,0.8123309088563939,Residential: Multifamily (5 or more units)
51,New Construction,Precast,0.4676336902311973,0.0729535445439058,Residential: Multifamily (5 or more units)
51,New Construction,Ready mix NW 3000,24.225254619243035,3.4276823005510098,Residential: Multifamily (5 or more units)
51,New Construction,Ready mix NW 4000,168.8986792936832,27.356973780289227,Residential: Multifamily (5 or more units)
51,New Construction,Ready mix NW 5000,5.646396317282921,1.144477474102239,Residential: Multifamily (5 or more units)
51,New Construction,Rebar and reinforcement,5.663235502813198,10.659967156756542,Residential: Multifamily (5 or more units)
51,New Construction,Roll formed metal panel steel,0.0977269686891343,0.227703837045683,Residential: Multifamily (5 or more units)
51,New Construction,Roofing and waterproofing - other,0.2503888013494965,0.430668738321134,Residential: Multifamily (5 or more units)
51,New Construction,Softwood framing,11.62626023835294,1.953211720043294,Residential: Multifamily (5 or more units)
51,New Construction,Softwood plywood,8.798527286201345,2.322811203557155,Residential: Multifamily (5 or more units)
51,New Construction,Spray applied cementitious,0.3792820396275287,0.4323815251753827,Residential: Multifamily (5 or more units)
51,New Construction,Steel - other,1.1063016937987948,2.658920017274637,Residential: Multifamily (5 or more units)
51,New Construction,Stucco finish,16.819725412267875,8.056648472476311,Residential: Multifamily (5 or more units)
51,New Construction,Synthetic composites,0.0322376407355076,0.150872158642176,Residential: Multifamily (5 or more units)
51,New Construction,Vinyl framed window,0.3723332594871795,0.997853135425641,Residential: Multifamily (5 or more units)
51,New Construction,Wood I joists,1.391822484404089,0.6402383428258812,Residential: Multifamily (5 or more units)
51,New Construction,Wood and composites - other,0.0351728683758463,0.0159699606441688,Residential: Multifamily (5 or more units)
52,New Construction,CMU,13.467541785714287,2.697275,Laboratory
52,New Construction,Cold formed steel framing,17.078124285714285,25.38492392857143,Laboratory
52,New Construction,Decking,8.11066357142857,25.386377023809523,Laboratory
52,New Construction,Extrusion,8.411013571428573,76.2525057142857,Laboratory
52,New Construction,Fiberglass blanket,0.0107984523809523,0.0207980952380952,Laboratory
52,New Construction,Fiberglass door,0.0380952380952381,0.2891428571428571,Laboratory
52,New Construction,Glass mat gypsum board,1.0726744047619048,0.3654586904761905,Laboratory
52,New Construction,Glazing - other,3.636734642857143,5.200530476190476,Laboratory
52,New Construction,Gypsum board,14.031848452380952,4.319195833333334,Laboratory
52,New Construction,Hollow structural sections HSS,2.807952738095238,6.711007142857143,Laboratory
52,New Construction,Hot-rolled sections,51.299137142857134,62.01929595238096,Laboratory
52,New Construction,Mineral wool high density,1.1120916666666667,0.7828755952380952,Laboratory
52,New Construction,Mineral wool low density,3.1216276190476187,2.497655238095238,Laboratory
52,New Construction,Mortar and grout,4.235688571428572,2.1646783333333333,Laboratory
52,New Construction,Other,0.4834208333333333,0.4390894047619048,Laboratory
52,New Construction,Polyisocyanurate PIR,0.3136429761904761,1.144612380952381,Laboratory
52,New Construction,Raised access floor system,1.523432976190476,1.478377738095238,Laboratory
52,New Construction,Ready mix LW 3000,10.390664642857145,2.2946382142857145,Laboratory
52,New Construction,Ready mix LW 4000,64.06969714285714,15.528835476190476,Laboratory
52,New Construction,Ready mix NW 3000,74.27104333333332,9.582331547619049,Laboratory
52,New Construction,Ready mix NW 5000,23.54343535714285,4.126605,Laboratory
52,New Construction,Rebar and reinforcement,9.125846428571428,12.848303452380952,Laboratory
52,New Construction,Roll formed metal panel aluminum,1.4589765476190475,5.526876904761905,Laboratory
52,New Construction,Roofing and waterproofing - other,0.2166895238095237,0.0922371428571428,Laboratory
52,New Construction,Steel - other,0.1997348809523809,0.8723521428571429,Laboratory
52,New Construction,Steel door,0.3100952380952381,0.6765714285714286,Laboratory
52,New Construction,Steel sheet,0.0317553571428571,0.0874479761904761,Laboratory
52,New Construction,TPO,0.056885,0.1592221428571428,Laboratory
53,New Construction,Acoustic ceiling tile fiber,0.9876835721424052,1.3432496581136708,Healthcare
53,New Construction,Adhesives and sealants,0.0571934287689873,0.1566621167847942,Healthcare
53,New Construction,Air and vapor barriers,0.2807702847006328,0.2678730984591456,Healthcare
53,New Construction,Aluminum door frame,0.1360022342126582,1.1900195493607597,Healthcare
53,New Construction,Aluminum framed window,0.0305825002531645,0.2675968772151899,Healthcare
53,New Construction,Aluminum sheet,0.1062901803455696,0.5973508135421013,Healthcare
53,New Construction,Aluminum storefront or curtain wall,0.3076606044975949,3.0766060449759496,Healthcare
53,New Construction,CMU,16.399880868544304,1.8367866572769624,Healthcare
53,New Construction,Ceramic tile,0.2430007486075949,0.0636661961351898,Healthcare
53,New Construction,Coatings - other,0.0330709931532911,0.3476173155271006,Healthcare
53,New Construction,Cold formed steel framing,1.3236347734741138,3.246786709287212,Healthcare
53,New Construction,Concrete - other,2.866138454873418,0.6559569963139426,Healthcare
53,New Construction,Decking,4.127803092943038,10.649731979793035,Healthcare
53,New Construction,Doors and frames - other,0.200833108090443,1.535916803396928,Healthcare
53,New Construction,Expanded polystyrene EPS,0.2431212879789873,0.7901441859317089,Healthcare
53,New Construction,Fasteners,0.0035582238213924,0.0206649345234253,Healthcare
53,New Construction,Fiberglass blanket,0.6615987279606962,1.554757010707636,Healthcare
53,New Construction,Glass mat gypsum board,4.39168124420886,2.0772652285107918,Healthcare
53,New Construction,Glazing - other,3.4982291706359496,16.258777054245986,Healthcare
53,New Construction,Gypsum board,16.421783295742404,4.0069151241611465,Healthcare
53,New Construction,Hollow structural sections HSS,5.984037852783545,14.660892739319683,Healthcare
53,New Construction,Hot-rolled sections,17.06246805544367,20.050156587545423,Healthcare
53,New Construction,Insulated glass unit IGU,0.0121240632151898,0.0162462447083544,Healthcare
53,New Construction,Insulation - other,0.004068306440443,0.0225384176800544,Healthcare
53,New Construction,Intumescent,0.0011905585664556,0.0030121131731329,Healthcare
53,New Construction,Loose-fill cellulose,1.9986249262120253,3.3976623745604426,Healthcare
53,New Construction,Mortar and grout,1.772512357741772,0.3256195234266874,Healthcare
53,New Construction,Paint,0.0462005796813924,0.0950583319683398,Healthcare
53,New Construction,Plate,1.6826502920227848,4.171861507612456,Healthcare
53,New Construction,Polyisocyanurate PIR,2.7753982088607594e-05,9.269830017594936e-05,Healthcare
53,New Construction,Ready mix LW 3000,110.13513269911644,31.276991144536275,Healthcare
53,New Construction,Ready mix LW 4000,2.120340024683544,0.5879641675823013,Healthcare
53,New Construction,Ready mix NW 3000,330.8752219052152,47.96377885329496,Healthcare
53,New Construction,Ready mix NW 4000,659.9558658594475,109.65391314249165,Healthcare
53,New Construction,Rebar and reinforcement,36.45421552421247,66.5761251250234,Healthcare
53,New Construction,Steel - other,0.1483814403987341,0.3479564032346203,Healthcare
53,New Construction,Steel door,0.042836827349367,0.1038662896072405,Healthcare
53,New Construction,Steel door frame,0.008106815756962,0.0222937433316455,Healthcare
53,New Construction,Steel sheet,0.1718550690696835,0.4013401441640975,Healthcare
53,New Construction,Suspension assembly,0.2099061861613924,0.5100720323721836,Healthcare
53,New Construction,Synthetic composites,0.0322022485056961,0.1159048300446329,Healthcare
53,New Construction,TPO,0.217189761499367,0.6841477487230062,Healthcare
53,New Construction,Wall coverings,0.0006407709917721,0.0020568748835886,Healthcare
53,New Construction,Wood or composite door,1.4011740917265822,0.522171996094662,Healthcare
55,New Construction,Acoustic ceiling tile aluminum,0.0085023469643322,0.055350278737803,Office
55,New Construction,Adhesives and sealants,0.355786829299433,0.9748559122804464,Office
55,New Construction,Aluminum - other,11.735612041904334,64.56192381644493,Office
55,New Construction,Aluminum door,0.037337661227754,0.2406943336403699,Office
55,New Construction,Aluminum door frame,0.0141309008224911,0.1236453821967978,Office
55,New Construction,Aluminum framed window,0.010130626415872,0.07780048584843,Office
55,New Construction,Aluminum sheet,3.411615360584765,19.8638180722924,Office
55,New Construction,CMU,77.21733559730316,8.648341586897953,Office
55,New Construction,Coatings - other,0.0011394897993434,0.0121925408529754,Office
55,New Construction,Cold formed steel framing,0.8245749089886344,2.1274032651906767,Office
55,New Construction,Decking,8.37332608872582,21.588211788034165,Office
55,New Construction,Doors and frames - other,0.0086028531442593,0.0627979817918174,Office
55,New Construction,Extrusion,1.4523211821190407,13.158029909998508,Office
55,New Construction,Fasteners,0.0047603343889083,0.0203122540416393,Office
55,New Construction,Fiberglass blanket,0.1805615047059707,0.4243195360590312,Office
55,New Construction,Glazing - other,0.2881568839535576,0.4668141520047633,Office
55,New Construction,Gypsum board,2.0929670326629366,0.5106839559697566,Office
55,New Construction,Hollow structural sections HSS,2.522291867843525,1.8513622309971476,Office
55,New Construction,Hot-rolled sections,13.421963816851324,10.0682911987699,Office
55,New Construction,Insulated glass unit IGU,2.1004781061288167,2.8146406622126143,Office
55,New Construction,Mineral wool high density,13.360060995493262,23.91450918193293,Office
55,New Construction,Mortar and grout,91.82835632984664,17.382247258975,Office
55,New Construction,Open web joists,6.097362090949945,8.414359685510924,Office
55,New Construction,PVC,1.2210766859647235,3.785337726490645,Office
55,New Construction,Paint,0.0077455777887606,0.0202159580286652,Office
55,New Construction,Ready mix unknown,1366.4947653024235,254.4884071248617,Office
55,New Construction,Rebar and reinforcement,39.95656380730359,76.31703687194984,Office
55,New Construction,Roll formed metal panel steel,0.2117915035144042,0.4934742031885618,Office
55,New Construction,Steel - other,0.0111865948560508,0.0288614147286112,Office
55,New Construction,Suspension assembly,0.0032723809622172,0.0079518857381878,Office
56,New Construction,Acoustic ceiling tile fiber,0.0135686358847534,0.0184533448032647,Office
56,New Construction,Adhesives and sealants,0.0059663301002908,0.037707206233838,Office
56,New Construction,Aluminum - other,0.3166665079804067,1.032332816016126,Office
56,New Construction,Aluminum composite panel ACM,0.2695862003546136,2.1432102928191785,Office
56,New Construction,Aluminum sheet,0.0823387086832568,0.4627435427999035,Office
56,New Construction,CMU,0.0966754966905432,0.0108276556293408,Office
56,New Construction,Ceramic tile,0.0130811529787897,0.0034272620804429,Office
56,New Construction,Coatings - other,0.0003868292014039,0.0004603267496707,Office
56,New Construction,Cold formed steel framing,0.4167525362347883,1.075221543485754,Office
56,New Construction,Cross laminated timber CLT,0.0505978066929691,0.0187717862830915,Office
56,New Construction,Decking,0.2061655625943037,0.5319071514933037,Office
56,New Construction,Doors and frames - other,0.0124002777007571,0.0489673805405616,Office
56,New Construction,Extrusion,0.4071230735981583,3.613400225541236,Office
56,New Construction,Fasteners,0.0103954866291106,0.0600859127162597,Office
56,New Construction,Glazing - other,1.405000198979364,1.5455002188773006,Office
56,New Construction,Gypsum board,0.3878169926464976,0.0946273462057454,Office
56,New Construction,Hollow structural sections HSS,12.19176732588193,29.86982994841073,Office
56,New Construction,Hot-rolled sections,0.666301465874444,0.6449798189664618,Office
56,New Construction,Insulated metal panel IMP,0.1688961259645355,0.3924226743344402,Office
56,New Construction,Insulation - other,0.2462410987684146,1.3641756871770174,Office
56,New Construction,Intumescent,0.1322548347549146,0.334604731929934,Office
56,New Construction,Mineral wool high density,0.0277615794827746,0.0496932272741666,Office
56,New Construction,Mortar and grout,0.0105755294452634,0.002971723774119,Office
56,New Construction,Paint,0.0065962368724728,0.015680456451282,Office
56,New Construction,Polyisocyanurate PIR,0.0054051019615929,0.0141613671393734,Office
56,New Construction,Ready mix unknown,618.0449799518107,107.37118532330476,Office
56,New Construction,Rebar and reinforcement,26.674801587118058,50.94887103139549,Office
56,New Construction,Softwood framing,0.0224196559680008,0.0037665022026241,Office
56,New Construction,Softwood plywood,0.1301017935237252,0.0343468734902634,Office
56,New Construction,Steel - other,0.1000293949972128,0.2450720177431715,Office
56,New Construction,Steel sheet,0.0644270117609851,0.1501149374030955,Office
56,New Construction,Suspension assembly,0.0028836569622246,0.0070072864182059,Office
56,New Construction,Wood or composite door,0.021258756048711,0.0056123115968597,Office
57,New Construction,Acoustic ceiling tile fiber,3.176890769230769,0.0100384615384615,Warehouse and Storage
57,New Construction,Air and vapor barriers,2.011511153846154,6.255798846153846,Warehouse and Storage
57,New Construction,Aluminum sheet,0.0128653846153846,0.0555215384615384,Warehouse and Storage
57,New Construction,Aluminum storefront or curtain wall,0.4418584615384615,2.302328076923077,Warehouse and Storage
57,New Construction,Carpet,0.0304538461538461,0.3883846153846154,Warehouse and Storage
57,New Construction,Cold formed steel framing,0.9400734615384616,2.2373738461538464,Warehouse and Storage
57,New Construction,Decking,0.0192307692307692,0.0462903846153846,Warehouse and Storage
57,New Construction,Extrusion,0.3792549999999999,2.848205,Warehouse and Storage
57,New Construction,Fiberglass blanket,0.181061923076923,0.3657453846153846,Warehouse and Storage
57,New Construction,Flooring and tile - other,0.3039019230769231,0.2279265384615384,Warehouse and Storage
57,New Construction,Glazing - other,0.0340457692307692,0.0486853846153846,Warehouse and Storage
57,New Construction,Gypsum board,2.34438,0.7638780769230769,Warehouse and Storage
57,New Construction,Hollow structural sections HSS,4.653846153846154,9.433780769230768,Warehouse and Storage
57,New Construction,Hot-rolled sections,1.090266923076923,1.3705673076923075,Warehouse and Storage
57,New Construction,Open web joists,20.192307692307693,28.614385384615385,Warehouse and Storage
57,New Construction,Polyisocyanurate PIR,7.611797307692308,29.11565153846153,Warehouse and Storage
57,New Construction,Ready mix NW 3000,124.944,14.535151923076924,Warehouse and Storage
57,New Construction,Ready mix NW 4000,695.1830769230769,93.70198884615384,Warehouse and Storage
57,New Construction,Rebar and reinforcement,8.840307692307693,8.008217692307692,Warehouse and Storage
57,New Construction,Resilient flooring vinyl,0.0019273076923076,0.0038676923076923,Warehouse and Storage
57,New Construction,Softwood plywood,17.68573153846154,8.014121153846153,Warehouse and Storage
57,New Construction,Steel door,1.023846153846154,3.104262307692308,Warehouse and Storage
57,New Construction,TPO,1.4877826923076922,5.177483846153846,Warehouse and Storage
57,New Construction,Wood or composite door,0.0276461538461538,0.0286153846153846,Warehouse and Storage
58,New Construction,Acoustic ceiling tile fiber,1.2999025247633744,1.7678674336781892,Residential: Multifamily (5 or more units)
58,New Construction,Adhesives and sealants,0.2106173774582216,0.1673567800612066,Residential: Multifamily (5 or more units)
58,New Construction,Air and vapor barriers,0.0012061857004827,0.0031602065352648,Residential: Multifamily (5 or more units)
58,New Construction,Aluminum - other,0.008031496067851,0.0261826771811944,Residential: Multifamily (5 or more units)
58,New Construction,Aluminum composite panel ACM,0.5551712824648565,4.41361169559561,Residential: Multifamily (5 or more units)
58,New Construction,Aluminum door,0.1545918931174255,0.6214594103320507,Residential: Multifamily (5 or more units)
58,New Construction,Aluminum door frame,0.0158845983919594,0.1389902359296452,Residential: Multifamily (5 or more units)
58,New Construction,Aluminum framed window,0.1522088197249831,1.4160673007192306,Residential: Multifamily (5 or more units)
58,New Construction,CMU,3.324105436140508,0.3722998088477368,Residential: Multifamily (5 or more units)
58,New Construction,Carpet,1.4499360294169914,6.9451935809073895,Residential: Multifamily (5 or more units)
58,New Construction,Ceramic tile,4.403713307687374,1.1537728866140922,Residential: Multifamily (5 or more units)
58,New Construction,Coatings - other,0.0299075577254251,0.2857796035554709,Residential: Multifamily (5 or more units)
58,New Construction,Cold formed steel framing,3.573955450654384,8.756190854103242,Residential: Multifamily (5 or more units)
58,New Construction,Concrete - other,7.339280171466849,1.5908008053301252,Residential: Multifamily (5 or more units)
58,New Construction,Decking,0.0408898234276299,0.1054957444432852,Residential: Multifamily (5 or more units)
58,New Construction,Doors and frames - other,0.2418301313493063,1.580781861251805,Residential: Multifamily (5 or more units)
58,New Construction,Extrusion,3.8296831795953934,34.54452072277508,Residential: Multifamily (5 or more units)
58,New Construction,Fasteners,0.0424568473787842,0.1731113183694364,Residential: Multifamily (5 or more units)
58,New Construction,Fiberglass blanket,0.6476195115879659,1.1485250762188537,Residential: Multifamily (5 or more units)
58,New Construction,Flooring and tile - other,0.0284440838619376,0.0566037268852558,Residential: Multifamily (5 or more units)
58,New Construction,Glass mat gypsum board,1.5973395212581498,0.7555415935551048,Residential: Multifamily (5 or more units)
58,New Construction,Glazing - other,0.4455911610491805,0.693424742934175,Residential: Multifamily (5 or more units)
58,New Construction,Gypsum board,37.7402005883531,7.932834231956984,Residential: Multifamily (5 or more units)
58,New Construction,Hardwood,0.1049620281034316,0.0462882543936133,Residential: Multifamily (5 or more units)
58,New Construction,Hollow structural sections HSS,1.188058231753262,2.910742667795492,Residential: Multifamily (5 or more units)
58,New Construction,Hot-rolled sections,0.0158277052027367,0.0153212186362491,Residential: Multifamily (5 or more units)
58,New Construction,Insulated glass unit IGU,3.6287715036229127,4.862553814854704,Residential: Multifamily (5 or more units)
58,New Construction,Insulation - other,0.0030098452533579,0.0280517577612963,Residential: Multifamily (5 or more units)
58,New Construction,Medium density fiberboard MDF,0.2376487283527452,0.1673047047603326,Residential: Multifamily (5 or more units)
58,New Construction,Mortar and grout,4.943472149652231,1.198924692041203,Residential: Multifamily (5 or more units)
58,New Construction,Other,0.0437170384381124,0.1241563891642393,Residential: Multifamily (5 or more units)
58,New Construction,PVC,0.2166176087680075,0.6715145871808234,Residential: Multifamily (5 or more units)
58,New Construction,Paint,0.3718269754532754,0.8883365129254838,Residential: Multifamily (5 or more units)
58,New Construction,Polyisocyanurate PIR,0.7971093417398483,2.000744447767019,Residential: Multifamily (5 or more units)
58,New Construction,Precast,1.9766508002004124,0.3083688904639736,Residential: Multifamily (5 or more units)
58,New Construction,Ready mix NW 5000,1.0128037350588954,0.2108642074401944,Residential: Multifamily (5 or more units)
58,New Construction,Ready mix unknown,1338.18139910716,226.0452822011835,Residential: Multifamily (5 or more units)
58,New Construction,Rebar and reinforcement,32.43458607836943,62.01489825404652,Residential: Multifamily (5 or more units)
58,New Construction,Roll formed metal panel steel,0.0592796931630769,0.1381216850699693,Residential: Multifamily (5 or more units)
58,New Construction,Softwood framing,0.4009835582051955,0.0673652377784728,Residential: Multifamily (5 or more units)
58,New Construction,Softwood plywood,0.2219548679730236,0.0585960851448782,Residential: Multifamily (5 or more units)
58,New Construction,Steel - other,0.0628460748662088,0.1558077310677355,Residential: Multifamily (5 or more units)
58,New Construction,Steel door,0.0825707280337688,0.2499626692096643,Residential: Multifamily (5 or more units)
58,New Construction,Steel door frame,0.0491562253427135,0.1351796196924623,Residential: Multifamily (5 or more units)
58,New Construction,Steel sheet,0.8221380705648921,1.9155817044161985,Residential: Multifamily (5 or more units)
58,New Construction,Stucco finish,0.9020596818897584,0.4320865876251942,Residential: Multifamily (5 or more units)
58,New Construction,Suspension assembly,0.2762601191147967,0.6713120894489562,Residential: Multifamily (5 or more units)
58,New Construction,Vinyl framed window,0.0022300944723618,0.0059766531859296,Residential: Multifamily (5 or more units)
58,New Construction,Wood and composites - other,0.332624411181014,0.402475537529027,Residential: Multifamily (5 or more units)
58,New Construction,Wood or composite door,1.676662035549107,0.554974029784524,Residential: Multifamily (5 or more units)
59,New Construction,Acoustic ceiling tile fiber,2.211768458431,3.00800510346616,Office
59,New Construction,Adhesives and sealants,0.2668200455193618,0.7310869247230514,Office
59,New Construction,Air and vapor barriers,0.2033047091724384,0.4127085596200501,Office
59,New Construction,Aluminum door,0.0650550755183803,0.261521403583889,Office
59,New Construction,Aluminum door frame,0.0355365798342967,0.3109450735500964,Office
59,New Construction,Aluminum framed window,0.0058654603636363,0.0513227781818181,Office
59,New Construction,Coatings - other,0.0588653093359705,1.1890792485866046,Office
59,New Construction,Cold formed steel framing,3.222849945661167,8.31495285980581,Office
59,New Construction,Decking,10.9260872652627,28.18930514437777,Office
59,New Construction,Doors and frames - other,0.2193744845390299,1.158012046748917,Office
59,New Construction,Extruded polystyrene XPS,4.708039613304264,12.523385371389336,Office
59,New Construction,Extrusion,1.1280376324372745,10.22002094988171,Office
59,New Construction,Fasteners,0.1813831162644116,0.7386265029244472,Office
59,New Construction,Fiberglass blanket,0.8247157264168156,1.2865565332102324,Office
59,New Construction,GFRC general,0.6382203796274436,0.1570022133883511,Office
59,New Construction,Glass mat gypsum board,2.2963963807429293,1.0861954880914058,Office
59,New Construction,Glazing - other,0.1632329715622447,0.2481141167746119,Office
59,New Construction,Gypsum board,34.631040143148056,8.31975635550179,Office
59,New Construction,Hollow structural sections HSS,2.4034801393440115,5.895535041411288,Office
59,New Construction,Hot-rolled sections,35.470369969301466,34.33531813028382,Office
59,New Construction,Insulated glass unit IGU,2.155729863196473,2.888678016683273,Office
59,New Construction,Other,0.03276653818089,0.0930569684337276,Office
59,New Construction,Paint,0.1132406408142428,0.2717775379541827,Office
59,New Construction,Plate,0.3318066254341718,0.7731094372616204,Office
59,New Construction,Precast,154.34063338969835,35.33640052789462,Office
59,New Construction,Ready mix NW 3000,377.05572798166105,61.083027933028944,Office
59,New Construction,Rebar and reinforcement,8.197409534591083,15.67494375553214,Office
59,New Construction,Roll formed metal panel steel,1.301123182681185,3.031617015647162,Office
59,New Construction,Roofing and waterproofing - other,0.5564495366899813,0.537530252442522,Office
59,New Construction,Softwood framing,0.2848583524900869,0.0478562032183346,Office
59,New Construction,Softwood plywood,2.2793280881225746,0.6017426152643599,Office
59,New Construction,Steel - other,0.2913300262224533,0.7516314676539295,Office
59,New Construction,Steel door,0.2715400457751272,0.9025753810039854,Office
59,New Construction,Steel door frame,0.027422157730909,0.0754109337599999,Office
59,New Construction,Steel framed window,0.0020269754181818,0.0088984220858181,Office
59,New Construction,Stucco finish,0.6761064807700727,0.3238550042888648,Office
59,New Construction,Suspension assembly,0.4700532587177854,1.142229418684219,Office
59,New Construction,TPO,1.2345405091194357,3.938184224091,Office
59,New Construction,Wall coverings,0.0033000584882182,0.0016203287177151,Office
59,New Construction,Wood and composites - other,0.9078230681575016,1.098465912470577,Office
59,New Construction,Wood or composite door,0.2984052401384727,0.1652501398615226,Office
6,New Construction,Air and vapor barriers,0.894475,2.78180625,Office
6,New Construction,Aluminum storefront or curtain wall,0.60519375,7.01615,Office
6,New Construction,Brick clay,2.8181625,0.08683125,Office
6,New Construction,CMU,5.6393812500000005,1.4013874999999998,Office
6,New Construction,Carpet,1.41670625,4.9608625,Office
6,New Construction,Cold formed steel framing,76.60838125000001,180.79348125,Office
6,New Construction,Concrete - other,0.16555625,0.02245,Office
6,New Construction,Cross laminated timber CLT,85.61398750000001,19.2288125,Office
6,New Construction,Decking,0.7638312500000001,2.03179375,Office
6,New Construction,Expanded polystyrene EPS,0.239225,0.72724375,Office
6,New Construction,Extruded polystyrene XPS,0.45053125,11.1731,Office
6,New Construction,Fiberglass blanket,6.380725,7.538868750000001,Office
6,New Construction,Fiberglass door,0.1204062499999999,0.9138875,Office
6,New Construction,Glass mat gypsum board,3.87795625,1.28893125,Office
6,New Construction,Glazing - other,0.46403125,0.5995,Office
6,New Construction,Glue laminated timber GLT,0.05339375,0.02013125,Office
6,New Construction,Gypsum board,64.24629374999999,21.9966375,Office
6,New Construction,Hardwood,51.650225,4.11029375,Office
6,New Construction,Hollow structural sections HSS,12.46748125,36.948575000000005,Office
6,New Construction,Hot-rolled sections,5.6047875000000005,6.9434875,Office
6,New Construction,Insulated glass unit IGU,4.59924375,5.70785625,Office
6,New Construction,Mineral wool high density,21.371068750000003,29.22904375,Office
6,New Construction,Oriented strand board OSB,0.00433125,0.0013625,Office
6,New Construction,Polyisocyanurate PIR,0.10060625,0.24208125,Office
6,New Construction,Precast,0.99561875,0.1471875,Office
6,New Construction,Ready mix LW 3000,93.779875,19.29279375,Office
6,New Construction,Ready mix LW 4000,283.532175,63.828837500000006,Office
6,New Construction,Ready mix NW 4000,18.83116875,2.72335,Office
6,New Construction,Ready mix NW 5000,81.21016875000001,17.79933125,Office
6,New Construction,Ready mix NW 6000,45.01486875,7.4258875,Office
6,New Construction,Ready mix unknown,24.86968125,0.722225,Office
6,New Construction,Rebar and reinforcement,12.18320625,35.34254375,Office
6,New Construction,Softwood framing,9.4987625,1.3122937499999998,Office
6,New Construction,Softwood plywood,11.0043875,3.19168125,Office
6,New Construction,Steel door,0.1619125,0.44686875,Office
6,New Construction,TPO,7.04030625,24.50026875,Office
6,New Construction,Windows and frames - other,0.01206875,0.17495,Office
6,New Construction,Wood and composites - other,22.1684875,9.90560625,Office
6,New Construction,Wood or composite door,0.27409375,0.298375,Office
60,New Construction,Acoustic ceiling tile fiber,0.6552875967307248,0.8911911315537858,Residential: Multifamily (5 or more units)
60,New Construction,Adhesives and sealants,0.1636779821086627,0.2249291140995553,Residential: Multifamily (5 or more units)
60,New Construction,Aluminum door,0.0479907699549357,0.2108798617315901,Residential: Multifamily (5 or more units)
60,New Construction,Aluminum door frame,0.0092793423853211,0.0811942458715596,Residential: Multifamily (5 or more units)
60,New Construction,Aluminum sheet,0.3217334862075236,1.8081421924862824,Residential: Multifamily (5 or more units)
60,New Construction,Carpet,0.5731162014636129,2.7452266050107057,Residential: Multifamily (5 or more units)
60,New Construction,Ceramic tile,1.0763123368650829,0.2819938322586516,Residential: Multifamily (5 or more units)
60,New Construction,Coatings - other,0.0745387147878444,0.4272145582540219,Residential: Multifamily (5 or more units)
60,New Construction,Cold formed steel framing,7.40537676299841,18.143173069346105,Residential: Multifamily (5 or more units)
60,New Construction,Concrete - other,1.7100211783277708,0.3847547651237486,Residential: Multifamily (5 or more units)
60,New Construction,Decking,0.0132759720561323,0.0342520079048215,Residential: Multifamily (5 or more units)
60,New Construction,Doors and frames - other,0.4891794794076555,2.875258624442546,Residential: Multifamily (5 or more units)
60,New Construction,Extrusion,0.4436155577130971,3.865705601164565,Residential: Multifamily (5 or more units)
60,New Construction,Fasteners,0.0093206565729,0.0384269336834903,Residential: Multifamily (5 or more units)
60,New Construction,Fiberglass blanket,0.3805028536601818,0.6582699368321144,Residential: Multifamily (5 or more units)
60,New Construction,Glass mat gypsum board,5.31665226573504,2.514776521692674,Residential: Multifamily (5 or more units)
60,New Construction,Glazing - other,0.0294899113497423,0.0477736563865826,Residential: Multifamily (5 or more units)
60,New Construction,Gypsum board,60.94004365849942,12.40282294027046,Residential: Multifamily (5 or more units)
60,New Construction,Hollow structural sections HSS,0.7279676946803798,1.8210831948044712,Residential: Multifamily (5 or more units)
60,New Construction,Hot-rolled sections,0.2780459269987567,0.2691484573347964,Residential: Multifamily (5 or more units)
60,New Construction,Insulated glass unit IGU,3.030169024027298,4.06042649219658,Residential: Multifamily (5 or more units)
60,New Construction,Mineral wool high density,2.023650768645397,2.570036476179655,Residential: Multifamily (5 or more units)
60,New Construction,Mortar and grout,0.2057486351096568,0.137148619028455,Residential: Multifamily (5 or more units)
60,New Construction,Other,0.6158029649945441,1.7420134201378472,Residential: Multifamily (5 or more units)
60,New Construction,Paint,0.7497083418338005,1.7467844279460392,Residential: Multifamily (5 or more units)
60,New Construction,Polyisocyanurate PIR,0.006742784359624,0.0173963836478299,Residential: Multifamily (5 or more units)
60,New Construction,Precast,0.4302250611956257,0.0688360097913001,Residential: Multifamily (5 or more units)
60,New Construction,Ready mix LW 5000,0.1381626267976752,0.0516728224223306,Residential: Multifamily (5 or more units)
60,New Construction,Ready mix unknown,861.5193876830193,173.27526145126518,Residential: Multifamily (5 or more units)
60,New Construction,Rebar and reinforcement,21.38859447096297,40.85221543953928,Residential: Multifamily (5 or more units)
60,New Construction,Resilient flooring vinyl,2.7058205216509155,3.8781096835693303,Residential: Multifamily (5 or more units)
60,New Construction,Roll formed metal panel steel,0.2419957661592375,0.5638501351510236,Residential: Multifamily (5 or more units)
60,New Construction,Softwood framing,0.0049827360531632,0.0008370996569314,Residential: Multifamily (5 or more units)
60,New Construction,Spray applied cementitious,0.1745645381847863,0.1990035735306564,Residential: Multifamily (5 or more units)
60,New Construction,Steel - other,0.0352910492315554,0.0910509070174129,Residential: Multifamily (5 or more units)
60,New Construction,Steel door,1.761590965121176,6.058372186469044,Residential: Multifamily (5 or more units)
60,New Construction,Steel door frame,0.083674053930275,0.2301036483082564,Residential: Multifamily (5 or more units)
60,New Construction,Steel framed window,0.1842788123827448,0.5970633521200934,Residential: Multifamily (5 or more units)
60,New Construction,Stucco finish,12.768771777098967,6.116241681230404,Residential: Multifamily (5 or more units)
60,New Construction,Suspension assembly,0.1392641571799642,0.3384119019473131,Residential: Multifamily (5 or more units)
60,New Construction,Vinyl framed window,0.7588960733944954,2.033841476697248,Residential: Multifamily (5 or more units)
60,New Construction,Wall coverings,0.0664728147364496,0.0326381520355967,Residential: Multifamily (5 or more units)
60,New Construction,Wood or composite door,0.6322033120927724,0.2008034763869175,Residential: Multifamily (5 or more units)
61,New Construction,Acoustic ceiling tile aluminum,1.4507860589386177,9.79280589783567,Public Assembly
61,New Construction,Acoustic ceiling tile fiber,1.1919354887274007,1.6210322646692654,Public Assembly
61,New Construction,Aluminum door,0.1639483016762593,0.6590721727385624,Public Assembly
61,New Construction,Aluminum door frame,0.1424244483221482,1.2462139228187972,Public Assembly
61,New Construction,Ceramic tile,1.1902670715909551,0.3118499727568302,Public Assembly
61,New Construction,Coatings - other,0.7965774010313307,13.219553100229794,Public Assembly
61,New Construction,Cold formed steel framing,8.031538043760019,19.677268207212045,Public Assembly
61,New Construction,Concrete - other,0.8144603758389262,0.1864009677702823,Public Assembly
61,New Construction,Decking,12.956290323990766,33.427229035896175,Public Assembly
61,New Construction,Doors and frames - other,0.2497938281879238,1.4750457021651144,Public Assembly
61,New Construction,Extrusion,0.8955665102234436,8.037785216045336,Public Assembly
61,New Construction,Fasteners,0.3070487106926282,1.253957809188661,Public Assembly
61,New Construction,Fiberglass blanket,0.1938119804337895,0.3147758935030427,Public Assembly
61,New Construction,Glass mat gypsum board,6.288204873250554,2.9743209050475112,Public Assembly
61,New Construction,Gypsum board,52.2289784030329,10.60248261581568,Public Assembly
61,New Construction,Hollow structural sections HSS,14.955408601170246,36.640751072867104,Public Assembly
61,New Construction,Hot-rolled sections,46.17932975219715,44.70159120012684,Public Assembly
61,New Construction,Insulated glass unit IGU,2.4637234284391343,3.30138939410844,Public Assembly
61,New Construction,Mortar and grout,0.2275323035960919,0.1516692502282487,Public Assembly
61,New Construction,Other,0.0064130609993557,0.0149424321284987,Public Assembly
61,New Construction,PVC,0.3078222180849871,0.9542488760634602,Public Assembly
61,New Construction,Paint,0.6001702337921871,1.4404085611012492,Public Assembly
61,New Construction,Polyisocyanurate PIR,7.091134818037823,18.55908151829715,Public Assembly
61,New Construction,Ready mix unknown,400.1929147692896,64.58323913163467,Public Assembly
61,New Construction,Rebar and reinforcement,7.418555036761816,14.21608995845573,Public Assembly
61,New Construction,Roll formed metal panel steel,14.369546617525362,33.48104361883409,Public Assembly
61,New Construction,Softwood plywood,4.6659598281016725,1.2318133946188414,Public Assembly
61,New Construction,Spray applied cementitious,57.14444281494243,65.14466480903437,Public Assembly
61,New Construction,Steel - other,2.952238393493254,7.635294679684861,Public Assembly
61,New Construction,Steel door,0.6700709698791946,2.124124974517047,Public Assembly
61,New Construction,Steel door frame,0.0049618985234899,0.0136452209395973,Public Assembly
61,New Construction,Stucco finish,0.1144367854366235,0.287236331445925,Public Assembly
61,New Construction,Suspension assembly,0.7354749150013226,1.7872040434532137,Public Assembly
61,New Construction,Wood door frame,0.0045208590604026,0.0198917798657718,Public Assembly
61,New Construction,Wood or composite door,0.3023526319248322,0.1481383117331758,Public Assembly
62,New Construction,Acoustic ceiling tile fiber,0.1043865160310199,0.3643089409482595,Public Assembly
62,New Construction,Adhesives and sealants,0.0914322862791983,0.1267597630181102,Public Assembly
62,New Construction,Air and vapor barriers,0.1328925418806286,0.1142973104442329,Public Assembly
62,New Construction,Aluminum door,0.081631642820589,0.3199960398567091,Public Assembly
62,New Construction,Aluminum framed window,0.004690425477707,0.0572231908280254,Public Assembly
62,New Construction,Aluminum sheet,0.1453704840877066,0.8169821205729113,Public Assembly
62,New Construction,Built up roofing,2.9983660942731847,1.1903513394264544,Public Assembly
62,New Construction,CMU,8.476233850000522,0.9493381912000584,Public Assembly
62,New Construction,Carpet,0.1532178675419133,0.6404506863251979,Public Assembly
62,New Construction,Ceramic tile,1.3661518619831057,0.3579317878395737,Public Assembly
62,New Construction,Coatings - other,0.0389155754721719,0.3431676146930323,Public Assembly
62,New Construction,Cold formed steel framing,0.2639230179940334,0.6466113940853818,Public Assembly
62,New Construction,Concrete - other,2.4818052592330764,0.5515656670937212,Public Assembly
62,New Construction,Decking,0.2573069627845927,0.6638519639842492,Public Assembly
62,New Construction,Doors and frames - other,0.051332307919198,0.3053269244288391,Public Assembly
62,New Construction,Extruded polystyrene XPS,0.776556310085214,50.47116300791794,Public Assembly
62,New Construction,Extrusion,0.3578210828211245,3.280151213344915,Public Assembly
62,New Construction,Fasteners,0.0208546778480328,0.0844614452845328,Public Assembly
62,New Construction,Fiberglass blanket,0.2537085853281934,0.5287022581906913,Public Assembly
62,New Construction,Flooring and tile - other,0.0114619697066791,0.0228093197162915,Public Assembly
62,New Construction,Glass mat gypsum board,1.6158204612863996,0.764283078188467,Public Assembly
62,New Construction,Glazing - other,0.0142017101952489,0.0156218812147738,Public Assembly
62,New Construction,Glue laminated timber GLT,0.7844303971398809,0.2910236773388958,Public Assembly
62,New Construction,Gypsum board,5.217153365017598,1.2072206927740676,Public Assembly
62,New Construction,Hardwood,0.9596769285081138,1.047060021594289,Public Assembly
62,New Construction,Hollow structural sections HSS,1.179443153733455,3.3170574875798278,Public Assembly
62,New Construction,Hot-rolled sections,0.9097250410514888,1.2562668852958696,Public Assembly
62,New Construction,Insulated glass unit IGU,0.8475758241768248,1.1357516043969451,Public Assembly
62,New Construction,Mortar and grout,1.1697742930940296,0.4549101737609228,Public Assembly
62,New Construction,Other,0.0358980489562565,0.1012283361180791,Public Assembly
62,New Construction,Paint,0.0977523531727914,0.2152166871461051,Public Assembly
62,New Construction,Plate,0.0577363714367412,0.134525745447607,Public Assembly
62,New Construction,Polyisocyanurate PIR,0.7278557422113783,1.8778678149053565,Public Assembly
62,New Construction,Ready mix LW 4000,46.97950282736606,13.952912339727709,Public Assembly
62,New Construction,Ready mix NW 4000,675.5274234548831,119.80020522041688,Public Assembly
62,New Construction,Rebar and reinforcement,43.15188663712341,82.54826676608886,Public Assembly
62,New Construction,Roll formed metal panel steel,0.4623099239211803,1.0771821227363505,Public Assembly
62,New Construction,Roofing and waterproofing - other,0.199507824286933,0.1035123925404005,Public Assembly
62,New Construction,Softwood framing,5.455500140267699,0.9165240235649734,Public Assembly
62,New Construction,Softwood plywood,1.7183413157908085,0.4536421073687734,Public Assembly
62,New Construction,Steel - other,0.1203244802708529,0.293559195916613,Public Assembly
62,New Construction,Steel door,0.0987553397808917,0.2997002660184458,Public Assembly
62,New Construction,Steel door frame,0.0043480347719745,0.0119570956229299,Public Assembly
62,New Construction,Steel sheet,0.0776538907955739,0.1910539817524219,Public Assembly
62,New Construction,Stucco finish,0.7115059210964915,0.3408113362052194,Public Assembly
62,New Construction,Suspension assembly,0.0434458929597704,0.1055735198922422,Public Assembly
62,New Construction,Synthetic composites,0.4075023341057767,1.189906815588868,Public Assembly
62,New Construction,TPO,0.1728568456696608,0.551413337686218,Public Assembly
62,New Construction,Wall coverings,0.0034728422535717,0.0017051655465037,Public Assembly
62,New Construction,Wood I joists,0.1139012067802202,0.0523945551189013,Public Assembly
62,New Construction,Wood and composites - other,0.0222374351873552,0.0102736950565581,Public Assembly
62,New Construction,Wood door frame,0.0247839286624203,0.1090492861146496,Public Assembly
62,New Construction,Wood or composite door,0.242180650628484,0.0945076787631837,Public Assembly
63,New Construction,Air and vapor barriers,1.1905496183206106,3.7026106870229007,Public Order and Safety
63,New Construction,Aluminum - other,0.2192824427480915,1.3641832061068702,Public Order and Safety
63,New Construction,Aluminum framed window,1.096206106870229,5.618030534351146,Public Order and Safety
63,New Construction,Aluminum storefront or curtain wall,1.3790992366412214,6.223068702290076,Public Order and Safety
63,New Construction,Extrusion,1.0135343511450383,5.56718320610687,Public Order and Safety
63,New Construction,Fiberglass blanket,3.1869541984732823,6.138152671755725,Public Order and Safety
63,New Construction,Flooring and tile - other,9.933114503816794,21.788129770992366,Public Order and Safety
63,New Construction,Glass mat gypsum board,9.717824427480917,3.162030534351145,Public Order and Safety
63,New Construction,Glue laminated timber GLT,5.551824427480916,1.7540458015267175,Public Order and Safety
63,New Construction,Hollow structural sections HSS,2.2693435114503817,3.855564885496183,Public Order and Safety
63,New Construction,Hot-rolled sections,6.668625954198474,20.45146564885496,Public Order and Safety
63,New Construction,Laminated veneer lumber LVL,33.72666412213741,16.70774809160305,Public Order and Safety
63,New Construction,Oriented strand board OSB,12.268786259541988,12.064618320610688,Public Order and Safety
63,New Construction,Ready mix NW 4000,819.208534351145,82.0334961832061,Public Order and Safety
63,New Construction,Rebar and reinforcement,49.078687022900766,26.10987022900764,Public Order and Safety
63,New Construction,Roofing and waterproofing - other,0.592854961832061,2.0714809160305347,Public Order and Safety
63,New Construction,Softwood framing,51.58793129770993,7.078770992366413,Public Order and Safety
63,New Construction,Softwood plywood,15.899564885496185,7.204732824427481,Public Order and Safety
63,New Construction,Steel door,2.8929541984732823,8.914832061068703,Public Order and Safety
63,New Construction,Steel door frame,0.0610687022900763,0.1251908396946565,Public Order and Safety
63,New Construction,Steel sheet,0.3634045801526717,0.8761221374045802,Public Order and Safety
63,New Construction,Synthetic composites,0.2646946564885496,0.9474885496183206,Public Order and Safety
64,New Construction,Acoustic ceiling tile fiber,2.2858240792396693,3.1087207477659504,Office
64,New Construction,Adhesives and sealants,0.2819350237049586,0.3129920883702289,Office
64,New Construction,Aluminum - other,0.0990398338512396,0.556603866243967,Office
64,New Construction,Aluminum composite panel ACM,0.0158334411107438,0.1258758568304132,Office
64,New Construction,Aluminum storefront or curtain wall,0.6512597447659504,6.5125974476595045,Office
64,New Construction,Carpet,0.7274637353867768,3.0407984139167272,Office
64,New Construction,Ceramic tile,0.2236689763636363,0.0586012718072727,Office
64,New Construction,Coatings - other,0.0103754882042975,0.1055971157013123,Office
64,New Construction,Cold formed steel framing,4.86354956682281,12.24813561878417,Office
64,New Construction,Concrete - other,2.7359495719008264,0.5517679118056543,Office
64,New Construction,Decking,0.0610725309586776,0.1530405775790082,Office
64,New Construction,Extruded polystyrene XPS,0.098613761252562,6.409259900876732,Office
64,New Construction,Extrusion,0.2980808717190082,2.649021759472728,Office
64,New Construction,Fiberglass blanket,1.1729233392884295,2.420926520794348,Office
64,New Construction,Flooring and tile - other,0.0805916596694214,0.1893904002231405,Office
64,New Construction,GFRC general,16.73221571418182,4.116125065688728,Office
64,New Construction,Glass mat gypsum board,3.343188852694215,1.5813283273243637,Office
64,New Construction,Glazing - other,1.568343637523967,2.3271386530628764,Office
64,New Construction,Gypsum board,35.409266831173554,8.593305735310132,Office
64,New Construction,Hollow structural sections HSS,4.887761076228099,11.892560391790116,Office
64,New Construction,Hot-rolled sections,0.050256638629752,0.0486484261935999,Office
64,New Construction,Insulated glass unit IGU,2.7608703893933884,3.699566321787141,Office
64,New Construction,Insulation - other,0.0193312452396694,0.180167205633719,Office
64,New Construction,Mineral wool high density,2.074732319669421,3.713770852208264,Office
64,New Construction,Modified bitumen,2.599526765619835,1.637701862340496,Office
64,New Construction,Mortar and grout,0.056315983322314,0.0297029732206446,Office
64,New Construction,Paint,0.8056034222552066,1.6042112228256842,Office
64,New Construction,Polyisocyanurate PIR,2.0344478400231405,5.339599071794182,Office
64,New Construction,Precast,0.4994256614876033,0.0779132748619804,Office
64,New Construction,Ready mix LW 3000,11.175741132727271,2.8394823640042275,Office
64,New Construction,Ready mix LW 4000,2.744733305785124,0.6224859441876556,Office
64,New Construction,Ready mix LW 5000,0.4139158166942148,0.1256198802760217,Office
64,New Construction,Ready mix NW 5000,68.85262594603306,9.8065582602259,Office
64,New Construction,Ready mix NW 6000,511.7026219212728,74.82104460765636,Office
64,New Construction,Ready mix unknown,598.5289827506343,54.14639260708057,Office
64,New Construction,Rebar and reinforcement,63.28089690289967,59.21021088560962,Office
64,New Construction,Softwood framing,0.2706757803305785,0.0454735310955371,Office
64,New Construction,Softwood plywood,0.2424098376528926,0.0639961971403636,Office
64,New Construction,Steel - other,7.0626956117355375,18.221754678277684,Office
64,New Construction,Steel sheet,1.5053086476198347,3.5073691489542145,Office
64,New Construction,Suspension assembly,0.4857918345950413,1.1804741580659504,Office
65,New Construction,Air and vapor barriers,0.085812048192771,0.2668746987951807,Residential: Multifamily (5 or more units)
65,New Construction,Aluminum - other,3.879610843373494,16.508981927710842,Residential: Multifamily (5 or more units)
65,New Construction,Aluminum storefront or curtain wall,5.76565843373494,32.729151204819274,Residential: Multifamily (5 or more units)
65,New Construction,CMU,4.149969879518072,0.904693373493976,Residential: Multifamily (5 or more units)
65,New Construction,Closed cell spray polyurethane foam,0.3751277108433735,1.1553927710843377,Residential: Multifamily (5 or more units)
65,New Construction,Cold formed steel framing,1.5527060240963857,3.56185421686747,Residential: Multifamily (5 or more units)
65,New Construction,Concrete - other,3.259260843373494,1.0090210843373495,Residential: Multifamily (5 or more units)
65,New Construction,Extruded polystyrene XPS,0.0798759036144578,1.9809277108433736,Residential: Multifamily (5 or more units)
65,New Construction,Glass mat gypsum board,1.1880367469879518,0.408762048192771,Residential: Multifamily (5 or more units)
65,New Construction,Gypsum board,1.090360843373494,0.3424801204819277,Residential: Multifamily (5 or more units)
65,New Construction,Mineral wool high density,1.8544759036144576,2.1359602409638554,Residential: Multifamily (5 or more units)
65,New Construction,Mineral wool low density,3.338927710843373,2.215256024096385,Residential: Multifamily (5 or more units)
65,New Construction,Mortar and grout,1.239960843373494,0.6302927710843373,Residential: Multifamily (5 or more units)
65,New Construction,Other,0.166912048192771,0.5425975903614458,Residential: Multifamily (5 or more units)
65,New Construction,PVC,0.1509198795180723,0.5092018072289156,Residential: Multifamily (5 or more units)
65,New Construction,Precast,11.868512048192772,3.6058385542168674,Residential: Multifamily (5 or more units)
65,New Construction,Ready mix NW 4000,41.672845180722895,5.188423493975904,Residential: Multifamily (5 or more units)
65,New Construction,Ready mix NW 6000,707.996221686747,115.55606987951808,Residential: Multifamily (5 or more units)
65,New Construction,Ready mix NW 8000,434.7461572289157,68.87621445783132,Residential: Multifamily (5 or more units)
65,New Construction,Ready mix unknown,21.35226686746988,2.772794578313253,Residential: Multifamily (5 or more units)
65,New Construction,Rebar and reinforcement,95.11173493975905,85.41813313253012,Residential: Multifamily (5 or more units)
65,New Construction,Roll formed metal panel aluminum,0.2098855421686747,0.7950867469879518,Residential: Multifamily (5 or more units)
65,New Construction,Roofing and waterproofing - other,0.124839156626506,0.2869066265060241,Residential: Multifamily (5 or more units)
65,New Construction,Steel - other,0.0082795180722891,0.0318759036144578,Residential: Multifamily (5 or more units)
65,New Construction,Stone masonry,2.063320481927711,2.223139759036145,Residential: Multifamily (5 or more units)
65,New Construction,Synthetic composites,0.0856084337349397,0.0502373493975903,Residential: Multifamily (5 or more units)
65,New Construction,Windows and frames - other,0.1492987951807228,1.2128753012048192,Residential: Multifamily (5 or more units)
66,New Construction,Acoustic ceiling tile fiber,0.0988109629629629,0.0593274074074074,Office
66,New Construction,Air and vapor barriers,0.2614180740740741,0.8130103703703703,Office
66,New Construction,CMU,6.207428444444444,1.3532192592592591,Office
66,New Construction,Carpet,0.6981445925925926,0.863805925925926,Office
66,New Construction,Coatings - other,0.0694299259259259,0.1577185185185185,Office
66,New Construction,Cold formed steel framing,2.203770370370371,3.768447111111111,Office
66,New Construction,Cross laminated timber CLT,18.94292148148148,8.372175703703704,Office
66,New Construction,Extruded polystyrene XPS,0.0284933333333333,1.2301188148148148,Office
66,New Construction,Extrusion,1.2697194074074076,11.516354074074073,Office
66,New Construction,Fiberglass blanket,0.0005573333333333,0.0027401481481481,Office
66,New Construction,Flooring and tile - other,0.6379786666666667,0.4342204444444445,Office
66,New Construction,Glass mat gypsum board,6.321645333333333,2.062671111111111,Office
66,New Construction,Glazing - other,0.403314074074074,0.7527721481481482,Office
66,New Construction,Glue laminated timber GLT,10.446491555555555,4.101147851851851,Office
66,New Construction,Gypsum board,2.207223703703704,0.6140755555555556,Office
66,New Construction,Hot-rolled sections,36.915725925925926,42.82224207407407,Office
66,New Construction,Insulated glass unit IGU,2.112683851851852,4.039561777777777,Office
66,New Construction,Insulation - other,0.966942222222222,1.0384945185185184,Office
66,New Construction,Mineral wool high density,0.5016551111111112,0.6948637037037038,Office
66,New Construction,Mortar and grout,3.493757925925926,2.005416888888889,Office
66,New Construction,PVC,0.1481493333333333,0.4674936296296296,Office
66,New Construction,Paint,0.1372785185185185,0.2649475555555555,Office
66,New Construction,Ready mix NW 5000,493.9364183703704,46.19247911111111,Office
66,New Construction,Ready mix NW 6000,789.9720595555555,110.1675751111111,Office
66,New Construction,Ready mix unknown,35.80127792592592,3.1325549629629625,Office
66,New Construction,Rebar and reinforcement,114.29545274074076,82.97849866666667,Office
66,New Construction,Resilient flooring rubber,0.1945688888888888,0.3293045925925926,Office
66,New Construction,Resilient flooring vinyl,0.0212394074074074,0.0496275555555555,Office
66,New Construction,Roll formed metal panel aluminum,0.338946074074074,1.2839911111111113,Office
66,New Construction,Roofing and waterproofing - other,1.4975685925925926,1.4238565925925928,Office
66,New Construction,Steel door,0.202349037037037,2.044538962962963,Office
66,New Construction,Steel door frame,0.0843075555555555,0.730666962962963,Office
66,New Construction,Steel sheet,0.2426417777777777,0.3234225185185185,Office
66,New Construction,Wood and composites - other,0.0206097777777777,0.0020592592592592,Office
67,New Construction,Acoustic ceiling tile fiber,1.363734939759036,1.2402409638554217,Office
67,New Construction,Air and vapor barriers,0.1462048192771084,0.4546987951807228,Office
67,New Construction,CMU,6.199759036144578,1.351566265060241,Office
67,New Construction,Carpet,2.26421686746988,2.8015060240963856,Office
67,New Construction,Coatings - other,0.036144578313253,0.0725301204819277,Office
67,New Construction,Cold formed steel framing,3.336084337349398,5.704698795180723,Office
67,New Construction,Cross laminated timber CLT,39.91397590361446,17.640722891566266,Office
67,New Construction,Extruded polystyrene XPS,0.0539156626506024,1.337289156626506,Office
67,New Construction,Extrusion,2.98210843373494,27.047530120481927,Office
67,New Construction,Fiberglass blanket,0.3143975903614457,0.9851807228915662,Office
67,New Construction,Flooring and tile - other,1.7686144578313252,1.6305421686746988,Office
67,New Construction,Glass mat gypsum board,1.9339156626506024,0.6393373493975905,Office
67,New Construction,Glazing - other,1.0266265060240962,2.096204819277109,Office
67,New Construction,Glue laminated timber GLT,29.118674698795186,10.704578313253013,Office
67,New Construction,Gypsum board,5.0648795180722885,1.4156024096385542,Office
67,New Construction,Hot-rolled sections,45.8255421686747,53.15765060240964,Office
67,New Construction,Insulated glass unit IGU,5.05132530120482,9.65843373493976,Office
67,New Construction,Insulation - other,0.2989759036144578,0.2459638554216867,Office
67,New Construction,Loose-fill cellulose,0.0353614457831325,0.01,Office
67,New Construction,Mineral wool high density,2.1106626506024098,2.616927710843373,Office
67,New Construction,Mineral wool low density,0.1016867469879518,0.1463855421686747,Office
67,New Construction,PVC,0.2116265060240963,0.6677710843373494,Office
67,New Construction,Paint,0.3350602409638554,0.6466265060240964,Office
67,New Construction,Ready mix NW 5000,629.4036746987952,58.478554216867465,Office
67,New Construction,Ready mix NW 6000,558.4382530120482,80.02024096385543,Office
67,New Construction,Ready mix unknown,87.65921686746988,3.056265060240964,Office
67,New Construction,Rebar and reinforcement,66.39716867469879,48.20433734939759,Office
67,New Construction,Resilient flooring rubber,0.2127710843373494,0.3071084337349397,Office
67,New Construction,Resilient flooring vinyl,0.019578313253012,0.0392771084337349,Office
67,New Construction,Roll formed metal panel aluminum,0.5841566265060241,2.213012048192771,Office
67,New Construction,Roofing and waterproofing - other,0.7173493975903614,0.6358433734939759,Office
67,New Construction,Steel door,0.4196987951807229,4.240783132530121,Office
67,New Construction,Steel door frame,0.3554216867469879,0.7286144578313254,Office
67,New Construction,Steel sheet,0.0875903614457831,0.1167469879518072,Office
67,New Construction,TPO,0.0081927710843373,0.0285542168674698,Office
67,New Construction,Wood and composites - other,0.0569879518072289,0.005722891566265,Office
68,New Construction,Air and vapor barriers,3.9958444444444448,8.372955555555555,Residential: Multifamily (5 or more units)
68,New Construction,Aluminum sheet,0.1154296296296296,1.2155185185185184,Residential: Multifamily (5 or more units)
68,New Construction,Applied fireproofing - other,5.337266666666667,3.3144444444444443,Residential: Multifamily (5 or more units)
68,New Construction,Cross laminated timber CLT,76.6327925925926,32.348592592592595,Residential: Multifamily (5 or more units)
68,New Construction,Doors and frames - other,0.4574666666666667,1.2136814814814816,Residential: Multifamily (5 or more units)
68,New Construction,Extruded polystyrene XPS,1.870051851851852,13.281444444444446,Residential: Multifamily (5 or more units)
68,New Construction,Extrusion,0.5280148148148148,4.116903703703704,Residential: Multifamily (5 or more units)
68,New Construction,Fiberglass blanket,3.513192592592593,8.7564,Residential: Multifamily (5 or more units)
68,New Construction,Gypsum board,83.78707407407407,27.300659259259263,Residential: Multifamily (5 or more units)
68,New Construction,Hollow structural sections HSS,11.296466666666666,29.4164,Residential: Multifamily (5 or more units)
68,New Construction,Hot-rolled sections,0.6988518518518518,0.8526,Residential: Multifamily (5 or more units)
68,New Construction,Insulated glass unit IGU,3.9522814814814815,4.904948148148148,Residential: Multifamily (5 or more units)
68,New Construction,Mortar and grout,2.116911111111111,0.910274074074074,Residential: Multifamily (5 or more units)
68,New Construction,Other,0.0104592592592592,0.0194518518518518,Residential: Multifamily (5 or more units)
68,New Construction,Paint,0.0641925925925925,0.1925777777777778,Residential: Multifamily (5 or more units)
68,New Construction,Ready mix NW 4000,496.1883111111111,53.26063703703704,Residential: Multifamily (5 or more units)
68,New Construction,Ready mix unknown,0.8682740740740741,0.1050074074074074,Residential: Multifamily (5 or more units)
68,New Construction,Rebar and reinforcement,52.02855555555556,29.255103703703703,Residential: Multifamily (5 or more units)
68,New Construction,Softwood framing,0.1660888888888889,0.0238962962962962,Residential: Multifamily (5 or more units)
68,New Construction,Steel - other,1.833237037037037,2.722103703703704,Residential: Multifamily (5 or more units)
68,New Construction,Steel sheet,3.9060962962962966,5.145311111111111,Residential: Multifamily (5 or more units)
69,New Construction,Aluminum sheet,0.6627378378378379,1.2294261261261263,Residential: Multifamily (5 or more units)
69,New Construction,Coatings - other,0.222209009009009,0.2161495495495495,Residential: Multifamily (5 or more units)
69,New Construction,Cold formed steel framing,1.7675864864864863,2.652311711711712,Residential: Multifamily (5 or more units)
69,New Construction,Decking,0.0335117117117117,0.0891405405405405,Residential: Multifamily (5 or more units)
69,New Construction,Extruded polystyrene XPS,0.0316567567567567,0.7850864864864865,Residential: Multifamily (5 or more units)
69,New Construction,Extrusion,3.137589189189189,24.184303603603603,Residential: Multifamily (5 or more units)
69,New Construction,Fiberglass blanket,3.1202702702702703,7.874034234234234,Residential: Multifamily (5 or more units)
69,New Construction,Glass mat gypsum board,7.197852252252252,3.1899414414414413,Residential: Multifamily (5 or more units)
69,New Construction,Glazing - other,4.193505405405406,7.468832432432432,Residential: Multifamily (5 or more units)
69,New Construction,Gypsum board,7.347409009009009,2.2515900900900903,Residential: Multifamily (5 or more units)
69,New Construction,Hot-rolled sections,1.166708108108108,0.8457135135135135,Residential: Multifamily (5 or more units)
69,New Construction,Mineral wool high density,0.0039396396396396,0.0053963963963963,Residential: Multifamily (5 or more units)
69,New Construction,Modified bitumen,0.0120657657657657,0.0122639639639639,Residential: Multifamily (5 or more units)
69,New Construction,Other,0.3376549549549549,0.3173324324324324,Residential: Multifamily (5 or more units)
69,New Construction,Ready mix NW 6000,1557.913753153153,260.18102882882886,Residential: Multifamily (5 or more units)
69,New Construction,Ready mix NW 8000,318.12287027027025,60.50034234234235,Residential: Multifamily (5 or more units)
69,New Construction,Ready mix unknown,9.66225045045045,6.769724324324325,Residential: Multifamily (5 or more units)
69,New Construction,Rebar and reinforcement,125.22083603603603,70.41904054054054,Residential: Multifamily (5 or more units)
69,New Construction,Roll formed metal panel aluminum,0.2605279279279279,4.62652972972973,Residential: Multifamily (5 or more units)
69,New Construction,Roll formed metal panel steel,0.4270756756756756,1.1693,Residential: Multifamily (5 or more units)
69,New Construction,Roofing and waterproofing - other,0.2762243243243243,0.3669747747747748,Residential: Multifamily (5 or more units)
69,New Construction,Softwood plywood,0.030727027027027,0.0113675675675675,Residential: Multifamily (5 or more units)
69,New Construction,Steel door,0.0893423423423423,0.2465837837837838,Residential: Multifamily (5 or more units)
69,New Construction,Steel sheet,0.1764009009009008,0.3382486486486487,Residential: Multifamily (5 or more units)
69,New Construction,Wood or composite door,0.0286432432432432,0.0420738738738738,Residential: Multifamily (5 or more units)
7,New Construction,Acoustic ceiling tile fiber,2.2876432431006943,6.7993432028627385,Education
7,New Construction,Aluminum - other,0.3072261472400172,1.001557240002456,Education
7,New Construction,Aluminum door,0.0697546991999999,0.454103091792,Education
7,New Construction,Aluminum door frame,0.0740334053999998,0.647792297249999,Education
7,New Construction,Aluminum framed window,0.00593159071744,0.0456905755606016,Education
7,New Construction,Aluminum sheet,0.0057423547620001,0.0408855659054411,Education
7,New Construction,Aluminum storefront or curtain wall,2.2101822140818714,22.10182214081872,Education
7,New Construction,Architectural fiber cement panel,4.614282107282,2.97621195919689,Education
7,New Construction,CMU,6.987466877970436,0.782596290332689,Education
7,New Construction,Coatings - other,0.0613699351948439,0.6129216964334516,Education
7,New Construction,Cold formed steel framing,3.733080167960836,9.146046411504049,Education
7,New Construction,Decking,3.684340418788092,9.214789726851553,Education
7,New Construction,Doors and frames - other,0.2567270193443728,1.116951203946223,Education
7,New Construction,EPDM,3.075732347708421,10.672791246548222,Education
7,New Construction,Extrusion,0.985516192497492,7.401226605656164,Education
7,New Construction,Fasteners,0.4677743541632755,1.9169470444895225,Education
7,New Construction,Fiberglass blanket,0.6562730380704147,1.3519224584250544,Education
7,New Construction,Glass mat gypsum board,20.68134056696482,9.78227408817436,Education
7,New Construction,Glazing - other,3.667779083604184,5.892985255868109,Education
7,New Construction,Gypsum board,22.39387705240277,5.417696795353911,Education
7,New Construction,Hollow structural sections HSS,0.668093851142611,1.6368299352993971,Education
7,New Construction,Hot-rolled sections,10.358901173850589,10.027416336287368,Education
7,New Construction,Insulated glass unit IGU,1.8414652300142385,2.46756340821908,Education
7,New Construction,Mineral wool low density,1.2761204633896173,1.9269418997183223,Education
7,New Construction,Mortar and grout,1.1619565620323953,0.1148013083288006,Education
7,New Construction,Other,0.0715059803788624,0.2030769842759692,Education
7,New Construction,Paint,0.3632727324964342,0.8554292881164838,Education
7,New Construction,Polyisocyanurate PIR,5.043668920923916,13.21441257282066,Education
7,New Construction,Precast,501.66530178053154,102.33972156322852,Education
7,New Construction,Ready mix NW 3000,105.77935350448566,15.549564965159368,Education
7,New Construction,Ready mix NW 4000,1050.5382313892017,176.7754633106322,Education
7,New Construction,Rebar and reinforcement,35.87081265274997,53.86298431126004,Education
7,New Construction,Roll formed metal panel steel,0.004218409355164,0.0098288937975321,Education
7,New Construction,Softwood plywood,1.166387977118508,0.3079264259592861,Education
7,New Construction,Steel - other,0.026470261874747,0.0650440792187903,Education
7,New Construction,Steel door,0.313429308624,1.02432088554768,Education
7,New Construction,Steel door frame,0.014918919616,0.0410270289439999,Education
7,New Construction,Stucco finish,1.475458178739272,0.7067444676161112,Education
7,New Construction,Suspension assembly,0.7034670769222732,1.7094249969211242,Education
7,New Construction,Wood or composite door,0.6019540993152,0.1589158822192128,Education
70,New Construction,Aluminum sheet,0.5426891304347826,1.6301760869565218,Healthcare
70,New Construction,Cold formed steel framing,0.9404043478260868,1.3978152173913043,Healthcare
70,New Construction,Decking,1.122839130434783,2.7027804347826088,Healthcare
70,New Construction,Extrusion,2.077471739130435,15.743541304347826,Healthcare
70,New Construction,Glass mat gypsum board,2.878304347826087,1.3820760869565218,Healthcare
70,New Construction,Glazing - other,4.619395652173914,6.605736956521739,Healthcare
70,New Construction,Gypsum board,13.084404347826087,4.123602173913044,Healthcare
70,New Construction,Hollow structural sections HSS,0.5286565217391305,1.376641304347826,Healthcare
70,New Construction,Hot-rolled sections,81.20826304347825,59.04721304347826,Healthcare
70,New Construction,Medium density fiberboard MDF,0.267741304347826,0.1965760869565217,Healthcare
70,New Construction,Mortar and grout,33.97416739130435,8.014402173913043,Healthcare
70,New Construction,Polyisocyanurate PIR,1.9465891304347824,11.92489347826087,Healthcare
70,New Construction,Ready mix NW 2500,39.88325217391304,4.417532608695653,Healthcare
70,New Construction,Ready mix NW 4000,171.4488043478261,17.052726086956522,Healthcare
70,New Construction,Ready mix NW 6000,51.78776956521739,8.61554347826087,Healthcare
70,New Construction,Ready mix unknown,605.2158217391304,59.54058260869565,Healthcare
70,New Construction,Rebar and reinforcement,37.85603043478261,21.28604347826087,Healthcare
70,New Construction,Roll formed metal panel aluminum,0.0028391304347826,0.0107543478260869,Healthcare
70,New Construction,Roll formed metal panel steel,0.6808195652173913,1.864032608695652,Healthcare
70,New Construction,Roofing and waterproofing - other,0.508704347826087,0.6758326086956522,Healthcare
70,New Construction,Softwood plywood,0.88445,0.259845652173913,Healthcare
70,New Construction,Steel - other,12.140978260869565,9.154297826086957,Healthcare
70,New Construction,Steel door,0.2206630434782608,0.6090282608695653,Healthcare
70,New Construction,Steel sheet,0.0819869565217391,0.282195652173913,Healthcare
71,New Construction,Acoustic ceiling tile aluminum,0.0142269527325824,0.0926174622891117,Residential: Multifamily (5 or more units)
71,New Construction,Acoustic ceiling tile fiber,0.0377561804446391,0.0513484054047092,Residential: Multifamily (5 or more units)
71,New Construction,Acoustic ceiling tile steel,0.0219601577331907,0.0650020668902445,Residential: Multifamily (5 or more units)
71,New Construction,Adhesives and sealants,0.2920271940907771,0.2763938521170518,Residential: Multifamily (5 or more units)
71,New Construction,Aluminum door,0.0506587088076366,0.2036480094066994,Residential: Multifamily (5 or more units)
71,New Construction,Aluminum door frame,0.0096257404556889,0.0842252289872786,Residential: Multifamily (5 or more units)
71,New Construction,Aluminum framed window,0.245218938624,2.67077146254336,Residential: Multifamily (5 or more units)
71,New Construction,Aluminum sheet,0.0161115555369051,0.1147142754227644,Residential: Multifamily (5 or more units)
71,New Construction,Architectural fiber cement panel,0.10366672815,0.06686503965675,Residential: Multifamily (5 or more units)
71,New Construction,Carpet,0.059594837376,0.2854592710310399,Residential: Multifamily (5 or more units)
71,New Construction,Coatings - other,0.0622899332449904,0.2137131450279114,Residential: Multifamily (5 or more units)
71,New Construction,Cold formed steel framing,2.8290647281543277,6.931208583978102,Residential: Multifamily (5 or more units)
71,New Construction,Concrete - other,0.6783070206367953,0.1058197954471698,Residential: Multifamily (5 or more units)
71,New Construction,Decking,0.0294655367753807,0.0760210848804824,Residential: Multifamily (5 or more units)
71,New Construction,Doors and frames - other,0.0619647263180784,0.4191989350654256,Residential: Multifamily (5 or more units)
71,New Construction,Expanded polystyrene EPS,0.4074988476181344,1.3243712547589366,Residential: Multifamily (5 or more units)
71,New Construction,Extrusion,0.2705379932193769,2.34125440809108,Residential: Multifamily (5 or more units)
71,New Construction,Fasteners,0.0017075193658702,0.0088447787883811,Residential: Multifamily (5 or more units)
71,New Construction,Fiberglass blanket,1.520191525309064,3.121571259495506,Residential: Multifamily (5 or more units)
71,New Construction,Flooring and tile - other,0.0049060608,0.027179576832,Residential: Multifamily (5 or more units)
71,New Construction,Gypsum board,36.21814368249586,7.826639942947363,Residential: Multifamily (5 or more units)
71,New Construction,Hollow structural sections HSS,0.6678712586588825,1.6362845837142623,Residential: Multifamily (5 or more units)
71,New Construction,Hot-rolled sections,0.0222742038386,0.0215614293157647,Residential: Multifamily (5 or more units)
71,New Construction,Insulated glass unit IGU,1.391944147655389,1.8652051578582216,Residential: Multifamily (5 or more units)
71,New Construction,Modified bitumen,0.880151163654654,0.554495233102432,Residential: Multifamily (5 or more units)
71,New Construction,Other,0.3511759492855738,0.9973396959710296,Residential: Multifamily (5 or more units)
71,New Construction,Paint,0.4998362576682801,1.1512748998144482,Residential: Multifamily (5 or more units)
71,New Construction,Polyisocyanurate PIR,0.1876191900633368,0.5741147215938108,Residential: Multifamily (5 or more units)
71,New Construction,Precast,3.4142876093674173,0.5326484990261174,Residential: Multifamily (5 or more units)
71,New Construction,Ready mix unknown,1226.9652199761083,175.44092134547498,Residential: Multifamily (5 or more units)
71,New Construction,Rebar and reinforcement,33.478971679012155,63.94483590691321,Residential: Multifamily (5 or more units)
71,New Construction,Resilient flooring vinyl,2.35631736,3.46376109888,Residential: Multifamily (5 or more units)
71,New Construction,Steel - other,0.1592097684713264,0.3861878617594783,Residential: Multifamily (5 or more units)
71,New Construction,Steel door,0.1347644244,0.427203225348,Residential: Multifamily (5 or more units)
71,New Construction,Steel door frame,0.0113026895999999,0.0310823964,Residential: Multifamily (5 or more units)
71,New Construction,Steel sheet,0.5061078746485702,1.179231347931169,Residential: Multifamily (5 or more units)
71,New Construction,Stucco finish,12.680820424502723,6.074112983336804,Residential: Multifamily (5 or more units)
71,New Construction,Suspension assembly,0.0165629181720884,0.0402478911581749,Residential: Multifamily (5 or more units)
71,New Construction,Wood door frame,0.0015392,0.00677248,Residential: Multifamily (5 or more units)
71,New Construction,Wood or composite door,0.2868810112,0.0935232096512,Residential: Multifamily (5 or more units)
72,New Construction,Coatings - other,0.0512413793103448,0.254151724137931,Residential: Multifamily (5 or more units)
72,New Construction,Cold formed steel framing,32.78742068965517,55.81343448275863,Residential: Multifamily (5 or more units)
72,New Construction,Cross laminated timber CLT,80.9942448275862,34.189672413793105,Residential: Multifamily (5 or more units)
72,New Construction,Doors and frames - other,0.0031241379310344,0.0076103448275862,Residential: Multifamily (5 or more units)
72,New Construction,Extruded polystyrene XPS,0.945,2.4944655172413794,Residential: Multifamily (5 or more units)
72,New Construction,Extrusion,0.1195758620689655,0.7856068965517242,Residential: Multifamily (5 or more units)
72,New Construction,Fiberglass blanket,1.8735,4.669579310344828,Residential: Multifamily (5 or more units)
72,New Construction,Glass mat gypsum board,12.558768965517242,4.956937931034483,Residential: Multifamily (5 or more units)
72,New Construction,Gypsum board,75.4026,23.11523793103448,Residential: Multifamily (5 or more units)
72,New Construction,Hot-rolled sections,6.163313793103448,7.519241379310345,Residential: Multifamily (5 or more units)
72,New Construction,Insulated glass unit IGU,1.5256275862068964,2.9170758620689656,Residential: Multifamily (5 or more units)
72,New Construction,Intumescent,0.166451724137931,0.9171551724137932,Residential: Multifamily (5 or more units)
72,New Construction,Modified bitumen,2.2939517241379312,1.4983137931034485,Residential: Multifamily (5 or more units)
72,New Construction,Other,0.0013862068965517,0.0025793103448275,Residential: Multifamily (5 or more units)
72,New Construction,Ready mix NW 3000,348.56167586206897,43.15193793103449,Residential: Multifamily (5 or more units)
72,New Construction,Ready mix NW 4000,242.5591,26.58043448275862,Residential: Multifamily (5 or more units)
72,New Construction,Ready mix unknown,36.027496551724134,4.825096551724139,Residential: Multifamily (5 or more units)
72,New Construction,Rebar and reinforcement,31.208675862068965,17.471803448275864,Residential: Multifamily (5 or more units)
72,New Construction,Steel - other,0.1112793103448275,0.0872310344827586,Residential: Multifamily (5 or more units)
72,New Construction,Steel sheet,0.789648275862069,0.9947206896551724,Residential: Multifamily (5 or more units)
72,New Construction,Windows and frames - other,0.186603448275862,0.6507689655172414,Residential: Multifamily (5 or more units)
72,New Construction,Wood and composites - other,5.370137931034483,0.5365896551724137,Residential: Multifamily (5 or more units)
73,New Construction,Aluminum storefront or curtain wall,1.9263142857142856,12.85022619047619,Education
73,New Construction,Cold formed steel framing,1.2379416666666667,1.8400761904761904,Education
73,New Construction,Glazing - other,3.049007142857143,4.360080952380953,Education
73,New Construction,Gypsum board,3.276652380952381,1.0676440476190476,Education
73,New Construction,Hollow structural sections HSS,2.6186416666666665,6.258552380952381,Education
73,New Construction,Mineral wool low density,0.5822190476190476,0.8383952380952381,Education
73,New Construction,Other,1.9833642857142852,1.801482142857143,Education
73,New Construction,Polyisocyanurate PIR,1.8724571428571428,11.47075476190476,Education
73,New Construction,Ready mix NW 5000,588.0034452380953,128.0598,Education
73,New Construction,Ready mix NW 6000,1199.075251190476,275.0378869047619,Education
73,New Construction,Ready mix unknown,1.0801166666666666,0.9448904761904762,Education
73,New Construction,Rebar and reinforcement,0.1767392857142857,0.0993773809523809,Education
73,New Construction,Roll formed metal panel aluminum,0.0352273809523809,0.1564047619047619,Education
73,New Construction,Roofing and waterproofing - other,0.2184511904761904,0.4196559523809524,Education
73,New Construction,Stone masonry,4.153422619047619,1.0011630952380952,Education
73,New Construction,TPO,0.4350488095238095,1.5139714285714287,Education
74,New Construction,CMU,9.429678,1.0852066666666669,Office
74,New Construction,Decking,0.898112888888889,2.0566784444444446,Office
74,New Construction,Flooring and tile - other,0.6697542222222221,0.5023155555555556,Office
74,New Construction,Hollow structural sections HSS,1.4126935555555555,2.863661555555556,Office
74,New Construction,Hot-rolled sections,0.2028582222222222,0.2353153333333333,Office
74,New Construction,Mineral wool high density,0.1284931111111111,0.1072902222222222,Office
74,New Construction,Ready mix NW 4000,803.9021057777777,108.35595511111111,Office
74,New Construction,Ready mix NW 5000,362.14381888888886,57.01803555555556,Office
74,New Construction,Ready mix NW 8000,97.79741733333334,18.599031333333333,Office
74,New Construction,Rebar and reinforcement,46.76985377777778,42.36766377777778,Office
74,New Construction,Roll formed metal panel aluminum,0.1557937777777777,0.5366293333333333,Office
75,New Construction,Cold formed steel framing,2.3080686274509805,3.43071568627451,Office
75,New Construction,Decking,9.883970588235291,27.85020588235294,Office
75,New Construction,Extrusion,15.715352941176471,103.24986274509804,Office
75,New Construction,Gypsum board,5.001519607843138,1.6448823529411765,Office
75,New Construction,Hot-rolled sections,62.01595098039216,47.13730392156862,Office
75,New Construction,Insulated glass unit IGU,2.284676470588235,5.70379411764706,Office
75,New Construction,Mineral wool low density,4.636019607843137,1.1251176470588236,Office
75,New Construction,Ready mix unknown,832.6652156862745,95.6450588235294,Office
75,New Construction,Softwood plywood,15.635372549019609,13.259264705882352,Office
75,New Construction,Steel - other,16.78486274509804,45.92053921568627,Office
75,New Construction,TPO,1.556529411764706,3.766803921568628,Office
76,New Construction,Cold formed steel framing,0.3747945945945946,0.5570936936936937,Warehouse and Storage
76,New Construction,Extrusion,6.920587387387388,45.476866666666666,Warehouse and Storage
76,New Construction,Glazing - other,1.1983855855855854,2.057672072072072,Warehouse and Storage
76,New Construction,Gypsum board,0.0030684684684684,0.001009009009009,Warehouse and Storage
76,New Construction,Hot-rolled sections,32.92895135135135,25.678774774774773,Warehouse and Storage
76,New Construction,Insulated glass unit IGU,0.7949369369369369,1.8060702702702705,Warehouse and Storage
76,New Construction,Mineral wool high density,0.0001171171171171,0.0001657657657657,Warehouse and Storage
76,New Construction,Ready mix NW 4000,2104.309300900901,191.8214936936937,Warehouse and Storage
76,New Construction,Roll formed metal panel aluminum,1.7969981981981982,6.807372972972972,Warehouse and Storage
76,New Construction,Roll formed metal panel steel,6.601340540540541,17.52816216216216,Warehouse and Storage
76,New Construction,Steel - other,0.2335693693693693,0.6390054054054054,Warehouse and Storage
76,New Construction,Steel door,2.3591891891891894,6.275106306306306,Warehouse and Storage
76,New Construction,Windows and frames - other,0.0224972972972972,0.2261009009009008,Warehouse and Storage
77,New Construction,Cold formed steel framing,6.343822988505747,9.429458620689656,Warehouse and Storage
77,New Construction,Extrusion,25.27715862068965,167.5334264367816,Warehouse and Storage
77,New Construction,Glazing - other,0.3793011494252873,0.6296390804597701,Warehouse and Storage
77,New Construction,Gypsum board,0.8088701149425287,0.2513459770114942,Warehouse and Storage
77,New Construction,Hot-rolled sections,44.8639540229885,34.100344827586206,Warehouse and Storage
77,New Construction,Insulated glass unit IGU,0.7722862068965517,1.9604206896551724,Warehouse and Storage
77,New Construction,Ready mix unknown,753.8715781609195,71.78390000000002,Warehouse and Storage
77,New Construction,Roll formed metal panel aluminum,1.7438724137931034,6.606110344827586,Warehouse and Storage
77,New Construction,Roll formed metal panel steel,5.719673563218391,15.660032183908044,Warehouse and Storage
77,New Construction,Steel - other,2.076629885057472,5.681868965517242,Warehouse and Storage
77,New Construction,Steel door,1.3037770114942528,0.5700068965517241,Warehouse and Storage
78,New Construction,CMU,1.610390769230769,0.3510652071005917,Laboratory
78,New Construction,Decking,13.288974319526629,21.649172307692307,Laboratory
78,New Construction,Extrusion,4.664253846153846,35.31319798816568,Laboratory
78,New Construction,Fiberglass blanket,0.2804350295857988,0.5664788165680473,Laboratory
78,New Construction,Glass mat gypsum board,1.4669532544378698,0.5798010650887574,Laboratory
78,New Construction,Glazing - other,7.179744852071005,10.267035147928992,Laboratory
78,New Construction,Hollow structural sections HSS,7.059938816568048,13.996868047337276,Laboratory
78,New Construction,Hot-rolled sections,74.18824745562131,90.50966177514792,Laboratory
78,New Construction,Precast,14.729317751479291,2.5707098224852074,Laboratory
78,New Construction,Ready mix NW 3000,67.53738816568047,7.288409822485207,Laboratory
78,New Construction,Ready mix NW 4000,885.9782818934912,82.93858071005917,Laboratory
78,New Construction,Ready mix NW 5000,319.53545775147927,36.78517313609468,Laboratory
78,New Construction,Rebar and reinforcement,30.319701183431956,42.796427928994085,Laboratory
79,New Construction,Aluminum storefront or curtain wall,7.428883720930233,36.248818023255815,Office
79,New Construction,Brick clay,3.057429069767442,0.7254186046511628,Office
79,New Construction,Cold formed steel framing,2.872731976744186,4.270028488372093,Office
79,New Construction,Concrete - other,3.8550290697674416,1.1442941860465117,Office
79,New Construction,Cross laminated timber CLT,39.79216627906977,13.27130930232558,Office
79,New Construction,Expanded polystyrene EPS,0.3912872093023256,1.189513953488372,Office
79,New Construction,Fiberglass blanket,1.4789697674418605,3.6862366279069767,Office
79,New Construction,Glass mat gypsum board,0.9556732558139536,0.3814331395348837,Office
79,New Construction,Glazing - other,0.2880813953488372,1.0801651162790695,Office
79,New Construction,Glue laminated timber GLT,29.33814941860465,8.256429069767442,Office
79,New Construction,Gypsum board,6.3742872093023255,2.088372093023256,Office
79,New Construction,Hollow structural sections HSS,0.8943941860465117,2.137602906976744,Office
79,New Construction,Hot-rolled sections,0.4540936046511628,0.5708377906976744,Office
79,New Construction,Mineral wool high density,0.295656976744186,0.5744186046511628,Office
79,New Construction,Mineral wool low density,1.507617441860465,2.1709697674418607,Office
79,New Construction,PVC,0.3073424418604651,1.0676116279069767,Office
79,New Construction,Ready mix NW 2500,6.116438953488372,0.6550197674418605,Office
79,New Construction,Ready mix NW 3000,100.79480290697674,11.725795930232556,Office
79,New Construction,Ready mix NW 4000,863.322701744186,116.36510813953488,Office
79,New Construction,Ready mix NW 5000,9.486802325581396,1.4936575581395348,Office
79,New Construction,Ready mix NW 8000,90.77063953488371,16.18316976744186,Office
79,New Construction,Rebar and reinforcement,59.23971744186046,56.83707732558139,Office
79,New Construction,Roll formed metal panel steel,0.5761546511627907,1.5776232558139536,Office
79,New Construction,Steel door,0.107831976744186,0.2478488372093023,Office
79,New Construction,Synthetic composites,1.6046523255813954,1.2089889534883722,Office
79,New Construction,TPO,0.1047575581395348,0.3645552325581395,Office
79,New Construction,Windows and frames - other,0.041006976744186,0.3928453488372093,Office
79,New Construction,Wood and composites - other,0.3125290697674419,0.4448645348837209,Office
79,New Construction,Wood or composite door,0.2080180232558139,0.3095819767441861,Office
8,New Construction,Air and vapor barriers,0.883561038961039,2.7478727272727275,Residential: Multifamily (5 or more units)
8,New Construction,Aluminum storefront or curtain wall,0.3664103896103896,2.0427012987012985,Residential: Multifamily (5 or more units)
8,New Construction,Brick clay,153.37421558441557,4.725706493506493,Residential: Multifamily (5 or more units)
8,New Construction,CMU,171.7652103896104,49.35575844155844,Residential: Multifamily (5 or more units)
8,New Construction,Carpet,1.6175324675324676,6.97047012987013,Residential: Multifamily (5 or more units)
8,New Construction,Cold formed steel framing,6.214698701298701,11.26572987012987,Residential: Multifamily (5 or more units)
8,New Construction,Concrete - other,4.630077922077922,0.6279038961038961,Residential: Multifamily (5 or more units)
8,New Construction,Cross laminated timber CLT,61.95510649350649,13.915049350649351,Residential: Multifamily (5 or more units)
8,New Construction,Decking,71.66791948051947,190.6366649350649,Residential: Multifamily (5 or more units)
8,New Construction,Expanded polystyrene EPS,0.4583792207792208,1.3934675324675323,Residential: Multifamily (5 or more units)
8,New Construction,Extruded polystyrene XPS,0.459612987012987,11.398376623376624,Residential: Multifamily (5 or more units)
8,New Construction,Fiberglass blanket,10.619293506493506,14.115948051948052,Residential: Multifamily (5 or more units)
8,New Construction,Flooring and tile - other,0.0012077922077922,0.0082831168831168,Residential: Multifamily (5 or more units)
8,New Construction,Glazing - other,0.0354415584415584,0.0616675324675324,Residential: Multifamily (5 or more units)
8,New Construction,Glue laminated timber GLT,0.5519896103896104,0.2081012987012987,Residential: Multifamily (5 or more units)
8,New Construction,Gypsum board,106.9501974025974,35.265335064935066,Residential: Multifamily (5 or more units)
8,New Construction,Hardwood,76.18114805194804,6.062454545454545,Residential: Multifamily (5 or more units)
8,New Construction,Hollow structural sections HSS,7.819322077922078,22.371488311688317,Residential: Multifamily (5 or more units)
8,New Construction,Hot-rolled sections,1.210451948051948,0.9486623376623377,Residential: Multifamily (5 or more units)
8,New Construction,Insulated glass unit IGU,1.962864935064935,2.5006649350649357,Residential: Multifamily (5 or more units)
8,New Construction,Mineral wool high density,22.046893506493507,30.14472987012987,Residential: Multifamily (5 or more units)
8,New Construction,Mortar and grout,6.160163636363636,3.221974025974026,Residential: Multifamily (5 or more units)
8,New Construction,Oriented strand board OSB,3.847036363636364,1.213012987012987,Residential: Multifamily (5 or more units)
8,New Construction,Polyisocyanurate PIR,0.1301324675324675,0.3131376623376623,Residential: Multifamily (5 or more units)
8,New Construction,Precast,2.4940675324675325,0.3687116883116882,Residential: Multifamily (5 or more units)
8,New Construction,Ready mix LW 4000,102.54781818181816,23.470516883116883,Residential: Multifamily (5 or more units)
8,New Construction,Ready mix LW 5000,155.79587792207792,41.20210649350649,Residential: Multifamily (5 or more units)
8,New Construction,Ready mix NW 3000,10.413792207792207,1.2141428571428572,Residential: Multifamily (5 or more units)
8,New Construction,Ready mix NW 4000,13.735779220779222,1.9864545454545457,Residential: Multifamily (5 or more units)
8,New Construction,Ready mix NW 5000,34.086480519480524,7.470942857142857,Residential: Multifamily (5 or more units)
8,New Construction,Ready mix NW 6000,79.05051428571429,13.040587012987013,Residential: Multifamily (5 or more units)
8,New Construction,Ready mix unknown,43.2720961038961,2.448664935064935,Residential: Multifamily (5 or more units)
8,New Construction,Rebar and reinforcement,12.351555844155843,35.83090909090909,Residential: Multifamily (5 or more units)
8,New Construction,Softwood framing,15.501885714285711,2.4631142857142856,Residential: Multifamily (5 or more units)
8,New Construction,Softwood plywood,18.94396883116883,6.921529870129871,Residential: Multifamily (5 or more units)
8,New Construction,Steel door,4.464176623376623,12.32111948051948,Residential: Multifamily (5 or more units)
8,New Construction,Steel sheet,4.404176623376624,16.8504987012987,Residential: Multifamily (5 or more units)
8,New Construction,TPO,7.037784415584415,24.49148831168831,Residential: Multifamily (5 or more units)
8,New Construction,Wood and composites - other,28.848233766233765,12.890337662337664,Residential: Multifamily (5 or more units)
8,New Construction,Wood or composite door,5.3773012987012985,5.846376623376624,Residential: Multifamily (5 or more units)
80,New Construction,CMU,66.3490843373494,14.46409638554217,Other
80,New Construction,Cold formed steel framing,2.17366265060241,3.716951807228916,Other
80,New Construction,Decking,8.525349397590361,24.022,Other
80,New Construction,Extruded polystyrene XPS,0.0762289156626506,3.2907831325301204,Other
80,New Construction,Glass mat gypsum board,13.347313253012048,4.343024096385542,Other
80,New Construction,Gypsum board,0.5550481927710843,0.1536265060240964,Other
80,New Construction,Hot-rolled sections,45.72757831325301,53.04398795180723,Other
80,New Construction,Mortar and grout,77.02343373493976,44.211457831325305,Other
80,New Construction,Paint,0.0472289156626506,0.091144578313253,Other
80,New Construction,Ready mix NW 5000,833.4569156626505,78.48385542168674,Other
80,New Construction,Ready mix NW 6000,1246.8692289156627,183.5944939759036,Other
80,New Construction,Rebar and reinforcement,132.67521686746989,96.32220481927712,Other
80,New Construction,Roll formed metal panel aluminum,1.4728795180722891,5.57955421686747,Other
80,New Construction,Roofing and waterproofing - other,0.5068192771084338,0.498710843373494,Other
80,New Construction,Steel door,0.8853253012048194,8.94533734939759,Other
80,New Construction,Steel door frame,0.2218795180722891,1.9229397590361448,Other
81,New Construction,Acoustic ceiling tile fiber,0.0959743231053853,0.130525079423324,Residential: Multifamily (5 or more units)
81,New Construction,Adhesives and sealants,0.3370829780561343,0.0975937791245508,Residential: Multifamily (5 or more units)
81,New Construction,Air and vapor barriers,0.5218961877154205,1.0594492610623034,Residential: Multifamily (5 or more units)
81,New Construction,Aluminum door,0.1366565916890399,0.5493594985899406,Residential: Multifamily (5 or more units)
81,New Construction,Aluminum door frame,0.0265730576167879,0.2325142541468946,Residential: Multifamily (5 or more units)
81,New Construction,Aluminum framed window,0.5836082572000514,6.322429333707827,Residential: Multifamily (5 or more units)
81,New Construction,Architectural fiber cement panel,0.91318424893664,0.5890038405641328,Residential: Multifamily (5 or more units)
81,New Construction,Built up roofing,1.7796707632346835,0.7065292930041694,Residential: Multifamily (5 or more units)
81,New Construction,CMU,5.961552092672633,0.6676938343793349,Residential: Multifamily (5 or more units)
81,New Construction,Carpet,0.0229152117476978,0.1097638642714728,Residential: Multifamily (5 or more units)
81,New Construction,Closed cell spray polyurethane foam,1.044965866406299,3.291642479179841,Residential: Multifamily (5 or more units)
81,New Construction,Coatings - other,0.0999967161289207,0.3102715701067935,Residential: Multifamily (5 or more units)
81,New Construction,Cold formed steel framing,7.936199844304348,19.44368961854565,Residential: Multifamily (5 or more units)
81,New Construction,Decking,0.0785865345399867,0.2027532591131658,Residential: Multifamily (5 or more units)
81,New Construction,Doors and frames - other,0.8709722267648634,5.314686254507167,Residential: Multifamily (5 or more units)
81,New Construction,Extrusion,1.239835310983672,10.09214582817804,Residential: Multifamily (5 or more units)
81,New Construction,Fasteners,0.0251399485056307,0.127262934592288,Residential: Multifamily (5 or more units)
81,New Construction,Fiberglass blanket,2.815815698425713,5.80058033875697,Residential: Multifamily (5 or more units)
81,New Construction,Flooring and tile - other,2.560596763056231,5.0955875584819,Residential: Multifamily (5 or more units)
81,New Construction,Glass mat gypsum board,1.203843188487731,0.5694178281546968,Residential: Multifamily (5 or more units)
81,New Construction,Gypsum board,94.4297204010663,19.16923324141646,Residential: Multifamily (5 or more units)
81,New Construction,Hardwood,0.2085188131271567,0.0919567965890761,Residential: Multifamily (5 or more units)
81,New Construction,Hollow structural sections HSS,26.0807523720941,67.12435736198213,Residential: Multifamily (5 or more units)
81,New Construction,Hot-rolled sections,0.2492220729728422,0.6429929482699329,Residential: Multifamily (5 or more units)
81,New Construction,Insulated glass unit IGU,3.4136782484280386,4.574328852893572,Residential: Multifamily (5 or more units)
81,New Construction,Mortar and grout,7.223842519071936,1.35219373805792,Residential: Multifamily (5 or more units)
81,New Construction,Other,0.5822293800882813,1.6535314394507186,Residential: Multifamily (5 or more units)
81,New Construction,Paint,0.9641655309561702,2.30031477039252,Residential: Multifamily (5 or more units)
81,New Construction,Polyisocyanurate PIR,1.4988237291629547,4.720127291840186,Residential: Multifamily (5 or more units)
81,New Construction,Ready mix unknown,2041.2292193192689,293.79518582067163,Residential: Multifamily (5 or more units)
81,New Construction,Rebar and reinforcement,49.45405735211649,94.45724954254251,Residential: Multifamily (5 or more units)
81,New Construction,Resilient flooring vinyl,0.1110255753223718,0.2797844498123771,Residential: Multifamily (5 or more units)
81,New Construction,Roll formed metal panel aluminum,0.2653794718580988,1.4914326318425155,Residential: Multifamily (5 or more units)
81,New Construction,Roofing and waterproofing - other,0.1096306424990562,0.0529516003270441,Residential: Multifamily (5 or more units)
81,New Construction,Softwood plywood,1.3559523785838816,0.3579714279461448,Residential: Multifamily (5 or more units)
81,New Construction,Spray applied cementitious,0.5648083123606733,0.6438814760911675,Residential: Multifamily (5 or more units)
81,New Construction,Steel - other,1.1897768706123475,2.795491051061284,Residential: Multifamily (5 or more units)
81,New Construction,Steel door,0.4108234736180653,0.8597451929312036,Residential: Multifamily (5 or more units)
81,New Construction,Steel door frame,0.0188888404462311,0.0519443112271356,Residential: Multifamily (5 or more units)
81,New Construction,Stucco finish,12.29654893119453,6.464407903936697,Residential: Multifamily (5 or more units)
81,New Construction,Suspension assembly,0.0095093904751859,0.0231078188547018,Residential: Multifamily (5 or more units)
81,New Construction,Synthetic composites,0.002166747627916,0.0113104226177219,Residential: Multifamily (5 or more units)
81,New Construction,Wood door frame,0.5719063999999999,2.5163881599999995,Residential: Multifamily (5 or more units)
81,New Construction,Wood or composite door,3.065016012928637,0.8091642274131602,Residential: Multifamily (5 or more units)
82,New Construction,Adhesives and sealants,0.0126161638714943,0.0326758644271702,Office
82,New Construction,Air and vapor barriers,0.9264111637148946,2.427197248933024,Office
82,New Construction,Aluminum door,0.2497439173846154,1.670786807303077,Office
82,New Construction,Aluminum framed window,0.8798461763741539,10.203647195939446,Office
82,New Construction,Coatings - other,0.6928284750824969,13.995135196666435,Office
82,New Construction,Doors and frames - other,0.4480224091643077,3.383653568659477,Office
82,New Construction,Extrusion,0.2392481672756515,2.167588395517403,Office
82,New Construction,Fasteners,0.3414486114385167,1.6679282428970694,Office
82,New Construction,Fiberglass blanket,9.523051663249408,19.61748642629378,Office
82,New Construction,Glass mat gypsum board,13.247356223713862,6.265999493816656,Office
82,New Construction,Gypsum board,85.3212061424298,17.330446778863344,Office
82,New Construction,Insulated glass unit IGU,7.612012547656615,11.087775234742958,Office
82,New Construction,Paint,1.106869285094752,2.587317567609872,Office
82,New Construction,Polyisocyanurate PIR,0.3823007702178346,1.0016280179707269,Office
82,New Construction,Ready mix NW 4000,1267.668268608348,234.92875080147755,Office
82,New Construction,Rebar and reinforcement,47.9268232239973,44.76365289121348,Office
82,New Construction,Roll formed metal panel steel,13.059217924470785,30.42797776401693,Office
82,New Construction,Softwood framing,60.45133520342939,10.155824314176138,Office
82,New Construction,Softwood plywood,20.589777696234574,5.4357013118059285,Office
82,New Construction,Steel - other,3.2064518252126795,8.272645709048712,Office
82,New Construction,Steel door,1.5945377538461538,5.580882138461538,Office
82,New Construction,Steel door frame,0.1713238596923077,0.4711406141538461,Office
82,New Construction,Steel framed window,0.3087239483076923,1.3552981330707692,Office
82,New Construction,Synthetic composites,0.6956649215907778,3.930506806987895,Office
82,New Construction,TPO,0.1550396303416373,0.4883748355761578,Office
83,New Construction,Acoustic ceiling tile aluminum,0.0056210498160919,0.0379420862586206,Education
83,New Construction,Acoustic ceiling tile fiber,1.2516638484091955,4.368306830948092,Education
83,New Construction,Adhesives and sealants,0.1941357461061609,0.2884715344010696,Education
83,New Construction,Air and vapor barriers,0.1494110644863448,0.3033044609072799,Education
83,New Construction,Aluminum - other,0.5861883221057471,3.294378370234299,Education
83,New Construction,Aluminum door,0.0339956481517241,0.1332629407547586,Education
83,New Construction,Aluminum door frame,0.0324332424827586,0.2837908717241379,Education
83,New Construction,Aluminum framed window,0.0003845384827586,0.0033647117241379,Education
83,New Construction,Aluminum sheet,0.6873409284188506,3.86285601771394,Education
83,New Construction,Aluminum storefront or curtain wall,1.6010494828993105,16.010494828993103,Education
83,New Construction,Carpet,0.3048288331816092,1.2772872069499082,Education
83,New Construction,Ceramic tile,4.145270569425287,1.0860608891894252,Education
83,New Construction,Closed cell spray polyurethane foam,0.3180306321503448,1.0017964912735862,Education
83,New Construction,Coatings - other,0.0583020253764597,0.6184094504944718,Education
83,New Construction,Cold formed steel framing,4.595085483718897,11.180678223126966,Education
83,New Construction,Concrete - other,1.7502912452873562,0.2730554983426234,Education
83,New Construction,Decking,17.660241797508046,45.56342383757076,Education
83,New Construction,Doors and frames - other,0.2171939838322758,1.2022323634931775,Education
83,New Construction,EPDM,0.2603714189964137,0.8383959691684524,Education
83,New Construction,Expanded polystyrene EPS,0.1151256866303448,0.3741584815486207,Education
83,New Construction,Extrusion,0.4153867759195402,3.128039050734368,Education
83,New Construction,Fasteners,0.0120501664717701,0.0500190311625227,Education
83,New Construction,Glass mat gypsum board,2.2703030672297477,1.0738533507996704,Education
83,New Construction,Glazing - other,0.0082658789057471,0.0125641359367356,Education
83,New Construction,Gypsum board,37.451918524387125,8.008126341702905,Education
83,New Construction,Hollow structural sections HSS,1.389614626514023,3.404555834959356,Education
83,New Construction,Hot-rolled sections,103.82383075984184,100.5014681755269,Education
83,New Construction,Insulated glass unit IGU,10.343120929855449,15.98957558898972,Education
83,New Construction,Mineral wool low density,1.0866716623143449,1.6408742100946605,Education
83,New Construction,Modified bitumen,0.1502129862988505,0.0946341813682758,Education
83,New Construction,Mortar and grout,0.1832880038243678,0.0954799120382096,Education
83,New Construction,Other,0.0219864380928735,0.0624414841837609,Education
83,New Construction,Paint,0.2766267455137931,0.6617929293668395,Education
83,New Construction,Plate,2.6168582187908047,6.097279649782575,Education
83,New Construction,Precast,22.41912400045977,3.7444980131949936,Education
83,New Construction,Ready mix LW 4000,336.91187429521835,99.17164402203304,Education
83,New Construction,Ready mix NW 3000,0.7059787044597702,0.0933921886356492,Education
83,New Construction,Ready mix NW 4000,31.481160881839084,5.401598798176346,Education
83,New Construction,Ready mix NW 5000,60.911816057314944,12.68174807424237,Education
83,New Construction,Ready mix NW 6000,432.3369390059126,92.30284189791078,Education
83,New Construction,Rebar and reinforcement,36.269103589631264,69.44387744021158,Education
83,New Construction,Resilient flooring vinyl,0.4087329638482758,1.030007068897655,Education
83,New Construction,Roll formed metal panel aluminum,0.0082234807724137,0.0462159619409655,Education
83,New Construction,Roll formed metal panel steel,0.8793331878620689,2.048846327718621,Education
83,New Construction,Softwood framing,0.0437626608781609,0.007352127027531,Education
83,New Construction,Spray applied cementitious,29.011951025985287,33.07362416962322,Education
83,New Construction,Steel - other,0.1173108231034482,0.2929235284349425,Education
83,New Construction,Steel door,0.6139376888418391,1.7177313155708045,Education
83,New Construction,Steel sheet,2.220918707493793,7.464535636727205,Education
83,New Construction,Stucco finish,0.4536693257333334,0.2173076070262666,Education
83,New Construction,Suspension assembly,0.5228133148243678,1.2704363550232138,Education
83,New Construction,Synthetic composites,0.4979723609195402,0.6025465567126437,Education
84,New Construction,Adhesives and sealants,0.085610970363159,0.2328959487503785,Residential: Multifamily (5 or more units)
84,New Construction,Air and vapor barriers,0.0852507396920008,0.218937553314815,Residential: Multifamily (5 or more units)
84,New Construction,Aluminum - other,0.063805345845156,0.1060335261070882,Residential: Multifamily (5 or more units)
84,New Construction,Aluminum door,0.0858608754995496,0.703659080935007,Residential: Multifamily (5 or more units)
84,New Construction,Aluminum framed window,0.0488939642469175,0.3896410616309655,Residential: Multifamily (5 or more units)
84,New Construction,Aluminum sheet,0.0333583576836729,0.1961750672469769,Residential: Multifamily (5 or more units)
84,New Construction,Built up roofing,2.285428635551963,0.9930928219226948,Residential: Multifamily (5 or more units)
84,New Construction,CMU,16.170107004221283,1.811051984472784,Residential: Multifamily (5 or more units)
84,New Construction,Ceramic tile,0.0390508732653068,0.0102313287955103,Residential: Multifamily (5 or more units)
84,New Construction,Coatings - other,0.0323813402718401,0.2570202113304978,Residential: Multifamily (5 or more units)
84,New Construction,Cold formed steel framing,0.4173441327498471,1.0224931252371254,Residential: Multifamily (5 or more units)
84,New Construction,Concrete - other,0.3991097171750744,0.0638575547480118,Residential: Multifamily (5 or more units)
84,New Construction,Decking,0.0367378177791772,0.0947835698702773,Residential: Multifamily (5 or more units)
84,New Construction,Doors and frames - other,0.3232458049118839,2.501614204938483,Residential: Multifamily (5 or more units)
84,New Construction,Extrusion,0.2576979060675163,2.3285127143517066,Residential: Multifamily (5 or more units)
84,New Construction,Fasteners,0.0223719750562088,0.0988832975834137,Residential: Multifamily (5 or more units)
84,New Construction,Fiberglass blanket,1.366246864340988,2.363607075309909,Residential: Multifamily (5 or more units)
84,New Construction,Flooring and tile - other,0.001794668654901,0.0099424643481518,Residential: Multifamily (5 or more units)
84,New Construction,GFRC general,33.10701164792347,8.144324865389173,Residential: Multifamily (5 or more units)
84,New Construction,Glass mat gypsum board,7.398257031799451,3.49937557604114,Residential: Multifamily (5 or more units)
84,New Construction,Glazing - other,0.0460085347394452,0.0777544237096624,Residential: Multifamily (5 or more units)
84,New Construction,Gypsum board,60.97622741106223,12.378623110615244,Residential: Multifamily (5 or more units)
84,New Construction,Hardwood,0.3739185591890913,0.1598011722776198,Residential: Multifamily (5 or more units)
84,New Construction,Hollow structural sections HSS,4.124883404288283,10.551912519307608,Residential: Multifamily (5 or more units)
84,New Construction,Hot-rolled sections,0.6731709476716692,0.5270294167059006,Residential: Multifamily (5 or more units)
84,New Construction,Insulated glass unit IGU,3.361071493745604,4.310309727389436,Residential: Multifamily (5 or more units)
84,New Construction,Loose-fill cellulose,0.639948367152427,1.087912224159126,Residential: Multifamily (5 or more units)
84,New Construction,Mineral wool high density,0.0619092426524654,0.110817544347913,Residential: Multifamily (5 or more units)
84,New Construction,Mortar and grout,18.831015344428867,3.282839555600049,Residential: Multifamily (5 or more units)
84,New Construction,Other,0.6152743907655336,1.747379269774115,Residential: Multifamily (5 or more units)
84,New Construction,Paint,0.692163644275013,1.6540364063221185,Residential: Multifamily (5 or more units)
84,New Construction,Plate,0.0001844606695547,0.0004297933600626,Residential: Multifamily (5 or more units)
84,New Construction,Precast,3.07560293907941,0.4920964702527056,Residential: Multifamily (5 or more units)
84,New Construction,Ready mix LW 3000,3.552731139148153,1.382012413128633,Residential: Multifamily (5 or more units)
84,New Construction,Ready mix NW 3000,51.4576970737136,8.233231531794173,Residential: Multifamily (5 or more units)
84,New Construction,Ready mix NW 4000,151.5394593055373,28.083826623556742,Residential: Multifamily (5 or more units)
84,New Construction,Ready mix NW 5000,74.49728357037176,16.761888803333683,Residential: Multifamily (5 or more units)
84,New Construction,Ready mix NW 6000,260.5456078582056,59.925489807387216,Residential: Multifamily (5 or more units)
84,New Construction,Rebar and reinforcement,38.52330354038322,73.45396360909801,Residential: Multifamily (5 or more units)
84,New Construction,Resilient flooring vinyl,0.0987067760195582,0.1362153509069903,Residential: Multifamily (5 or more units)
84,New Construction,Roofing and waterproofing - other,0.1329901197117818,0.0642342278207906,Residential: Multifamily (5 or more units)
84,New Construction,Softwood framing,16.29409906067884,2.7374086421940453,Residential: Multifamily (5 or more units)
84,New Construction,Softwood plywood,9.949699428866571,2.626720649220774,Residential: Multifamily (5 or more units)
84,New Construction,Steel - other,3.8187035609485656,9.691339297990194,Residential: Multifamily (5 or more units)
84,New Construction,Steel door,0.594645012580646,1.479183847037421,Residential: Multifamily (5 or more units)
84,New Construction,Steel door frame,0.0514072861419354,0.1413700368903225,Residential: Multifamily (5 or more units)
84,New Construction,Steel framed window,0.0068928061935483,0.0302594191896774,Residential: Multifamily (5 or more units)
84,New Construction,Steel sheet,0.2785707227741935,0.649069784063871,Residential: Multifamily (5 or more units)
84,New Construction,Stucco finish,21.26081238579864,10.76647496283411,Residential: Multifamily (5 or more units)
84,New Construction,Synthetic composites,0.6788305998710435,1.982185351623448,Residential: Multifamily (5 or more units)
84,New Construction,TPO,0.3764790039698227,1.1986876354384766,Residential: Multifamily (5 or more units)
84,New Construction,Vinyl framed window,0.6520556903225807,1.7475092500645162,Residential: Multifamily (5 or more units)
84,New Construction,Wall coverings,0.0619669207842428,0.0304257581050632,Residential: Multifamily (5 or more units)
84,New Construction,Wood I joists,0.7557779536251807,0.3476578586675831,Residential: Multifamily (5 or more units)
84,New Construction,Wood and composites - other,0.0304495925261393,0.0142756121046807,Residential: Multifamily (5 or more units)
84,New Construction,Wood or composite door,0.602146558451613,0.1589666914312258,Residential: Multifamily (5 or more units)
86,New Construction,Adhesives and sealants,0.0002482938490043,0.0002194917625198,Public Order and Safety
86,New Construction,Aluminum door,0.0511678502525451,0.2403082757905307,Public Order and Safety
86,New Construction,Aluminum framed window,0.0188405122316387,0.1732464113631132,Public Order and Safety
86,New Construction,Aluminum storefront or curtain wall,0.4449643013113742,4.449643013113742,Public Order and Safety
86,New Construction,CMU,190.3253574733016,21.316440037009777,Public Order and Safety
86,New Construction,Ceramic tile,0.2510068288886293,0.0657637891688209,Public Order and Safety
86,New Construction,Coatings - other,0.8120342273421151,8.721174909971333,Public Order and Safety
86,New Construction,Cold formed steel framing,2.12137522731436,5.197369306920181,Public Order and Safety
86,New Construction,Concrete - other,0.8144559333580336,0.1303129493372854,Public Order and Safety
86,New Construction,Decking,11.397028638068226,29.404333886216023,Public Order and Safety
86,New Construction,Doors and frames - other,0.114262018301729,0.87920974738344,Public Order and Safety
86,New Construction,EPDM,0.3566090876619968,1.237433534187129,Public Order and Safety
86,New Construction,Expanded polystyrene EPS,0.7387001450831452,2.400775471520222,Public Order and Safety
86,New Construction,Fasteners,1.102076536975327,6.2754892339221495,Public Order and Safety
86,New Construction,Glass mat gypsum board,4.397024673113955,2.0797926703829006,Public Order and Safety
86,New Construction,Glazing - other,0.0397468611929035,0.0643899151325037,Public Order and Safety
86,New Construction,Gypsum board,5.67705100598198,1.3371767858387589,Public Order and Safety
86,New Construction,Hollow structural sections HSS,11.453404890872402,8.945600985787133,Public Order and Safety
86,New Construction,Hot-rolled sections,40.73727342668232,39.43368067702848,Public Order and Safety
86,New Construction,Insulated glass unit IGU,1.5465477279380468,2.0723739554369827,Public Order and Safety
86,New Construction,Insulated metal panel IMP,14.926066609986576,40.7618730070843,Public Order and Safety
86,New Construction,Mortar and grout,224.72123968607903,41.72931763544044,Public Order and Safety
86,New Construction,Open web joists,2.111678685616784,2.9141165861511613,Public Order and Safety
86,New Construction,Paint,0.2397000671953423,0.4986746454117592,Public Order and Safety
86,New Construction,Ready mix NW 4000,33.84820137359073,6.226701158164839,Public Order and Safety
86,New Construction,Ready mix NW 5000,31.751825485835425,7.144160734312967,Public Order and Safety
86,New Construction,Ready mix NW 6000,1251.4359605057646,281.08342704157883,Public Order and Safety
86,New Construction,Rebar and reinforcement,104.37531593997218,195.09720718852984,Public Order and Safety
86,New Construction,Softwood framing,0.0057223973012725,0.001092977884543,Public Order and Safety
86,New Construction,Steel - other,5.940530416427785,15.333665851928377,Public Order and Safety
86,New Construction,Steel door,0.342425537832258,0.982593647712,Public Order and Safety
86,New Construction,Steel door frame,0.0245397952,0.0674844368,Public Order and Safety
86,New Construction,Steel sheet,0.5684742021045621,1.32454489090363,Public Order and Safety
86,New Construction,Wood or composite door,0.1251828505703225,0.0408096092859251,Public Order and Safety
87,New Construction,Adhesives and sealants,0.5346188900340855,1.4648557586933937,Public Order and Safety
87,New Construction,Air and vapor barriers,1.329583542819157,2.028721964044628,Public Order and Safety
87,New Construction,Aluminum door,0.89704078656,3.6061039619712,Public Order and Safety
87,New Construction,Aluminum storefront or curtain wall,1.693491079857454,16.93491079857454,Public Order and Safety
87,New Construction,CMU,90.74160547967696,10.163059813723825,Public Order and Safety
87,New Construction,Ceramic tile,0.9460399916127556,0.247862477802542,Public Order and Safety
87,New Construction,Coatings - other,0.1625561566985896,1.7380949744425127,Public Order and Safety
87,New Construction,Cold formed steel framing,5.425244603174511,13.743403840587913,Public Order and Safety
87,New Construction,Concrete - other,0.3481728768694368,0.0490923756385905,Public Order and Safety
87,New Construction,Decking,7.358020426932013,18.9836927014846,Public Order and Safety
87,New Construction,Doors and frames - other,0.4092119772733333,2.3855819696867333,Public Order and Safety
87,New Construction,EPDM,1.5755578161233403,5.467185621947991,Public Order and Safety
87,New Construction,Fasteners,0.0020269908985755,0.0082093131392307,Public Order and Safety
87,New Construction,Glass mat gypsum board,19.426780839579028,9.18886733712088,Public Order and Safety
87,New Construction,Glazing - other,6.249872439223627,30.55442111822769,Public Order and Safety
87,New Construction,Gypsum board,17.099437598142977,3.998425127564405,Public Order and Safety
87,New Construction,Hollow structural sections HSS,9.10165024291686,22.29904309514631,Public Order and Safety
87,New Construction,Hot-rolled sections,66.07344822099822,63.95909787792628,Public Order and Safety
87,New Construction,Insulated glass unit IGU,1.632379530933333,2.1873885714506667,Public Order and Safety
87,New Construction,Insulated metal panel IMP,0.1822620052669271,1.614043556110393,Public Order and Safety
87,New Construction,Mineral wool high density,0.5220492047523062,0.9344680765066278,Public Order and Safety
87,New Construction,Mineral wool low density,0.2344822946113118,0.1123170191188183,Public Order and Safety
87,New Construction,Mortar and grout,110.1228326738144,20.670394055150503,Public Order and Safety
87,New Construction,Open web joists,5.999893059783487,8.27985242250121,Public Order and Safety
87,New Construction,Paint,0.5757686642383875,0.9399587511029668,Public Order and Safety
87,New Construction,Plate,0.1023747683683118,0.2385332102981664,Public Order and Safety
87,New Construction,Polyisocyanurate PIR,4.805072444926053,12.872586440905076,Public Order and Safety
87,New Construction,Ready mix NW 6000,686.6106695500914,157.92045399652108,Public Order and Safety
87,New Construction,Rebar and reinforcement,7.787982145418004,14.87504589774839,Public Order and Safety
87,New Construction,Softwood plywood,0.0150573351063277,0.0039751364680705,Public Order and Safety
87,New Construction,Steel door,0.1513276543333333,0.5219343862366667,Public Order and Safety
87,New Construction,Steel door frame,0.027532076,0.075713209,Public Order and Safety
87,New Construction,Steel framed window,0.0309558266666666,0.0950037723999999,Public Order and Safety
87,New Construction,Steel sheet,0.8468380825341828,1.9731327323046457,Public Order and Safety
87,New Construction,Wood or composite door,0.44995006784,0.1725916999772,Public Order and Safety
88,New Construction,Adhesives and sealants,0.0012891051541762,0.0001998112988973,Office
88,New Construction,Air and vapor barriers,0.8859416675310483,1.3921723975227085,Office
88,New Construction,Aluminum - other,10.078538142059315,56.641384358373365,Office
88,New Construction,Aluminum door frame,0.0563332923076923,0.4929163076923076,Office
88,New Construction,Aluminum sheet,4.244842643806523,23.856015658192657,Office
88,New Construction,Architectural fiber cement panel,28.51574061403128,51.32833310525631,Office
88,New Construction,CMU,63.104171474044655,7.067667205093001,Office
88,New Construction,Carpet,0.913273172573554,4.412670706621885,Office
88,New Construction,Ceramic tile,1.2133935905122857,0.3179091207142188,Office
88,New Construction,Coatings - other,0.956754605626044,15.050144730026911,Office
88,New Construction,Cold formed steel framing,4.952076239336439,12.128301637519687,Office
88,New Construction,Decking,12.63405729982778,32.595867833555666,Office
88,New Construction,Doors and frames - other,0.1572330243808547,1.01604222421146,Office
88,New Construction,Extrusion,12.549227301629266,113.69599935276118,Office
88,New Construction,Fasteners,0.0008218938650371,0.0074463584172363,Office
88,New Construction,Fiberglass blanket,0.5698538442118768,1.1738989190764664,Office
88,New Construction,Flooring and tile - other,0.1581415618399186,0.3011404198937345,Office
88,New Construction,Glass mat gypsum board,0.4084613815309256,0.1932022334641278,Office
88,New Construction,Glazing - other,3.939541726677111,7.712468902610363,Office
88,New Construction,Gypsum board,37.08176674826646,9.047951086577015,Office
88,New Construction,Hollow structural sections HSS,2.0131294623047538,1.477637025331689,Office
88,New Construction,Hot-rolled sections,16.23418209511177,15.71468826806819,Office
88,New Construction,Insulated glass unit IGU,2.697007464039032,3.613990001812304,Office
88,New Construction,Mineral wool high density,1.6667163759314745,2.98342231291734,Office
88,New Construction,Mineral wool low density,0.0653538210449481,0.0986842697778716,Office
88,New Construction,Mortar and grout,73.79752102544781,13.99577684260484,Office
88,New Construction,Open web joists,10.877123251211977,15.010430086672525,Office
88,New Construction,Paint,0.6981359638478886,1.5781844147667723,Office
88,New Construction,Plate,1.0870004364363846,2.532711016896776,Office
88,New Construction,Polyisocyanurate PIR,4.788426532220607,12.54567751441799,Office
88,New Construction,Ready mix LW 3000,9.75256924827017,3.793749437577094,Office
88,New Construction,Ready mix NW 5000,15.71825435252863,3.536607229318949,Office
88,New Construction,Ready mix NW 6000,462.8693991436869,106.45996180304802,Office
88,New Construction,Rebar and reinforcement,20.91200018760274,39.941920358321234,Office
88,New Construction,Steel - other,0.3814235656613514,0.934487735870311,Office
88,New Construction,Steel door,0.9352559182905984,3.273395714017094,Office
88,New Construction,Steel sheet,0.2215542290825752,1.050167045851407,Office
88,New Construction,Wall coverings,0.0409609768041097,0.8151234384017839,Office
89,New Construction,Air and vapor barriers,1.3728639450637037,2.1279391148487403,Office
89,New Construction,Aluminum sheet,0.972315871264792,5.464415196508132,Office
89,New Construction,Aluminum storefront or curtain wall,0.8477584739711881,8.477584739711881,Office
89,New Construction,CMU,237.40348727665244,26.589190574985075,Office
89,New Construction,Ceramic tile,2.9185765921544373,0.7646670671444626,Office
89,New Construction,Coatings - other,0.4513419541913231,5.122555616819674,Office
89,New Construction,Cold formed steel framing,3.888179066695727,10.59393103053315,Office
89,New Construction,Concrete - other,3.5844974226241018,0.573519587619856,Office
89,New Construction,Decking,10.937446847916,28.218612867623275,Office
89,New Construction,Doors and frames - other,0.1105421977232542,0.7992306481074041,Office
89,New Construction,Extruded polystyrene XPS,0.0131594267875179,0.8552780601456947,Office
89,New Construction,Fasteners,0.0318282764669504,0.1593863589728105,Office
89,New Construction,Fiberglass blanket,1.3544599999002562,2.790187599794528,Office
89,New Construction,Glass mat gypsum board,10.708074844450357,5.064919401425019,Office
89,New Construction,Glazing - other,0.1002347002081647,0.1523567443164104,Office
89,New Construction,Gypsum board,11.10839716072564,2.6671447867835254,Office
89,New Construction,Hardwood,3.372507164257052,1.6727685711172458,Office
89,New Construction,Hollow structural sections HSS,7.121237793369676,17.50785463065032,Office
89,New Construction,Hot-rolled sections,6.504376593275171,6.296236542290366,Office
89,New Construction,Insulated glass unit IGU,1.806230342835534,2.8488128517841877,Office
89,New Construction,Mineral wool low density,0.3983531850671403,0.6015133094513819,Office
89,New Construction,Mortar and grout,11.37979153169737,1.5741810541839532,Office
89,New Construction,Open web joists,5.283101796808729,7.290680479596045,Office
89,New Construction,Paint,0.3090909908509627,0.5635932948079896,Office
89,New Construction,Plate,7.737856071147847,18.029204645774485,Office
89,New Construction,Polyisocyanurate PIR,1.440894543434395,3.775143703798115,Office
89,New Construction,Ready mix NW 3000,408.7316487222644,65.39706379556237,Office
89,New Construction,Ready mix NW 4000,17.902193269275255,3.31769754399117,Office
89,New Construction,Rebar and reinforcement,7.240347077923197,13.829062918833309,Office
89,New Construction,Softwood framing,0.8123414682046864,0.1364733666583873,Office
89,New Construction,Steel door,0.4920583925898305,1.081800021196068,Office
89,New Construction,Steel door frame,0.0437602393220339,0.1203406581355932,Office
89,New Construction,Steel sheet,2.501908610169492,5.829447061694915,Office
89,New Construction,Stucco finish,0.0193347658683901,0.0485302623296593,Office
89,New Construction,Synthetic composites,0.6494021654156525,0.7857766201529395,Office
89,New Construction,TPO,0.703710316354356,2.2448359091703947,Office
89,New Construction,Wood and composites - other,1.6377265557749712,1.981649132487715,Office
9,New Construction,Acoustic ceiling tile fiber,2.2460364347747745,3.054609551293693,Healthcare
9,New Construction,Adhesives and sealants,0.2533186585313513,0.4150331466677472,Healthcare
9,New Construction,Air and vapor barriers,0.419498962372973,0.6502233916781082,Healthcare
9,New Construction,Aluminum composite panel ACM,2.562930769300901,20.37529961594216,Healthcare
9,New Construction,Aluminum door frame,0.050026493054054,0.4377318142229729,Healthcare
9,New Construction,Aluminum framed window,0.0158591192792792,0.1387672936936937,Healthcare
9,New Construction,Aluminum sheet,0.0049043462,0.0322318785615675,Healthcare
9,New Construction,Aluminum storefront or curtain wall,0.003008531427027,0.0300853142702702,Healthcare
9,New Construction,CMU,27.78903684778919,7.091709182073496,Healthcare
9,New Construction,Ceramic tile,2.140602378831532,0.6083397753932721,Healthcare
9,New Construction,Coatings - other,0.5014742743450451,9.765007470323772,Healthcare
9,New Construction,Cold formed steel framing,4.695512244636666,12.581370268821392,Healthcare
9,New Construction,Concrete - other,1.1868516018018018,0.1851556742121087,Healthcare
9,New Construction,Doors and frames - other,0.9906053647042342,4.806315435326062,Healthcare
9,New Construction,Expanded polystyrene EPS,0.810344643963964,2.633620092882883,Healthcare
9,New Construction,Extruded polystyrene XPS,0.1419045707459459,9.222883941154691,Healthcare
9,New Construction,Extrusion,2.374231877081982,20.556655805924077,Healthcare
9,New Construction,Fasteners,0.0236049842561261,0.1014026491117783,Healthcare
9,New Construction,Fiberglass blanket,2.312035566964955,5.417520718632769,Healthcare
9,New Construction,Flooring and tile - other,0.0126353137858558,0.0183212049894909,Healthcare
9,New Construction,Glass mat gypsum board,2.366576595044144,1.11939072945588,Healthcare
9,New Construction,Glazing - other,0.5251353682414415,0.6338542519120721,Healthcare
9,New Construction,Gypsum board,90.24202701172928,18.319777278335145,Healthcare
9,New Construction,Hollow structural sections HSS,62.138395389018015,45.60958221553923,Healthcare
9,New Construction,Hot-rolled sections,12.425823888822524,32.05862563316211,Healthcare
9,New Construction,Insulated glass unit IGU,5.911247524549189,9.011803803466323,Healthcare
9,New Construction,Medium density fiberboard MDF,1.0934823396936937,0.7698115671443604,Healthcare
9,New Construction,Mineral wool low density,0.5767728776173874,0.870927045202255,Healthcare
9,New Construction,Mortar and grout,4.688094232207748,1.1432495693260531,Healthcare
9,New Construction,Paint,0.9510179346188288,2.2584775273424413,Healthcare
9,New Construction,Plate,0.9260033864144144,2.389088736949189,Healthcare
9,New Construction,Ready mix NW 4000,489.80790775574775,52.54052995077944,Healthcare
9,New Construction,Ready mix NW 6000,175.22129568675675,29.59936625442406,Healthcare
9,New Construction,Ready mix NW 8000,94.09572613532433,13.907177447674112,Healthcare
9,New Construction,Rebar and reinforcement,28.36033454036288,44.606762852630304,Healthcare
9,New Construction,Resilient flooring vinyl,2.5485581193757656,6.42236646082693,Healthcare
9,New Construction,Softwood framing,0.2270016902798198,0.0433573228434455,Healthcare
9,New Construction,Spray applied cementitious,21.8317714479918,24.88821945071065,Healthcare
9,New Construction,Steel - other,0.0802205175459459,0.2069689352685405,Healthcare
9,New Construction,Steel door,0.1409482656135135,0.3146805686063693,Healthcare
9,New Construction,Steel door frame,0.1065843275765765,0.2931069008355856,Healthcare
9,New Construction,Steel framed window,0.0037684318702702,0.0165434159104864,Healthcare
9,New Construction,Steel sheet,0.8322973613513514,1.9392528519486487,Healthcare
9,New Construction,Stone tile,6.031048157792792,5.15893071717527,Healthcare
9,New Construction,Stucco finish,5.671833816594595,2.7168083981488107,Healthcare
9,New Construction,Suspension assembly,0.4773360166486486,1.1599265204562164,Healthcare
9,New Construction,Wall coverings,0.0352118903504504,0.7007166179739639,Healthcare
9,New Construction,Wood or composite door,2.732102588045946,2.1363779587980054,Healthcare
90,New Construction,Adhesives and sealants,0.7852754317470034,2.15165468298679,Other
90,New Construction,Air and vapor barriers,1.184618552827164,0.9595410277900028,Other
90,New Construction,Architectural fiber cement panel,30.345703593914223,54.6222664690456,Other
90,New Construction,Coatings - other,0.3383781212808787,6.253584740053148,Other
90,New Construction,Cold formed steel framing,6.006468542030016,15.423029745641765,Other
90,New Construction,Doors and frames - other,0.3985232560828231,3.125407570804232,Other
90,New Construction,Extrusion,1.2108421014266295,9.09342418171399,Other
90,New Construction,Fasteners,0.000510291415026,0.0029494843788502,Other
90,New Construction,Gypsum board,61.57381402158248,12.499484246381243,Other
90,New Construction,Hollow structural sections HSS,16.223482961676755,39.89802263586652,Other
90,New Construction,Hot-rolled sections,59.98440129870144,60.81882369289631,Other
90,New Construction,Insulated glass unit IGU,4.280860884301799,5.777902123696659,Other
90,New Construction,Mineral wool low density,12.004142164859228,18.126254668937435,Other
90,New Construction,PVC,2.0210450668281297,6.265239707167203,Other
90,New Construction,Paint,0.3228510809093991,0.7524578237038688,Other
90,New Construction,Plate,0.6366544519771162,1.6425684861009595,Other
90,New Construction,Polyisocyanurate PIR,4.94882362003411,12.767964939688,Other
90,New Construction,Ready mix NW 4000,2150.683269317584,370.33337312646745,Other
90,New Construction,Rebar and reinforcement,171.8641200659222,330.31577257228633,Other
90,New Construction,Softwood framing,49.69896311388895,8.349425803133345,Other
90,New Construction,Softwood plywood,7.790067094163183,2.056577712859081,Other
90,New Construction,Steel - other,20.791638134329453,53.64242638656999,Other
90,New Construction,Steel door,1.5885547735482333,3.339316043935195,Other
90,New Construction,Steel door frame,0.0179168014117647,0.0492712038823529,Other
90,New Construction,Steel sheet,3.750565250317753,8.738817033240364,Other
90,New Construction,Synthetic composites,1.5876071705414885,1.9210046763552004,Other
91,New Construction,Aluminum sheet,2.2493306402858577,12.641238198406525,Warehouse and Storage
91,New Construction,Coatings - other,0.8803436859961044,17.782942457121308,Warehouse and Storage
91,New Construction,Cold formed steel framing,9.276306905238192,23.93287181551453,Warehouse and Storage
91,New Construction,Glass mat gypsum board,19.4251394178947,9.188090944664191,Warehouse and Storage
91,New Construction,Hot-rolled sections,33.27759409210373,32.212711081156414,Warehouse and Storage
91,New Construction,Ready mix LW 4000,309.22687357656844,103.28177577457367,Warehouse and Storage
91,New Construction,Rebar and reinforcement,10.649936196044438,20.34137813444488,Warehouse and Storage
92,New Construction,Acoustic ceiling tile fiber,0.8128970996365824,1.1055400555057522,Office
92,New Construction,Adhesives and sealants,0.0945880464611145,0.2471743578444325,Office
92,New Construction,Air and vapor barriers,0.5659737339412512,1.482851182926078,Office
92,New Construction,Aluminum door frame,0.0653761737463449,0.5720415202805178,Office
92,New Construction,Aluminum framed window,0.345263919370821,3.608439018042638,Office
92,New Construction,Architectural fiber cement panel,0.3718931212502225,0.2398710632063935,Office
92,New Construction,CMU,9.650184455974058,1.0808206590690947,Office
92,New Construction,Ceramic tile,1.6695227228519902,0.4374149533872213,Office
92,New Construction,Coatings - other,0.0248946940537088,0.0338567839130439,Office
92,New Construction,Cold formed steel framing,0.396337055700947,1.0225496037084434,Office
92,New Construction,Concrete - other,2.6132675029223136,0.5879851881575215,Office
92,New Construction,Decking,0.2113425804567784,0.5452638575784882,Office
92,New Construction,Doors and frames - other,0.9205685725214118,6.952520838004518,Office
92,New Construction,EPDM,0.0432620624320637,0.1393038410312451,Office
92,New Construction,Extrusion,1.198120417563127,10.608741835990768,Office
92,New Construction,Fasteners,0.0679792546569964,0.3862500161325884,Office
92,New Construction,Fiberglass blanket,4.381975606621215,9.026869749639705,Office
92,New Construction,Glass mat gypsum board,14.039781408481346,6.6408166062116765,Office
92,New Construction,Gypsum board,62.727708418390144,12.740714522028698,Office
92,New Construction,Hardwood,0.2755519570830362,0.2865740353663577,Office
92,New Construction,Hollow structural sections HSS,1.4652342795959976,3.3702417090767844,Office
92,New Construction,Hot-rolled sections,0.861238205577276,0.8336785829988032,Office
92,New Construction,Insulated glass unit IGU,4.555173421610013,5.613882500571078,Office
92,New Construction,Mortar and grout,11.93358566540346,2.2755863702647323,Office
92,New Construction,Other,0.0499631941910588,0.116414242465167,Office
92,New Construction,Paint,0.7964432724365185,1.832836387009395,Office
92,New Construction,Polyisocyanurate PIR,1.7163636669835882,4.496872807497002,Office
92,New Construction,Ready mix NW 4000,449.69803593448165,83.33962475525675,Office
92,New Construction,Rebar and reinforcement,12.212415956810515,11.406396503661025,Office
92,New Construction,Roll formed metal panel aluminum,2.0038036530527648,12.94457159872086,Office
92,New Construction,Softwood framing,30.985298786964645,5.205530196210061,Office
92,New Construction,Softwood plywood,11.574134327751134,3.0555714625262995,Office
92,New Construction,Steel - other,1.4168267502365548,3.655413015610311,Office
92,New Construction,Steel door,4.042539163482353,13.956212178601412,Office
92,New Construction,Steel door frame,0.052368704,0.144013936,Office
92,New Construction,Steel sheet,0.9947895328963176,2.31785961164842,Office
92,New Construction,Suspension assembly,0.1727599149132774,0.4198065932392643,Office
92,New Construction,TPO,0.9828625805866552,3.096017128847964,Office
92,New Construction,Wood I joists,6.132419278661647,2.8209128681843567,Office
93,New Construction,Adhesives and sealants,0.217003975212013,0.5945908920809158,Laboratory
93,New Construction,Air and vapor barriers,0.8525059911118913,1.3229184764339226,Laboratory
93,New Construction,Aluminum - other,0.5507448751394437,3.095186198283674,Laboratory
93,New Construction,Aluminum door,0.0302381074554247,0.1185333812252649,Laboratory
93,New Construction,Aluminum sheet,0.0072542916824944,0.0407691192556187,Laboratory
93,New Construction,Coatings - other,0.1183501045110427,1.9991662184243253,Laboratory
93,New Construction,Cold formed steel framing,1.9609141874460252,4.810150704177173,Laboratory
93,New Construction,Decking,0.9850748765974732,2.54149318162148,Laboratory
93,New Construction,Doors and frames - other,0.0355209007401765,0.2518470222790301,Laboratory
93,New Construction,Extruded polystyrene XPS,0.1024323268884152,0.2734943127920688,Laboratory
93,New Construction,Extrusion,2.11397923935118,15.87598408752736,Laboratory
93,New Construction,Fasteners,0.0081537454554752,0.0418672592881258,Laboratory
93,New Construction,Glass mat gypsum board,4.625508666156287,2.187865599091924,Laboratory
93,New Construction,Gypsum board,4.511041854013689,1.0829140553166732,Laboratory
93,New Construction,Hollow structural sections HSS,5.082914872823905,12.453141438418566,Laboratory
93,New Construction,Hot-rolled sections,3.202590982776846,3.1606366272501933,Laboratory
93,New Construction,Insulated glass unit IGU,8.688154296388976,9.870543237123355,Laboratory
93,New Construction,Mineral wool high density,2.3124413553083856,4.139270026002011,Laboratory
93,New Construction,Mineral wool low density,0.0722891068966067,0.1091565514138762,Laboratory
93,New Construction,Mortar and grout,0.2461835076290759,0.0605611428767526,Laboratory
93,New Construction,Oriented strand board OSB,2.4763646645237847,0.9707349484933236,Laboratory
93,New Construction,Other,0.4224593263635913,1.1997844868725995,Laboratory
93,New Construction,PVC,0.5584980706815614,1.7313440191128404,Laboratory
93,New Construction,Paint,0.0669035217873471,0.1605684522896332,Laboratory
93,New Construction,Plate,0.3501870644527742,0.8159358601749639,Laboratory
93,New Construction,Ready mix NW 4000,586.8439185400166,59.67740981441251,Laboratory
93,New Construction,Ready mix NW 5000,666.4311832004526,135.95196137289227,Laboratory
93,New Construction,Ready mix unknown,226.75591455141367,38.67295529003949,Laboratory
93,New Construction,Rebar and reinforcement,130.16258886646588,248.623980331984,Laboratory
93,New Construction,Roll formed metal panel aluminum,0.1567111904869622,0.8807168905367277,Laboratory
93,New Construction,Roll formed metal panel steel,0.0540002990439411,0.1258206967723829,Laboratory
93,New Construction,Steel - other,0.1076325404551706,0.4645612292571852,Laboratory
93,New Construction,Steel door,0.1176086210612057,0.2814969332418232,Laboratory
93,New Construction,Steel door frame,0.0021464212645161,0.0059026584774193,Laboratory
93,New Construction,Stone masonry,7.070606759491247,2.170676275163813,Laboratory
93,New Construction,Stucco finish,8.717048070179295,4.175466025615881,Laboratory
93,New Construction,Terracotta units,4.5375315084825205,1.3113466059514485,Laboratory
94,New Construction,Adhesives and sealants,0.1522146864939835,0.0462471534455868,Residential: Multifamily (5 or more units)
94,New Construction,Air and vapor barriers,0.0564652832891692,0.0457368794642271,Residential: Multifamily (5 or more units)
94,New Construction,Aluminum door,0.058787634223179,0.2393548508566438,Residential: Multifamily (5 or more units)
94,New Construction,Aluminum sheet,0.0049579574960114,0.0351845394644653,Residential: Multifamily (5 or more units)
94,New Construction,Architectural fiber cement panel,0.8963850962256441,1.622457024168416,Residential: Multifamily (5 or more units)
94,New Construction,Built up roofing,0.0515857365100622,0.2899118391865499,Residential: Multifamily (5 or more units)
94,New Construction,CMU,6.540146869790991,0.732496449416591,Residential: Multifamily (5 or more units)
94,New Construction,Carpet,0.0420252495078534,0.1756655429428272,Residential: Multifamily (5 or more units)
94,New Construction,Ceramic tile,1.758766671574195,0.4778314682731157,Residential: Multifamily (5 or more units)
94,New Construction,Coatings - other,0.0375012130145768,0.6752431788289817,Residential: Multifamily (5 or more units)
94,New Construction,Cold formed steel framing,1.9891538654712009,4.973759660354215,Residential: Multifamily (5 or more units)
94,New Construction,Concrete - other,16.989580221072476,2.415753563571882,Residential: Multifamily (5 or more units)
94,New Construction,Decking,0.3976489159388056,0.955545876757774,Residential: Multifamily (5 or more units)
94,New Construction,Doors and frames - other,0.3226463432933754,2.232590488452004,Residential: Multifamily (5 or more units)
94,New Construction,Extruded polystyrene XPS,0.1111175259509539,7.221924144421338,Residential: Multifamily (5 or more units)
94,New Construction,Extrusion,0.4840119871823845,4.672480866468038,Residential: Multifamily (5 or more units)
94,New Construction,Fasteners,0.0177320478580641,0.0912367307669287,Residential: Multifamily (5 or more units)
94,New Construction,Fiberglass blanket,1.795745090030809,3.6992348854634662,Residential: Multifamily (5 or more units)
94,New Construction,Flooring and tile - other,0.0301025305734031,0.1667680193766534,Residential: Multifamily (5 or more units)
94,New Construction,Glass mat gypsum board,1.322524923701536,0.6255542889108264,Residential: Multifamily (5 or more units)
94,New Construction,Glazing - other,0.0641211359875517,0.0980407098208369,Residential: Multifamily (5 or more units)
94,New Construction,Glue laminated timber GLT,0.0826009322388728,0.0306449458606218,Residential: Multifamily (5 or more units)
94,New Construction,Gypsum board,55.31895232292079,11.479112005890787,Residential: Multifamily (5 or more units)
94,New Construction,Hollow structural sections HSS,2.921370769698933,6.814525053531946,Residential: Multifamily (5 or more units)
94,New Construction,Hot-rolled sections,1.1598216277954811,2.4374117177993875,Residential: Multifamily (5 or more units)
94,New Construction,Insulated glass unit IGU,2.0066598291242594,2.691702203706277,Residential: Multifamily (5 or more units)
94,New Construction,Intumescent,0.0064075733974697,0.0162111606955984,Residential: Multifamily (5 or more units)
94,New Construction,Laminated veneer lumber LVL,0.830484148215745,0.3072791348398256,Residential: Multifamily (5 or more units)
94,New Construction,Mortar and grout,8.202600360294651,1.4320091004262947,Residential: Multifamily (5 or more units)
94,New Construction,Open web joists,0.0155529144685651,0.0214630219666199,Residential: Multifamily (5 or more units)
94,New Construction,Other,0.2980401458886302,0.791250668874124,Residential: Multifamily (5 or more units)
94,New Construction,Paint,0.3044623622093842,0.7293454410837502,Residential: Multifamily (5 or more units)
94,New Construction,Plate,0.0842866454297038,0.1397473011176134,Residential: Multifamily (5 or more units)
94,New Construction,Precast,4.106425621210356,0.6821941608167742,Residential: Multifamily (5 or more units)
94,New Construction,Ready mix LW 3000,2.505673050551091,0.9747068166643728,Residential: Multifamily (5 or more units)
94,New Construction,Ready mix LW 4000,2.459816475826534,0.8215787029260649,Residential: Multifamily (5 or more units)
94,New Construction,Ready mix LW 5000,2.1233138609536315,0.7941193839966576,Residential: Multifamily (5 or more units)
94,New Construction,Ready mix NW 4000,84.77714549523486,15.711199357837623,Residential: Multifamily (5 or more units)
94,New Construction,Ready mix NW 5000,374.2131678922632,84.19796277575925,Residential: Multifamily (5 or more units)
94,New Construction,Rebar and reinforcement,31.97338985315992,61.07895055086833,Residential: Multifamily (5 or more units)
94,New Construction,Resilient flooring vinyl,1.6556391815371705,2.284782070521294,Residential: Multifamily (5 or more units)
94,New Construction,Roll formed metal panel aluminum,0.0157175227409209,0.101535196906349,Residential: Multifamily (5 or more units)
94,New Construction,Roll formed metal panel steel,0.0041186871570988,0.0095965410760404,Residential: Multifamily (5 or more units)
94,New Construction,Softwood framing,9.010314638393869,1.5137328592501698,Residential: Multifamily (5 or more units)
94,New Construction,Softwood plywood,7.875389907229244,2.0791029355085207,Residential: Multifamily (5 or more units)
94,New Construction,Steel - other,0.979926095848154,2.1970369259234577,Residential: Multifamily (5 or more units)
94,New Construction,Steel door,0.6531678231417721,2.207473040992973,Residential: Multifamily (5 or more units)
94,New Construction,Steel door frame,0.02392017568,0.06578048312,Residential: Multifamily (5 or more units)
94,New Construction,Steel framed window,0.0298908640485863,0.1312208931732942,Residential: Multifamily (5 or more units)
94,New Construction,Steel sheet,0.3592879302997865,1.0436949245887714,Residential: Multifamily (5 or more units)
94,New Construction,Stucco finish,4.001723845084671,2.088661880462677,Residential: Multifamily (5 or more units)
94,New Construction,Synthetic composites,0.1042229008077975,0.3038812795769858,Residential: Multifamily (5 or more units)
94,New Construction,TPO,0.1499371677672442,0.478299565177509,Residential: Multifamily (5 or more units)
94,New Construction,Vinyl framed window,0.264417457591623,0.7086387863455498,Residential: Multifamily (5 or more units)
94,New Construction,Wall coverings,0.0191193489950417,0.0093876003565655,Residential: Multifamily (5 or more units)
94,New Construction,Wood I joists,5.260593091533774,2.4198728221055363,Residential: Multifamily (5 or more units)
94,New Construction,Wood door frame,0.132775667434555,0.584212936712042,Residential: Multifamily (5 or more units)
94,New Construction,Wood or composite door,1.1718105387927475,0.3699637506789573,Residential: Multifamily (5 or more units)
95,New Construction,Acoustic ceiling tile fiber,0.2336731012012505,0.3177954176337008,Public Order and Safety
95,New Construction,Air and vapor barriers,0.8592266743521074,1.7442301489347785,Public Order and Safety
95,New Construction,Aluminum door,0.7239855655535483,4.499960386949884,Public Order and Safety
95,New Construction,Aluminum framed window,0.0717671128557847,0.5460390227555292,Public Order and Safety
95,New Construction,CMU,147.59052083045697,16.53013833301118,Public Order and Safety
95,New Construction,Ceramic tile,0.0698528017388509,0.0183014340555789,Public Order and Safety
95,New Construction,Coatings - other,0.3124867191613551,5.903267659831072,Public Order and Safety
95,New Construction,Cold formed steel framing,4.306383494498978,10.550639561522496,Public Order and Safety
95,New Construction,Concrete - other,1.189770808651312,0.1856110872659101,Public Order and Safety
95,New Construction,Decking,14.129996688435774,35.99282100971142,Public Order and Safety
95,New Construction,Doors and frames - other,0.5544080566343226,3.4446288033821006,Public Order and Safety
95,New Construction,Expanded polystyrene EPS,2.567571473946301,8.344607290325477,Public Order and Safety
95,New Construction,Extrusion,0.3651847368979237,2.7425373741034065,Public Order and Safety
95,New Construction,Fasteners,0.2591519631459435,1.0552201820791216,Public Order and Safety
95,New Construction,Fiberglass blanket,1.3803509663446096,2.843522990669896,Public Order and Safety
95,New Construction,Glass mat gypsum board,0.0288047940827848,0.0136246676011572,Public Order and Safety
95,New Construction,Gypsum board,22.09475338777389,5.351429369647492,Public Order and Safety
95,New Construction,Hot-rolled sections,21.01012844748305,20.33780433716359,Public Order and Safety
95,New Construction,Insulated glass unit IGU,0.924579472377418,1.23893649298574,Public Order and Safety
95,New Construction,Mortar and grout,184.8419317271452,34.957332476178124,Public Order and Safety
95,New Construction,Other,0.0031753316311731,0.0090179418325317,Public Order and Safety
95,New Construction,Paint,0.5552230664038084,1.3760374198300571,Public Order and Safety
95,New Construction,Ready mix NW 3000,119.66190510926668,18.667945246377645,Public Order and Safety
95,New Construction,Ready mix NW 4000,341.28571069925874,64.61503107581828,Public Order and Safety
95,New Construction,Ready mix NW 5000,222.4721128901704,50.91594186139817,Public Order and Safety
95,New Construction,Rebar and reinforcement,21.23163083481664,39.936338143817146,Public Order and Safety
95,New Construction,Roll formed metal panel steel,6.115182594734992,14.248375445732528,Public Order and Safety
95,New Construction,Roofing and waterproofing - other,0.471732291801157,0.4556933938799176,Public Order and Safety
95,New Construction,Softwood plywood,0.2658001401659166,0.0701712370038019,Public Order and Safety
95,New Construction,Steel - other,6.667488681673369,17.20212079871729,Public Order and Safety
95,New Construction,Steel door,1.2868486229677418,3.614754144046452,Public Order and Safety
95,New Construction,Steel door frame,0.0673075310107527,0.1850957102795699,Public Order and Safety
95,New Construction,Steel sheet,0.8343444984946226,1.94402268149247,Public Order and Safety
95,New Construction,Stucco finish,0.032759980358292,0.0156920305916218,Public Order and Safety
95,New Construction,Suspension assembly,0.0496610765361292,0.120676415982794,Public Order and Safety
95,New Construction,Wood or composite door,0.436596338043871,0.1602308560621006,Public Order and Safety
96,New Construction,Acoustic ceiling tile fiber,1.07822819216,1.4663903413376,Public Order and Safety
96,New Construction,Adhesives and sealants,0.21721674696,0.0988336198667999,Public Order and Safety
96,New Construction,Aluminum door frame,0.0417844224,0.365613696,Public Order and Safety
96,New Construction,Aluminum storefront or curtain wall,2.8563666906064,28.563666906064,Public Order and Safety
96,New Construction,Architectural fiber cement panel,10.12797809832,18.3316403579592,Public Order and Safety
96,New Construction,Carpet,0.63273945776,2.6448509334368,Public Order and Safety
96,New Construction,Coatings - other,0.0546780884351999,0.6222782179783201,Public Order and Safety
96,New Construction,Cold formed steel framing,1.5129330144504,3.862923822256856,Public Order and Safety
96,New Construction,Cross laminated timber CLT,64.93087082160001,24.0893530748136,Public Order and Safety
96,New Construction,Decking,0.2568352404,0.6626349202320001,Public Order and Safety
96,New Construction,Doors and frames - other,1.336822501288,3.06767809595544,Public Order and Safety
96,New Construction,EPDM,1.04976235064,3.6426753567208,Public Order and Safety
96,New Construction,Extrusion,4.342959143912,32.96003134647872,Public Order and Safety
96,New Construction,Fasteners,0.1995026743848,0.8808569698433439,Public Order and Safety
96,New Construction,Fiberglass blanket,0.557538842552,1.14853001565712,Public Order and Safety
96,New Construction,Flooring and tile - other,0.031636972888,0.17526882979952,Public Order and Safety
96,New Construction,Glass mat gypsum board,7.14585121456,3.37998762448688,Public Order and Safety
96,New Construction,Glazing - other,0.977124993808,1.57892908666816,Public Order and Safety
96,New Construction,Glue laminated timber GLT,36.39522578024,13.50262876446904,Public Order and Safety
96,New Construction,Gypsum board,71.77088497364,14.569489649648922,Public Order and Safety
96,New Construction,Hollow structural sections HSS,6.198236098472,15.1856784412564,Public Order and Safety
96,New Construction,Hot-rolled sections,9.1278232836,8.8357329385248,Public Order and Safety
96,New Construction,Insulated glass unit IGU,6.368266032959999,8.5334764841664,Public Order and Safety
96,New Construction,Insulation - other,4.7554587136,26.345241273344,Public Order and Safety
96,New Construction,Mineral wool high density,3.13798816376,5.6169988131304,Public Order and Safety
96,New Construction,Paint,0.0399572790608,0.09589746974592,Public Order and Safety
96,New Construction,Polyisocyanurate PIR,3.1785172888,7.978078394888,Public Order and Safety
96,New Construction,Ready mix LW 3000,26.971800864,6.777109018786421,Public Order and Safety
96,New Construction,Ready mix NW 3000,150.85501503999998,21.86799162120939,Public Order and Safety
96,New Construction,Ready mix NW 4000,1214.837855704,201.84944418684455,Public Order and Safety
96,New Construction,Ready mix NW 6000,235.829418376,46.340845059408686,Public Order and Safety
96,New Construction,Rebar and reinforcement,46.65554197424,89.1120851707984,Public Order and Safety
96,New Construction,Roll formed metal panel steel,0.028104282904,0.06548297916632,Public Order and Safety
96,New Construction,Steel - other,0.009836499016,0.02537816746128,Public Order and Safety
96,New Construction,Steel sheet,0.4093870228,0.953871763124,Public Order and Safety
96,New Construction,Suspension assembly,0.229149065536,0.55683222925248,Public Order and Safety
96,New Construction,Wood door frame,0.06022848,0.265005312,Public Order and Safety
97,New Construction,Acoustic ceiling tile fiber,0.0443371899404607,0.1474186151902077,Residential: Multifamily (5 or more units)
97,New Construction,Adhesives and sealants,0.1033355077810477,0.1068545848798226,Residential: Multifamily (5 or more units)
97,New Construction,Air and vapor barriers,0.0191937033902574,0.0425844147662228,Residential: Multifamily (5 or more units)
97,New Construction,Aluminum - other,0.1910413017602608,1.0736521158926655,Residential: Multifamily (5 or more units)
97,New Construction,Aluminum composite panel ACM,0.0107375393799952,0.0853634380709622,Residential: Multifamily (5 or more units)
97,New Construction,Aluminum door,0.0056800255062857,0.03697696604592,Residential: Multifamily (5 or more units)
97,New Construction,Aluminum door frame,0.1222946494107133,1.0700781823437413,Residential: Multifamily (5 or more units)
97,New Construction,Aluminum framed window,0.3192530638562876,3.207375118886312,Residential: Multifamily (5 or more units)
97,New Construction,Aluminum sheet,0.0002844945764502,0.0015988595196504,Residential: Multifamily (5 or more units)
97,New Construction,Architectural fiber cement panel,0.2303597412198777,0.1485820330868211,Residential: Multifamily (5 or more units)
97,New Construction,CMU,2.259337700289623,0.2530458224324378,Residential: Multifamily (5 or more units)
97,New Construction,Carpet,0.2533115966727324,1.3569309086778063,Residential: Multifamily (5 or more units)
97,New Construction,Ceramic tile,1.235753294397247,0.3248610944632086,Residential: Multifamily (5 or more units)
97,New Construction,Closed cell spray polyurethane foam,0.0335250648160834,0.1190139800970961,Residential: Multifamily (5 or more units)
97,New Construction,Coatings - other,0.0524679266954633,0.9621164152300562,Residential: Multifamily (5 or more units)
97,New Construction,Cold formed steel framing,8.395711954433674,20.570946375205388,Residential: Multifamily (5 or more units)
97,New Construction,Concrete - other,6.079229473880676,0.8700238430837217,Residential: Multifamily (5 or more units)
97,New Construction,Decking,0.0277107756067926,0.071493801065525,Residential: Multifamily (5 or more units)
97,New Construction,Doors and frames - other,0.1057731485482186,0.64747082591359,Residential: Multifamily (5 or more units)
97,New Construction,Expanded polystyrene EPS,0.1835416869813387,0.5965104826893508,Residential: Multifamily (5 or more units)
97,New Construction,Extruded polystyrene XPS,0.38878223000886,25.26834313303797,Residential: Multifamily (5 or more units)
97,New Construction,Extrusion,1.266781828961221,9.71015595221526,Residential: Multifamily (5 or more units)
97,New Construction,Fasteners,0.0069258679959216,0.0339347742793446,Residential: Multifamily (5 or more units)
97,New Construction,Fiberglass blanket,0.0110651933529189,0.0260032043793595,Residential: Multifamily (5 or more units)
97,New Construction,Flooring and tile - other,0.0115863910350198,0.0641886063340101,Residential: Multifamily (5 or more units)
97,New Construction,GFRC general,0.0292772531986125,0.0167465888296063,Residential: Multifamily (5 or more units)
97,New Construction,Glass mat gypsum board,1.6090175821171842,0.761065316341428,Residential: Multifamily (5 or more units)
97,New Construction,Glazing - other,0.0007995772003149,0.0012153573444786,Residential: Multifamily (5 or more units)
97,New Construction,Gypsum board,88.25694385449745,17.91743386046117,Residential: Multifamily (5 or more units)
97,New Construction,Hollow structural sections HSS,0.5572988731050496,1.4378310926110278,Residential: Multifamily (5 or more units)
97,New Construction,Hot-rolled sections,0.283447198640145,0.7290061874105223,Residential: Multifamily (5 or more units)
97,New Construction,Insulated glass unit IGU,2.4130131518230247,3.2330902038033686,Residential: Multifamily (5 or more units)
97,New Construction,Laminated veneer lumber LVL,0.0015883225858109,0.00058767935675,Residential: Multifamily (5 or more units)
97,New Construction,Loose-fill cellulose,0.0019164440579252,0.0003602914828899,Residential: Multifamily (5 or more units)
97,New Construction,Modified bitumen,0.1192840929251645,0.0980515243844852,Residential: Multifamily (5 or more units)
97,New Construction,Mortar and grout,3.1102135334108696,0.6685516943652726,Residential: Multifamily (5 or more units)
97,New Construction,Other,0.0285057501539833,0.0809563304373127,Residential: Multifamily (5 or more units)
97,New Construction,PVC,0.7544117566923828,2.338676445746387,Residential: Multifamily (5 or more units)
97,New Construction,Paint,0.1596037716876525,0.3820168670908352,Residential: Multifamily (5 or more units)
97,New Construction,Polyisocyanurate PIR,0.0526517301392842,0.1321558426496034,Residential: Multifamily (5 or more units)
97,New Construction,Precast,86.70201215787658,13.872321945260255,Residential: Multifamily (5 or more units)
97,New Construction,Ready mix NW 3000,773.7663914126783,107.55352840636246,Residential: Multifamily (5 or more units)
97,New Construction,Ready mix NW 4000,38.657335903410825,6.441246203720029,Residential: Multifamily (5 or more units)
97,New Construction,Ready mix NW 5000,121.87950218691968,23.158147914133323,Residential: Multifamily (5 or more units)
97,New Construction,Ready mix NW 8000,18.14895069611004,3.920173350359768,Residential: Multifamily (5 or more units)
97,New Construction,Rebar and reinforcement,43.51482846987242,83.11332237745631,Residential: Multifamily (5 or more units)
97,New Construction,Resilient flooring vinyl,0.0670735314914818,0.1710109067943847,Residential: Multifamily (5 or more units)
97,New Construction,Roll formed metal panel aluminum,0.0027803141495008,0.0179608294057755,Residential: Multifamily (5 or more units)
97,New Construction,Softwood plywood,2.00582560127997,0.5295379587379122,Residential: Multifamily (5 or more units)
97,New Construction,Spray applied cementitious,0.0158442790832681,0.0180624781549256,Residential: Multifamily (5 or more units)
97,New Construction,Steel - other,0.2110221675099773,0.5090033336252566,Residential: Multifamily (5 or more units)
97,New Construction,Steel door,0.0689830686695314,0.1626573534754258,Residential: Multifamily (5 or more units)
97,New Construction,Steel door frame,0.0011176817159682,0.0030736247189127,Residential: Multifamily (5 or more units)
97,New Construction,Steel framed window,0.0213902613668571,0.0939032474005028,Residential: Multifamily (5 or more units)
97,New Construction,Steel sheet,0.0126490632611832,0.0412916785068756,Residential: Multifamily (5 or more units)
97,New Construction,Stone masonry,0.237740410401356,0.1326591490039566,Residential: Multifamily (5 or more units)
97,New Construction,Stucco finish,0.7942968523119011,0.3804681922574006,Residential: Multifamily (5 or more units)
97,New Construction,Suspension assembly,0.0177534429395213,0.0431408663430368,Residential: Multifamily (5 or more units)
97,New Construction,Synthetic composites,0.8920948674460888,5.040336001070402,Residential: Multifamily (5 or more units)
97,New Construction,TPO,0.1916704651979975,0.6037619653736922,Residential: Multifamily (5 or more units)
97,New Construction,Wall coverings,0.0028709362655083,0.0014096297063645,Residential: Multifamily (5 or more units)
97,New Construction,Wood framed window,0.0034134277589285,0.0150190821392857,Residential: Multifamily (5 or more units)
97,New Construction,Wood or composite door,0.7322998514189124,0.2510482700462454,Residential: Multifamily (5 or more units)
98,New Construction,Acoustic ceiling tile fiber,1.0268855222046875,2.010259971553825,Public Assembly
98,New Construction,Adhesives and sealants,0.536707270233925,1.3977961924589943,Public Assembly
98,New Construction,Aluminum door,0.0207094148022856,0.0832518475051884,Public Assembly
98,New Construction,Aluminum door frame,0.0802410547285714,0.702109228875,Public Assembly
98,New Construction,Aluminum framed window,0.0319434028571428,0.3897095148571429,Public Assembly
98,New Construction,Aluminum sheet,0.0213925256192408,0.1202259939801336,Public Assembly
98,New Construction,Brick clay,28.653376410240742,8.280825782559575,Public Assembly
98,New Construction,Carpet,0.2213654105992184,0.9743230497743612,Public Assembly
98,New Construction,Ceramic tile,0.6346715593006236,0.1834200806378801,Public Assembly
98,New Construction,Coatings - other,0.1581440389007257,0.4403942538802963,Public Assembly
98,New Construction,Cold formed steel framing,4.643891607261264,11.377534437790098,Public Assembly
98,New Construction,Concrete - other,25.16309832703552,3.5812669641051924,Public Assembly
98,New Construction,Decking,5.455601782775234,14.075452599560103,Public Assembly
98,New Construction,Doors and frames - other,0.2089034052477022,1.3901360460211805,Public Assembly
98,New Construction,Expanded polystyrene EPS,0.7155537251948654,2.3255496068833126,Public Assembly
98,New Construction,Fasteners,0.0107931858188777,0.0566461421480594,Public Assembly
98,New Construction,Flooring and tile - other,0.3571625932240057,0.7954931443877917,Public Assembly
98,New Construction,Glass mat gypsum board,2.54256382542157,1.2026326894244026,Public Assembly
98,New Construction,Glazing - other,0.048105764063337,0.0529163404696707,Public Assembly
98,New Construction,Glue laminated timber GLT,6.790703529716318,2.519351009524754,Public Assembly
98,New Construction,Gypsum board,35.4479225771842,7.799061558539213,Public Assembly
98,New Construction,Hardwood,7.59642166062027,6.781731765460685,Public Assembly
98,New Construction,Heavy timber framing,4.3150193547476645,0.8198536774020566,Public Assembly
98,New Construction,Hollow structural sections HSS,4.904027245803959,12.630804662761026,Public Assembly
98,New Construction,Hot-rolled sections,40.32854035642581,39.03802706502018,Public Assembly
98,New Construction,Insulated glass unit IGU,5.618307945886315,7.528532647487661,Public Assembly
98,New Construction,Laminated strand lumber LSL,2.4035826909422715,0.9422044148493705,Public Assembly
98,New Construction,Mineral wool low density,2.7772550383233146,4.193655107868205,Public Assembly
98,New Construction,Mortar and grout,6.042865899639751,0.7338381673546079,Public Assembly
98,New Construction,Oriented strand board OSB,3.1395584908818077,1.2307069284256684,Public Assembly
98,New Construction,Other,0.0112119703987568,0.0318419959324695,Public Assembly
98,New Construction,Paint,0.3476150482757708,0.8364854587066459,Public Assembly
98,New Construction,Polyisocyanurate PIR,0.2483183567433112,0.6492873673174181,Public Assembly
98,New Construction,Ready mix LW 5000,1.7615512516859109,0.5795503618046642,Public Assembly
98,New Construction,Ready mix NW 3000,1.1623977524380358,0.1197269685011175,Public Assembly
98,New Construction,Ready mix NW 4000,0.3394471427879393,0.0389229931211675,Public Assembly
98,New Construction,Ready mix NW 5000,883.2635891095255,121.89037529711456,Public Assembly
98,New Construction,Rebar and reinforcement,24.726837576030352,46.42551280107668,Public Assembly
98,New Construction,Roll formed metal panel steel,0.1714597900069328,0.3995013107161536,Public Assembly
98,New Construction,Roofing and waterproofing - other,1.1236072026519786,0.8854024756897589,Public Assembly
98,New Construction,Softwood plywood,0.4810317939785638,0.1269923936103409,Public Assembly
98,New Construction,Spray applied cementitious,9.939422939304476,11.330942150807102,Public Assembly
98,New Construction,Steel - other,0.8792879201086492,2.718523187084533,Public Assembly
98,New Construction,Steel door,0.2672441383217143,0.78076217653704,Public Assembly
98,New Construction,Steel door frame,0.0046757771428571,0.0128583871428571,Public Assembly
98,New Construction,Steel sheet,1.0257524030487433,2.443318411827572,Public Assembly
98,New Construction,Stone tile,0.3899433483073642,0.2175883883555092,Public Assembly
98,New Construction,Stucco finish,7.389308288637643,3.539478670257431,Public Assembly
98,New Construction,Suspension assembly,0.509072185706519,1.2370454112668412,Public Assembly
98,New Construction,Synthetic composites,0.3103147829620471,1.4522731842623806,Public Assembly
98,New Construction,Wall coverings,0.0290429214139762,0.088733386281916,Public Assembly
98,New Construction,Wood and composites - other,0.3747949690117321,0.166408966241209,Public Assembly
98,New Construction,Wood door frame,0.0028302857142857,0.0124532571428571,Public Assembly
98,New Construction,Wood framed window,0.1175575570870535,0.5172532511830358,Public Assembly
98,New Construction,Wood or composite door,1.314257817127622,0.5109550414337218,Public Assembly
